time,local_time,electricity,wind_speed
01/01/2019 00.00,01/01/2019 01.00,0.987,15.974
01/01/2019 01.00,01/01/2019 02.00,0.991,16.769
01/01/2019 02.00,01/01/2019 03.00,0.991,17.443
01/01/2019 03.00,01/01/2019 04.00,0.985,18.393
01/01/2019 04.00,01/01/2019 05.00,0.97,19.349
01/01/2019 05.00,01/01/2019 06.00,0.949,20.104
01/01/2019 06.00,01/01/2019 07.00,0.943,20.256
01/01/2019 07.00,01/01/2019 08.00,0.922,20.754
01/01/2019 08.00,01/01/2019 09.00,0.906,21.062
01/01/2019 09.00,01/01/2019 10.00,0.901,21.153
01/01/2019 10.00,01/01/2019 11.00,0.903,21.113
01/01/2019 11.00,01/01/2019 12.00,0.896,21.223
01/01/2019 12.00,01/01/2019 13.00,0.887,21.384
01/01/2019 13.00,01/01/2019 14.00,0.874,21.578
01/01/2019 14.00,01/01/2019 15.00,0.893,21.283
01/01/2019 15.00,01/01/2019 16.00,0.935,20.468
01/01/2019 16.00,01/01/2019 17.00,0.97,19.347
01/01/2019 17.00,01/01/2019 18.00,0.986,18.287
01/01/2019 18.00,01/01/2019 19.00,0.991,17.516
01/01/2019 19.00,01/01/2019 20.00,0.991,17.154
01/01/2019 20.00,01/01/2019 21.00,0.991,16.842
01/01/2019 21.00,01/01/2019 22.00,0.99,16.544
01/01/2019 22.00,01/01/2019 23.00,0.989,16.321
01/01/2019 23.00,02/01/2019 00.00,0.988,16.024
02/01/2019 00.00,02/01/2019 01.00,0.983,15.474
02/01/2019 01.00,02/01/2019 02.00,0.978,15.025
02/01/2019 02.00,02/01/2019 03.00,0.971,14.603
02/01/2019 03.00,02/01/2019 04.00,0.967,14.372
02/01/2019 04.00,02/01/2019 05.00,0.955,13.851
02/01/2019 05.00,02/01/2019 06.00,0.937,13.224
02/01/2019 06.00,02/01/2019 07.00,0.91,12.533
02/01/2019 07.00,02/01/2019 08.00,0.866,11.686
02/01/2019 08.00,02/01/2019 09.00,0.823,11.05
02/01/2019 09.00,02/01/2019 10.00,0.746,10.182
02/01/2019 10.00,02/01/2019 11.00,0.661,9.407
02/01/2019 11.00,02/01/2019 12.00,0.612,9.008
02/01/2019 12.00,02/01/2019 13.00,0.568,8.676
02/01/2019 13.00,02/01/2019 14.00,0.55,8.541
02/01/2019 14.00,02/01/2019 15.00,0.532,8.404
02/01/2019 15.00,02/01/2019 16.00,0.47,7.957
02/01/2019 16.00,02/01/2019 17.00,0.374,7.253
02/01/2019 17.00,02/01/2019 18.00,0.278,6.499
02/01/2019 18.00,02/01/2019 19.00,0.201,5.808
02/01/2019 19.00,02/01/2019 20.00,0.145,5.22
02/01/2019 20.00,02/01/2019 21.00,0.116,4.866
02/01/2019 21.00,02/01/2019 22.00,0.127,5.01
02/01/2019 22.00,02/01/2019 23.00,0.172,5.52
02/01/2019 23.00,03/01/2019 00.00,0.233,6.101
03/01/2019 00.00,03/01/2019 01.00,0.28,6.516
03/01/2019 01.00,03/01/2019 02.00,0.291,6.603
03/01/2019 02.00,03/01/2019 03.00,0.284,6.553
03/01/2019 03.00,03/01/2019 04.00,0.27,6.425
03/01/2019 04.00,03/01/2019 05.00,0.256,6.313
03/01/2019 05.00,03/01/2019 06.00,0.252,6.277
03/01/2019 06.00,03/01/2019 07.00,0.252,6.281
03/01/2019 07.00,03/01/2019 08.00,0.25,6.257
03/01/2019 08.00,03/01/2019 09.00,0.251,6.259
03/01/2019 09.00,03/01/2019 10.00,0.255,6.308
03/01/2019 10.00,03/01/2019 11.00,0.237,6.144
03/01/2019 11.00,03/01/2019 12.00,0.22,5.991
03/01/2019 12.00,03/01/2019 13.00,0.264,6.38
03/01/2019 13.00,03/01/2019 14.00,0.357,7.119
03/01/2019 14.00,03/01/2019 15.00,0.438,7.722
03/01/2019 15.00,03/01/2019 16.00,0.464,7.905
03/01/2019 16.00,03/01/2019 17.00,0.524,8.344
03/01/2019 17.00,03/01/2019 18.00,0.639,9.231
03/01/2019 18.00,03/01/2019 19.00,0.721,9.936
03/01/2019 19.00,03/01/2019 20.00,0.757,10.289
03/01/2019 20.00,03/01/2019 21.00,0.791,10.66
03/01/2019 21.00,03/01/2019 22.00,0.828,11.113
03/01/2019 22.00,03/01/2019 23.00,0.85,11.425
03/01/2019 23.00,04/01/2019 00.00,0.856,11.515
04/01/2019 00.00,04/01/2019 01.00,0.856,11.524
04/01/2019 01.00,04/01/2019 02.00,0.86,11.582
04/01/2019 02.00,04/01/2019 03.00,0.875,11.844
04/01/2019 03.00,04/01/2019 04.00,0.862,11.622
04/01/2019 04.00,04/01/2019 05.00,0.853,11.479
04/01/2019 05.00,04/01/2019 06.00,0.854,11.487
04/01/2019 06.00,04/01/2019 07.00,0.855,11.493
04/01/2019 07.00,04/01/2019 08.00,0.846,11.377
04/01/2019 08.00,04/01/2019 09.00,0.837,11.249
04/01/2019 09.00,04/01/2019 10.00,0.822,11.037
04/01/2019 10.00,04/01/2019 11.00,0.843,11.326
04/01/2019 11.00,04/01/2019 12.00,0.882,11.96
04/01/2019 12.00,04/01/2019 13.00,0.914,12.618
04/01/2019 13.00,04/01/2019 14.00,0.934,13.143
04/01/2019 14.00,04/01/2019 15.00,0.942,13.388
04/01/2019 15.00,04/01/2019 16.00,0.952,13.742
04/01/2019 16.00,04/01/2019 17.00,0.952,13.744
04/01/2019 17.00,04/01/2019 18.00,0.953,13.755
04/01/2019 18.00,04/01/2019 19.00,0.952,13.725
04/01/2019 19.00,04/01/2019 20.00,0.952,13.743
04/01/2019 20.00,04/01/2019 21.00,0.952,13.717
04/01/2019 21.00,04/01/2019 22.00,0.954,13.812
04/01/2019 22.00,04/01/2019 23.00,0.953,13.768
04/01/2019 23.00,05/01/2019 00.00,0.949,13.637
05/01/2019 00.00,05/01/2019 01.00,0.933,13.108
05/01/2019 01.00,05/01/2019 02.00,0.921,12.794
05/01/2019 02.00,05/01/2019 03.00,0.899,12.286
05/01/2019 03.00,05/01/2019 04.00,0.853,11.478
05/01/2019 04.00,05/01/2019 05.00,0.811,10.888
05/01/2019 05.00,05/01/2019 06.00,0.765,10.368
05/01/2019 06.00,05/01/2019 07.00,0.687,9.634
05/01/2019 07.00,05/01/2019 08.00,0.621,9.083
05/01/2019 08.00,05/01/2019 09.00,0.538,8.445
05/01/2019 09.00,05/01/2019 10.00,0.373,7.238
05/01/2019 10.00,05/01/2019 11.00,0.195,5.755
05/01/2019 11.00,05/01/2019 12.00,0.087,4.456
05/01/2019 12.00,05/01/2019 13.00,0.047,3.778
05/01/2019 13.00,05/01/2019 14.00,0.041,3.633
05/01/2019 14.00,05/01/2019 15.00,0.047,3.77
05/01/2019 15.00,05/01/2019 16.00,0.061,4.033
05/01/2019 16.00,05/01/2019 17.00,0.068,4.154
05/01/2019 17.00,05/01/2019 18.00,0.067,4.138
05/01/2019 18.00,05/01/2019 19.00,0.061,4.04
05/01/2019 19.00,05/01/2019 20.00,0.054,3.897
05/01/2019 20.00,05/01/2019 21.00,0.047,3.762
05/01/2019 21.00,05/01/2019 22.00,0.043,3.686
05/01/2019 22.00,05/01/2019 23.00,0.041,3.627
05/01/2019 23.00,06/01/2019 00.00,0.037,3.561
06/01/2019 00.00,06/01/2019 01.00,0.035,3.489
06/01/2019 01.00,06/01/2019 02.00,0.033,3.459
06/01/2019 02.00,06/01/2019 03.00,0.041,3.636
06/01/2019 03.00,06/01/2019 04.00,0.057,3.963
06/01/2019 04.00,06/01/2019 05.00,0.074,4.266
06/01/2019 05.00,06/01/2019 06.00,0.093,4.54
06/01/2019 06.00,06/01/2019 07.00,0.112,4.811
06/01/2019 07.00,06/01/2019 08.00,0.143,5.196
06/01/2019 08.00,06/01/2019 09.00,0.196,5.762
06/01/2019 09.00,06/01/2019 10.00,0.25,6.257
06/01/2019 10.00,06/01/2019 11.00,0.276,6.478
06/01/2019 11.00,06/01/2019 12.00,0.302,6.699
06/01/2019 12.00,06/01/2019 13.00,0.369,7.213
06/01/2019 13.00,06/01/2019 14.00,0.464,7.9
06/01/2019 14.00,06/01/2019 15.00,0.556,8.583
06/01/2019 15.00,06/01/2019 16.00,0.624,9.105
06/01/2019 16.00,06/01/2019 17.00,0.603,8.944
06/01/2019 17.00,06/01/2019 18.00,0.53,8.392
06/01/2019 18.00,06/01/2019 19.00,0.544,8.497
06/01/2019 19.00,06/01/2019 20.00,0.58,8.76
06/01/2019 20.00,06/01/2019 21.00,0.557,8.591
06/01/2019 21.00,06/01/2019 22.00,0.511,8.252
06/01/2019 22.00,06/01/2019 23.00,0.472,7.971
06/01/2019 23.00,07/01/2019 00.00,0.436,7.71
07/01/2019 00.00,07/01/2019 01.00,0.454,7.833
07/01/2019 01.00,07/01/2019 02.00,0.455,7.845
07/01/2019 02.00,07/01/2019 03.00,0.464,7.902
07/01/2019 03.00,07/01/2019 04.00,0.481,8.034
07/01/2019 04.00,07/01/2019 05.00,0.503,8.198
07/01/2019 05.00,07/01/2019 06.00,0.526,8.364
07/01/2019 06.00,07/01/2019 07.00,0.574,8.721
07/01/2019 07.00,07/01/2019 08.00,0.594,8.878
07/01/2019 08.00,07/01/2019 09.00,0.601,8.924
07/01/2019 09.00,07/01/2019 10.00,0.595,8.884
07/01/2019 10.00,07/01/2019 11.00,0.586,8.803
07/01/2019 11.00,07/01/2019 12.00,0.607,8.978
07/01/2019 12.00,07/01/2019 13.00,0.66,9.395
07/01/2019 13.00,07/01/2019 14.00,0.775,10.482
07/01/2019 14.00,07/01/2019 15.00,0.864,11.648
07/01/2019 15.00,07/01/2019 16.00,0.872,11.778
07/01/2019 16.00,07/01/2019 17.00,0.883,11.972
07/01/2019 17.00,07/01/2019 18.00,0.929,12.996
07/01/2019 18.00,07/01/2019 19.00,0.917,12.689
07/01/2019 19.00,07/01/2019 20.00,0.913,12.581
07/01/2019 20.00,07/01/2019 21.00,0.896,12.23
07/01/2019 21.00,07/01/2019 22.00,0.89,12.109
07/01/2019 22.00,07/01/2019 23.00,0.88,11.925
07/01/2019 23.00,08/01/2019 00.00,0.868,11.72
08/01/2019 00.00,08/01/2019 01.00,0.874,11.814
08/01/2019 01.00,08/01/2019 02.00,0.757,10.295
08/01/2019 02.00,08/01/2019 03.00,0.538,8.455
08/01/2019 03.00,08/01/2019 04.00,0.635,9.194
08/01/2019 04.00,08/01/2019 05.00,0.803,10.806
08/01/2019 05.00,08/01/2019 06.00,0.882,11.965
08/01/2019 06.00,08/01/2019 07.00,0.875,11.828
08/01/2019 07.00,08/01/2019 08.00,0.846,11.372
08/01/2019 08.00,08/01/2019 09.00,0.831,11.158
08/01/2019 09.00,08/01/2019 10.00,0.837,11.246
08/01/2019 10.00,08/01/2019 11.00,0.869,11.728
08/01/2019 11.00,08/01/2019 12.00,0.944,13.456
08/01/2019 12.00,08/01/2019 13.00,0.97,14.558
08/01/2019 13.00,08/01/2019 14.00,0.981,15.284
08/01/2019 14.00,08/01/2019 15.00,0.987,15.949
08/01/2019 15.00,08/01/2019 16.00,0.99,16.475
08/01/2019 16.00,08/01/2019 17.00,0.989,16.189
08/01/2019 17.00,08/01/2019 18.00,0.986,15.765
08/01/2019 18.00,08/01/2019 19.00,0.978,15.077
08/01/2019 19.00,08/01/2019 20.00,0.967,14.386
08/01/2019 20.00,08/01/2019 21.00,0.958,13.943
08/01/2019 21.00,08/01/2019 22.00,0.95,13.643
08/01/2019 22.00,08/01/2019 23.00,0.955,13.837
08/01/2019 23.00,09/01/2019 00.00,0.961,14.103
09/01/2019 00.00,09/01/2019 01.00,0.966,14.33
09/01/2019 01.00,09/01/2019 02.00,0.967,14.389
09/01/2019 02.00,09/01/2019 03.00,0.963,14.185
09/01/2019 03.00,09/01/2019 04.00,0.948,13.572
09/01/2019 04.00,09/01/2019 05.00,0.939,13.287
09/01/2019 05.00,09/01/2019 06.00,0.935,13.17
09/01/2019 06.00,09/01/2019 07.00,0.936,13.196
09/01/2019 07.00,09/01/2019 08.00,0.931,13.063
09/01/2019 08.00,09/01/2019 09.00,0.917,12.689
09/01/2019 09.00,09/01/2019 10.00,0.902,12.348
09/01/2019 10.00,09/01/2019 11.00,0.891,12.136
09/01/2019 11.00,09/01/2019 12.00,0.883,11.976
09/01/2019 12.00,09/01/2019 13.00,0.904,12.39
09/01/2019 13.00,09/01/2019 14.00,0.871,11.766
09/01/2019 14.00,09/01/2019 15.00,0.808,10.865
09/01/2019 15.00,09/01/2019 16.00,0.765,10.38
09/01/2019 16.00,09/01/2019 17.00,0.727,9.995
09/01/2019 17.00,09/01/2019 18.00,0.682,9.588
09/01/2019 18.00,09/01/2019 19.00,0.625,9.117
09/01/2019 19.00,09/01/2019 20.00,0.57,8.687
09/01/2019 20.00,09/01/2019 21.00,0.434,7.693
09/01/2019 21.00,09/01/2019 22.00,0.391,7.37
09/01/2019 22.00,09/01/2019 23.00,0.305,6.709
09/01/2019 23.00,10/01/2019 00.00,0.259,6.336
10/01/2019 00.00,10/01/2019 01.00,0.204,5.842
10/01/2019 01.00,10/01/2019 02.00,0.166,5.445
10/01/2019 02.00,10/01/2019 03.00,0.141,5.175
10/01/2019 03.00,10/01/2019 04.00,0.14,5.164
10/01/2019 04.00,10/01/2019 05.00,0.134,5.089
10/01/2019 05.00,10/01/2019 06.00,0.13,5.034
10/01/2019 06.00,10/01/2019 07.00,0.135,5.109
10/01/2019 07.00,10/01/2019 08.00,0.15,5.276
10/01/2019 08.00,10/01/2019 09.00,0.208,5.876
10/01/2019 09.00,10/01/2019 10.00,0.275,6.474
10/01/2019 10.00,10/01/2019 11.00,0.305,6.72
10/01/2019 11.00,10/01/2019 12.00,0.32,6.833
10/01/2019 12.00,10/01/2019 13.00,0.345,7.036
10/01/2019 13.00,10/01/2019 14.00,0.379,7.291
10/01/2019 14.00,10/01/2019 15.00,0.429,7.652
10/01/2019 15.00,10/01/2019 16.00,0.498,8.15
10/01/2019 16.00,10/01/2019 17.00,0.532,8.41
10/01/2019 17.00,10/01/2019 18.00,0.54,8.47
10/01/2019 18.00,10/01/2019 19.00,0.561,8.623
10/01/2019 19.00,10/01/2019 20.00,0.601,8.918
10/01/2019 20.00,10/01/2019 21.00,0.644,9.262
10/01/2019 21.00,10/01/2019 22.00,0.694,9.686
10/01/2019 22.00,10/01/2019 23.00,0.742,10.141
10/01/2019 23.00,11/01/2019 00.00,0.786,10.607
11/01/2019 00.00,11/01/2019 01.00,0.826,11.092
11/01/2019 01.00,11/01/2019 02.00,0.843,11.325
11/01/2019 02.00,11/01/2019 03.00,0.849,11.417
11/01/2019 03.00,11/01/2019 04.00,0.858,11.549
11/01/2019 04.00,11/01/2019 05.00,0.884,11.993
11/01/2019 05.00,11/01/2019 06.00,0.907,12.46
11/01/2019 06.00,11/01/2019 07.00,0.926,12.919
11/01/2019 07.00,11/01/2019 08.00,0.933,13.101
11/01/2019 08.00,11/01/2019 09.00,0.933,13.116
11/01/2019 09.00,11/01/2019 10.00,0.931,13.055
11/01/2019 10.00,11/01/2019 11.00,0.932,13.093
11/01/2019 11.00,11/01/2019 12.00,0.936,13.211
11/01/2019 12.00,11/01/2019 13.00,0.946,13.491
11/01/2019 13.00,11/01/2019 14.00,0.946,13.509
11/01/2019 14.00,11/01/2019 15.00,0.939,13.282
11/01/2019 15.00,11/01/2019 16.00,0.92,12.775
11/01/2019 16.00,11/01/2019 17.00,0.888,12.074
11/01/2019 17.00,11/01/2019 18.00,0.835,11.217
11/01/2019 18.00,11/01/2019 19.00,0.77,10.43
11/01/2019 19.00,11/01/2019 20.00,0.748,10.196
11/01/2019 20.00,11/01/2019 21.00,0.739,10.112
11/01/2019 21.00,11/01/2019 22.00,0.718,9.905
11/01/2019 22.00,11/01/2019 23.00,0.699,9.732
11/01/2019 23.00,12/01/2019 00.00,0.697,9.718
12/01/2019 00.00,12/01/2019 01.00,0.71,9.841
12/01/2019 01.00,12/01/2019 02.00,0.741,10.135
12/01/2019 02.00,12/01/2019 03.00,0.758,10.302
12/01/2019 03.00,12/01/2019 04.00,0.741,10.132
12/01/2019 04.00,12/01/2019 05.00,0.704,9.782
12/01/2019 05.00,12/01/2019 06.00,0.659,9.392
12/01/2019 06.00,12/01/2019 07.00,0.654,9.348
12/01/2019 07.00,12/01/2019 08.00,0.682,9.581
12/01/2019 08.00,12/01/2019 09.00,0.664,9.431
12/01/2019 09.00,12/01/2019 10.00,0.651,9.326
12/01/2019 10.00,12/01/2019 11.00,0.72,9.92
12/01/2019 11.00,12/01/2019 12.00,0.851,11.447
12/01/2019 12.00,12/01/2019 13.00,0.849,11.423
12/01/2019 13.00,12/01/2019 14.00,0.795,10.706
12/01/2019 14.00,12/01/2019 15.00,0.698,9.732
12/01/2019 15.00,12/01/2019 16.00,0.64,9.232
12/01/2019 16.00,12/01/2019 17.00,0.674,9.513
12/01/2019 17.00,12/01/2019 18.00,0.689,9.645
12/01/2019 18.00,12/01/2019 19.00,0.691,9.664
12/01/2019 19.00,12/01/2019 20.00,0.671,9.488
12/01/2019 20.00,12/01/2019 21.00,0.619,9.065
12/01/2019 21.00,12/01/2019 22.00,0.539,8.459
12/01/2019 22.00,12/01/2019 23.00,0.54,8.471
12/01/2019 23.00,13/01/2019 00.00,0.584,8.793
13/01/2019 00.00,13/01/2019 01.00,0.581,8.771
13/01/2019 01.00,13/01/2019 02.00,0.684,9.603
13/01/2019 02.00,13/01/2019 03.00,0.746,10.17
13/01/2019 03.00,13/01/2019 04.00,0.761,10.326
13/01/2019 04.00,13/01/2019 05.00,0.74,10.119
13/01/2019 05.00,13/01/2019 06.00,0.736,10.075
13/01/2019 06.00,13/01/2019 07.00,0.807,10.845
13/01/2019 07.00,13/01/2019 08.00,0.922,12.812
13/01/2019 08.00,13/01/2019 09.00,0.956,13.882
13/01/2019 09.00,13/01/2019 10.00,0.976,14.894
13/01/2019 10.00,13/01/2019 11.00,0.975,14.842
13/01/2019 11.00,13/01/2019 12.00,0.977,14.961
13/01/2019 12.00,13/01/2019 13.00,0.98,15.251
13/01/2019 13.00,13/01/2019 14.00,0.983,15.497
13/01/2019 14.00,13/01/2019 15.00,0.984,15.585
13/01/2019 15.00,13/01/2019 16.00,0.983,15.522
13/01/2019 16.00,13/01/2019 17.00,0.983,15.432
13/01/2019 17.00,13/01/2019 18.00,0.983,15.453
13/01/2019 18.00,13/01/2019 19.00,0.981,15.292
13/01/2019 19.00,13/01/2019 20.00,0.966,14.317
13/01/2019 20.00,13/01/2019 21.00,0.967,14.378
13/01/2019 21.00,13/01/2019 22.00,0.978,15.088
13/01/2019 22.00,13/01/2019 23.00,0.983,15.504
13/01/2019 23.00,14/01/2019 00.00,0.985,15.619
14/01/2019 00.00,14/01/2019 01.00,0.982,15.417
14/01/2019 01.00,14/01/2019 02.00,0.983,15.503
14/01/2019 02.00,14/01/2019 03.00,0.983,15.526
14/01/2019 03.00,14/01/2019 04.00,0.981,15.312
14/01/2019 04.00,14/01/2019 05.00,0.976,14.909
14/01/2019 05.00,14/01/2019 06.00,0.977,14.981
14/01/2019 06.00,14/01/2019 07.00,0.976,14.929
14/01/2019 07.00,14/01/2019 08.00,0.974,14.781
14/01/2019 08.00,14/01/2019 09.00,0.97,14.545
14/01/2019 09.00,14/01/2019 10.00,0.967,14.388
14/01/2019 10.00,14/01/2019 11.00,0.967,14.397
14/01/2019 11.00,14/01/2019 12.00,0.977,14.977
14/01/2019 12.00,14/01/2019 13.00,0.98,15.232
14/01/2019 13.00,14/01/2019 14.00,0.983,15.519
14/01/2019 14.00,14/01/2019 15.00,0.986,15.742
14/01/2019 15.00,14/01/2019 16.00,0.982,15.399
14/01/2019 16.00,14/01/2019 17.00,0.978,15.045
14/01/2019 17.00,14/01/2019 18.00,0.975,14.856
14/01/2019 18.00,14/01/2019 19.00,0.968,14.447
14/01/2019 19.00,14/01/2019 20.00,0.948,13.574
14/01/2019 20.00,14/01/2019 21.00,0.902,12.345
14/01/2019 21.00,14/01/2019 22.00,0.866,11.673
14/01/2019 22.00,14/01/2019 23.00,0.814,10.945
14/01/2019 23.00,15/01/2019 00.00,0.712,9.852
15/01/2019 00.00,15/01/2019 01.00,0.599,8.903
15/01/2019 01.00,15/01/2019 02.00,0.508,8.233
15/01/2019 02.00,15/01/2019 03.00,0.425,7.626
15/01/2019 03.00,15/01/2019 04.00,0.379,7.285
15/01/2019 04.00,15/01/2019 05.00,0.35,7.072
15/01/2019 05.00,15/01/2019 06.00,0.274,6.468
15/01/2019 06.00,15/01/2019 07.00,0.268,6.414
15/01/2019 07.00,15/01/2019 08.00,0.37,7.221
15/01/2019 08.00,15/01/2019 09.00,0.558,8.6
15/01/2019 09.00,15/01/2019 10.00,0.823,11.059
15/01/2019 10.00,15/01/2019 11.00,0.958,13.958
15/01/2019 11.00,15/01/2019 12.00,0.959,13.994
15/01/2019 12.00,15/01/2019 13.00,0.966,14.355
15/01/2019 13.00,15/01/2019 14.00,0.972,14.651
15/01/2019 14.00,15/01/2019 15.00,0.968,14.427
15/01/2019 15.00,15/01/2019 16.00,0.95,13.66
15/01/2019 16.00,15/01/2019 17.00,0.919,12.746
15/01/2019 17.00,15/01/2019 18.00,0.866,11.687
15/01/2019 18.00,15/01/2019 19.00,0.8,10.764
15/01/2019 19.00,15/01/2019 20.00,0.73,10.028
15/01/2019 20.00,15/01/2019 21.00,0.663,9.42
15/01/2019 21.00,15/01/2019 22.00,0.606,8.969
15/01/2019 22.00,15/01/2019 23.00,0.558,8.598
15/01/2019 23.00,16/01/2019 00.00,0.525,8.36
16/01/2019 00.00,16/01/2019 01.00,0.527,8.373
16/01/2019 01.00,16/01/2019 02.00,0.618,9.052
16/01/2019 02.00,16/01/2019 03.00,0.724,9.961
16/01/2019 03.00,16/01/2019 04.00,0.788,10.631
16/01/2019 04.00,16/01/2019 05.00,0.798,10.739
16/01/2019 05.00,16/01/2019 06.00,0.809,10.871
16/01/2019 06.00,16/01/2019 07.00,0.836,11.227
16/01/2019 07.00,16/01/2019 08.00,0.887,12.058
16/01/2019 08.00,16/01/2019 09.00,0.917,12.702
16/01/2019 09.00,16/01/2019 10.00,0.931,13.046
16/01/2019 10.00,16/01/2019 11.00,0.938,13.243
16/01/2019 11.00,16/01/2019 12.00,0.948,13.605
16/01/2019 12.00,16/01/2019 13.00,0.957,13.901
16/01/2019 13.00,16/01/2019 14.00,0.96,14.047
16/01/2019 14.00,16/01/2019 15.00,0.964,14.25
16/01/2019 15.00,16/01/2019 16.00,0.969,14.491
16/01/2019 16.00,16/01/2019 17.00,0.971,14.619
16/01/2019 17.00,16/01/2019 18.00,0.964,14.234
16/01/2019 18.00,16/01/2019 19.00,0.935,13.149
16/01/2019 19.00,16/01/2019 20.00,0.861,11.594
16/01/2019 20.00,16/01/2019 21.00,0.779,10.526
16/01/2019 21.00,16/01/2019 22.00,0.751,10.227
16/01/2019 22.00,16/01/2019 23.00,0.74,10.125
16/01/2019 23.00,17/01/2019 00.00,0.74,10.119
17/01/2019 00.00,17/01/2019 01.00,0.721,9.935
17/01/2019 01.00,17/01/2019 02.00,0.654,9.348
17/01/2019 02.00,17/01/2019 03.00,0.529,8.387
17/01/2019 03.00,17/01/2019 04.00,0.341,6.998
17/01/2019 04.00,17/01/2019 05.00,0.201,5.806
17/01/2019 05.00,17/01/2019 06.00,0.121,4.932
17/01/2019 06.00,17/01/2019 07.00,0.076,4.295
17/01/2019 07.00,17/01/2019 08.00,0.17,5.493
17/01/2019 08.00,17/01/2019 09.00,0.402,7.464
17/01/2019 09.00,17/01/2019 10.00,0.54,8.471
17/01/2019 10.00,17/01/2019 11.00,0.523,8.336
17/01/2019 11.00,17/01/2019 12.00,0.425,7.621
17/01/2019 12.00,17/01/2019 13.00,0.374,7.241
17/01/2019 13.00,17/01/2019 14.00,0.387,7.347
17/01/2019 14.00,17/01/2019 15.00,0.464,7.903
17/01/2019 15.00,17/01/2019 16.00,0.618,9.056
17/01/2019 16.00,17/01/2019 17.00,0.746,10.18
17/01/2019 17.00,17/01/2019 18.00,0.778,10.517
17/01/2019 18.00,17/01/2019 19.00,0.71,9.831
17/01/2019 19.00,17/01/2019 20.00,0.586,8.811
17/01/2019 20.00,17/01/2019 21.00,0.474,7.982
17/01/2019 21.00,17/01/2019 22.00,0.413,7.532
17/01/2019 22.00,17/01/2019 23.00,0.392,7.384
17/01/2019 23.00,18/01/2019 00.00,0.407,7.492
18/01/2019 00.00,18/01/2019 01.00,0.476,7.998
18/01/2019 01.00,18/01/2019 02.00,0.539,8.461
18/01/2019 02.00,18/01/2019 03.00,0.561,8.621
18/01/2019 03.00,18/01/2019 04.00,0.519,8.312
18/01/2019 04.00,18/01/2019 05.00,0.433,7.686
18/01/2019 05.00,18/01/2019 06.00,0.367,7.194
18/01/2019 06.00,18/01/2019 07.00,0.326,6.883
18/01/2019 07.00,18/01/2019 08.00,0.317,6.814
18/01/2019 08.00,18/01/2019 09.00,0.336,6.956
18/01/2019 09.00,18/01/2019 10.00,0.349,7.063
18/01/2019 10.00,18/01/2019 11.00,0.345,7.035
18/01/2019 11.00,18/01/2019 12.00,0.355,7.109
18/01/2019 12.00,18/01/2019 13.00,0.383,7.32
18/01/2019 13.00,18/01/2019 14.00,0.448,7.794
18/01/2019 14.00,18/01/2019 15.00,0.524,8.346
18/01/2019 15.00,18/01/2019 16.00,0.571,8.695
18/01/2019 16.00,18/01/2019 17.00,0.574,8.717
18/01/2019 17.00,18/01/2019 18.00,0.549,8.527
18/01/2019 18.00,18/01/2019 19.00,0.512,8.257
18/01/2019 19.00,18/01/2019 20.00,0.481,8.036
18/01/2019 20.00,18/01/2019 21.00,0.464,7.903
18/01/2019 21.00,18/01/2019 22.00,0.454,7.838
18/01/2019 22.00,18/01/2019 23.00,0.441,7.737
18/01/2019 23.00,19/01/2019 00.00,0.422,7.608
19/01/2019 00.00,19/01/2019 01.00,0.403,7.466
19/01/2019 01.00,19/01/2019 02.00,0.384,7.322
19/01/2019 02.00,19/01/2019 03.00,0.37,7.221
19/01/2019 03.00,19/01/2019 04.00,0.36,7.138
19/01/2019 04.00,19/01/2019 05.00,0.348,7.06
19/01/2019 05.00,19/01/2019 06.00,0.349,7.067
19/01/2019 06.00,19/01/2019 07.00,0.369,7.214
19/01/2019 07.00,19/01/2019 08.00,0.412,7.527
19/01/2019 08.00,19/01/2019 09.00,0.444,7.76
19/01/2019 09.00,19/01/2019 10.00,0.427,7.637
19/01/2019 10.00,19/01/2019 11.00,0.423,7.614
19/01/2019 11.00,19/01/2019 12.00,0.397,7.416
19/01/2019 12.00,19/01/2019 13.00,0.376,7.26
19/01/2019 13.00,19/01/2019 14.00,0.383,7.32
19/01/2019 14.00,19/01/2019 15.00,0.395,7.402
19/01/2019 15.00,19/01/2019 16.00,0.42,7.585
19/01/2019 16.00,19/01/2019 17.00,0.444,7.769
19/01/2019 17.00,19/01/2019 18.00,0.466,7.924
19/01/2019 18.00,19/01/2019 19.00,0.498,8.154
19/01/2019 19.00,19/01/2019 20.00,0.524,8.345
19/01/2019 20.00,19/01/2019 21.00,0.525,8.36
19/01/2019 21.00,19/01/2019 22.00,0.526,8.366
19/01/2019 22.00,19/01/2019 23.00,0.532,8.403
19/01/2019 23.00,20/01/2019 00.00,0.516,8.291
20/01/2019 00.00,20/01/2019 01.00,0.497,8.147
20/01/2019 01.00,20/01/2019 02.00,0.474,7.982
20/01/2019 02.00,20/01/2019 03.00,0.45,7.812
20/01/2019 03.00,20/01/2019 04.00,0.41,7.512
20/01/2019 04.00,20/01/2019 05.00,0.351,7.075
20/01/2019 05.00,20/01/2019 06.00,0.295,6.64
20/01/2019 06.00,20/01/2019 07.00,0.249,6.242
20/01/2019 07.00,20/01/2019 08.00,0.21,5.899
20/01/2019 08.00,20/01/2019 09.00,0.182,5.624
20/01/2019 09.00,20/01/2019 10.00,0.16,5.385
20/01/2019 10.00,20/01/2019 11.00,0.138,5.145
20/01/2019 11.00,20/01/2019 12.00,0.133,5.085
20/01/2019 12.00,20/01/2019 13.00,0.152,5.294
20/01/2019 13.00,20/01/2019 14.00,0.203,5.832
20/01/2019 14.00,20/01/2019 15.00,0.27,6.428
20/01/2019 15.00,20/01/2019 16.00,0.321,6.844
20/01/2019 16.00,20/01/2019 17.00,0.374,7.246
20/01/2019 17.00,20/01/2019 18.00,0.432,7.671
20/01/2019 18.00,20/01/2019 19.00,0.498,8.156
20/01/2019 19.00,20/01/2019 20.00,0.559,8.606
20/01/2019 20.00,20/01/2019 21.00,0.61,8.999
20/01/2019 21.00,20/01/2019 22.00,0.65,9.32
20/01/2019 22.00,20/01/2019 23.00,0.674,9.514
20/01/2019 23.00,21/01/2019 00.00,0.701,9.758
21/01/2019 00.00,21/01/2019 01.00,0.695,9.697
21/01/2019 01.00,21/01/2019 02.00,0.733,10.054
21/01/2019 02.00,21/01/2019 03.00,0.675,9.527
21/01/2019 03.00,21/01/2019 04.00,0.668,9.463
21/01/2019 04.00,21/01/2019 05.00,0.762,10.345
21/01/2019 05.00,21/01/2019 06.00,0.78,10.534
21/01/2019 06.00,21/01/2019 07.00,0.815,10.948
21/01/2019 07.00,21/01/2019 08.00,0.835,11.22
21/01/2019 08.00,21/01/2019 09.00,0.808,10.855
21/01/2019 09.00,21/01/2019 10.00,0.748,10.201
21/01/2019 10.00,21/01/2019 11.00,0.725,9.98
21/01/2019 11.00,21/01/2019 12.00,0.677,9.542
21/01/2019 12.00,21/01/2019 13.00,0.621,9.082
21/01/2019 13.00,21/01/2019 14.00,0.583,8.779
21/01/2019 14.00,21/01/2019 15.00,0.556,8.583
21/01/2019 15.00,21/01/2019 16.00,0.504,8.207
21/01/2019 16.00,21/01/2019 17.00,0.397,7.419
21/01/2019 17.00,21/01/2019 18.00,0.261,6.358
21/01/2019 18.00,21/01/2019 19.00,0.135,5.106
21/01/2019 19.00,21/01/2019 20.00,0.046,3.742
21/01/2019 20.00,21/01/2019 21.00,0.012,2.78
21/01/2019 21.00,21/01/2019 22.00,0.025,3.235
21/01/2019 22.00,21/01/2019 23.00,0.059,4.007
21/01/2019 23.00,22/01/2019 00.00,0.115,4.848
22/01/2019 00.00,22/01/2019 01.00,0.201,5.804
22/01/2019 01.00,22/01/2019 02.00,0.307,6.728
22/01/2019 02.00,22/01/2019 03.00,0.401,7.453
22/01/2019 03.00,22/01/2019 04.00,0.457,7.85
22/01/2019 04.00,22/01/2019 05.00,0.479,8.019
22/01/2019 05.00,22/01/2019 06.00,0.493,8.118
22/01/2019 06.00,22/01/2019 07.00,0.489,8.092
22/01/2019 07.00,22/01/2019 08.00,0.506,8.217
22/01/2019 08.00,22/01/2019 09.00,0.525,8.352
22/01/2019 09.00,22/01/2019 10.00,0.547,8.513
22/01/2019 10.00,22/01/2019 11.00,0.603,8.947
22/01/2019 11.00,22/01/2019 12.00,0.662,9.413
22/01/2019 12.00,22/01/2019 13.00,0.668,9.459
22/01/2019 13.00,22/01/2019 14.00,0.645,9.282
22/01/2019 14.00,22/01/2019 15.00,0.697,9.717
22/01/2019 15.00,22/01/2019 16.00,0.717,9.894
22/01/2019 16.00,22/01/2019 17.00,0.728,10.004
22/01/2019 17.00,22/01/2019 18.00,0.755,10.273
22/01/2019 18.00,22/01/2019 19.00,0.763,10.359
22/01/2019 19.00,22/01/2019 20.00,0.766,10.39
22/01/2019 20.00,22/01/2019 21.00,0.762,10.335
22/01/2019 21.00,22/01/2019 22.00,0.741,10.134
22/01/2019 22.00,22/01/2019 23.00,0.713,9.868
22/01/2019 23.00,23/01/2019 00.00,0.684,9.605
23/01/2019 00.00,23/01/2019 01.00,0.653,9.343
23/01/2019 01.00,23/01/2019 02.00,0.621,9.086
23/01/2019 02.00,23/01/2019 03.00,0.604,8.951
23/01/2019 03.00,23/01/2019 04.00,0.579,8.756
23/01/2019 04.00,23/01/2019 05.00,0.565,8.647
23/01/2019 05.00,23/01/2019 06.00,0.568,8.669
23/01/2019 06.00,23/01/2019 07.00,0.543,8.486
23/01/2019 07.00,23/01/2019 08.00,0.516,8.292
23/01/2019 08.00,23/01/2019 09.00,0.506,8.216
23/01/2019 09.00,23/01/2019 10.00,0.516,8.284
23/01/2019 10.00,23/01/2019 11.00,0.491,8.104
23/01/2019 11.00,23/01/2019 12.00,0.447,7.782
23/01/2019 12.00,23/01/2019 13.00,0.394,7.394
23/01/2019 13.00,23/01/2019 14.00,0.34,6.989
23/01/2019 14.00,23/01/2019 15.00,0.305,6.72
23/01/2019 15.00,23/01/2019 16.00,0.32,6.84
23/01/2019 16.00,23/01/2019 17.00,0.337,6.961
23/01/2019 17.00,23/01/2019 18.00,0.341,6.996
23/01/2019 18.00,23/01/2019 19.00,0.347,7.046
23/01/2019 19.00,23/01/2019 20.00,0.358,7.124
23/01/2019 20.00,23/01/2019 21.00,0.367,7.201
23/01/2019 21.00,23/01/2019 22.00,0.391,7.369
23/01/2019 22.00,23/01/2019 23.00,0.401,7.45
23/01/2019 23.00,24/01/2019 00.00,0.387,7.344
24/01/2019 00.00,24/01/2019 01.00,0.367,7.2
24/01/2019 01.00,24/01/2019 02.00,0.352,7.09
24/01/2019 02.00,24/01/2019 03.00,0.345,7.035
24/01/2019 03.00,24/01/2019 04.00,0.327,6.888
24/01/2019 04.00,24/01/2019 05.00,0.295,6.643
24/01/2019 05.00,24/01/2019 06.00,0.28,6.516
24/01/2019 06.00,24/01/2019 07.00,0.29,6.593
24/01/2019 07.00,24/01/2019 08.00,0.32,6.83
24/01/2019 08.00,24/01/2019 09.00,0.331,6.918
24/01/2019 09.00,24/01/2019 10.00,0.332,6.927
24/01/2019 10.00,24/01/2019 11.00,0.352,7.078
24/01/2019 11.00,24/01/2019 12.00,0.332,6.926
24/01/2019 12.00,24/01/2019 13.00,0.295,6.64
24/01/2019 13.00,24/01/2019 14.00,0.257,6.32
24/01/2019 14.00,24/01/2019 15.00,0.237,6.147
24/01/2019 15.00,24/01/2019 16.00,0.251,6.262
24/01/2019 16.00,24/01/2019 17.00,0.261,6.351
24/01/2019 17.00,24/01/2019 18.00,0.253,6.292
24/01/2019 18.00,24/01/2019 19.00,0.23,6.077
24/01/2019 19.00,24/01/2019 20.00,0.201,5.804
24/01/2019 20.00,24/01/2019 21.00,0.169,5.484
24/01/2019 21.00,24/01/2019 22.00,0.138,5.143
24/01/2019 22.00,24/01/2019 23.00,0.115,4.859
24/01/2019 23.00,25/01/2019 00.00,0.098,4.614
25/01/2019 00.00,25/01/2019 01.00,0.094,4.563
25/01/2019 01.00,25/01/2019 02.00,0.095,4.576
25/01/2019 02.00,25/01/2019 03.00,0.1,4.649
25/01/2019 03.00,25/01/2019 04.00,0.115,4.85
25/01/2019 04.00,25/01/2019 05.00,0.148,5.259
25/01/2019 05.00,25/01/2019 06.00,0.187,5.672
25/01/2019 06.00,25/01/2019 07.00,0.225,6.029
25/01/2019 07.00,25/01/2019 08.00,0.266,6.401
25/01/2019 08.00,25/01/2019 09.00,0.294,6.621
25/01/2019 09.00,25/01/2019 10.00,0.304,6.705
25/01/2019 10.00,25/01/2019 11.00,0.363,7.166
25/01/2019 11.00,25/01/2019 12.00,0.425,7.623
25/01/2019 12.00,25/01/2019 13.00,0.494,8.125
25/01/2019 13.00,25/01/2019 14.00,0.561,8.627
25/01/2019 14.00,25/01/2019 15.00,0.602,8.94
25/01/2019 15.00,25/01/2019 16.00,0.633,9.181
25/01/2019 16.00,25/01/2019 17.00,0.683,9.6
25/01/2019 17.00,25/01/2019 18.00,0.73,10.029
25/01/2019 18.00,25/01/2019 19.00,0.763,10.354
25/01/2019 19.00,25/01/2019 20.00,0.765,10.377
25/01/2019 20.00,25/01/2019 21.00,0.758,10.308
25/01/2019 21.00,25/01/2019 22.00,0.765,10.371
25/01/2019 22.00,25/01/2019 23.00,0.761,10.326
25/01/2019 23.00,26/01/2019 00.00,0.706,9.801
26/01/2019 00.00,26/01/2019 01.00,0.593,8.867
26/01/2019 01.00,26/01/2019 02.00,0.472,7.97
26/01/2019 02.00,26/01/2019 03.00,0.406,7.486
26/01/2019 03.00,26/01/2019 04.00,0.346,7.038
26/01/2019 04.00,26/01/2019 05.00,0.277,6.486
26/01/2019 05.00,26/01/2019 06.00,0.213,5.923
26/01/2019 06.00,26/01/2019 07.00,0.153,5.305
26/01/2019 07.00,26/01/2019 08.00,0.116,4.867
26/01/2019 08.00,26/01/2019 09.00,0.092,4.526
26/01/2019 09.00,26/01/2019 10.00,0.076,4.291
26/01/2019 10.00,26/01/2019 11.00,0.059,3.993
26/01/2019 11.00,26/01/2019 12.00,0.044,3.708
26/01/2019 12.00,26/01/2019 13.00,0.062,4.051
26/01/2019 13.00,26/01/2019 14.00,0.113,4.829
26/01/2019 14.00,26/01/2019 15.00,0.182,5.627
26/01/2019 15.00,26/01/2019 16.00,0.288,6.575
26/01/2019 16.00,26/01/2019 17.00,0.413,7.538
26/01/2019 17.00,26/01/2019 18.00,0.544,8.498
26/01/2019 18.00,26/01/2019 19.00,0.638,9.222
26/01/2019 19.00,26/01/2019 20.00,0.684,9.607
26/01/2019 20.00,26/01/2019 21.00,0.725,9.977
26/01/2019 21.00,26/01/2019 22.00,0.756,10.282
26/01/2019 22.00,26/01/2019 23.00,0.765,10.371
26/01/2019 23.00,27/01/2019 00.00,0.779,10.528
27/01/2019 00.00,27/01/2019 01.00,0.781,10.552
27/01/2019 01.00,27/01/2019 02.00,0.781,10.551
27/01/2019 02.00,27/01/2019 03.00,0.782,10.563
27/01/2019 03.00,27/01/2019 04.00,0.788,10.634
27/01/2019 04.00,27/01/2019 05.00,0.799,10.755
27/01/2019 05.00,27/01/2019 06.00,0.803,10.801
27/01/2019 06.00,27/01/2019 07.00,0.792,10.669
27/01/2019 07.00,27/01/2019 08.00,0.788,10.625
27/01/2019 08.00,27/01/2019 09.00,0.771,10.438
27/01/2019 09.00,27/01/2019 10.00,0.73,10.029
27/01/2019 10.00,27/01/2019 11.00,0.669,9.476
27/01/2019 11.00,27/01/2019 12.00,0.591,8.852
27/01/2019 12.00,27/01/2019 13.00,0.523,8.337
27/01/2019 13.00,27/01/2019 14.00,0.471,7.962
27/01/2019 14.00,27/01/2019 15.00,0.457,7.86
27/01/2019 15.00,27/01/2019 16.00,0.466,7.922
27/01/2019 16.00,27/01/2019 17.00,0.46,7.885
27/01/2019 17.00,27/01/2019 18.00,0.449,7.804
27/01/2019 18.00,27/01/2019 19.00,0.444,7.77
27/01/2019 19.00,27/01/2019 20.00,0.439,7.733
27/01/2019 20.00,27/01/2019 21.00,0.428,7.639
27/01/2019 21.00,27/01/2019 22.00,0.421,7.597
27/01/2019 22.00,27/01/2019 23.00,0.428,7.641
27/01/2019 23.00,28/01/2019 00.00,0.444,7.771
28/01/2019 00.00,28/01/2019 01.00,0.459,7.872
28/01/2019 01.00,28/01/2019 02.00,0.464,7.911
28/01/2019 02.00,28/01/2019 03.00,0.475,7.986
28/01/2019 03.00,28/01/2019 04.00,0.485,8.068
28/01/2019 04.00,28/01/2019 05.00,0.497,8.147
28/01/2019 05.00,28/01/2019 06.00,0.538,8.443
28/01/2019 06.00,28/01/2019 07.00,0.595,8.882
28/01/2019 07.00,28/01/2019 08.00,0.625,9.113
28/01/2019 08.00,28/01/2019 09.00,0.601,8.921
28/01/2019 09.00,28/01/2019 10.00,0.579,8.757
28/01/2019 10.00,28/01/2019 11.00,0.594,8.878
28/01/2019 11.00,28/01/2019 12.00,0.599,8.901
28/01/2019 12.00,28/01/2019 13.00,0.62,9.078
28/01/2019 13.00,28/01/2019 14.00,0.65,9.319
28/01/2019 14.00,28/01/2019 15.00,0.663,9.425
28/01/2019 15.00,28/01/2019 16.00,0.661,9.405
28/01/2019 16.00,28/01/2019 17.00,0.664,9.434
28/01/2019 17.00,28/01/2019 18.00,0.656,9.368
28/01/2019 18.00,28/01/2019 19.00,0.627,9.13
28/01/2019 19.00,28/01/2019 20.00,0.596,8.892
28/01/2019 20.00,28/01/2019 21.00,0.555,8.572
28/01/2019 21.00,28/01/2019 22.00,0.509,8.235
28/01/2019 22.00,28/01/2019 23.00,0.446,7.778
28/01/2019 23.00,29/01/2019 00.00,0.386,7.331
29/01/2019 00.00,29/01/2019 01.00,0.32,6.83
29/01/2019 01.00,29/01/2019 02.00,0.251,6.266
29/01/2019 02.00,29/01/2019 03.00,0.212,5.915
29/01/2019 03.00,29/01/2019 04.00,0.201,5.808
29/01/2019 04.00,29/01/2019 05.00,0.198,5.777
29/01/2019 05.00,29/01/2019 06.00,0.193,5.732
29/01/2019 06.00,29/01/2019 07.00,0.189,5.691
29/01/2019 07.00,29/01/2019 08.00,0.189,5.688
29/01/2019 08.00,29/01/2019 09.00,0.201,5.806
29/01/2019 09.00,29/01/2019 10.00,0.217,5.952
29/01/2019 10.00,29/01/2019 11.00,0.241,6.176
29/01/2019 11.00,29/01/2019 12.00,0.272,6.445
29/01/2019 12.00,29/01/2019 13.00,0.314,6.793
29/01/2019 13.00,29/01/2019 14.00,0.334,6.946
29/01/2019 14.00,29/01/2019 15.00,0.376,7.267
29/01/2019 15.00,29/01/2019 16.00,0.428,7.643
29/01/2019 16.00,29/01/2019 17.00,0.454,7.83
29/01/2019 17.00,29/01/2019 18.00,0.443,7.755
29/01/2019 18.00,29/01/2019 19.00,0.432,7.681
29/01/2019 19.00,29/01/2019 20.00,0.438,7.727
29/01/2019 20.00,29/01/2019 21.00,0.456,7.847
29/01/2019 21.00,29/01/2019 22.00,0.507,8.225
29/01/2019 22.00,29/01/2019 23.00,0.538,8.446
29/01/2019 23.00,30/01/2019 00.00,0.551,8.545
30/01/2019 00.00,30/01/2019 01.00,0.565,8.649
30/01/2019 01.00,30/01/2019 02.00,0.569,8.683
30/01/2019 02.00,30/01/2019 03.00,0.555,8.57
30/01/2019 03.00,30/01/2019 04.00,0.53,8.393
30/01/2019 04.00,30/01/2019 05.00,0.525,8.357
30/01/2019 05.00,30/01/2019 06.00,0.508,8.233
30/01/2019 06.00,30/01/2019 07.00,0.513,8.26
30/01/2019 07.00,30/01/2019 08.00,0.517,8.293
30/01/2019 08.00,30/01/2019 09.00,0.535,8.43
30/01/2019 09.00,30/01/2019 10.00,0.528,8.381
30/01/2019 10.00,30/01/2019 11.00,0.539,8.461
30/01/2019 11.00,30/01/2019 12.00,0.591,8.852
30/01/2019 12.00,30/01/2019 13.00,0.579,8.755
30/01/2019 13.00,30/01/2019 14.00,0.602,8.935
30/01/2019 14.00,30/01/2019 15.00,0.625,9.117
30/01/2019 15.00,30/01/2019 16.00,0.635,9.189
30/01/2019 16.00,30/01/2019 17.00,0.652,9.332
30/01/2019 17.00,30/01/2019 18.00,0.667,9.456
30/01/2019 18.00,30/01/2019 19.00,0.668,9.465
30/01/2019 19.00,30/01/2019 20.00,0.673,9.505
30/01/2019 20.00,30/01/2019 21.00,0.669,9.474
30/01/2019 21.00,30/01/2019 22.00,0.674,9.514
30/01/2019 22.00,30/01/2019 23.00,0.673,9.507
30/01/2019 23.00,31/01/2019 00.00,0.682,9.585
31/01/2019 00.00,31/01/2019 01.00,0.7,9.738
31/01/2019 01.00,31/01/2019 02.00,0.72,9.928
31/01/2019 02.00,31/01/2019 03.00,0.737,10.084
31/01/2019 03.00,31/01/2019 04.00,0.758,10.305
31/01/2019 04.00,31/01/2019 05.00,0.765,10.374
31/01/2019 05.00,31/01/2019 06.00,0.765,10.374
31/01/2019 06.00,31/01/2019 07.00,0.768,10.403
31/01/2019 07.00,31/01/2019 08.00,0.759,10.31
31/01/2019 08.00,31/01/2019 09.00,0.725,9.982
31/01/2019 09.00,31/01/2019 10.00,0.712,9.857
31/01/2019 10.00,31/01/2019 11.00,0.666,9.448
31/01/2019 11.00,31/01/2019 12.00,0.633,9.178
31/01/2019 12.00,31/01/2019 13.00,0.658,9.388
31/01/2019 13.00,31/01/2019 14.00,0.634,9.185
31/01/2019 14.00,31/01/2019 15.00,0.62,9.078
31/01/2019 15.00,31/01/2019 16.00,0.663,9.418
31/01/2019 16.00,31/01/2019 17.00,0.672,9.497
31/01/2019 17.00,31/01/2019 18.00,0.668,9.459
31/01/2019 18.00,31/01/2019 19.00,0.668,9.457
31/01/2019 19.00,31/01/2019 20.00,0.661,9.41
31/01/2019 20.00,31/01/2019 21.00,0.612,9.005
31/01/2019 21.00,31/01/2019 22.00,0.555,8.568
31/01/2019 22.00,31/01/2019 23.00,0.482,8.041
31/01/2019 23.00,01/02/2019 00.00,0.427,7.637
01/02/2019 00.00,01/02/2019 01.00,0.386,7.33
01/02/2019 01.00,01/02/2019 02.00,0.377,7.272
01/02/2019 02.00,01/02/2019 03.00,0.397,7.418
01/02/2019 03.00,01/02/2019 04.00,0.444,7.762
01/02/2019 04.00,01/02/2019 05.00,0.484,8.056
01/02/2019 05.00,01/02/2019 06.00,0.521,8.321
01/02/2019 06.00,01/02/2019 07.00,0.549,8.529
01/02/2019 07.00,01/02/2019 08.00,0.552,8.547
01/02/2019 08.00,01/02/2019 09.00,0.556,8.584
01/02/2019 09.00,01/02/2019 10.00,0.532,8.404
01/02/2019 10.00,01/02/2019 11.00,0.538,8.453
01/02/2019 11.00,01/02/2019 12.00,0.51,8.242
01/02/2019 12.00,01/02/2019 13.00,0.511,8.251
01/02/2019 13.00,01/02/2019 14.00,0.494,8.135
01/02/2019 14.00,01/02/2019 15.00,0.519,8.303
01/02/2019 15.00,01/02/2019 16.00,0.552,8.549
01/02/2019 16.00,01/02/2019 17.00,0.568,8.671
01/02/2019 17.00,01/02/2019 18.00,0.56,8.614
01/02/2019 18.00,01/02/2019 19.00,0.547,8.512
01/02/2019 19.00,01/02/2019 20.00,0.527,8.369
01/02/2019 20.00,01/02/2019 21.00,0.535,8.426
01/02/2019 21.00,01/02/2019 22.00,0.522,8.328
01/02/2019 22.00,01/02/2019 23.00,0.505,8.21
01/02/2019 23.00,02/02/2019 00.00,0.476,7.993
02/02/2019 00.00,02/02/2019 01.00,0.468,7.943
02/02/2019 01.00,02/02/2019 02.00,0.476,8.001
02/02/2019 02.00,02/02/2019 03.00,0.504,8.204
02/02/2019 03.00,02/02/2019 04.00,0.51,8.237
02/02/2019 04.00,02/02/2019 05.00,0.481,8.04
02/02/2019 05.00,02/02/2019 06.00,0.451,7.817
02/02/2019 06.00,02/02/2019 07.00,0.454,7.837
02/02/2019 07.00,02/02/2019 08.00,0.45,7.812
02/02/2019 08.00,02/02/2019 09.00,0.391,7.376
02/02/2019 09.00,02/02/2019 10.00,0.308,6.735
02/02/2019 10.00,02/02/2019 11.00,0.302,6.697
02/02/2019 11.00,02/02/2019 12.00,0.348,7.055
02/02/2019 12.00,02/02/2019 13.00,0.38,7.296
02/02/2019 13.00,02/02/2019 14.00,0.39,7.366
02/02/2019 14.00,02/02/2019 15.00,0.41,7.517
02/02/2019 15.00,02/02/2019 16.00,0.454,7.834
02/02/2019 16.00,02/02/2019 17.00,0.467,7.936
02/02/2019 17.00,02/02/2019 18.00,0.462,7.896
02/02/2019 18.00,02/02/2019 19.00,0.455,7.846
02/02/2019 19.00,02/02/2019 20.00,0.423,7.612
02/02/2019 20.00,02/02/2019 21.00,0.421,7.594
02/02/2019 21.00,02/02/2019 22.00,0.449,7.807
02/02/2019 22.00,02/02/2019 23.00,0.479,8.016
02/02/2019 23.00,03/02/2019 00.00,0.489,8.094
03/02/2019 00.00,03/02/2019 01.00,0.486,8.071
03/02/2019 01.00,03/02/2019 02.00,0.486,8.07
03/02/2019 02.00,03/02/2019 03.00,0.494,8.129
03/02/2019 03.00,03/02/2019 04.00,0.508,8.231
03/02/2019 04.00,03/02/2019 05.00,0.547,8.514
03/02/2019 05.00,03/02/2019 06.00,0.556,8.573
03/02/2019 06.00,03/02/2019 07.00,0.488,8.088
03/02/2019 07.00,03/02/2019 08.00,0.402,7.461
03/02/2019 08.00,03/02/2019 09.00,0.308,6.734
03/02/2019 09.00,03/02/2019 10.00,0.213,5.926
03/02/2019 10.00,03/02/2019 11.00,0.177,5.565
03/02/2019 11.00,03/02/2019 12.00,0.169,5.489
03/02/2019 12.00,03/02/2019 13.00,0.145,5.226
03/02/2019 13.00,03/02/2019 14.00,0.142,5.186
03/02/2019 14.00,03/02/2019 15.00,0.177,5.559
03/02/2019 15.00,03/02/2019 16.00,0.221,6.001
03/02/2019 16.00,03/02/2019 17.00,0.278,6.497
03/02/2019 17.00,03/02/2019 18.00,0.333,6.935
03/02/2019 18.00,03/02/2019 19.00,0.362,7.161
03/02/2019 19.00,03/02/2019 20.00,0.355,7.099
03/02/2019 20.00,03/02/2019 21.00,0.343,7.012
03/02/2019 21.00,03/02/2019 22.00,0.395,7.41
03/02/2019 22.00,03/02/2019 23.00,0.479,8.011
03/02/2019 23.00,04/02/2019 00.00,0.55,8.535
04/02/2019 00.00,04/02/2019 01.00,0.595,8.879
04/02/2019 01.00,04/02/2019 02.00,0.638,9.22
04/02/2019 02.00,04/02/2019 03.00,0.706,9.8
04/02/2019 03.00,04/02/2019 04.00,0.765,10.38
04/02/2019 04.00,04/02/2019 05.00,0.793,10.689
04/02/2019 05.00,04/02/2019 06.00,0.816,10.964
04/02/2019 06.00,04/02/2019 07.00,0.84,11.293
04/02/2019 07.00,04/02/2019 08.00,0.867,11.692
04/02/2019 08.00,04/02/2019 09.00,0.854,11.489
04/02/2019 09.00,04/02/2019 10.00,0.841,11.294
04/02/2019 10.00,04/02/2019 11.00,0.866,11.688
04/02/2019 11.00,04/02/2019 12.00,0.898,12.279
04/02/2019 12.00,04/02/2019 13.00,0.93,13.038
04/02/2019 13.00,04/02/2019 14.00,0.944,13.439
04/02/2019 14.00,04/02/2019 15.00,0.952,13.723
04/02/2019 15.00,04/02/2019 16.00,0.967,14.366
04/02/2019 16.00,04/02/2019 17.00,0.978,15.024
04/02/2019 17.00,04/02/2019 18.00,0.986,15.805
04/02/2019 18.00,04/02/2019 19.00,0.984,15.563
04/02/2019 19.00,04/02/2019 20.00,0.976,14.904
04/02/2019 20.00,04/02/2019 21.00,0.952,13.749
04/02/2019 21.00,04/02/2019 22.00,0.946,13.521
04/02/2019 22.00,04/02/2019 23.00,0.939,13.283
04/02/2019 23.00,05/02/2019 00.00,0.94,13.312
05/02/2019 00.00,05/02/2019 01.00,0.937,13.236
05/02/2019 01.00,05/02/2019 02.00,0.933,13.12
05/02/2019 02.00,05/02/2019 03.00,0.936,13.209
05/02/2019 03.00,05/02/2019 04.00,0.94,13.312
05/02/2019 04.00,05/02/2019 05.00,0.945,13.473
05/02/2019 05.00,05/02/2019 06.00,0.939,13.297
05/02/2019 06.00,05/02/2019 07.00,0.921,12.788
05/02/2019 07.00,05/02/2019 08.00,0.898,12.275
05/02/2019 08.00,05/02/2019 09.00,0.868,11.723
05/02/2019 09.00,05/02/2019 10.00,0.862,11.622
05/02/2019 10.00,05/02/2019 11.00,0.847,11.39
05/02/2019 11.00,05/02/2019 12.00,0.836,11.224
05/02/2019 12.00,05/02/2019 13.00,0.826,11.081
05/02/2019 13.00,05/02/2019 14.00,0.82,11.013
05/02/2019 14.00,05/02/2019 15.00,0.809,10.877
05/02/2019 15.00,05/02/2019 16.00,0.812,10.908
05/02/2019 16.00,05/02/2019 17.00,0.784,10.576
05/02/2019 17.00,05/02/2019 18.00,0.728,10.01
05/02/2019 18.00,05/02/2019 19.00,0.648,9.304
05/02/2019 19.00,05/02/2019 20.00,0.551,8.543
05/02/2019 20.00,05/02/2019 21.00,0.414,7.546
05/02/2019 21.00,05/02/2019 22.00,0.282,6.534
05/02/2019 22.00,05/02/2019 23.00,0.231,6.092
05/02/2019 23.00,06/02/2019 00.00,0.294,6.633
06/02/2019 00.00,06/02/2019 01.00,0.363,7.165
06/02/2019 01.00,06/02/2019 02.00,0.418,7.574
06/02/2019 02.00,06/02/2019 03.00,0.514,8.274
06/02/2019 03.00,06/02/2019 04.00,0.586,8.803
06/02/2019 04.00,06/02/2019 05.00,0.633,9.177
06/02/2019 05.00,06/02/2019 06.00,0.669,9.477
06/02/2019 06.00,06/02/2019 07.00,0.737,10.091
06/02/2019 07.00,06/02/2019 08.00,0.786,10.604
06/02/2019 08.00,06/02/2019 09.00,0.84,11.276
06/02/2019 09.00,06/02/2019 10.00,0.84,11.292
06/02/2019 10.00,06/02/2019 11.00,0.763,10.348
06/02/2019 11.00,06/02/2019 12.00,0.669,9.478
06/02/2019 12.00,06/02/2019 13.00,0.623,9.099
06/02/2019 13.00,06/02/2019 14.00,0.622,9.095
06/02/2019 14.00,06/02/2019 15.00,0.604,8.948
06/02/2019 15.00,06/02/2019 16.00,0.613,9.021
06/02/2019 16.00,06/02/2019 17.00,0.612,9.007
06/02/2019 17.00,06/02/2019 18.00,0.594,8.871
06/02/2019 18.00,06/02/2019 19.00,0.587,8.819
06/02/2019 19.00,06/02/2019 20.00,0.576,8.734
06/02/2019 20.00,06/02/2019 21.00,0.561,8.627
06/02/2019 21.00,06/02/2019 22.00,0.558,8.605
06/02/2019 22.00,06/02/2019 23.00,0.55,8.541
06/02/2019 23.00,07/02/2019 00.00,0.535,8.432
07/02/2019 00.00,07/02/2019 01.00,0.447,7.782
07/02/2019 01.00,07/02/2019 02.00,0.374,7.253
07/02/2019 02.00,07/02/2019 03.00,0.382,7.312
07/02/2019 03.00,07/02/2019 04.00,0.381,7.306
07/02/2019 04.00,07/02/2019 05.00,0.407,7.488
07/02/2019 05.00,07/02/2019 06.00,0.469,7.948
07/02/2019 06.00,07/02/2019 07.00,0.584,8.792
07/02/2019 07.00,07/02/2019 08.00,0.71,9.839
07/02/2019 08.00,07/02/2019 09.00,0.772,10.444
07/02/2019 09.00,07/02/2019 10.00,0.75,10.211
07/02/2019 10.00,07/02/2019 11.00,0.75,10.224
07/02/2019 11.00,07/02/2019 12.00,0.722,9.948
07/02/2019 12.00,07/02/2019 13.00,0.778,10.513
07/02/2019 13.00,07/02/2019 14.00,0.844,11.332
07/02/2019 14.00,07/02/2019 15.00,0.922,12.812
07/02/2019 15.00,07/02/2019 16.00,0.954,13.81
07/02/2019 16.00,07/02/2019 17.00,0.966,14.35
07/02/2019 17.00,07/02/2019 18.00,0.977,15.003
07/02/2019 18.00,07/02/2019 19.00,0.974,14.775
07/02/2019 19.00,07/02/2019 20.00,0.961,14.114
07/02/2019 20.00,07/02/2019 21.00,0.963,14.178
07/02/2019 21.00,07/02/2019 22.00,0.979,15.104
07/02/2019 22.00,07/02/2019 23.00,0.989,16.169
07/02/2019 23.00,08/02/2019 00.00,0.99,16.524
08/02/2019 00.00,08/02/2019 01.00,0.989,16.21
08/02/2019 01.00,08/02/2019 02.00,0.982,15.415
08/02/2019 02.00,08/02/2019 03.00,0.969,14.501
08/02/2019 03.00,08/02/2019 04.00,0.94,13.314
08/02/2019 04.00,08/02/2019 05.00,0.901,12.337
08/02/2019 05.00,08/02/2019 06.00,0.858,11.548
08/02/2019 06.00,08/02/2019 07.00,0.809,10.875
08/02/2019 07.00,08/02/2019 08.00,0.8,10.76
08/02/2019 08.00,08/02/2019 09.00,0.785,10.586
08/02/2019 09.00,08/02/2019 10.00,0.756,10.282
08/02/2019 10.00,08/02/2019 11.00,0.781,10.555
08/02/2019 11.00,08/02/2019 12.00,0.82,11.011
08/02/2019 12.00,08/02/2019 13.00,0.846,11.372
08/02/2019 13.00,08/02/2019 14.00,0.891,12.134
08/02/2019 14.00,08/02/2019 15.00,0.926,12.928
08/02/2019 15.00,08/02/2019 16.00,0.947,13.534
08/02/2019 16.00,08/02/2019 17.00,0.965,14.289
08/02/2019 17.00,08/02/2019 18.00,0.977,14.959
08/02/2019 18.00,08/02/2019 19.00,0.984,15.543
08/02/2019 19.00,08/02/2019 20.00,0.99,16.512
08/02/2019 20.00,08/02/2019 21.00,0.991,17.161
08/02/2019 21.00,08/02/2019 22.00,0.991,17.363
08/02/2019 22.00,08/02/2019 23.00,0.99,16.495
08/02/2019 23.00,09/02/2019 00.00,0.98,15.249
09/02/2019 00.00,09/02/2019 01.00,0.958,13.961
09/02/2019 01.00,09/02/2019 02.00,0.948,13.585
09/02/2019 02.00,09/02/2019 03.00,0.939,13.29
09/02/2019 03.00,09/02/2019 04.00,0.928,12.96
09/02/2019 04.00,09/02/2019 05.00,0.929,12.987
09/02/2019 05.00,09/02/2019 06.00,0.931,13.054
09/02/2019 06.00,09/02/2019 07.00,0.928,12.975
09/02/2019 07.00,09/02/2019 08.00,0.918,12.718
09/02/2019 08.00,09/02/2019 09.00,0.905,12.399
09/02/2019 09.00,09/02/2019 10.00,0.911,12.559
09/02/2019 10.00,09/02/2019 11.00,0.952,13.742
09/02/2019 11.00,09/02/2019 12.00,0.986,15.763
09/02/2019 12.00,09/02/2019 13.00,0.99,16.408
09/02/2019 13.00,09/02/2019 14.00,0.99,16.455
09/02/2019 14.00,09/02/2019 15.00,0.988,16.029
09/02/2019 15.00,09/02/2019 16.00,0.987,15.902
09/02/2019 16.00,09/02/2019 17.00,0.988,16.077
09/02/2019 17.00,09/02/2019 18.00,0.989,16.339
09/02/2019 18.00,09/02/2019 19.00,0.991,16.627
09/02/2019 19.00,09/02/2019 20.00,0.991,16.748
09/02/2019 20.00,09/02/2019 21.00,0.991,16.755
09/02/2019 21.00,09/02/2019 22.00,0.991,16.773
09/02/2019 22.00,09/02/2019 23.00,0.99,16.573
09/02/2019 23.00,10/02/2019 00.00,0.988,15.991
10/02/2019 00.00,10/02/2019 01.00,0.983,15.452
10/02/2019 01.00,10/02/2019 02.00,0.977,14.982
10/02/2019 02.00,10/02/2019 03.00,0.968,14.437
10/02/2019 03.00,10/02/2019 04.00,0.957,13.906
10/02/2019 04.00,10/02/2019 05.00,0.942,13.393
10/02/2019 05.00,10/02/2019 06.00,0.928,12.963
10/02/2019 06.00,10/02/2019 07.00,0.903,12.372
10/02/2019 07.00,10/02/2019 08.00,0.862,11.617
10/02/2019 08.00,10/02/2019 09.00,0.795,10.71
10/02/2019 09.00,10/02/2019 10.00,0.741,10.13
10/02/2019 10.00,10/02/2019 11.00,0.686,9.623
10/02/2019 11.00,10/02/2019 12.00,0.535,8.424
10/02/2019 12.00,10/02/2019 13.00,0.294,6.619
10/02/2019 13.00,10/02/2019 14.00,0.131,5.043
10/02/2019 14.00,10/02/2019 15.00,0.063,4.077
10/02/2019 15.00,10/02/2019 16.00,0.069,4.185
10/02/2019 16.00,10/02/2019 17.00,0.137,5.125
10/02/2019 17.00,10/02/2019 18.00,0.241,6.179
10/02/2019 18.00,10/02/2019 19.00,0.361,7.145
10/02/2019 19.00,10/02/2019 20.00,0.484,8.051
10/02/2019 20.00,10/02/2019 21.00,0.618,9.053
10/02/2019 21.00,10/02/2019 22.00,0.736,10.078
10/02/2019 22.00,10/02/2019 23.00,0.79,10.646
10/02/2019 23.00,11/02/2019 00.00,0.814,10.934
11/02/2019 00.00,11/02/2019 01.00,0.807,10.847
11/02/2019 01.00,11/02/2019 02.00,0.792,10.67
11/02/2019 02.00,11/02/2019 03.00,0.777,10.505
11/02/2019 03.00,11/02/2019 04.00,0.772,10.445
11/02/2019 04.00,11/02/2019 05.00,0.812,10.899
11/02/2019 05.00,11/02/2019 06.00,0.854,11.483
11/02/2019 06.00,11/02/2019 07.00,0.879,11.908
11/02/2019 07.00,11/02/2019 08.00,0.891,12.139
11/02/2019 08.00,11/02/2019 09.00,0.857,11.528
11/02/2019 09.00,11/02/2019 10.00,0.816,10.96
11/02/2019 10.00,11/02/2019 11.00,0.849,11.417
11/02/2019 11.00,11/02/2019 12.00,0.866,11.684
11/02/2019 12.00,11/02/2019 13.00,0.871,11.769
11/02/2019 13.00,11/02/2019 14.00,0.88,11.926
11/02/2019 14.00,11/02/2019 15.00,0.897,12.254
11/02/2019 15.00,11/02/2019 16.00,0.914,12.61
11/02/2019 16.00,11/02/2019 17.00,0.906,12.42
11/02/2019 17.00,11/02/2019 18.00,0.898,12.274
11/02/2019 18.00,11/02/2019 19.00,0.896,12.211
11/02/2019 19.00,11/02/2019 20.00,0.89,12.103
11/02/2019 20.00,11/02/2019 21.00,0.886,12.027
11/02/2019 21.00,11/02/2019 22.00,0.876,11.861
11/02/2019 22.00,11/02/2019 23.00,0.862,11.626
11/02/2019 23.00,12/02/2019 00.00,0.846,11.37
12/02/2019 00.00,12/02/2019 01.00,0.839,11.262
12/02/2019 01.00,12/02/2019 02.00,0.798,10.738
12/02/2019 02.00,12/02/2019 03.00,0.766,10.383
12/02/2019 03.00,12/02/2019 04.00,0.71,9.836
12/02/2019 04.00,12/02/2019 05.00,0.614,9.023
12/02/2019 05.00,12/02/2019 06.00,0.486,8.073
12/02/2019 06.00,12/02/2019 07.00,0.35,7.071
12/02/2019 07.00,12/02/2019 08.00,0.251,6.264
12/02/2019 08.00,12/02/2019 09.00,0.184,5.641
12/02/2019 09.00,12/02/2019 10.00,0.167,5.469
12/02/2019 10.00,12/02/2019 11.00,0.233,6.104
12/02/2019 11.00,12/02/2019 12.00,0.311,6.757
12/02/2019 12.00,12/02/2019 13.00,0.345,7.037
12/02/2019 13.00,12/02/2019 14.00,0.398,7.422
12/02/2019 14.00,12/02/2019 15.00,0.515,8.278
12/02/2019 15.00,12/02/2019 16.00,0.649,9.31
12/02/2019 16.00,12/02/2019 17.00,0.741,10.131
12/02/2019 17.00,12/02/2019 18.00,0.772,10.446
12/02/2019 18.00,12/02/2019 19.00,0.799,10.74
12/02/2019 19.00,12/02/2019 20.00,0.868,11.724
12/02/2019 20.00,12/02/2019 21.00,0.909,12.499
12/02/2019 21.00,12/02/2019 22.00,0.889,12.084
12/02/2019 22.00,12/02/2019 23.00,0.89,12.107
12/02/2019 23.00,13/02/2019 00.00,0.905,12.407
13/02/2019 00.00,13/02/2019 01.00,0.88,11.925
13/02/2019 01.00,13/02/2019 02.00,0.857,11.53
13/02/2019 02.00,13/02/2019 03.00,0.854,11.488
13/02/2019 03.00,13/02/2019 04.00,0.837,11.24
13/02/2019 04.00,13/02/2019 05.00,0.813,10.922
13/02/2019 05.00,13/02/2019 06.00,0.784,10.574
13/02/2019 06.00,13/02/2019 07.00,0.75,10.227
13/02/2019 07.00,13/02/2019 08.00,0.718,9.901
13/02/2019 08.00,13/02/2019 09.00,0.688,9.639
13/02/2019 09.00,13/02/2019 10.00,0.667,9.454
13/02/2019 10.00,13/02/2019 11.00,0.617,9.048
13/02/2019 11.00,13/02/2019 12.00,0.599,8.903
13/02/2019 12.00,13/02/2019 13.00,0.578,8.742
13/02/2019 13.00,13/02/2019 14.00,0.566,8.653
13/02/2019 14.00,13/02/2019 15.00,0.542,8.479
13/02/2019 15.00,13/02/2019 16.00,0.543,8.487
13/02/2019 16.00,13/02/2019 17.00,0.58,8.766
13/02/2019 17.00,13/02/2019 18.00,0.627,9.131
13/02/2019 18.00,13/02/2019 19.00,0.693,9.684
13/02/2019 19.00,13/02/2019 20.00,0.69,9.652
13/02/2019 20.00,13/02/2019 21.00,0.663,9.422
13/02/2019 21.00,13/02/2019 22.00,0.635,9.195
13/02/2019 22.00,13/02/2019 23.00,0.578,8.74
13/02/2019 23.00,14/02/2019 00.00,0.547,8.512
14/02/2019 00.00,14/02/2019 01.00,0.567,8.665
14/02/2019 01.00,14/02/2019 02.00,0.62,9.08
14/02/2019 02.00,14/02/2019 03.00,0.601,8.923
14/02/2019 03.00,14/02/2019 04.00,0.516,8.285
14/02/2019 04.00,14/02/2019 05.00,0.451,7.819
14/02/2019 05.00,14/02/2019 06.00,0.466,7.93
14/02/2019 06.00,14/02/2019 07.00,0.51,8.245
14/02/2019 07.00,14/02/2019 08.00,0.55,8.543
14/02/2019 08.00,14/02/2019 09.00,0.569,8.681
14/02/2019 09.00,14/02/2019 10.00,0.63,9.15
14/02/2019 10.00,14/02/2019 11.00,0.67,9.482
14/02/2019 11.00,14/02/2019 12.00,0.666,9.439
14/02/2019 12.00,14/02/2019 13.00,0.661,9.401
14/02/2019 13.00,14/02/2019 14.00,0.62,9.08
14/02/2019 14.00,14/02/2019 15.00,0.545,8.503
14/02/2019 15.00,14/02/2019 16.00,0.532,8.409
14/02/2019 16.00,14/02/2019 17.00,0.511,8.251
14/02/2019 17.00,14/02/2019 18.00,0.466,7.917
14/02/2019 18.00,14/02/2019 19.00,0.459,7.874
14/02/2019 19.00,14/02/2019 20.00,0.484,8.049
14/02/2019 20.00,14/02/2019 21.00,0.513,8.27
14/02/2019 21.00,14/02/2019 22.00,0.525,8.35
14/02/2019 22.00,14/02/2019 23.00,0.503,8.197
14/02/2019 23.00,15/02/2019 00.00,0.5,8.168
15/02/2019 00.00,15/02/2019 01.00,0.473,7.98
15/02/2019 01.00,15/02/2019 02.00,0.454,7.838
15/02/2019 02.00,15/02/2019 03.00,0.45,7.81
15/02/2019 03.00,15/02/2019 04.00,0.468,7.939
15/02/2019 04.00,15/02/2019 05.00,0.476,7.99
15/02/2019 05.00,15/02/2019 06.00,0.493,8.116
15/02/2019 06.00,15/02/2019 07.00,0.494,8.13
15/02/2019 07.00,15/02/2019 08.00,0.501,8.175
15/02/2019 08.00,15/02/2019 09.00,0.51,8.247
15/02/2019 09.00,15/02/2019 10.00,0.457,7.859
15/02/2019 10.00,15/02/2019 11.00,0.451,7.817
15/02/2019 11.00,15/02/2019 12.00,0.472,7.973
15/02/2019 12.00,15/02/2019 13.00,0.501,8.176
15/02/2019 13.00,15/02/2019 14.00,0.543,8.484
15/02/2019 14.00,15/02/2019 15.00,0.618,9.054
15/02/2019 15.00,15/02/2019 16.00,0.718,9.908
15/02/2019 16.00,15/02/2019 17.00,0.779,10.525
15/02/2019 17.00,15/02/2019 18.00,0.776,10.486
15/02/2019 18.00,15/02/2019 19.00,0.762,10.343
15/02/2019 19.00,15/02/2019 20.00,0.763,10.352
15/02/2019 20.00,15/02/2019 21.00,0.774,10.473
15/02/2019 21.00,15/02/2019 22.00,0.792,10.674
15/02/2019 22.00,15/02/2019 23.00,0.81,10.887
15/02/2019 23.00,16/02/2019 00.00,0.822,11.04
16/02/2019 00.00,16/02/2019 01.00,0.827,11.101
16/02/2019 01.00,16/02/2019 02.00,0.826,11.085
16/02/2019 02.00,16/02/2019 03.00,0.819,10.998
16/02/2019 03.00,16/02/2019 04.00,0.808,10.851
16/02/2019 04.00,16/02/2019 05.00,0.798,10.749
16/02/2019 05.00,16/02/2019 06.00,0.795,10.707
16/02/2019 06.00,16/02/2019 07.00,0.819,11.001
16/02/2019 07.00,16/02/2019 08.00,0.835,11.21
16/02/2019 08.00,16/02/2019 09.00,0.831,11.148
16/02/2019 09.00,16/02/2019 10.00,0.814,10.944
16/02/2019 10.00,16/02/2019 11.00,0.831,11.168
16/02/2019 11.00,16/02/2019 12.00,0.872,11.78
16/02/2019 12.00,16/02/2019 13.00,0.864,11.646
16/02/2019 13.00,16/02/2019 14.00,0.825,11.074
16/02/2019 14.00,16/02/2019 15.00,0.748,10.202
16/02/2019 15.00,16/02/2019 16.00,0.707,9.811
16/02/2019 16.00,16/02/2019 17.00,0.69,9.66
16/02/2019 17.00,16/02/2019 18.00,0.627,9.129
16/02/2019 18.00,16/02/2019 19.00,0.596,8.89
16/02/2019 19.00,16/02/2019 20.00,0.574,8.722
16/02/2019 20.00,16/02/2019 21.00,0.596,8.89
16/02/2019 21.00,16/02/2019 22.00,0.583,8.785
16/02/2019 22.00,16/02/2019 23.00,0.604,8.95
16/02/2019 23.00,17/02/2019 00.00,0.624,9.112
17/02/2019 00.00,17/02/2019 01.00,0.583,8.79
17/02/2019 01.00,17/02/2019 02.00,0.523,8.336
17/02/2019 02.00,17/02/2019 03.00,0.459,7.877
17/02/2019 03.00,17/02/2019 04.00,0.4,7.445
17/02/2019 04.00,17/02/2019 05.00,0.363,7.167
17/02/2019 05.00,17/02/2019 06.00,0.337,6.969
17/02/2019 06.00,17/02/2019 07.00,0.334,6.942
17/02/2019 07.00,17/02/2019 08.00,0.369,7.216
17/02/2019 08.00,17/02/2019 09.00,0.403,7.47
17/02/2019 09.00,17/02/2019 10.00,0.413,7.533
17/02/2019 10.00,17/02/2019 11.00,0.404,7.477
17/02/2019 11.00,17/02/2019 12.00,0.432,7.678
17/02/2019 12.00,17/02/2019 13.00,0.431,7.661
17/02/2019 13.00,17/02/2019 14.00,0.407,7.497
17/02/2019 14.00,17/02/2019 15.00,0.416,7.566
17/02/2019 15.00,17/02/2019 16.00,0.516,8.288
17/02/2019 16.00,17/02/2019 17.00,0.663,9.419
17/02/2019 17.00,17/02/2019 18.00,0.75,10.218
17/02/2019 18.00,17/02/2019 19.00,0.769,10.414
17/02/2019 19.00,17/02/2019 20.00,0.747,10.187
17/02/2019 20.00,17/02/2019 21.00,0.718,9.91
17/02/2019 21.00,17/02/2019 22.00,0.724,9.971
17/02/2019 22.00,17/02/2019 23.00,0.667,9.453
17/02/2019 23.00,18/02/2019 00.00,0.672,9.5
18/02/2019 00.00,18/02/2019 01.00,0.626,9.126
18/02/2019 01.00,18/02/2019 02.00,0.587,8.822
18/02/2019 02.00,18/02/2019 03.00,0.602,8.934
18/02/2019 03.00,18/02/2019 04.00,0.596,8.891
18/02/2019 04.00,18/02/2019 05.00,0.571,8.69
18/02/2019 05.00,18/02/2019 06.00,0.578,8.744
18/02/2019 06.00,18/02/2019 07.00,0.574,8.714
18/02/2019 07.00,18/02/2019 08.00,0.564,8.643
18/02/2019 08.00,18/02/2019 09.00,0.547,8.513
18/02/2019 09.00,18/02/2019 10.00,0.557,8.591
18/02/2019 10.00,18/02/2019 11.00,0.627,9.129
18/02/2019 11.00,18/02/2019 12.00,0.739,10.112
18/02/2019 12.00,18/02/2019 13.00,0.759,10.31
18/02/2019 13.00,18/02/2019 14.00,0.73,10.021
18/02/2019 14.00,18/02/2019 15.00,0.684,9.605
18/02/2019 15.00,18/02/2019 16.00,0.682,9.581
18/02/2019 16.00,18/02/2019 17.00,0.697,9.71
18/02/2019 17.00,18/02/2019 18.00,0.7,9.745
18/02/2019 18.00,18/02/2019 19.00,0.686,9.627
18/02/2019 19.00,18/02/2019 20.00,0.683,9.598
18/02/2019 20.00,18/02/2019 21.00,0.678,9.554
18/02/2019 21.00,18/02/2019 22.00,0.693,9.684
18/02/2019 22.00,18/02/2019 23.00,0.711,9.848
18/02/2019 23.00,19/02/2019 00.00,0.77,10.425
19/02/2019 00.00,19/02/2019 01.00,0.812,10.906
19/02/2019 01.00,19/02/2019 02.00,0.824,11.067
19/02/2019 02.00,19/02/2019 03.00,0.804,10.818
19/02/2019 03.00,19/02/2019 04.00,0.765,10.371
19/02/2019 04.00,19/02/2019 05.00,0.774,10.474
19/02/2019 05.00,19/02/2019 06.00,0.821,11.027
19/02/2019 06.00,19/02/2019 07.00,0.824,11.066
19/02/2019 07.00,19/02/2019 08.00,0.788,10.622
19/02/2019 08.00,19/02/2019 09.00,0.771,10.434
19/02/2019 09.00,19/02/2019 10.00,0.808,10.85
19/02/2019 10.00,19/02/2019 11.00,0.863,11.63
19/02/2019 11.00,19/02/2019 12.00,0.9,12.304
19/02/2019 12.00,19/02/2019 13.00,0.925,12.881
19/02/2019 13.00,19/02/2019 14.00,0.939,13.293
19/02/2019 14.00,19/02/2019 15.00,0.937,13.224
19/02/2019 15.00,19/02/2019 16.00,0.932,13.092
19/02/2019 16.00,19/02/2019 17.00,0.928,12.963
19/02/2019 17.00,19/02/2019 18.00,0.918,12.708
19/02/2019 18.00,19/02/2019 19.00,0.909,12.488
19/02/2019 19.00,19/02/2019 20.00,0.889,12.089
19/02/2019 20.00,19/02/2019 21.00,0.871,11.765
19/02/2019 21.00,19/02/2019 22.00,0.861,11.594
19/02/2019 22.00,19/02/2019 23.00,0.857,11.529
19/02/2019 23.00,20/02/2019 00.00,0.845,11.357
20/02/2019 00.00,20/02/2019 01.00,0.837,11.237
20/02/2019 01.00,20/02/2019 02.00,0.812,10.911
20/02/2019 02.00,20/02/2019 03.00,0.799,10.746
20/02/2019 03.00,20/02/2019 04.00,0.774,10.477
20/02/2019 04.00,20/02/2019 05.00,0.719,9.915
20/02/2019 05.00,20/02/2019 06.00,0.62,9.074
20/02/2019 06.00,20/02/2019 07.00,0.556,8.584
20/02/2019 07.00,20/02/2019 08.00,0.491,8.1
20/02/2019 08.00,20/02/2019 09.00,0.406,7.485
20/02/2019 09.00,20/02/2019 10.00,0.367,7.191
20/02/2019 10.00,20/02/2019 11.00,0.411,7.523
20/02/2019 11.00,20/02/2019 12.00,0.483,8.044
20/02/2019 12.00,20/02/2019 13.00,0.523,8.34
20/02/2019 13.00,20/02/2019 14.00,0.511,8.252
20/02/2019 14.00,20/02/2019 15.00,0.447,7.791
20/02/2019 15.00,20/02/2019 16.00,0.383,7.322
20/02/2019 16.00,20/02/2019 17.00,0.386,7.33
20/02/2019 17.00,20/02/2019 18.00,0.421,7.596
20/02/2019 18.00,20/02/2019 19.00,0.469,7.951
20/02/2019 19.00,20/02/2019 20.00,0.512,8.256
20/02/2019 20.00,20/02/2019 21.00,0.554,8.564
20/02/2019 21.00,20/02/2019 22.00,0.601,8.924
20/02/2019 22.00,20/02/2019 23.00,0.648,9.3
20/02/2019 23.00,21/02/2019 00.00,0.692,9.667
21/02/2019 00.00,21/02/2019 01.00,0.731,10.035
21/02/2019 01.00,21/02/2019 02.00,0.729,10.02
21/02/2019 02.00,21/02/2019 03.00,0.724,9.961
21/02/2019 03.00,21/02/2019 04.00,0.723,9.955
21/02/2019 04.00,21/02/2019 05.00,0.773,10.467
21/02/2019 05.00,21/02/2019 06.00,0.781,10.546
21/02/2019 06.00,21/02/2019 07.00,0.772,10.453
21/02/2019 07.00,21/02/2019 08.00,0.769,10.413
21/02/2019 08.00,21/02/2019 09.00,0.748,10.201
21/02/2019 09.00,21/02/2019 10.00,0.715,9.881
21/02/2019 10.00,21/02/2019 11.00,0.67,9.481
21/02/2019 11.00,21/02/2019 12.00,0.615,9.029
21/02/2019 12.00,21/02/2019 13.00,0.526,8.367
21/02/2019 13.00,21/02/2019 14.00,0.436,7.71
21/02/2019 14.00,21/02/2019 15.00,0.367,7.19
21/02/2019 15.00,21/02/2019 16.00,0.341,7.002
21/02/2019 16.00,21/02/2019 17.00,0.293,6.615
21/02/2019 17.00,21/02/2019 18.00,0.265,6.393
21/02/2019 18.00,21/02/2019 19.00,0.274,6.464
21/02/2019 19.00,21/02/2019 20.00,0.292,6.612
21/02/2019 20.00,21/02/2019 21.00,0.323,6.862
21/02/2019 21.00,21/02/2019 22.00,0.355,7.106
21/02/2019 22.00,21/02/2019 23.00,0.376,7.265
21/02/2019 23.00,22/02/2019 00.00,0.372,7.233
22/02/2019 00.00,22/02/2019 01.00,0.341,6.998
22/02/2019 01.00,22/02/2019 02.00,0.325,6.869
22/02/2019 02.00,22/02/2019 03.00,0.337,6.973
22/02/2019 03.00,22/02/2019 04.00,0.407,7.5
22/02/2019 04.00,22/02/2019 05.00,0.463,7.898
22/02/2019 05.00,22/02/2019 06.00,0.494,8.123
22/02/2019 06.00,22/02/2019 07.00,0.501,8.179
22/02/2019 07.00,22/02/2019 08.00,0.497,8.148
22/02/2019 08.00,22/02/2019 09.00,0.599,8.904
22/02/2019 09.00,22/02/2019 10.00,0.618,9.054
22/02/2019 10.00,22/02/2019 11.00,0.586,8.807
22/02/2019 11.00,22/02/2019 12.00,0.56,8.613
22/02/2019 12.00,22/02/2019 13.00,0.531,8.396
22/02/2019 13.00,22/02/2019 14.00,0.469,7.952
22/02/2019 14.00,22/02/2019 15.00,0.417,7.572
22/02/2019 15.00,22/02/2019 16.00,0.398,7.423
22/02/2019 16.00,22/02/2019 17.00,0.425,7.631
22/02/2019 17.00,22/02/2019 18.00,0.413,7.535
22/02/2019 18.00,22/02/2019 19.00,0.416,7.567
22/02/2019 19.00,22/02/2019 20.00,0.502,8.191
22/02/2019 20.00,22/02/2019 21.00,0.557,8.592
22/02/2019 21.00,22/02/2019 22.00,0.549,8.525
22/02/2019 22.00,22/02/2019 23.00,0.487,8.074
22/02/2019 23.00,23/02/2019 00.00,0.491,8.109
23/02/2019 00.00,23/02/2019 01.00,0.532,8.398
23/02/2019 01.00,23/02/2019 02.00,0.476,7.998
23/02/2019 02.00,23/02/2019 03.00,0.483,8.046
23/02/2019 03.00,23/02/2019 04.00,0.516,8.281
23/02/2019 04.00,23/02/2019 05.00,0.49,8.097
23/02/2019 05.00,23/02/2019 06.00,0.462,7.893
23/02/2019 06.00,23/02/2019 07.00,0.484,8.058
23/02/2019 07.00,23/02/2019 08.00,0.496,8.141
23/02/2019 08.00,23/02/2019 09.00,0.468,7.944
23/02/2019 09.00,23/02/2019 10.00,0.457,7.856
23/02/2019 10.00,23/02/2019 11.00,0.457,7.851
23/02/2019 11.00,23/02/2019 12.00,0.432,7.68
23/02/2019 12.00,23/02/2019 13.00,0.395,7.4
23/02/2019 13.00,23/02/2019 14.00,0.364,7.173
23/02/2019 14.00,23/02/2019 15.00,0.333,6.934
23/02/2019 15.00,23/02/2019 16.00,0.347,7.052
23/02/2019 16.00,23/02/2019 17.00,0.464,7.908
23/02/2019 17.00,23/02/2019 18.00,0.574,8.723
23/02/2019 18.00,23/02/2019 19.00,0.63,9.153
23/02/2019 19.00,23/02/2019 20.00,0.644,9.258
23/02/2019 20.00,23/02/2019 21.00,0.644,9.273
23/02/2019 21.00,23/02/2019 22.00,0.644,9.272
23/02/2019 22.00,23/02/2019 23.00,0.647,9.293
23/02/2019 23.00,24/02/2019 00.00,0.655,9.36
24/02/2019 00.00,24/02/2019 01.00,0.668,9.459
24/02/2019 01.00,24/02/2019 02.00,0.677,9.545
24/02/2019 02.00,24/02/2019 03.00,0.682,9.583
24/02/2019 03.00,24/02/2019 04.00,0.69,9.658
24/02/2019 04.00,24/02/2019 05.00,0.692,9.68
24/02/2019 05.00,24/02/2019 06.00,0.69,9.65
24/02/2019 06.00,24/02/2019 07.00,0.664,9.432
24/02/2019 07.00,24/02/2019 08.00,0.556,8.577
24/02/2019 08.00,24/02/2019 09.00,0.425,7.627
24/02/2019 09.00,24/02/2019 10.00,0.382,7.313
24/02/2019 10.00,24/02/2019 11.00,0.368,7.211
24/02/2019 11.00,24/02/2019 12.00,0.32,6.84
24/02/2019 12.00,24/02/2019 13.00,0.295,6.641
24/02/2019 13.00,24/02/2019 14.00,0.314,6.792
24/02/2019 14.00,24/02/2019 15.00,0.337,6.973
24/02/2019 15.00,24/02/2019 16.00,0.328,6.895
24/02/2019 16.00,24/02/2019 17.00,0.31,6.754
24/02/2019 17.00,24/02/2019 18.00,0.312,6.773
24/02/2019 18.00,24/02/2019 19.00,0.309,6.747
24/02/2019 19.00,24/02/2019 20.00,0.313,6.787
24/02/2019 20.00,24/02/2019 21.00,0.312,6.778
24/02/2019 21.00,24/02/2019 22.00,0.302,6.692
24/02/2019 22.00,24/02/2019 23.00,0.302,6.697
24/02/2019 23.00,25/02/2019 00.00,0.311,6.758
25/02/2019 00.00,25/02/2019 01.00,0.32,6.832
25/02/2019 01.00,25/02/2019 02.00,0.337,6.975
25/02/2019 02.00,25/02/2019 03.00,0.341,6.997
25/02/2019 03.00,25/02/2019 04.00,0.355,7.098
25/02/2019 04.00,25/02/2019 05.00,0.358,7.125
25/02/2019 05.00,25/02/2019 06.00,0.334,6.942
25/02/2019 06.00,25/02/2019 07.00,0.307,6.729
25/02/2019 07.00,25/02/2019 08.00,0.297,6.652
25/02/2019 08.00,25/02/2019 09.00,0.321,6.842
25/02/2019 09.00,25/02/2019 10.00,0.352,7.085
25/02/2019 10.00,25/02/2019 11.00,0.388,7.352
25/02/2019 11.00,25/02/2019 12.00,0.435,7.704
25/02/2019 12.00,25/02/2019 13.00,0.488,8.089
25/02/2019 13.00,25/02/2019 14.00,0.523,8.337
25/02/2019 14.00,25/02/2019 15.00,0.544,8.495
25/02/2019 15.00,25/02/2019 16.00,0.548,8.524
25/02/2019 16.00,25/02/2019 17.00,0.567,8.663
25/02/2019 17.00,25/02/2019 18.00,0.578,8.746
25/02/2019 18.00,25/02/2019 19.00,0.528,8.377
25/02/2019 19.00,25/02/2019 20.00,0.484,8.061
25/02/2019 20.00,25/02/2019 21.00,0.45,7.811
25/02/2019 21.00,25/02/2019 22.00,0.379,7.291
25/02/2019 22.00,25/02/2019 23.00,0.334,6.941
25/02/2019 23.00,26/02/2019 00.00,0.292,6.613
26/02/2019 00.00,26/02/2019 01.00,0.254,6.295
26/02/2019 01.00,26/02/2019 02.00,0.209,5.887
26/02/2019 02.00,26/02/2019 03.00,0.194,5.745
26/02/2019 03.00,26/02/2019 04.00,0.199,5.782
26/02/2019 04.00,26/02/2019 05.00,0.196,5.767
26/02/2019 05.00,26/02/2019 06.00,0.208,5.881
26/02/2019 06.00,26/02/2019 07.00,0.226,6.045
26/02/2019 07.00,26/02/2019 08.00,0.239,6.163
26/02/2019 08.00,26/02/2019 09.00,0.245,6.218
26/02/2019 09.00,26/02/2019 10.00,0.251,6.27
26/02/2019 10.00,26/02/2019 11.00,0.264,6.384
26/02/2019 11.00,26/02/2019 12.00,0.291,6.607
26/02/2019 12.00,26/02/2019 13.00,0.313,6.783
26/02/2019 13.00,26/02/2019 14.00,0.328,6.892
26/02/2019 14.00,26/02/2019 15.00,0.316,6.811
26/02/2019 15.00,26/02/2019 16.00,0.348,7.054
26/02/2019 16.00,26/02/2019 17.00,0.436,7.713
26/02/2019 17.00,26/02/2019 18.00,0.496,8.144
26/02/2019 18.00,26/02/2019 19.00,0.489,8.093
26/02/2019 19.00,26/02/2019 20.00,0.446,7.778
26/02/2019 20.00,26/02/2019 21.00,0.416,7.562
26/02/2019 21.00,26/02/2019 22.00,0.423,7.613
26/02/2019 22.00,26/02/2019 23.00,0.422,7.607
26/02/2019 23.00,27/02/2019 00.00,0.422,7.6
27/02/2019 00.00,27/02/2019 01.00,0.43,7.657
27/02/2019 01.00,27/02/2019 02.00,0.45,7.81
27/02/2019 02.00,27/02/2019 03.00,0.454,7.835
27/02/2019 03.00,27/02/2019 04.00,0.46,7.883
27/02/2019 04.00,27/02/2019 05.00,0.467,7.934
27/02/2019 05.00,27/02/2019 06.00,0.463,7.899
27/02/2019 06.00,27/02/2019 07.00,0.457,7.853
27/02/2019 07.00,27/02/2019 08.00,0.449,7.805
27/02/2019 08.00,27/02/2019 09.00,0.402,7.464
27/02/2019 09.00,27/02/2019 10.00,0.412,7.529
27/02/2019 10.00,27/02/2019 11.00,0.466,7.917
27/02/2019 11.00,27/02/2019 12.00,0.518,8.299
27/02/2019 12.00,27/02/2019 13.00,0.556,8.589
27/02/2019 13.00,27/02/2019 14.00,0.598,8.896
27/02/2019 14.00,27/02/2019 15.00,0.615,9.029
27/02/2019 15.00,27/02/2019 16.00,0.629,9.146
27/02/2019 16.00,27/02/2019 17.00,0.646,9.285
27/02/2019 17.00,27/02/2019 18.00,0.639,9.228
27/02/2019 18.00,27/02/2019 19.00,0.61,8.992
27/02/2019 19.00,27/02/2019 20.00,0.607,8.976
27/02/2019 20.00,27/02/2019 21.00,0.593,8.867
27/02/2019 21.00,27/02/2019 22.00,0.583,8.784
27/02/2019 22.00,27/02/2019 23.00,0.589,8.828
27/02/2019 23.00,28/02/2019 00.00,0.617,9.048
28/02/2019 00.00,28/02/2019 01.00,0.667,9.456
28/02/2019 01.00,28/02/2019 02.00,0.728,10.009
28/02/2019 02.00,28/02/2019 03.00,0.752,10.238
28/02/2019 03.00,28/02/2019 04.00,0.73,10.022
28/02/2019 04.00,28/02/2019 05.00,0.766,10.384
28/02/2019 05.00,28/02/2019 06.00,0.729,10.018
28/02/2019 06.00,28/02/2019 07.00,0.651,9.328
28/02/2019 07.00,28/02/2019 08.00,0.544,8.492
28/02/2019 08.00,28/02/2019 09.00,0.441,7.74
28/02/2019 09.00,28/02/2019 10.00,0.326,6.884
28/02/2019 10.00,28/02/2019 11.00,0.179,5.578
28/02/2019 11.00,28/02/2019 12.00,0.072,4.225
28/02/2019 12.00,28/02/2019 13.00,0.039,3.588
28/02/2019 13.00,28/02/2019 14.00,0.046,3.742
28/02/2019 14.00,28/02/2019 15.00,0.061,4.042
28/02/2019 15.00,28/02/2019 16.00,0.099,4.631
28/02/2019 16.00,28/02/2019 17.00,0.138,5.14
28/02/2019 17.00,28/02/2019 18.00,0.134,5.089
28/02/2019 18.00,28/02/2019 19.00,0.112,4.818
28/02/2019 19.00,28/02/2019 20.00,0.09,4.503
28/02/2019 20.00,28/02/2019 21.00,0.068,4.168
28/02/2019 21.00,28/02/2019 22.00,0.062,4.055
28/02/2019 22.00,28/02/2019 23.00,0.072,4.228
28/02/2019 23.00,01/03/2019 00.00,0.093,4.549
01/03/2019 00.00,01/03/2019 01.00,0.119,4.903
01/03/2019 01.00,01/03/2019 02.00,0.143,5.192
01/03/2019 02.00,01/03/2019 03.00,0.151,5.281
01/03/2019 03.00,01/03/2019 04.00,0.134,5.087
01/03/2019 04.00,01/03/2019 05.00,0.104,4.706
01/03/2019 05.00,01/03/2019 06.00,0.084,4.414
01/03/2019 06.00,01/03/2019 07.00,0.08,4.356
01/03/2019 07.00,01/03/2019 08.00,0.122,4.94
01/03/2019 08.00,01/03/2019 09.00,0.194,5.743
01/03/2019 09.00,01/03/2019 10.00,0.259,6.333
01/03/2019 10.00,01/03/2019 11.00,0.307,6.73
01/03/2019 11.00,01/03/2019 12.00,0.334,6.938
01/03/2019 12.00,01/03/2019 13.00,0.319,6.826
01/03/2019 13.00,01/03/2019 14.00,0.278,6.49
01/03/2019 14.00,01/03/2019 15.00,0.22,5.98
01/03/2019 15.00,01/03/2019 16.00,0.183,5.63
01/03/2019 16.00,01/03/2019 17.00,0.196,5.764
01/03/2019 17.00,01/03/2019 18.00,0.201,5.81
01/03/2019 18.00,01/03/2019 19.00,0.182,5.623
01/03/2019 19.00,01/03/2019 20.00,0.153,5.302
01/03/2019 20.00,01/03/2019 21.00,0.122,4.944
01/03/2019 21.00,01/03/2019 22.00,0.105,4.726
01/03/2019 22.00,01/03/2019 23.00,0.115,4.85
01/03/2019 23.00,02/03/2019 00.00,0.137,5.122
02/03/2019 00.00,02/03/2019 01.00,0.165,5.44
02/03/2019 01.00,02/03/2019 02.00,0.205,5.85
02/03/2019 02.00,02/03/2019 03.00,0.237,6.149
02/03/2019 03.00,02/03/2019 04.00,0.248,6.231
02/03/2019 04.00,02/03/2019 05.00,0.263,6.368
02/03/2019 05.00,02/03/2019 06.00,0.304,6.707
02/03/2019 06.00,02/03/2019 07.00,0.326,6.882
02/03/2019 07.00,02/03/2019 08.00,0.305,6.722
02/03/2019 08.00,02/03/2019 09.00,0.303,6.703
02/03/2019 09.00,02/03/2019 10.00,0.413,7.543
02/03/2019 10.00,02/03/2019 11.00,0.504,8.203
02/03/2019 11.00,02/03/2019 12.00,0.567,8.664
02/03/2019 12.00,02/03/2019 13.00,0.578,8.753
02/03/2019 13.00,02/03/2019 14.00,0.556,8.582
02/03/2019 14.00,02/03/2019 15.00,0.566,8.654
02/03/2019 15.00,02/03/2019 16.00,0.645,9.274
02/03/2019 16.00,02/03/2019 17.00,0.757,10.298
02/03/2019 17.00,02/03/2019 18.00,0.824,11.062
02/03/2019 18.00,02/03/2019 19.00,0.835,11.214
02/03/2019 19.00,02/03/2019 20.00,0.82,11.013
02/03/2019 20.00,02/03/2019 21.00,0.839,11.259
02/03/2019 21.00,02/03/2019 22.00,0.886,12.037
02/03/2019 22.00,02/03/2019 23.00,0.892,12.142
02/03/2019 23.00,03/03/2019 00.00,0.875,11.836
03/03/2019 00.00,03/03/2019 01.00,0.866,11.668
03/03/2019 01.00,03/03/2019 02.00,0.874,11.823
03/03/2019 02.00,03/03/2019 03.00,0.883,11.977
03/03/2019 03.00,03/03/2019 04.00,0.921,12.797
03/03/2019 04.00,03/03/2019 05.00,0.942,13.387
03/03/2019 05.00,03/03/2019 06.00,0.903,12.363
03/03/2019 06.00,03/03/2019 07.00,0.898,12.262
03/03/2019 07.00,03/03/2019 08.00,0.888,12.066
03/03/2019 08.00,03/03/2019 09.00,0.899,12.28
03/03/2019 09.00,03/03/2019 10.00,0.931,13.047
03/03/2019 10.00,03/03/2019 11.00,0.947,13.558
03/03/2019 11.00,03/03/2019 12.00,0.942,13.379
03/03/2019 12.00,03/03/2019 13.00,0.927,12.944
03/03/2019 13.00,03/03/2019 14.00,0.905,12.405
03/03/2019 14.00,03/03/2019 15.00,0.856,11.509
03/03/2019 15.00,03/03/2019 16.00,0.772,10.44
03/03/2019 16.00,03/03/2019 17.00,0.689,9.645
03/03/2019 17.00,03/03/2019 18.00,0.646,9.29
03/03/2019 18.00,03/03/2019 19.00,0.613,9.013
03/03/2019 19.00,03/03/2019 20.00,0.582,8.776
03/03/2019 20.00,03/03/2019 21.00,0.568,8.667
03/03/2019 21.00,03/03/2019 22.00,0.506,8.221
03/03/2019 22.00,03/03/2019 23.00,0.395,7.408
03/03/2019 23.00,04/03/2019 00.00,0.335,6.955
04/03/2019 00.00,04/03/2019 01.00,0.426,7.632
04/03/2019 01.00,04/03/2019 02.00,0.567,8.665
04/03/2019 02.00,04/03/2019 03.00,0.653,9.339
04/03/2019 03.00,04/03/2019 04.00,0.786,10.601
04/03/2019 04.00,04/03/2019 05.00,0.86,11.582
04/03/2019 05.00,04/03/2019 06.00,0.844,11.329
04/03/2019 06.00,04/03/2019 07.00,0.794,10.699
04/03/2019 07.00,04/03/2019 08.00,0.8,10.76
04/03/2019 08.00,04/03/2019 09.00,0.848,11.398
04/03/2019 09.00,04/03/2019 10.00,0.888,12.079
04/03/2019 10.00,04/03/2019 11.00,0.89,12.116
04/03/2019 11.00,04/03/2019 12.00,0.865,11.666
04/03/2019 12.00,04/03/2019 13.00,0.827,11.108
04/03/2019 13.00,04/03/2019 14.00,0.73,10.021
04/03/2019 14.00,04/03/2019 15.00,0.547,8.517
04/03/2019 15.00,04/03/2019 16.00,0.277,6.483
04/03/2019 16.00,04/03/2019 17.00,0.154,5.312
04/03/2019 17.00,04/03/2019 18.00,0.171,5.505
04/03/2019 18.00,04/03/2019 19.00,0.334,6.944
04/03/2019 19.00,04/03/2019 20.00,0.513,8.261
04/03/2019 20.00,04/03/2019 21.00,0.601,8.923
04/03/2019 21.00,04/03/2019 22.00,0.629,9.143
04/03/2019 22.00,04/03/2019 23.00,0.648,9.305
04/03/2019 23.00,05/03/2019 00.00,0.645,9.274
05/03/2019 00.00,05/03/2019 01.00,0.63,9.15
05/03/2019 01.00,05/03/2019 02.00,0.571,8.7
05/03/2019 02.00,05/03/2019 03.00,0.448,7.794
05/03/2019 03.00,05/03/2019 04.00,0.338,6.979
05/03/2019 04.00,05/03/2019 05.00,0.28,6.517
05/03/2019 05.00,05/03/2019 06.00,0.25,6.254
05/03/2019 06.00,05/03/2019 07.00,0.211,5.908
05/03/2019 07.00,05/03/2019 08.00,0.186,5.659
05/03/2019 08.00,05/03/2019 09.00,0.169,5.485
05/03/2019 09.00,05/03/2019 10.00,0.171,5.502
05/03/2019 10.00,05/03/2019 11.00,0.209,5.887
05/03/2019 11.00,05/03/2019 12.00,0.308,6.732
05/03/2019 12.00,05/03/2019 13.00,0.379,7.285
05/03/2019 13.00,05/03/2019 14.00,0.364,7.172
05/03/2019 14.00,05/03/2019 15.00,0.318,6.823
05/03/2019 15.00,05/03/2019 16.00,0.272,6.447
05/03/2019 16.00,05/03/2019 17.00,0.233,6.103
05/03/2019 17.00,05/03/2019 18.00,0.195,5.75
05/03/2019 18.00,05/03/2019 19.00,0.23,6.079
05/03/2019 19.00,05/03/2019 20.00,0.27,6.431
05/03/2019 20.00,05/03/2019 21.00,0.328,6.89
05/03/2019 21.00,05/03/2019 22.00,0.34,6.986
05/03/2019 22.00,05/03/2019 23.00,0.343,7.021
05/03/2019 23.00,06/03/2019 00.00,0.354,7.095
06/03/2019 00.00,06/03/2019 01.00,0.38,7.295
06/03/2019 01.00,06/03/2019 02.00,0.419,7.577
06/03/2019 02.00,06/03/2019 03.00,0.459,7.878
06/03/2019 03.00,06/03/2019 04.00,0.513,8.261
06/03/2019 04.00,06/03/2019 05.00,0.547,8.515
06/03/2019 05.00,06/03/2019 06.00,0.583,8.788
06/03/2019 06.00,06/03/2019 07.00,0.638,9.217
06/03/2019 07.00,06/03/2019 08.00,0.625,9.115
06/03/2019 08.00,06/03/2019 09.00,0.615,9.04
06/03/2019 09.00,06/03/2019 10.00,0.651,9.327
06/03/2019 10.00,06/03/2019 11.00,0.69,9.654
06/03/2019 11.00,06/03/2019 12.00,0.72,9.928
06/03/2019 12.00,06/03/2019 13.00,0.788,10.63
06/03/2019 13.00,06/03/2019 14.00,0.823,11.052
06/03/2019 14.00,06/03/2019 15.00,0.846,11.374
06/03/2019 15.00,06/03/2019 16.00,0.869,11.734
06/03/2019 16.00,06/03/2019 17.00,0.883,11.975
06/03/2019 17.00,06/03/2019 18.00,0.884,11.989
06/03/2019 18.00,06/03/2019 19.00,0.876,11.861
06/03/2019 19.00,06/03/2019 20.00,0.87,11.744
06/03/2019 20.00,06/03/2019 21.00,0.84,11.291
06/03/2019 21.00,06/03/2019 22.00,0.811,10.887
06/03/2019 22.00,06/03/2019 23.00,0.756,10.278
06/03/2019 23.00,07/03/2019 00.00,0.729,10.019
07/03/2019 00.00,07/03/2019 01.00,0.724,9.959
07/03/2019 01.00,07/03/2019 02.00,0.722,9.945
07/03/2019 02.00,07/03/2019 03.00,0.67,9.484
07/03/2019 03.00,07/03/2019 04.00,0.618,9.049
07/03/2019 04.00,07/03/2019 05.00,0.592,8.858
07/03/2019 05.00,07/03/2019 06.00,0.602,8.936
07/03/2019 06.00,07/03/2019 07.00,0.618,9.057
07/03/2019 07.00,07/03/2019 08.00,0.505,8.21
07/03/2019 08.00,07/03/2019 09.00,0.484,8.056
07/03/2019 09.00,07/03/2019 10.00,0.556,8.574
07/03/2019 10.00,07/03/2019 11.00,0.642,9.246
07/03/2019 11.00,07/03/2019 12.00,0.657,9.376
07/03/2019 12.00,07/03/2019 13.00,0.613,9.019
07/03/2019 13.00,07/03/2019 14.00,0.586,8.808
07/03/2019 14.00,07/03/2019 15.00,0.791,10.665
07/03/2019 15.00,07/03/2019 16.00,0.907,12.453
07/03/2019 16.00,07/03/2019 17.00,0.937,13.234
07/03/2019 17.00,07/03/2019 18.00,0.949,13.636
07/03/2019 18.00,07/03/2019 19.00,0.943,13.401
07/03/2019 19.00,07/03/2019 20.00,0.935,13.17
07/03/2019 20.00,07/03/2019 21.00,0.92,12.764
07/03/2019 21.00,07/03/2019 22.00,0.897,12.257
07/03/2019 22.00,07/03/2019 23.00,0.873,11.809
07/03/2019 23.00,08/03/2019 00.00,0.82,11.019
08/03/2019 00.00,08/03/2019 01.00,0.692,9.669
08/03/2019 01.00,08/03/2019 02.00,0.601,8.924
08/03/2019 02.00,08/03/2019 03.00,0.564,8.643
08/03/2019 03.00,08/03/2019 04.00,0.588,8.824
08/03/2019 04.00,08/03/2019 05.00,0.786,10.601
08/03/2019 05.00,08/03/2019 06.00,0.953,13.781
08/03/2019 06.00,08/03/2019 07.00,0.991,16.804
08/03/2019 07.00,08/03/2019 08.00,0.977,19.026
08/03/2019 08.00,08/03/2019 09.00,0.97,19.366
08/03/2019 09.00,08/03/2019 10.00,0.977,19.018
08/03/2019 10.00,08/03/2019 11.00,0.983,18.557
08/03/2019 11.00,08/03/2019 12.00,0.99,17.63
08/03/2019 12.00,08/03/2019 13.00,0.99,16.442
08/03/2019 13.00,08/03/2019 14.00,0.985,15.687
08/03/2019 14.00,08/03/2019 15.00,0.978,15.037
08/03/2019 15.00,08/03/2019 16.00,0.956,13.885
08/03/2019 16.00,08/03/2019 17.00,0.896,12.209
08/03/2019 17.00,08/03/2019 18.00,0.827,11.109
08/03/2019 18.00,08/03/2019 19.00,0.82,11.015
08/03/2019 19.00,08/03/2019 20.00,0.775,10.484
08/03/2019 20.00,08/03/2019 21.00,0.73,10.026
08/03/2019 21.00,08/03/2019 22.00,0.714,9.871
08/03/2019 22.00,08/03/2019 23.00,0.758,10.3
08/03/2019 23.00,09/03/2019 00.00,0.759,10.317
09/03/2019 00.00,09/03/2019 01.00,0.786,10.605
09/03/2019 01.00,09/03/2019 02.00,0.777,10.495
09/03/2019 02.00,09/03/2019 03.00,0.782,10.565
09/03/2019 03.00,09/03/2019 04.00,0.833,11.194
09/03/2019 04.00,09/03/2019 05.00,0.852,11.467
09/03/2019 05.00,09/03/2019 06.00,0.833,11.183
09/03/2019 06.00,09/03/2019 07.00,0.884,11.999
09/03/2019 07.00,09/03/2019 08.00,0.975,14.824
09/03/2019 08.00,09/03/2019 09.00,0.991,16.701
09/03/2019 09.00,09/03/2019 10.00,0.991,17.577
09/03/2019 10.00,09/03/2019 11.00,0.99,17.772
09/03/2019 11.00,09/03/2019 12.00,0.99,17.714
09/03/2019 12.00,09/03/2019 13.00,0.989,17.949
09/03/2019 13.00,09/03/2019 14.00,0.99,17.656
09/03/2019 14.00,09/03/2019 15.00,0.991,17.018
09/03/2019 15.00,09/03/2019 16.00,0.99,16.47
09/03/2019 16.00,09/03/2019 17.00,0.989,16.185
09/03/2019 17.00,09/03/2019 18.00,0.989,16.275
09/03/2019 18.00,09/03/2019 19.00,0.991,16.591
09/03/2019 19.00,09/03/2019 20.00,0.991,16.907
09/03/2019 20.00,09/03/2019 21.00,0.991,17.179
09/03/2019 21.00,09/03/2019 22.00,0.991,17.087
09/03/2019 22.00,09/03/2019 23.00,0.989,16.277
09/03/2019 23.00,10/03/2019 00.00,0.98,15.239
10/03/2019 00.00,10/03/2019 01.00,0.969,14.481
10/03/2019 01.00,10/03/2019 02.00,0.943,13.407
10/03/2019 02.00,10/03/2019 03.00,0.902,12.357
10/03/2019 03.00,10/03/2019 04.00,0.867,11.697
10/03/2019 04.00,10/03/2019 05.00,0.824,11.067
10/03/2019 05.00,10/03/2019 06.00,0.78,10.54
10/03/2019 06.00,10/03/2019 07.00,0.718,9.912
10/03/2019 07.00,10/03/2019 08.00,0.578,8.75
10/03/2019 08.00,10/03/2019 09.00,0.558,8.602
10/03/2019 09.00,10/03/2019 10.00,0.538,8.445
10/03/2019 10.00,10/03/2019 11.00,0.488,8.086
10/03/2019 11.00,10/03/2019 12.00,0.46,7.886
10/03/2019 12.00,10/03/2019 13.00,0.439,7.73
10/03/2019 13.00,10/03/2019 14.00,0.41,7.518
10/03/2019 14.00,10/03/2019 15.00,0.386,7.331
10/03/2019 15.00,10/03/2019 16.00,0.359,7.134
10/03/2019 16.00,10/03/2019 17.00,0.328,6.891
10/03/2019 17.00,10/03/2019 18.00,0.281,6.524
10/03/2019 18.00,10/03/2019 19.00,0.182,5.625
10/03/2019 19.00,10/03/2019 20.00,0.087,4.467
10/03/2019 20.00,10/03/2019 21.00,0.046,3.739
10/03/2019 21.00,10/03/2019 22.00,0.098,4.617
10/03/2019 22.00,10/03/2019 23.00,0.188,5.687
10/03/2019 23.00,11/03/2019 00.00,0.222,6.003
11/03/2019 00.00,11/03/2019 01.00,0.186,5.665
11/03/2019 01.00,11/03/2019 02.00,0.134,5.092
11/03/2019 02.00,11/03/2019 03.00,0.101,4.651
11/03/2019 03.00,11/03/2019 04.00,0.073,4.243
11/03/2019 04.00,11/03/2019 05.00,0.045,3.733
11/03/2019 05.00,11/03/2019 06.00,0.024,3.197
11/03/2019 06.00,11/03/2019 07.00,0.011,2.76
11/03/2019 07.00,11/03/2019 08.00,0.016,2.959
11/03/2019 08.00,11/03/2019 09.00,0.044,3.703
11/03/2019 09.00,11/03/2019 10.00,0.061,4.047
11/03/2019 10.00,11/03/2019 11.00,0.068,4.155
11/03/2019 11.00,11/03/2019 12.00,0.093,4.545
11/03/2019 12.00,11/03/2019 13.00,0.162,5.417
11/03/2019 13.00,11/03/2019 14.00,0.27,6.432
11/03/2019 14.00,11/03/2019 15.00,0.348,7.058
11/03/2019 15.00,11/03/2019 16.00,0.343,7.008
11/03/2019 16.00,11/03/2019 17.00,0.34,6.989
11/03/2019 17.00,11/03/2019 18.00,0.388,7.353
11/03/2019 18.00,11/03/2019 19.00,0.45,7.815
11/03/2019 19.00,11/03/2019 20.00,0.503,8.197
11/03/2019 20.00,11/03/2019 21.00,0.519,8.301
11/03/2019 21.00,11/03/2019 22.00,0.516,8.29
11/03/2019 22.00,11/03/2019 23.00,0.539,8.457
11/03/2019 23.00,12/03/2019 00.00,0.55,8.542
12/03/2019 00.00,12/03/2019 01.00,0.519,8.307
12/03/2019 01.00,12/03/2019 02.00,0.456,7.848
12/03/2019 02.00,12/03/2019 03.00,0.398,7.432
12/03/2019 03.00,12/03/2019 04.00,0.389,7.364
12/03/2019 04.00,12/03/2019 05.00,0.459,7.872
12/03/2019 05.00,12/03/2019 06.00,0.535,8.424
12/03/2019 06.00,12/03/2019 07.00,0.564,8.644
12/03/2019 07.00,12/03/2019 08.00,0.663,9.425
12/03/2019 08.00,12/03/2019 09.00,0.762,10.331
12/03/2019 09.00,12/03/2019 10.00,0.884,11.994
12/03/2019 10.00,12/03/2019 11.00,0.937,13.22
12/03/2019 11.00,12/03/2019 12.00,0.962,14.142
12/03/2019 12.00,12/03/2019 13.00,0.98,15.194
12/03/2019 13.00,12/03/2019 14.00,0.981,15.257
12/03/2019 14.00,12/03/2019 15.00,0.973,14.713
12/03/2019 15.00,12/03/2019 16.00,0.97,14.541
12/03/2019 16.00,12/03/2019 17.00,0.969,14.502
12/03/2019 17.00,12/03/2019 18.00,0.971,14.626
12/03/2019 18.00,12/03/2019 19.00,0.971,14.634
12/03/2019 19.00,12/03/2019 20.00,0.97,14.54
12/03/2019 20.00,12/03/2019 21.00,0.964,14.24
12/03/2019 21.00,12/03/2019 22.00,0.942,13.371
12/03/2019 22.00,12/03/2019 23.00,0.87,11.745
12/03/2019 23.00,13/03/2019 00.00,0.745,10.167
13/03/2019 00.00,13/03/2019 01.00,0.673,9.505
13/03/2019 01.00,13/03/2019 02.00,0.707,9.812
13/03/2019 02.00,13/03/2019 03.00,0.737,10.092
13/03/2019 03.00,13/03/2019 04.00,0.754,10.258
13/03/2019 04.00,13/03/2019 05.00,0.799,10.745
13/03/2019 05.00,13/03/2019 06.00,0.854,11.497
13/03/2019 06.00,13/03/2019 07.00,0.892,12.145
13/03/2019 07.00,13/03/2019 08.00,0.935,13.161
13/03/2019 08.00,13/03/2019 09.00,0.947,13.569
13/03/2019 09.00,13/03/2019 10.00,0.945,13.487
13/03/2019 10.00,13/03/2019 11.00,0.93,13.02
13/03/2019 11.00,13/03/2019 12.00,0.886,12.03
13/03/2019 12.00,13/03/2019 13.00,0.777,10.502
13/03/2019 13.00,13/03/2019 14.00,0.601,8.925
13/03/2019 14.00,13/03/2019 15.00,0.409,7.508
13/03/2019 15.00,13/03/2019 16.00,0.228,6.063
13/03/2019 16.00,13/03/2019 17.00,0.175,5.541
13/03/2019 17.00,13/03/2019 18.00,0.256,6.315
13/03/2019 18.00,13/03/2019 19.00,0.454,7.832
13/03/2019 19.00,13/03/2019 20.00,0.647,9.29
13/03/2019 20.00,13/03/2019 21.00,0.768,10.404
13/03/2019 21.00,13/03/2019 22.00,0.79,10.648
13/03/2019 22.00,13/03/2019 23.00,0.756,10.286
13/03/2019 23.00,14/03/2019 00.00,0.732,10.041
14/03/2019 00.00,14/03/2019 01.00,0.682,9.578
14/03/2019 01.00,14/03/2019 02.00,0.649,9.314
14/03/2019 02.00,14/03/2019 03.00,0.615,9.038
14/03/2019 03.00,14/03/2019 04.00,0.53,8.392
14/03/2019 04.00,14/03/2019 05.00,0.528,8.377
14/03/2019 05.00,14/03/2019 06.00,0.563,8.638
14/03/2019 06.00,14/03/2019 07.00,0.601,8.918
14/03/2019 07.00,14/03/2019 08.00,0.62,9.074
14/03/2019 08.00,14/03/2019 09.00,0.642,9.247
14/03/2019 09.00,14/03/2019 10.00,0.718,9.91
14/03/2019 10.00,14/03/2019 11.00,0.762,10.333
14/03/2019 11.00,14/03/2019 12.00,0.75,10.221
14/03/2019 12.00,14/03/2019 13.00,0.668,9.463
14/03/2019 13.00,14/03/2019 14.00,0.545,8.501
14/03/2019 14.00,14/03/2019 15.00,0.401,7.455
14/03/2019 15.00,14/03/2019 16.00,0.294,6.625
14/03/2019 16.00,14/03/2019 17.00,0.232,6.094
14/03/2019 17.00,14/03/2019 18.00,0.209,5.89
14/03/2019 18.00,14/03/2019 19.00,0.179,5.59
14/03/2019 19.00,14/03/2019 20.00,0.204,5.839
14/03/2019 20.00,14/03/2019 21.00,0.323,6.859
14/03/2019 21.00,14/03/2019 22.00,0.473,7.98
14/03/2019 22.00,14/03/2019 23.00,0.592,8.86
14/03/2019 23.00,15/03/2019 00.00,0.614,9.025
15/03/2019 00.00,15/03/2019 01.00,0.588,8.823
15/03/2019 01.00,15/03/2019 02.00,0.568,8.67
15/03/2019 02.00,15/03/2019 03.00,0.507,8.227
15/03/2019 03.00,15/03/2019 04.00,0.429,7.649
15/03/2019 04.00,15/03/2019 05.00,0.41,7.517
15/03/2019 05.00,15/03/2019 06.00,0.428,7.645
15/03/2019 06.00,15/03/2019 07.00,0.465,7.914
15/03/2019 07.00,15/03/2019 08.00,0.498,8.15
15/03/2019 08.00,15/03/2019 09.00,0.568,8.675
15/03/2019 09.00,15/03/2019 10.00,0.682,9.587
15/03/2019 10.00,15/03/2019 11.00,0.739,10.102
15/03/2019 11.00,15/03/2019 12.00,0.71,9.835
15/03/2019 12.00,15/03/2019 13.00,0.672,9.489
15/03/2019 13.00,15/03/2019 14.00,0.642,9.241
15/03/2019 14.00,15/03/2019 15.00,0.708,9.816
15/03/2019 15.00,15/03/2019 16.00,0.858,11.555
15/03/2019 16.00,15/03/2019 17.00,0.932,13.079
15/03/2019 17.00,15/03/2019 18.00,0.946,13.511
15/03/2019 18.00,15/03/2019 19.00,0.951,13.685
15/03/2019 19.00,15/03/2019 20.00,0.95,13.66
15/03/2019 20.00,15/03/2019 21.00,0.935,13.17
15/03/2019 21.00,15/03/2019 22.00,0.91,12.539
15/03/2019 22.00,15/03/2019 23.00,0.879,11.908
15/03/2019 23.00,16/03/2019 00.00,0.845,11.363
16/03/2019 00.00,16/03/2019 01.00,0.84,11.292
16/03/2019 01.00,16/03/2019 02.00,0.855,11.493
16/03/2019 02.00,16/03/2019 03.00,0.866,11.67
16/03/2019 03.00,16/03/2019 04.00,0.871,11.763
16/03/2019 04.00,16/03/2019 05.00,0.849,11.415
16/03/2019 05.00,16/03/2019 06.00,0.812,10.908
16/03/2019 06.00,16/03/2019 07.00,0.769,10.417
16/03/2019 07.00,16/03/2019 08.00,0.728,10.01
16/03/2019 08.00,16/03/2019 09.00,0.692,9.669
16/03/2019 09.00,16/03/2019 10.00,0.71,9.832
16/03/2019 10.00,16/03/2019 11.00,0.698,9.728
16/03/2019 11.00,16/03/2019 12.00,0.64,9.234
16/03/2019 12.00,16/03/2019 13.00,0.586,8.811
16/03/2019 13.00,16/03/2019 14.00,0.522,8.327
16/03/2019 14.00,16/03/2019 15.00,0.428,7.645
16/03/2019 15.00,16/03/2019 16.00,0.414,7.55
16/03/2019 16.00,16/03/2019 17.00,0.525,8.361
16/03/2019 17.00,16/03/2019 18.00,0.681,9.575
16/03/2019 18.00,16/03/2019 19.00,0.786,10.597
16/03/2019 19.00,16/03/2019 20.00,0.794,10.693
16/03/2019 20.00,16/03/2019 21.00,0.785,10.589
16/03/2019 21.00,16/03/2019 22.00,0.821,11.027
16/03/2019 22.00,16/03/2019 23.00,0.919,12.746
16/03/2019 23.00,17/03/2019 00.00,0.963,14.171
17/03/2019 00.00,17/03/2019 01.00,0.974,14.797
17/03/2019 01.00,17/03/2019 02.00,0.98,15.232
17/03/2019 02.00,17/03/2019 03.00,0.985,15.664
17/03/2019 03.00,17/03/2019 04.00,0.982,15.344
17/03/2019 04.00,17/03/2019 05.00,0.977,14.998
17/03/2019 05.00,17/03/2019 06.00,0.971,14.578
17/03/2019 06.00,17/03/2019 07.00,0.973,14.755
17/03/2019 07.00,17/03/2019 08.00,0.984,15.602
17/03/2019 08.00,17/03/2019 09.00,0.991,16.918
17/03/2019 09.00,17/03/2019 10.00,0.988,18.053
17/03/2019 10.00,17/03/2019 11.00,0.98,18.825
17/03/2019 11.00,17/03/2019 12.00,0.976,19.049
17/03/2019 12.00,17/03/2019 13.00,0.981,18.71
17/03/2019 13.00,17/03/2019 14.00,0.988,18.079
17/03/2019 14.00,17/03/2019 15.00,0.99,17.599
17/03/2019 15.00,17/03/2019 16.00,0.991,17.114
17/03/2019 16.00,17/03/2019 17.00,0.99,16.558
17/03/2019 17.00,17/03/2019 18.00,0.988,16.095
17/03/2019 18.00,17/03/2019 19.00,0.986,15.739
17/03/2019 19.00,17/03/2019 20.00,0.983,15.503
17/03/2019 20.00,17/03/2019 21.00,0.98,15.247
17/03/2019 21.00,17/03/2019 22.00,0.978,15.079
17/03/2019 22.00,17/03/2019 23.00,0.977,14.954
17/03/2019 23.00,18/03/2019 00.00,0.974,14.784
18/03/2019 00.00,18/03/2019 01.00,0.969,14.51
18/03/2019 01.00,18/03/2019 02.00,0.96,14.072
18/03/2019 02.00,18/03/2019 03.00,0.947,13.534
18/03/2019 03.00,18/03/2019 04.00,0.927,12.949
18/03/2019 04.00,18/03/2019 05.00,0.911,12.541
18/03/2019 05.00,18/03/2019 06.00,0.875,11.838
18/03/2019 06.00,18/03/2019 07.00,0.833,11.194
18/03/2019 07.00,18/03/2019 08.00,0.809,10.881
18/03/2019 08.00,18/03/2019 09.00,0.853,11.478
18/03/2019 09.00,18/03/2019 10.00,0.844,11.339
18/03/2019 10.00,18/03/2019 11.00,0.83,11.143
18/03/2019 11.00,18/03/2019 12.00,0.82,11.006
18/03/2019 12.00,18/03/2019 13.00,0.809,10.881
18/03/2019 13.00,18/03/2019 14.00,0.782,10.562
18/03/2019 14.00,18/03/2019 15.00,0.736,10.076
18/03/2019 15.00,18/03/2019 16.00,0.633,9.175
18/03/2019 16.00,18/03/2019 17.00,0.563,8.64
18/03/2019 17.00,18/03/2019 18.00,0.606,8.964
18/03/2019 18.00,18/03/2019 19.00,0.604,8.95
18/03/2019 19.00,18/03/2019 20.00,0.58,8.764
18/03/2019 20.00,18/03/2019 21.00,0.542,8.481
18/03/2019 21.00,18/03/2019 22.00,0.48,8.026
18/03/2019 22.00,18/03/2019 23.00,0.398,7.42
18/03/2019 23.00,19/03/2019 00.00,0.325,6.874
19/03/2019 00.00,19/03/2019 01.00,0.28,6.518
19/03/2019 01.00,19/03/2019 02.00,0.236,6.139
19/03/2019 02.00,19/03/2019 03.00,0.181,5.611
19/03/2019 03.00,19/03/2019 04.00,0.14,5.158
19/03/2019 04.00,19/03/2019 05.00,0.103,4.691
19/03/2019 05.00,19/03/2019 06.00,0.064,4.083
19/03/2019 06.00,19/03/2019 07.00,0.03,3.376
19/03/2019 07.00,19/03/2019 08.00,0.013,2.836
19/03/2019 08.00,19/03/2019 09.00,0.017,2.995
19/03/2019 09.00,19/03/2019 10.00,0.038,3.585
19/03/2019 10.00,19/03/2019 11.00,0.09,4.516
19/03/2019 11.00,19/03/2019 12.00,0.169,5.49
19/03/2019 12.00,19/03/2019 13.00,0.245,6.211
19/03/2019 13.00,19/03/2019 14.00,0.293,6.617
19/03/2019 14.00,19/03/2019 15.00,0.333,6.935
19/03/2019 15.00,19/03/2019 16.00,0.368,7.208
19/03/2019 16.00,19/03/2019 17.00,0.395,7.403
19/03/2019 17.00,19/03/2019 18.00,0.432,7.673
19/03/2019 18.00,19/03/2019 19.00,0.448,7.794
19/03/2019 19.00,19/03/2019 20.00,0.491,8.106
19/03/2019 20.00,19/03/2019 21.00,0.586,8.814
19/03/2019 21.00,19/03/2019 22.00,0.672,9.495
19/03/2019 22.00,19/03/2019 23.00,0.72,9.921
19/03/2019 23.00,20/03/2019 00.00,0.748,10.198
20/03/2019 00.00,20/03/2019 01.00,0.767,10.393
20/03/2019 01.00,20/03/2019 02.00,0.779,10.532
20/03/2019 02.00,20/03/2019 03.00,0.796,10.721
20/03/2019 03.00,20/03/2019 04.00,0.803,10.806
20/03/2019 04.00,20/03/2019 05.00,0.799,10.747
20/03/2019 05.00,20/03/2019 06.00,0.791,10.659
20/03/2019 06.00,20/03/2019 07.00,0.808,10.85
20/03/2019 07.00,20/03/2019 08.00,0.72,9.932
20/03/2019 08.00,20/03/2019 09.00,0.615,9.035
20/03/2019 09.00,20/03/2019 10.00,0.57,8.686
20/03/2019 10.00,20/03/2019 11.00,0.578,8.742
20/03/2019 11.00,20/03/2019 12.00,0.578,8.746
20/03/2019 12.00,20/03/2019 13.00,0.601,8.925
20/03/2019 13.00,20/03/2019 14.00,0.576,8.732
20/03/2019 14.00,20/03/2019 15.00,0.51,8.247
20/03/2019 15.00,20/03/2019 16.00,0.457,7.852
20/03/2019 16.00,20/03/2019 17.00,0.422,7.606
20/03/2019 17.00,20/03/2019 18.00,0.486,8.07
20/03/2019 18.00,20/03/2019 19.00,0.507,8.223
20/03/2019 19.00,20/03/2019 20.00,0.473,7.979
20/03/2019 20.00,20/03/2019 21.00,0.466,7.924
20/03/2019 21.00,20/03/2019 22.00,0.517,8.293
20/03/2019 22.00,20/03/2019 23.00,0.562,8.635
20/03/2019 23.00,21/03/2019 00.00,0.674,9.516
21/03/2019 00.00,21/03/2019 01.00,0.754,10.265
21/03/2019 01.00,21/03/2019 02.00,0.809,10.871
21/03/2019 02.00,21/03/2019 03.00,0.848,11.394
21/03/2019 03.00,21/03/2019 04.00,0.823,11.049
21/03/2019 04.00,21/03/2019 05.00,0.8,10.762
21/03/2019 05.00,21/03/2019 06.00,0.828,11.113
21/03/2019 06.00,21/03/2019 07.00,0.802,10.79
21/03/2019 07.00,21/03/2019 08.00,0.82,11.006
21/03/2019 08.00,21/03/2019 09.00,0.823,11.056
21/03/2019 09.00,21/03/2019 10.00,0.875,11.83
21/03/2019 10.00,21/03/2019 11.00,0.903,12.374
21/03/2019 11.00,21/03/2019 12.00,0.899,12.287
21/03/2019 12.00,21/03/2019 13.00,0.873,11.795
21/03/2019 13.00,21/03/2019 14.00,0.835,11.211
21/03/2019 14.00,21/03/2019 15.00,0.796,10.723
21/03/2019 15.00,21/03/2019 16.00,0.748,10.195
21/03/2019 16.00,21/03/2019 17.00,0.67,9.485
21/03/2019 17.00,21/03/2019 18.00,0.586,8.805
21/03/2019 18.00,21/03/2019 19.00,0.538,8.443
21/03/2019 19.00,21/03/2019 20.00,0.488,8.09
21/03/2019 20.00,21/03/2019 21.00,0.464,7.906
21/03/2019 21.00,21/03/2019 22.00,0.393,7.387
21/03/2019 22.00,21/03/2019 23.00,0.289,6.588
21/03/2019 23.00,22/03/2019 00.00,0.341,6.99
22/03/2019 00.00,22/03/2019 01.00,0.28,6.516
22/03/2019 01.00,22/03/2019 02.00,0.041,3.647
22/03/2019 02.00,22/03/2019 03.00,0.006,2.48
22/03/2019 03.00,22/03/2019 04.00,0.062,4.051
22/03/2019 04.00,22/03/2019 05.00,0.133,5.079
22/03/2019 05.00,22/03/2019 06.00,0.209,5.893
22/03/2019 06.00,22/03/2019 07.00,0.306,6.723
22/03/2019 07.00,22/03/2019 08.00,0.366,7.188
22/03/2019 08.00,22/03/2019 09.00,0.38,7.295
22/03/2019 09.00,22/03/2019 10.00,0.393,7.389
22/03/2019 10.00,22/03/2019 11.00,0.442,7.75
22/03/2019 11.00,22/03/2019 12.00,0.501,8.178
22/03/2019 12.00,22/03/2019 13.00,0.584,8.793
22/03/2019 13.00,22/03/2019 14.00,0.669,9.481
22/03/2019 14.00,22/03/2019 15.00,0.736,10.075
22/03/2019 15.00,22/03/2019 16.00,0.726,9.991
22/03/2019 16.00,22/03/2019 17.00,0.69,9.657
22/03/2019 17.00,22/03/2019 18.00,0.724,9.967
22/03/2019 18.00,22/03/2019 19.00,0.793,10.688
22/03/2019 19.00,22/03/2019 20.00,0.783,10.568
22/03/2019 20.00,22/03/2019 21.00,0.803,10.803
22/03/2019 21.00,22/03/2019 22.00,0.811,10.894
22/03/2019 22.00,22/03/2019 23.00,0.794,10.7
22/03/2019 23.00,23/03/2019 00.00,0.766,10.387
23/03/2019 00.00,23/03/2019 01.00,0.775,10.483
23/03/2019 01.00,23/03/2019 02.00,0.788,10.628
23/03/2019 02.00,23/03/2019 03.00,0.781,10.544
23/03/2019 03.00,23/03/2019 04.00,0.706,9.802
23/03/2019 04.00,23/03/2019 05.00,0.612,9.009
23/03/2019 05.00,23/03/2019 06.00,0.61,8.992
23/03/2019 06.00,23/03/2019 07.00,0.558,8.605
23/03/2019 07.00,23/03/2019 08.00,0.591,8.854
23/03/2019 08.00,23/03/2019 09.00,0.744,10.151
23/03/2019 09.00,23/03/2019 10.00,0.833,11.189
23/03/2019 10.00,23/03/2019 11.00,0.882,11.969
23/03/2019 11.00,23/03/2019 12.00,0.918,12.709
23/03/2019 12.00,23/03/2019 13.00,0.93,13.032
23/03/2019 13.00,23/03/2019 14.00,0.933,13.121
23/03/2019 14.00,23/03/2019 15.00,0.926,12.923
23/03/2019 15.00,23/03/2019 16.00,0.906,12.445
23/03/2019 16.00,23/03/2019 17.00,0.866,11.685
23/03/2019 17.00,23/03/2019 18.00,0.839,11.261
23/03/2019 18.00,23/03/2019 19.00,0.822,11.035
23/03/2019 19.00,23/03/2019 20.00,0.778,10.519
23/03/2019 20.00,23/03/2019 21.00,0.757,10.29
23/03/2019 21.00,23/03/2019 22.00,0.753,10.255
23/03/2019 22.00,23/03/2019 23.00,0.736,10.077
23/03/2019 23.00,24/03/2019 00.00,0.689,9.646
24/03/2019 00.00,24/03/2019 01.00,0.617,9.048
24/03/2019 01.00,24/03/2019 02.00,0.552,8.551
24/03/2019 02.00,24/03/2019 03.00,0.519,8.307
24/03/2019 03.00,24/03/2019 04.00,0.513,8.27
24/03/2019 04.00,24/03/2019 05.00,0.519,8.305
24/03/2019 05.00,24/03/2019 06.00,0.538,8.453
24/03/2019 06.00,24/03/2019 07.00,0.591,8.852
24/03/2019 07.00,24/03/2019 08.00,0.647,9.291
24/03/2019 08.00,24/03/2019 09.00,0.792,10.679
24/03/2019 09.00,24/03/2019 10.00,0.858,11.558
24/03/2019 10.00,24/03/2019 11.00,0.88,11.928
24/03/2019 11.00,24/03/2019 12.00,0.887,12.057
24/03/2019 12.00,24/03/2019 13.00,0.889,12.096
24/03/2019 13.00,24/03/2019 14.00,0.885,12.02
24/03/2019 14.00,24/03/2019 15.00,0.875,11.831
24/03/2019 15.00,24/03/2019 16.00,0.843,11.325
24/03/2019 16.00,24/03/2019 17.00,0.827,11.107
24/03/2019 17.00,24/03/2019 18.00,0.839,11.268
24/03/2019 18.00,24/03/2019 19.00,0.836,11.223
24/03/2019 19.00,24/03/2019 20.00,0.806,10.831
24/03/2019 20.00,24/03/2019 21.00,0.753,10.249
24/03/2019 21.00,24/03/2019 22.00,0.69,9.655
24/03/2019 22.00,24/03/2019 23.00,0.649,9.307
24/03/2019 23.00,25/03/2019 00.00,0.668,9.463
25/03/2019 00.00,25/03/2019 01.00,0.718,9.902
25/03/2019 01.00,25/03/2019 02.00,0.72,9.921
25/03/2019 02.00,25/03/2019 03.00,0.695,9.699
25/03/2019 03.00,25/03/2019 04.00,0.709,9.823
25/03/2019 04.00,25/03/2019 05.00,0.705,9.791
25/03/2019 05.00,25/03/2019 06.00,0.68,9.572
25/03/2019 06.00,25/03/2019 07.00,0.648,9.305
25/03/2019 07.00,25/03/2019 08.00,0.77,10.426
25/03/2019 08.00,25/03/2019 09.00,0.824,11.065
25/03/2019 09.00,25/03/2019 10.00,0.84,11.287
25/03/2019 10.00,25/03/2019 11.00,0.839,11.266
25/03/2019 11.00,25/03/2019 12.00,0.831,11.167
25/03/2019 12.00,25/03/2019 13.00,0.801,10.78
25/03/2019 13.00,25/03/2019 14.00,0.697,9.719
25/03/2019 14.00,25/03/2019 15.00,0.539,8.46
25/03/2019 15.00,25/03/2019 16.00,0.454,7.83
25/03/2019 16.00,25/03/2019 17.00,0.389,7.361
25/03/2019 17.00,25/03/2019 18.00,0.447,7.79
25/03/2019 18.00,25/03/2019 19.00,0.633,9.181
25/03/2019 19.00,25/03/2019 20.00,0.773,10.466
25/03/2019 20.00,25/03/2019 21.00,0.829,11.134
25/03/2019 21.00,25/03/2019 22.00,0.852,11.455
25/03/2019 22.00,25/03/2019 23.00,0.85,11.437
25/03/2019 23.00,26/03/2019 00.00,0.845,11.349
26/03/2019 00.00,26/03/2019 01.00,0.851,11.452
26/03/2019 01.00,26/03/2019 02.00,0.85,11.435
26/03/2019 02.00,26/03/2019 03.00,0.849,11.401
26/03/2019 03.00,26/03/2019 04.00,0.845,11.353
26/03/2019 04.00,26/03/2019 05.00,0.849,11.407
26/03/2019 05.00,26/03/2019 06.00,0.829,11.131
26/03/2019 06.00,26/03/2019 07.00,0.777,10.509
26/03/2019 07.00,26/03/2019 08.00,0.822,11.037
26/03/2019 08.00,26/03/2019 09.00,0.813,10.927
26/03/2019 09.00,26/03/2019 10.00,0.72,9.925
26/03/2019 10.00,26/03/2019 11.00,0.632,9.165
26/03/2019 11.00,26/03/2019 12.00,0.585,8.798
26/03/2019 12.00,26/03/2019 13.00,0.582,8.778
26/03/2019 13.00,26/03/2019 14.00,0.586,8.809
26/03/2019 14.00,26/03/2019 15.00,0.568,8.675
26/03/2019 15.00,26/03/2019 16.00,0.535,8.431
26/03/2019 16.00,26/03/2019 17.00,0.467,7.935
26/03/2019 17.00,26/03/2019 18.00,0.454,7.831
26/03/2019 18.00,26/03/2019 19.00,0.482,8.041
26/03/2019 19.00,26/03/2019 20.00,0.506,8.222
26/03/2019 20.00,26/03/2019 21.00,0.578,8.749
26/03/2019 21.00,26/03/2019 22.00,0.595,8.88
26/03/2019 22.00,26/03/2019 23.00,0.646,9.286
26/03/2019 23.00,27/03/2019 00.00,0.761,10.326
27/03/2019 00.00,27/03/2019 01.00,0.802,10.79
27/03/2019 01.00,27/03/2019 02.00,0.806,10.831
27/03/2019 02.00,27/03/2019 03.00,0.796,10.72
27/03/2019 03.00,27/03/2019 04.00,0.767,10.396
27/03/2019 04.00,27/03/2019 05.00,0.734,10.067
27/03/2019 05.00,27/03/2019 06.00,0.731,10.033
27/03/2019 06.00,27/03/2019 07.00,0.7,9.749
27/03/2019 07.00,27/03/2019 08.00,0.719,9.916
27/03/2019 08.00,27/03/2019 09.00,0.781,10.554
27/03/2019 09.00,27/03/2019 10.00,0.822,11.041
27/03/2019 10.00,27/03/2019 11.00,0.835,11.215
27/03/2019 11.00,27/03/2019 12.00,0.827,11.105
27/03/2019 12.00,27/03/2019 13.00,0.82,11.021
27/03/2019 13.00,27/03/2019 14.00,0.803,10.798
27/03/2019 14.00,27/03/2019 15.00,0.779,10.532
27/03/2019 15.00,27/03/2019 16.00,0.734,10.064
27/03/2019 16.00,27/03/2019 17.00,0.674,9.515
27/03/2019 17.00,27/03/2019 18.00,0.647,9.295
27/03/2019 18.00,27/03/2019 19.00,0.681,9.575
27/03/2019 19.00,27/03/2019 20.00,0.673,9.506
27/03/2019 20.00,27/03/2019 21.00,0.645,9.28
27/03/2019 21.00,27/03/2019 22.00,0.651,9.324
27/03/2019 22.00,27/03/2019 23.00,0.661,9.398
27/03/2019 23.00,28/03/2019 00.00,0.668,9.469
28/03/2019 00.00,28/03/2019 01.00,0.668,9.468
28/03/2019 01.00,28/03/2019 02.00,0.655,9.357
28/03/2019 02.00,28/03/2019 03.00,0.657,9.372
28/03/2019 03.00,28/03/2019 04.00,0.642,9.245
28/03/2019 04.00,28/03/2019 05.00,0.618,9.051
28/03/2019 05.00,28/03/2019 06.00,0.55,8.534
28/03/2019 06.00,28/03/2019 07.00,0.432,7.677
28/03/2019 07.00,28/03/2019 08.00,0.419,7.576
28/03/2019 08.00,28/03/2019 09.00,0.479,8.023
28/03/2019 09.00,28/03/2019 10.00,0.563,8.639
28/03/2019 10.00,28/03/2019 11.00,0.656,9.366
28/03/2019 11.00,28/03/2019 12.00,0.7,9.751
28/03/2019 12.00,28/03/2019 13.00,0.71,9.839
28/03/2019 13.00,28/03/2019 14.00,0.71,9.833
28/03/2019 14.00,28/03/2019 15.00,0.701,9.758
28/03/2019 15.00,28/03/2019 16.00,0.666,9.448
28/03/2019 16.00,28/03/2019 17.00,0.564,8.644
28/03/2019 17.00,28/03/2019 18.00,0.568,8.668
28/03/2019 18.00,28/03/2019 19.00,0.628,9.138
28/03/2019 19.00,28/03/2019 20.00,0.626,9.125
28/03/2019 20.00,28/03/2019 21.00,0.607,8.974
28/03/2019 21.00,28/03/2019 22.00,0.61,8.997
28/03/2019 22.00,28/03/2019 23.00,0.648,9.303
28/03/2019 23.00,29/03/2019 00.00,0.679,9.56
29/03/2019 00.00,29/03/2019 01.00,0.711,9.844
29/03/2019 01.00,29/03/2019 02.00,0.762,10.333
29/03/2019 02.00,29/03/2019 03.00,0.788,10.63
29/03/2019 03.00,29/03/2019 04.00,0.825,11.078
29/03/2019 04.00,29/03/2019 05.00,0.871,11.77
29/03/2019 05.00,29/03/2019 06.00,0.883,11.974
29/03/2019 06.00,29/03/2019 07.00,0.884,12
29/03/2019 07.00,29/03/2019 08.00,0.889,12.084
29/03/2019 08.00,29/03/2019 09.00,0.914,12.611
29/03/2019 09.00,29/03/2019 10.00,0.918,12.721
29/03/2019 10.00,29/03/2019 11.00,0.913,12.592
29/03/2019 11.00,29/03/2019 12.00,0.906,12.439
29/03/2019 12.00,29/03/2019 13.00,0.903,12.372
29/03/2019 13.00,29/03/2019 14.00,0.901,12.326
29/03/2019 14.00,29/03/2019 15.00,0.892,12.144
29/03/2019 15.00,29/03/2019 16.00,0.867,11.7
29/03/2019 16.00,29/03/2019 17.00,0.803,10.807
29/03/2019 17.00,29/03/2019 18.00,0.777,10.504
29/03/2019 18.00,29/03/2019 19.00,0.763,10.352
29/03/2019 19.00,29/03/2019 20.00,0.733,10.057
29/03/2019 20.00,29/03/2019 21.00,0.706,9.804
29/03/2019 21.00,29/03/2019 22.00,0.653,9.346
29/03/2019 22.00,29/03/2019 23.00,0.598,8.899
29/03/2019 23.00,30/03/2019 00.00,0.568,8.674
30/03/2019 00.00,30/03/2019 01.00,0.562,8.629
30/03/2019 01.00,30/03/2019 02.00,0.535,8.42
30/03/2019 02.00,30/03/2019 03.00,0.497,8.148
30/03/2019 03.00,30/03/2019 04.00,0.454,7.839
30/03/2019 04.00,30/03/2019 05.00,0.432,7.683
30/03/2019 05.00,30/03/2019 06.00,0.437,7.717
30/03/2019 06.00,30/03/2019 07.00,0.447,7.784
30/03/2019 07.00,30/03/2019 08.00,0.473,7.977
30/03/2019 08.00,30/03/2019 09.00,0.563,8.641
30/03/2019 09.00,30/03/2019 10.00,0.668,9.458
30/03/2019 10.00,30/03/2019 11.00,0.763,10.348
30/03/2019 11.00,30/03/2019 12.00,0.82,11.017
30/03/2019 12.00,30/03/2019 13.00,0.842,11.309
30/03/2019 13.00,30/03/2019 14.00,0.851,11.44
30/03/2019 14.00,30/03/2019 15.00,0.859,11.565
30/03/2019 15.00,30/03/2019 16.00,0.853,11.472
30/03/2019 16.00,30/03/2019 17.00,0.812,10.919
30/03/2019 17.00,30/03/2019 18.00,0.783,10.571
30/03/2019 18.00,30/03/2019 19.00,0.78,10.536
30/03/2019 19.00,30/03/2019 20.00,0.785,10.584
30/03/2019 20.00,30/03/2019 21.00,0.764,10.364
30/03/2019 21.00,30/03/2019 22.00,0.777,10.492
30/03/2019 22.00,30/03/2019 23.00,0.831,11.148
30/03/2019 23.00,31/03/2019 00.00,0.866,11.68
31/03/2019 00.00,31/03/2019 01.00,0.894,12.176
31/03/2019 01.00,31/03/2019 03.00,0.922,12.813
31/03/2019 02.00,31/03/2019 04.00,0.926,12.928
31/03/2019 03.00,31/03/2019 05.00,0.918,12.706
31/03/2019 04.00,31/03/2019 06.00,0.886,12.028
31/03/2019 05.00,31/03/2019 07.00,0.855,11.507
31/03/2019 06.00,31/03/2019 08.00,0.822,11.045
31/03/2019 07.00,31/03/2019 09.00,0.866,11.682
31/03/2019 08.00,31/03/2019 10.00,0.84,11.279
31/03/2019 09.00,31/03/2019 11.00,0.791,10.667
31/03/2019 10.00,31/03/2019 12.00,0.757,10.291
31/03/2019 11.00,31/03/2019 13.00,0.747,10.184
31/03/2019 12.00,31/03/2019 14.00,0.741,10.133
31/03/2019 13.00,31/03/2019 15.00,0.727,9.996
31/03/2019 14.00,31/03/2019 16.00,0.701,9.76
31/03/2019 15.00,31/03/2019 17.00,0.659,9.389
31/03/2019 16.00,31/03/2019 18.00,0.595,8.886
31/03/2019 17.00,31/03/2019 19.00,0.542,8.483
31/03/2019 18.00,31/03/2019 20.00,0.517,8.296
31/03/2019 19.00,31/03/2019 21.00,0.46,7.885
31/03/2019 20.00,31/03/2019 22.00,0.387,7.343
31/03/2019 21.00,31/03/2019 23.00,0.322,6.847
31/03/2019 22.00,01/04/2019 00.00,0.259,6.341
31/03/2019 23.00,01/04/2019 01.00,0.191,5.703
01/04/2019 00.00,01/04/2019 02.00,0.124,4.966
01/04/2019 01.00,01/04/2019 03.00,0.066,4.123
01/04/2019 02.00,01/04/2019 04.00,0.027,3.308
01/04/2019 03.00,01/04/2019 05.00,0.013,2.824
01/04/2019 04.00,01/04/2019 06.00,0.024,3.218
01/04/2019 05.00,01/04/2019 07.00,0.058,3.977
01/04/2019 06.00,01/04/2019 08.00,0.087,4.459
01/04/2019 07.00,01/04/2019 09.00,0.115,4.859
01/04/2019 08.00,01/04/2019 10.00,0.166,5.449
01/04/2019 09.00,01/04/2019 11.00,0.195,5.757
01/04/2019 10.00,01/04/2019 12.00,0.214,5.931
01/04/2019 11.00,01/04/2019 13.00,0.228,6.069
01/04/2019 12.00,01/04/2019 14.00,0.242,6.184
01/04/2019 13.00,01/04/2019 15.00,0.25,6.258
01/04/2019 14.00,01/04/2019 16.00,0.257,6.321
01/04/2019 15.00,01/04/2019 17.00,0.257,6.323
01/04/2019 16.00,01/04/2019 18.00,0.231,6.083
01/04/2019 17.00,01/04/2019 19.00,0.261,6.35
01/04/2019 18.00,01/04/2019 20.00,0.367,7.197
01/04/2019 19.00,01/04/2019 21.00,0.501,8.18
01/04/2019 20.00,01/04/2019 22.00,0.586,8.809
01/04/2019 21.00,01/04/2019 23.00,0.619,9.073
01/04/2019 22.00,02/04/2019 00.00,0.633,9.174
01/04/2019 23.00,02/04/2019 01.00,0.656,9.365
02/04/2019 00.00,02/04/2019 02.00,0.69,9.647
02/04/2019 01.00,02/04/2019 03.00,0.724,9.963
02/04/2019 02.00,02/04/2019 04.00,0.735,10.071
02/04/2019 03.00,02/04/2019 05.00,0.724,9.962
02/04/2019 04.00,02/04/2019 06.00,0.727,10
02/04/2019 05.00,02/04/2019 07.00,0.744,10.153
02/04/2019 06.00,02/04/2019 08.00,0.705,9.796
02/04/2019 07.00,02/04/2019 09.00,0.777,10.496
02/04/2019 08.00,02/04/2019 10.00,0.849,11.406
02/04/2019 09.00,02/04/2019 11.00,0.891,12.132
02/04/2019 10.00,02/04/2019 12.00,0.915,12.635
02/04/2019 11.00,02/04/2019 13.00,0.927,12.944
02/04/2019 12.00,02/04/2019 14.00,0.934,13.143
02/04/2019 13.00,02/04/2019 15.00,0.938,13.246
02/04/2019 14.00,02/04/2019 16.00,0.935,13.176
02/04/2019 15.00,02/04/2019 17.00,0.924,12.861
02/04/2019 16.00,02/04/2019 18.00,0.9,12.307
02/04/2019 17.00,02/04/2019 19.00,0.879,11.897
02/04/2019 18.00,02/04/2019 20.00,0.84,11.285
02/04/2019 19.00,02/04/2019 21.00,0.82,11.019
02/04/2019 20.00,02/04/2019 22.00,0.807,10.845
02/04/2019 21.00,02/04/2019 23.00,0.778,10.512
02/04/2019 22.00,03/04/2019 00.00,0.728,10.006
02/04/2019 23.00,03/04/2019 01.00,0.702,9.761
03/04/2019 00.00,03/04/2019 02.00,0.71,9.829
03/04/2019 01.00,03/04/2019 03.00,0.72,9.921
03/04/2019 02.00,03/04/2019 04.00,0.69,9.654
03/04/2019 03.00,03/04/2019 05.00,0.618,9.057
03/04/2019 04.00,03/04/2019 06.00,0.552,8.554
03/04/2019 05.00,03/04/2019 07.00,0.502,8.19
03/04/2019 06.00,03/04/2019 08.00,0.422,7.6
03/04/2019 07.00,03/04/2019 09.00,0.338,6.978
03/04/2019 08.00,03/04/2019 10.00,0.28,6.513
03/04/2019 09.00,03/04/2019 11.00,0.226,6.042
03/04/2019 10.00,03/04/2019 12.00,0.182,5.617
03/04/2019 11.00,03/04/2019 13.00,0.161,5.402
03/04/2019 12.00,03/04/2019 14.00,0.175,5.537
03/04/2019 13.00,03/04/2019 15.00,0.196,5.76
03/04/2019 14.00,03/04/2019 16.00,0.222,6.007
03/04/2019 15.00,03/04/2019 17.00,0.305,6.718
03/04/2019 16.00,03/04/2019 18.00,0.422,7.607
03/04/2019 17.00,03/04/2019 19.00,0.481,8.029
03/04/2019 18.00,03/04/2019 20.00,0.494,8.127
03/04/2019 19.00,03/04/2019 21.00,0.499,8.162
03/04/2019 20.00,03/04/2019 22.00,0.513,8.258
03/04/2019 21.00,03/04/2019 23.00,0.532,8.408
03/04/2019 22.00,04/04/2019 00.00,0.558,8.604
03/04/2019 23.00,04/04/2019 01.00,0.58,8.765
04/04/2019 00.00,04/04/2019 02.00,0.613,9.016
04/04/2019 01.00,04/04/2019 03.00,0.63,9.147
04/04/2019 02.00,04/04/2019 04.00,0.668,9.462
04/04/2019 03.00,04/04/2019 05.00,0.697,9.721
04/04/2019 04.00,04/04/2019 06.00,0.692,9.668
04/04/2019 05.00,04/04/2019 07.00,0.678,9.55
04/04/2019 06.00,04/04/2019 08.00,0.639,9.227
04/04/2019 07.00,04/04/2019 09.00,0.624,9.106
04/04/2019 08.00,04/04/2019 10.00,0.633,9.171
04/04/2019 09.00,04/04/2019 11.00,0.586,8.802
04/04/2019 10.00,04/04/2019 12.00,0.554,8.567
04/04/2019 11.00,04/04/2019 13.00,0.567,8.663
04/04/2019 12.00,04/04/2019 14.00,0.613,9.016
04/04/2019 13.00,04/04/2019 15.00,0.657,9.373
04/04/2019 14.00,04/04/2019 16.00,0.643,9.256
04/04/2019 15.00,04/04/2019 17.00,0.557,8.591
04/04/2019 16.00,04/04/2019 18.00,0.508,8.23
04/04/2019 17.00,04/04/2019 19.00,0.583,8.781
04/04/2019 18.00,04/04/2019 20.00,0.661,9.405
04/04/2019 19.00,04/04/2019 21.00,0.655,9.363
04/04/2019 20.00,04/04/2019 22.00,0.624,9.106
04/04/2019 21.00,04/04/2019 23.00,0.623,9.101
04/04/2019 22.00,05/04/2019 00.00,0.621,9.085
04/04/2019 23.00,05/04/2019 01.00,0.579,8.755
05/04/2019 00.00,05/04/2019 02.00,0.511,8.253
05/04/2019 01.00,05/04/2019 03.00,0.451,7.818
05/04/2019 02.00,05/04/2019 04.00,0.445,7.774
05/04/2019 03.00,05/04/2019 05.00,0.476,8.002
05/04/2019 04.00,05/04/2019 06.00,0.479,8.017
05/04/2019 05.00,05/04/2019 07.00,0.481,8.037
05/04/2019 06.00,05/04/2019 08.00,0.501,8.177
05/04/2019 07.00,05/04/2019 09.00,0.538,8.453
05/04/2019 08.00,05/04/2019 10.00,0.569,8.682
05/04/2019 09.00,05/04/2019 11.00,0.617,9.047
05/04/2019 10.00,05/04/2019 12.00,0.63,9.156
05/04/2019 11.00,05/04/2019 13.00,0.637,9.211
05/04/2019 12.00,05/04/2019 14.00,0.64,9.233
05/04/2019 13.00,05/04/2019 15.00,0.651,9.327
05/04/2019 14.00,05/04/2019 16.00,0.664,9.434
05/04/2019 15.00,05/04/2019 17.00,0.634,9.182
05/04/2019 16.00,05/04/2019 18.00,0.642,9.24
05/04/2019 17.00,05/04/2019 19.00,0.688,9.638
05/04/2019 18.00,05/04/2019 20.00,0.715,9.888
05/04/2019 19.00,05/04/2019 21.00,0.705,9.793
05/04/2019 20.00,05/04/2019 22.00,0.675,9.53
05/04/2019 21.00,05/04/2019 23.00,0.661,9.398
05/04/2019 22.00,06/04/2019 00.00,0.642,9.252
05/04/2019 23.00,06/04/2019 01.00,0.649,9.313
06/04/2019 00.00,06/04/2019 02.00,0.588,8.825
06/04/2019 01.00,06/04/2019 03.00,0.55,8.535
06/04/2019 02.00,06/04/2019 04.00,0.518,8.3
06/04/2019 03.00,06/04/2019 05.00,0.479,8.012
06/04/2019 04.00,06/04/2019 06.00,0.431,7.664
06/04/2019 05.00,06/04/2019 07.00,0.362,7.158
06/04/2019 06.00,06/04/2019 08.00,0.255,6.309
06/04/2019 07.00,06/04/2019 09.00,0.201,5.805
06/04/2019 08.00,06/04/2019 10.00,0.192,5.72
06/04/2019 09.00,06/04/2019 11.00,0.212,5.918
06/04/2019 10.00,06/04/2019 12.00,0.262,6.363
06/04/2019 11.00,06/04/2019 13.00,0.302,6.693
06/04/2019 12.00,06/04/2019 14.00,0.312,6.776
06/04/2019 13.00,06/04/2019 15.00,0.299,6.668
06/04/2019 14.00,06/04/2019 16.00,0.28,6.519
06/04/2019 15.00,06/04/2019 17.00,0.282,6.531
06/04/2019 16.00,06/04/2019 18.00,0.294,6.624
06/04/2019 17.00,06/04/2019 19.00,0.351,7.076
06/04/2019 18.00,06/04/2019 20.00,0.394,7.391
06/04/2019 19.00,06/04/2019 21.00,0.371,7.23
06/04/2019 20.00,06/04/2019 22.00,0.314,6.794
06/04/2019 21.00,06/04/2019 23.00,0.238,6.155
06/04/2019 22.00,07/04/2019 00.00,0.158,5.367
06/04/2019 23.00,07/04/2019 01.00,0.087,4.463
07/04/2019 00.00,07/04/2019 02.00,0.047,3.768
07/04/2019 01.00,07/04/2019 03.00,0.037,3.546
07/04/2019 02.00,07/04/2019 04.00,0.061,4.031
07/04/2019 03.00,07/04/2019 05.00,0.112,4.803
07/04/2019 04.00,07/04/2019 06.00,0.175,5.545
07/04/2019 05.00,07/04/2019 07.00,0.241,6.178
07/04/2019 06.00,07/04/2019 08.00,0.249,6.245
07/04/2019 07.00,07/04/2019 09.00,0.259,6.328
07/04/2019 08.00,07/04/2019 10.00,0.313,6.781
07/04/2019 09.00,07/04/2019 11.00,0.32,6.839
07/04/2019 10.00,07/04/2019 12.00,0.308,6.735
07/04/2019 11.00,07/04/2019 13.00,0.293,6.616
07/04/2019 12.00,07/04/2019 14.00,0.291,6.599
07/04/2019 13.00,07/04/2019 15.00,0.309,6.741
07/04/2019 14.00,07/04/2019 16.00,0.352,7.084
07/04/2019 15.00,07/04/2019 17.00,0.411,7.525
07/04/2019 16.00,07/04/2019 18.00,0.472,7.968
07/04/2019 17.00,07/04/2019 19.00,0.504,8.206
07/04/2019 18.00,07/04/2019 20.00,0.538,8.442
07/04/2019 19.00,07/04/2019 21.00,0.543,8.484
07/04/2019 20.00,07/04/2019 22.00,0.552,8.558
07/04/2019 21.00,07/04/2019 23.00,0.576,8.733
07/04/2019 22.00,08/04/2019 00.00,0.601,8.918
07/04/2019 23.00,08/04/2019 01.00,0.627,9.131
08/04/2019 00.00,08/04/2019 02.00,0.655,9.357
08/04/2019 01.00,08/04/2019 03.00,0.685,9.618
08/04/2019 02.00,08/04/2019 04.00,0.7,9.744
08/04/2019 03.00,08/04/2019 05.00,0.713,9.864
08/04/2019 04.00,08/04/2019 06.00,0.692,9.679
08/04/2019 05.00,08/04/2019 07.00,0.683,9.598
08/04/2019 06.00,08/04/2019 08.00,0.7,9.738
08/04/2019 07.00,08/04/2019 09.00,0.744,10.151
08/04/2019 08.00,08/04/2019 10.00,0.732,10.045
08/04/2019 09.00,08/04/2019 11.00,0.707,9.811
08/04/2019 10.00,08/04/2019 12.00,0.679,9.559
08/04/2019 11.00,08/04/2019 13.00,0.653,9.346
08/04/2019 12.00,08/04/2019 14.00,0.633,9.17
08/04/2019 13.00,08/04/2019 15.00,0.618,9.049
08/04/2019 14.00,08/04/2019 16.00,0.605,8.963
08/04/2019 15.00,08/04/2019 17.00,0.59,8.834
08/04/2019 16.00,08/04/2019 18.00,0.56,8.614
08/04/2019 17.00,08/04/2019 19.00,0.524,8.347
08/04/2019 18.00,08/04/2019 20.00,0.525,8.351
08/04/2019 19.00,08/04/2019 21.00,0.523,8.343
08/04/2019 20.00,08/04/2019 22.00,0.544,8.492
08/04/2019 21.00,08/04/2019 23.00,0.599,8.91
08/04/2019 22.00,09/04/2019 00.00,0.686,9.623
08/04/2019 23.00,09/04/2019 01.00,0.754,10.266
09/04/2019 00.00,09/04/2019 02.00,0.771,10.433
09/04/2019 01.00,09/04/2019 03.00,0.766,10.389
09/04/2019 02.00,09/04/2019 04.00,0.76,10.321
09/04/2019 03.00,09/04/2019 05.00,0.741,10.131
09/04/2019 04.00,09/04/2019 06.00,0.706,9.801
09/04/2019 05.00,09/04/2019 07.00,0.651,9.324
09/04/2019 06.00,09/04/2019 08.00,0.638,9.217
09/04/2019 07.00,09/04/2019 09.00,0.646,9.289
09/04/2019 08.00,09/04/2019 10.00,0.575,8.729
09/04/2019 09.00,09/04/2019 11.00,0.507,8.228
09/04/2019 10.00,09/04/2019 12.00,0.457,7.859
09/04/2019 11.00,09/04/2019 13.00,0.441,7.739
09/04/2019 12.00,09/04/2019 14.00,0.457,7.854
09/04/2019 13.00,09/04/2019 15.00,0.479,8.019
09/04/2019 14.00,09/04/2019 16.00,0.492,8.112
09/04/2019 15.00,09/04/2019 17.00,0.492,8.113
09/04/2019 16.00,09/04/2019 18.00,0.475,7.986
09/04/2019 17.00,09/04/2019 19.00,0.444,7.759
09/04/2019 18.00,09/04/2019 20.00,0.458,7.866
09/04/2019 19.00,09/04/2019 21.00,0.472,7.974
09/04/2019 20.00,09/04/2019 22.00,0.498,8.157
09/04/2019 21.00,09/04/2019 23.00,0.521,8.318
09/04/2019 22.00,10/04/2019 00.00,0.523,8.334
09/04/2019 23.00,10/04/2019 01.00,0.515,8.278
10/04/2019 00.00,10/04/2019 02.00,0.485,8.069
10/04/2019 01.00,10/04/2019 03.00,0.46,7.882
10/04/2019 02.00,10/04/2019 04.00,0.457,7.856
10/04/2019 03.00,10/04/2019 05.00,0.485,8.064
10/04/2019 04.00,10/04/2019 06.00,0.53,8.392
10/04/2019 05.00,10/04/2019 07.00,0.538,8.446
10/04/2019 06.00,10/04/2019 08.00,0.51,8.238
10/04/2019 07.00,10/04/2019 09.00,0.546,8.507
10/04/2019 08.00,10/04/2019 10.00,0.538,8.441
10/04/2019 09.00,10/04/2019 11.00,0.513,8.269
10/04/2019 10.00,10/04/2019 12.00,0.485,8.068
10/04/2019 11.00,10/04/2019 13.00,0.459,7.88
10/04/2019 12.00,10/04/2019 14.00,0.443,7.757
10/04/2019 13.00,10/04/2019 15.00,0.434,7.699
10/04/2019 14.00,10/04/2019 16.00,0.438,7.722
10/04/2019 15.00,10/04/2019 17.00,0.422,7.606
10/04/2019 16.00,10/04/2019 18.00,0.379,7.288
10/04/2019 17.00,10/04/2019 19.00,0.328,6.902
10/04/2019 18.00,10/04/2019 20.00,0.305,6.718
10/04/2019 19.00,10/04/2019 21.00,0.261,6.354
10/04/2019 20.00,10/04/2019 22.00,0.208,5.875
10/04/2019 21.00,10/04/2019 23.00,0.177,5.557
10/04/2019 22.00,11/04/2019 00.00,0.163,5.425
10/04/2019 23.00,11/04/2019 01.00,0.156,5.347
11/04/2019 00.00,11/04/2019 02.00,0.153,5.301
11/04/2019 01.00,11/04/2019 03.00,0.152,5.291
11/04/2019 02.00,11/04/2019 04.00,0.152,5.297
11/04/2019 03.00,11/04/2019 05.00,0.159,5.374
11/04/2019 04.00,11/04/2019 06.00,0.176,5.552
11/04/2019 05.00,11/04/2019 07.00,0.192,5.718
11/04/2019 06.00,11/04/2019 08.00,0.179,5.58
11/04/2019 07.00,11/04/2019 09.00,0.173,5.526
11/04/2019 08.00,11/04/2019 10.00,0.176,5.547
11/04/2019 09.00,11/04/2019 11.00,0.174,5.532
11/04/2019 10.00,11/04/2019 12.00,0.168,5.477
11/04/2019 11.00,11/04/2019 13.00,0.162,5.408
11/04/2019 12.00,11/04/2019 14.00,0.156,5.346
11/04/2019 13.00,11/04/2019 15.00,0.155,5.32
11/04/2019 14.00,11/04/2019 16.00,0.157,5.36
11/04/2019 15.00,11/04/2019 17.00,0.157,5.358
11/04/2019 16.00,11/04/2019 18.00,0.158,5.37
11/04/2019 17.00,11/04/2019 19.00,0.179,5.587
11/04/2019 18.00,11/04/2019 20.00,0.216,5.947
11/04/2019 19.00,11/04/2019 21.00,0.234,6.119
11/04/2019 20.00,11/04/2019 22.00,0.238,6.153
11/04/2019 21.00,11/04/2019 23.00,0.233,6.11
11/04/2019 22.00,12/04/2019 00.00,0.22,5.995
11/04/2019 23.00,12/04/2019 01.00,0.206,5.855
12/04/2019 00.00,12/04/2019 02.00,0.193,5.732
12/04/2019 01.00,12/04/2019 03.00,0.188,5.679
12/04/2019 02.00,12/04/2019 04.00,0.191,5.705
12/04/2019 03.00,12/04/2019 05.00,0.209,5.884
12/04/2019 04.00,12/04/2019 06.00,0.247,6.229
12/04/2019 05.00,12/04/2019 07.00,0.279,6.507
12/04/2019 06.00,12/04/2019 08.00,0.257,6.318
12/04/2019 07.00,12/04/2019 09.00,0.264,6.376
12/04/2019 08.00,12/04/2019 10.00,0.259,6.341
12/04/2019 09.00,12/04/2019 11.00,0.264,6.37
12/04/2019 10.00,12/04/2019 12.00,0.275,6.474
12/04/2019 11.00,12/04/2019 13.00,0.289,6.582
12/04/2019 12.00,12/04/2019 14.00,0.298,6.661
12/04/2019 13.00,12/04/2019 15.00,0.3,6.675
12/04/2019 14.00,12/04/2019 16.00,0.294,6.632
12/04/2019 15.00,12/04/2019 17.00,0.278,6.5
12/04/2019 16.00,12/04/2019 18.00,0.25,6.257
12/04/2019 17.00,12/04/2019 19.00,0.227,6.052
12/04/2019 18.00,12/04/2019 20.00,0.21,5.898
12/04/2019 19.00,12/04/2019 21.00,0.191,5.702
12/04/2019 20.00,12/04/2019 22.00,0.185,5.648
12/04/2019 21.00,12/04/2019 23.00,0.199,5.785
12/04/2019 22.00,13/04/2019 00.00,0.23,6.079
12/04/2019 23.00,13/04/2019 01.00,0.262,6.362
13/04/2019 00.00,13/04/2019 02.00,0.286,6.565
13/04/2019 01.00,13/04/2019 03.00,0.307,6.73
13/04/2019 02.00,13/04/2019 04.00,0.33,6.913
13/04/2019 03.00,13/04/2019 05.00,0.363,7.167
13/04/2019 04.00,13/04/2019 06.00,0.412,7.527
13/04/2019 05.00,13/04/2019 07.00,0.447,7.791
13/04/2019 06.00,13/04/2019 08.00,0.408,7.504
13/04/2019 07.00,13/04/2019 09.00,0.486,8.07
13/04/2019 08.00,13/04/2019 10.00,0.552,8.551
13/04/2019 09.00,13/04/2019 11.00,0.59,8.83
13/04/2019 10.00,13/04/2019 12.00,0.617,9.046
13/04/2019 11.00,13/04/2019 13.00,0.633,9.177
13/04/2019 12.00,13/04/2019 14.00,0.639,9.226
13/04/2019 13.00,13/04/2019 15.00,0.63,9.159
13/04/2019 14.00,13/04/2019 16.00,0.604,8.949
13/04/2019 15.00,13/04/2019 17.00,0.54,8.47
13/04/2019 16.00,13/04/2019 18.00,0.442,7.746
13/04/2019 17.00,13/04/2019 19.00,0.343,7.007
13/04/2019 18.00,13/04/2019 20.00,0.304,6.708
13/04/2019 19.00,13/04/2019 21.00,0.309,6.742
13/04/2019 20.00,13/04/2019 22.00,0.339,6.983
13/04/2019 21.00,13/04/2019 23.00,0.367,7.201
13/04/2019 22.00,14/04/2019 00.00,0.375,7.255
13/04/2019 23.00,14/04/2019 01.00,0.395,7.409
14/04/2019 00.00,14/04/2019 02.00,0.446,7.776
14/04/2019 01.00,14/04/2019 03.00,0.484,8.059
14/04/2019 02.00,14/04/2019 04.00,0.479,8.022
14/04/2019 03.00,14/04/2019 05.00,0.466,7.926
14/04/2019 04.00,14/04/2019 06.00,0.484,8.048
14/04/2019 05.00,14/04/2019 07.00,0.5,8.167
14/04/2019 06.00,14/04/2019 08.00,0.501,8.186
14/04/2019 07.00,14/04/2019 09.00,0.673,9.504
14/04/2019 08.00,14/04/2019 10.00,0.677,9.541
14/04/2019 09.00,14/04/2019 11.00,0.651,9.326
14/04/2019 10.00,14/04/2019 12.00,0.625,9.114
14/04/2019 11.00,14/04/2019 13.00,0.594,8.877
14/04/2019 12.00,14/04/2019 14.00,0.556,8.579
14/04/2019 13.00,14/04/2019 15.00,0.511,8.251
14/04/2019 14.00,14/04/2019 16.00,0.479,8.015
14/04/2019 15.00,14/04/2019 17.00,0.457,7.855
14/04/2019 16.00,14/04/2019 18.00,0.417,7.569
14/04/2019 17.00,14/04/2019 19.00,0.382,7.316
14/04/2019 18.00,14/04/2019 20.00,0.41,7.521
14/04/2019 19.00,14/04/2019 21.00,0.418,7.576
14/04/2019 20.00,14/04/2019 22.00,0.413,7.537
14/04/2019 21.00,14/04/2019 23.00,0.412,7.528
14/04/2019 22.00,15/04/2019 00.00,0.398,7.42
14/04/2019 23.00,15/04/2019 01.00,0.355,7.108
15/04/2019 00.00,15/04/2019 02.00,0.314,6.795
15/04/2019 01.00,15/04/2019 03.00,0.301,6.684
15/04/2019 02.00,15/04/2019 04.00,0.289,6.58
15/04/2019 03.00,15/04/2019 05.00,0.272,6.449
15/04/2019 04.00,15/04/2019 06.00,0.247,6.227
15/04/2019 05.00,15/04/2019 07.00,0.227,6.046
15/04/2019 06.00,15/04/2019 08.00,0.204,5.838
15/04/2019 07.00,15/04/2019 09.00,0.281,6.526
15/04/2019 08.00,15/04/2019 10.00,0.364,7.178
15/04/2019 09.00,15/04/2019 11.00,0.448,7.799
15/04/2019 10.00,15/04/2019 12.00,0.494,8.124
15/04/2019 11.00,15/04/2019 13.00,0.507,8.224
15/04/2019 12.00,15/04/2019 14.00,0.51,8.25
15/04/2019 13.00,15/04/2019 15.00,0.51,8.239
15/04/2019 14.00,15/04/2019 16.00,0.504,8.207
15/04/2019 15.00,15/04/2019 17.00,0.491,8.098
15/04/2019 16.00,15/04/2019 18.00,0.455,7.843
15/04/2019 17.00,15/04/2019 19.00,0.437,7.714
15/04/2019 18.00,15/04/2019 20.00,0.516,8.289
15/04/2019 19.00,15/04/2019 21.00,0.565,8.646
15/04/2019 20.00,15/04/2019 22.00,0.547,8.512
15/04/2019 21.00,15/04/2019 23.00,0.511,8.253
15/04/2019 22.00,16/04/2019 00.00,0.467,7.937
15/04/2019 23.00,16/04/2019 01.00,0.408,7.501
16/04/2019 00.00,16/04/2019 02.00,0.334,6.945
16/04/2019 01.00,16/04/2019 03.00,0.265,6.39
16/04/2019 02.00,16/04/2019 04.00,0.221,6.002
16/04/2019 03.00,16/04/2019 05.00,0.208,5.875
16/04/2019 04.00,16/04/2019 06.00,0.233,6.109
16/04/2019 05.00,16/04/2019 07.00,0.281,6.528
16/04/2019 06.00,16/04/2019 08.00,0.301,6.685
16/04/2019 07.00,16/04/2019 09.00,0.481,8.039
16/04/2019 08.00,16/04/2019 10.00,0.603,8.945
16/04/2019 09.00,16/04/2019 11.00,0.65,9.316
16/04/2019 10.00,16/04/2019 12.00,0.674,9.517
16/04/2019 11.00,16/04/2019 13.00,0.699,9.735
16/04/2019 12.00,16/04/2019 14.00,0.723,9.956
16/04/2019 13.00,16/04/2019 15.00,0.739,10.112
16/04/2019 14.00,16/04/2019 16.00,0.739,10.114
16/04/2019 15.00,16/04/2019 17.00,0.711,9.844
16/04/2019 16.00,16/04/2019 18.00,0.627,9.133
16/04/2019 17.00,16/04/2019 19.00,0.556,8.586
16/04/2019 18.00,16/04/2019 20.00,0.583,8.781
16/04/2019 19.00,16/04/2019 21.00,0.618,9.053
16/04/2019 20.00,16/04/2019 22.00,0.642,9.251
16/04/2019 21.00,16/04/2019 23.00,0.682,9.581
16/04/2019 22.00,17/04/2019 00.00,0.704,9.786
16/04/2019 23.00,17/04/2019 01.00,0.71,9.838
17/04/2019 00.00,17/04/2019 02.00,0.719,9.914
17/04/2019 01.00,17/04/2019 03.00,0.731,10.031
17/04/2019 02.00,17/04/2019 04.00,0.78,10.542
17/04/2019 03.00,17/04/2019 05.00,0.765,10.371
17/04/2019 04.00,17/04/2019 06.00,0.75,10.225
17/04/2019 05.00,17/04/2019 07.00,0.681,9.576
17/04/2019 06.00,17/04/2019 08.00,0.612,9.009
17/04/2019 07.00,17/04/2019 09.00,0.574,8.723
17/04/2019 08.00,17/04/2019 10.00,0.564,8.644
17/04/2019 09.00,17/04/2019 11.00,0.559,8.608
17/04/2019 10.00,17/04/2019 12.00,0.556,8.585
17/04/2019 11.00,17/04/2019 13.00,0.54,8.466
17/04/2019 12.00,17/04/2019 14.00,0.513,8.26
17/04/2019 13.00,17/04/2019 15.00,0.483,8.045
17/04/2019 14.00,17/04/2019 16.00,0.456,7.849
17/04/2019 15.00,17/04/2019 17.00,0.429,7.648
17/04/2019 16.00,17/04/2019 18.00,0.376,7.264
17/04/2019 17.00,17/04/2019 19.00,0.416,7.566
17/04/2019 18.00,17/04/2019 20.00,0.523,8.337
17/04/2019 19.00,17/04/2019 21.00,0.566,8.651
17/04/2019 20.00,17/04/2019 22.00,0.544,8.492
17/04/2019 21.00,17/04/2019 23.00,0.503,8.194
17/04/2019 22.00,18/04/2019 00.00,0.462,7.893
17/04/2019 23.00,18/04/2019 01.00,0.421,7.595
18/04/2019 00.00,18/04/2019 02.00,0.386,7.336
18/04/2019 01.00,18/04/2019 03.00,0.361,7.149
18/04/2019 02.00,18/04/2019 04.00,0.347,7.052
18/04/2019 03.00,18/04/2019 05.00,0.35,7.07
18/04/2019 04.00,18/04/2019 06.00,0.355,7.111
18/04/2019 05.00,18/04/2019 07.00,0.336,6.957
18/04/2019 06.00,18/04/2019 08.00,0.238,6.159
18/04/2019 07.00,18/04/2019 09.00,0.157,5.358
18/04/2019 08.00,18/04/2019 10.00,0.211,5.91
18/04/2019 09.00,18/04/2019 11.00,0.278,6.498
18/04/2019 10.00,18/04/2019 12.00,0.319,6.826
18/04/2019 11.00,18/04/2019 13.00,0.349,7.065
18/04/2019 12.00,18/04/2019 14.00,0.364,7.174
18/04/2019 13.00,18/04/2019 15.00,0.367,7.194
18/04/2019 14.00,18/04/2019 16.00,0.364,7.176
18/04/2019 15.00,18/04/2019 17.00,0.348,7.06
18/04/2019 16.00,18/04/2019 18.00,0.311,6.757
18/04/2019 17.00,18/04/2019 19.00,0.315,6.801
18/04/2019 18.00,18/04/2019 20.00,0.337,6.964
18/04/2019 19.00,18/04/2019 21.00,0.332,6.923
18/04/2019 20.00,18/04/2019 22.00,0.311,6.769
18/04/2019 21.00,18/04/2019 23.00,0.311,6.755
18/04/2019 22.00,19/04/2019 00.00,0.324,6.867
18/04/2019 23.00,19/04/2019 01.00,0.334,6.944
19/04/2019 00.00,19/04/2019 02.00,0.332,6.93
19/04/2019 01.00,19/04/2019 03.00,0.319,6.827
19/04/2019 02.00,19/04/2019 04.00,0.303,6.702
19/04/2019 03.00,19/04/2019 05.00,0.283,6.539
19/04/2019 04.00,19/04/2019 06.00,0.265,6.389
19/04/2019 05.00,19/04/2019 07.00,0.238,6.157
19/04/2019 06.00,19/04/2019 08.00,0.161,5.396
19/04/2019 07.00,19/04/2019 09.00,0.101,4.656
19/04/2019 08.00,19/04/2019 10.00,0.109,4.776
19/04/2019 09.00,19/04/2019 11.00,0.153,5.306
19/04/2019 10.00,19/04/2019 12.00,0.14,5.166
19/04/2019 11.00,19/04/2019 13.00,0.124,4.964
19/04/2019 12.00,19/04/2019 14.00,0.112,4.817
19/04/2019 13.00,19/04/2019 15.00,0.105,4.719
19/04/2019 14.00,19/04/2019 16.00,0.101,4.656
19/04/2019 15.00,19/04/2019 17.00,0.095,4.58
19/04/2019 16.00,19/04/2019 18.00,0.09,4.514
19/04/2019 17.00,19/04/2019 19.00,0.094,4.561
19/04/2019 18.00,19/04/2019 20.00,0.103,4.69
19/04/2019 19.00,19/04/2019 21.00,0.101,4.662
19/04/2019 20.00,19/04/2019 22.00,0.085,4.427
19/04/2019 21.00,19/04/2019 23.00,0.068,4.157
19/04/2019 22.00,20/04/2019 00.00,0.057,3.948
19/04/2019 23.00,20/04/2019 01.00,0.047,3.778
20/04/2019 00.00,20/04/2019 02.00,0.042,3.654
20/04/2019 01.00,20/04/2019 03.00,0.036,3.536
20/04/2019 02.00,20/04/2019 04.00,0.029,3.344
20/04/2019 03.00,20/04/2019 05.00,0.014,2.888
20/04/2019 04.00,20/04/2019 06.00,0.006,2.436
20/04/2019 05.00,20/04/2019 07.00,0.004,2.34
20/04/2019 06.00,20/04/2019 08.00,0.005,2.403
20/04/2019 07.00,20/04/2019 09.00,0.006,2.465
20/04/2019 08.00,20/04/2019 10.00,0.006,2.473
20/04/2019 09.00,20/04/2019 11.00,0.004,2.268
20/04/2019 10.00,20/04/2019 12.00,0.002,2.111
20/04/2019 11.00,20/04/2019 13.00,0.01,2.701
20/04/2019 12.00,20/04/2019 14.00,0.024,3.203
20/04/2019 13.00,20/04/2019 15.00,0.039,3.594
20/04/2019 14.00,20/04/2019 16.00,0.059,3.994
20/04/2019 15.00,20/04/2019 17.00,0.089,4.491
20/04/2019 16.00,20/04/2019 18.00,0.13,5.04
20/04/2019 17.00,20/04/2019 19.00,0.184,5.644
20/04/2019 18.00,20/04/2019 20.00,0.225,6.033
20/04/2019 19.00,20/04/2019 21.00,0.217,5.953
20/04/2019 20.00,20/04/2019 22.00,0.183,5.637
20/04/2019 21.00,20/04/2019 23.00,0.139,5.155
20/04/2019 22.00,21/04/2019 00.00,0.1,4.641
20/04/2019 23.00,21/04/2019 01.00,0.077,4.304
21/04/2019 00.00,21/04/2019 02.00,0.072,4.228
21/04/2019 01.00,21/04/2019 03.00,0.076,4.294
21/04/2019 02.00,21/04/2019 04.00,0.082,4.372
21/04/2019 03.00,21/04/2019 05.00,0.088,4.474
21/04/2019 04.00,21/04/2019 06.00,0.099,4.627
21/04/2019 05.00,21/04/2019 07.00,0.11,4.778
21/04/2019 06.00,21/04/2019 08.00,0.095,4.588
21/04/2019 07.00,21/04/2019 09.00,0.07,4.188
21/04/2019 08.00,21/04/2019 10.00,0.074,4.26
21/04/2019 09.00,21/04/2019 11.00,0.078,4.323
21/04/2019 10.00,21/04/2019 12.00,0.077,4.306
21/04/2019 11.00,21/04/2019 13.00,0.073,4.252
21/04/2019 12.00,21/04/2019 14.00,0.067,4.135
21/04/2019 13.00,21/04/2019 15.00,0.058,3.978
21/04/2019 14.00,21/04/2019 16.00,0.05,3.821
21/04/2019 15.00,21/04/2019 17.00,0.044,3.704
21/04/2019 16.00,21/04/2019 18.00,0.039,3.597
21/04/2019 17.00,21/04/2019 19.00,0.036,3.54
21/04/2019 18.00,21/04/2019 20.00,0.038,3.586
21/04/2019 19.00,21/04/2019 21.00,0.032,3.433
21/04/2019 20.00,21/04/2019 22.00,0.027,3.305
21/04/2019 21.00,21/04/2019 23.00,0.04,3.61
21/04/2019 22.00,22/04/2019 00.00,0.088,4.483
21/04/2019 23.00,22/04/2019 01.00,0.159,5.383
22/04/2019 00.00,22/04/2019 02.00,0.227,6.052
22/04/2019 01.00,22/04/2019 03.00,0.272,6.443
22/04/2019 02.00,22/04/2019 04.00,0.294,6.625
22/04/2019 03.00,22/04/2019 05.00,0.308,6.738
22/04/2019 04.00,22/04/2019 06.00,0.328,6.899
22/04/2019 05.00,22/04/2019 07.00,0.335,6.953
22/04/2019 06.00,22/04/2019 08.00,0.261,6.356
22/04/2019 07.00,22/04/2019 09.00,0.222,6.004
22/04/2019 08.00,22/04/2019 10.00,0.344,7.029
22/04/2019 09.00,22/04/2019 11.00,0.435,7.704
22/04/2019 10.00,22/04/2019 12.00,0.519,8.31
22/04/2019 11.00,22/04/2019 13.00,0.607,8.977
22/04/2019 12.00,22/04/2019 14.00,0.682,9.584
22/04/2019 13.00,22/04/2019 15.00,0.736,10.074
22/04/2019 14.00,22/04/2019 16.00,0.778,10.515
22/04/2019 15.00,22/04/2019 17.00,0.812,10.912
22/04/2019 16.00,22/04/2019 18.00,0.806,10.835
22/04/2019 17.00,22/04/2019 19.00,0.777,10.508
22/04/2019 18.00,22/04/2019 20.00,0.784,10.576
22/04/2019 19.00,22/04/2019 21.00,0.786,10.603
22/04/2019 20.00,22/04/2019 22.00,0.785,10.593
22/04/2019 21.00,22/04/2019 23.00,0.787,10.613
22/04/2019 22.00,23/04/2019 00.00,0.777,10.493
22/04/2019 23.00,23/04/2019 01.00,0.765,10.367
23/04/2019 00.00,23/04/2019 02.00,0.737,10.091
23/04/2019 01.00,23/04/2019 03.00,0.726,9.983
23/04/2019 02.00,23/04/2019 04.00,0.724,9.964
23/04/2019 03.00,23/04/2019 05.00,0.724,9.961
23/04/2019 04.00,23/04/2019 06.00,0.727,9.993
23/04/2019 05.00,23/04/2019 07.00,0.75,10.215
23/04/2019 06.00,23/04/2019 08.00,0.746,10.171
23/04/2019 07.00,23/04/2019 09.00,0.827,11.095
23/04/2019 08.00,23/04/2019 10.00,0.912,12.576
23/04/2019 09.00,23/04/2019 11.00,0.956,13.897
23/04/2019 10.00,23/04/2019 12.00,0.973,14.74
23/04/2019 11.00,23/04/2019 13.00,0.982,15.35
23/04/2019 12.00,23/04/2019 14.00,0.986,15.825
23/04/2019 13.00,23/04/2019 15.00,0.988,16.07
23/04/2019 14.00,23/04/2019 16.00,0.988,16.11
23/04/2019 15.00,23/04/2019 17.00,0.988,16.081
23/04/2019 16.00,23/04/2019 18.00,0.982,15.394
23/04/2019 17.00,23/04/2019 19.00,0.973,14.747
23/04/2019 18.00,23/04/2019 20.00,0.964,14.22
23/04/2019 19.00,23/04/2019 21.00,0.955,13.857
23/04/2019 20.00,23/04/2019 22.00,0.949,13.64
23/04/2019 21.00,23/04/2019 23.00,0.923,12.839
23/04/2019 22.00,24/04/2019 00.00,0.903,12.372
23/04/2019 23.00,24/04/2019 01.00,0.891,12.13
24/04/2019 00.00,24/04/2019 02.00,0.887,12.053
24/04/2019 01.00,24/04/2019 03.00,0.874,11.816
24/04/2019 02.00,24/04/2019 04.00,0.843,11.325
24/04/2019 03.00,24/04/2019 05.00,0.846,11.366
24/04/2019 04.00,24/04/2019 06.00,0.885,12.004
24/04/2019 05.00,24/04/2019 07.00,0.854,11.5
24/04/2019 06.00,24/04/2019 08.00,0.831,11.151
24/04/2019 07.00,24/04/2019 09.00,0.883,11.971
24/04/2019 08.00,24/04/2019 10.00,0.912,12.572
24/04/2019 09.00,24/04/2019 11.00,0.935,13.162
24/04/2019 10.00,24/04/2019 12.00,0.947,13.529
24/04/2019 11.00,24/04/2019 13.00,0.945,13.469
24/04/2019 12.00,24/04/2019 14.00,0.936,13.202
24/04/2019 13.00,24/04/2019 15.00,0.919,12.74
24/04/2019 14.00,24/04/2019 16.00,0.885,12.016
24/04/2019 15.00,24/04/2019 17.00,0.863,11.64
24/04/2019 16.00,24/04/2019 18.00,0.839,11.265
24/04/2019 17.00,24/04/2019 19.00,0.836,11.23
24/04/2019 18.00,24/04/2019 20.00,0.837,11.242
24/04/2019 19.00,24/04/2019 21.00,0.831,11.159
24/04/2019 20.00,24/04/2019 22.00,0.809,10.866
24/04/2019 21.00,24/04/2019 23.00,0.77,10.421
24/04/2019 22.00,25/04/2019 00.00,0.771,10.433
24/04/2019 23.00,25/04/2019 01.00,0.74,10.121
25/04/2019 00.00,25/04/2019 02.00,0.727,9.992
25/04/2019 01.00,25/04/2019 03.00,0.749,10.207
25/04/2019 02.00,25/04/2019 04.00,0.75,10.211
25/04/2019 03.00,25/04/2019 05.00,0.724,9.967
25/04/2019 04.00,25/04/2019 06.00,0.659,9.39
25/04/2019 05.00,25/04/2019 07.00,0.561,8.622
25/04/2019 06.00,25/04/2019 08.00,0.459,7.875
25/04/2019 07.00,25/04/2019 09.00,0.357,7.117
25/04/2019 08.00,25/04/2019 10.00,0.244,6.202
25/04/2019 09.00,25/04/2019 11.00,0.225,6.038
25/04/2019 10.00,25/04/2019 12.00,0.233,6.111
25/04/2019 11.00,25/04/2019 13.00,0.234,6.116
25/04/2019 12.00,25/04/2019 14.00,0.21,5.897
25/04/2019 13.00,25/04/2019 15.00,0.136,5.121
25/04/2019 14.00,25/04/2019 16.00,0.079,4.336
25/04/2019 15.00,25/04/2019 17.00,0.082,4.372
25/04/2019 16.00,25/04/2019 18.00,0.108,4.767
25/04/2019 17.00,25/04/2019 19.00,0.149,5.268
25/04/2019 18.00,25/04/2019 20.00,0.278,6.497
25/04/2019 19.00,25/04/2019 21.00,0.443,7.757
25/04/2019 20.00,25/04/2019 22.00,0.535,8.426
25/04/2019 21.00,25/04/2019 23.00,0.566,8.659
25/04/2019 22.00,26/04/2019 00.00,0.568,8.676
25/04/2019 23.00,26/04/2019 01.00,0.552,8.555
26/04/2019 00.00,26/04/2019 02.00,0.608,8.982
26/04/2019 01.00,26/04/2019 03.00,0.677,9.542
26/04/2019 02.00,26/04/2019 04.00,0.69,9.661
26/04/2019 03.00,26/04/2019 05.00,0.659,9.393
26/04/2019 04.00,26/04/2019 06.00,0.626,9.126
26/04/2019 05.00,26/04/2019 07.00,0.663,9.417
26/04/2019 06.00,26/04/2019 08.00,0.708,9.82
26/04/2019 07.00,26/04/2019 09.00,0.661,9.412
26/04/2019 08.00,26/04/2019 10.00,0.623,9.101
26/04/2019 09.00,26/04/2019 11.00,0.61,8.988
26/04/2019 10.00,26/04/2019 12.00,0.588,8.825
26/04/2019 11.00,26/04/2019 13.00,0.547,8.521
26/04/2019 12.00,26/04/2019 14.00,0.404,7.479
26/04/2019 13.00,26/04/2019 15.00,0.24,6.167
26/04/2019 14.00,26/04/2019 16.00,0.192,5.714
26/04/2019 15.00,26/04/2019 17.00,0.209,5.89
26/04/2019 16.00,26/04/2019 18.00,0.294,6.623
26/04/2019 17.00,26/04/2019 19.00,0.369,7.219
26/04/2019 18.00,26/04/2019 20.00,0.425,7.623
26/04/2019 19.00,26/04/2019 21.00,0.475,7.986
26/04/2019 20.00,26/04/2019 22.00,0.501,8.173
26/04/2019 21.00,26/04/2019 23.00,0.502,8.192
26/04/2019 22.00,27/04/2019 00.00,0.518,8.298
26/04/2019 23.00,27/04/2019 01.00,0.466,7.929
27/04/2019 00.00,27/04/2019 02.00,0.435,7.706
27/04/2019 01.00,27/04/2019 03.00,0.364,7.172
27/04/2019 02.00,27/04/2019 04.00,0.22,5.989
27/04/2019 03.00,27/04/2019 05.00,0.137,5.129
27/04/2019 04.00,27/04/2019 06.00,0.12,4.916
27/04/2019 05.00,27/04/2019 07.00,0.114,4.842
27/04/2019 06.00,27/04/2019 08.00,0.135,5.102
27/04/2019 07.00,27/04/2019 09.00,0.135,5.102
27/04/2019 08.00,27/04/2019 10.00,0.122,4.942
27/04/2019 09.00,27/04/2019 11.00,0.147,5.248
27/04/2019 10.00,27/04/2019 12.00,0.178,5.575
27/04/2019 11.00,27/04/2019 13.00,0.158,5.373
27/04/2019 12.00,27/04/2019 14.00,0.135,5.103
27/04/2019 13.00,27/04/2019 15.00,0.133,5.078
27/04/2019 14.00,27/04/2019 16.00,0.125,4.977
27/04/2019 15.00,27/04/2019 17.00,0.105,4.727
27/04/2019 16.00,27/04/2019 18.00,0.094,4.565
27/04/2019 17.00,27/04/2019 19.00,0.063,4.068
27/04/2019 18.00,27/04/2019 20.00,0.038,3.572
27/04/2019 19.00,27/04/2019 21.00,0.019,3.043
27/04/2019 20.00,27/04/2019 22.00,0.007,2.519
27/04/2019 21.00,27/04/2019 23.00,0.009,2.621
27/04/2019 22.00,28/04/2019 00.00,0.017,2.992
27/04/2019 23.00,28/04/2019 01.00,0.03,3.378
28/04/2019 00.00,28/04/2019 02.00,0.042,3.672
28/04/2019 01.00,28/04/2019 03.00,0.057,3.951
28/04/2019 02.00,28/04/2019 04.00,0.072,4.219
28/04/2019 03.00,28/04/2019 05.00,0.08,4.356
28/04/2019 04.00,28/04/2019 06.00,0.101,4.66
28/04/2019 05.00,28/04/2019 07.00,0.121,4.936
28/04/2019 06.00,28/04/2019 08.00,0.103,4.692
28/04/2019 07.00,28/04/2019 09.00,0.088,4.474
28/04/2019 08.00,28/04/2019 10.00,0.086,4.446
28/04/2019 09.00,28/04/2019 11.00,0.096,4.596
28/04/2019 10.00,28/04/2019 12.00,0.13,5.035
28/04/2019 11.00,28/04/2019 13.00,0.159,5.376
28/04/2019 12.00,28/04/2019 14.00,0.167,5.453
28/04/2019 13.00,28/04/2019 15.00,0.173,5.525
28/04/2019 14.00,28/04/2019 16.00,0.187,5.675
28/04/2019 15.00,28/04/2019 17.00,0.235,6.124
28/04/2019 16.00,28/04/2019 18.00,0.289,6.588
28/04/2019 17.00,28/04/2019 19.00,0.297,6.657
28/04/2019 18.00,28/04/2019 20.00,0.289,6.583
28/04/2019 19.00,28/04/2019 21.00,0.283,6.54
28/04/2019 20.00,28/04/2019 22.00,0.278,6.489
28/04/2019 21.00,28/04/2019 23.00,0.259,6.33
28/04/2019 22.00,29/04/2019 00.00,0.237,6.143
28/04/2019 23.00,29/04/2019 01.00,0.199,5.78
29/04/2019 00.00,29/04/2019 02.00,0.146,5.238
29/04/2019 01.00,29/04/2019 03.00,0.113,4.833
29/04/2019 02.00,29/04/2019 04.00,0.101,4.66
29/04/2019 03.00,29/04/2019 05.00,0.104,4.707
29/04/2019 04.00,29/04/2019 06.00,0.115,4.85
29/04/2019 05.00,29/04/2019 07.00,0.108,4.764
29/04/2019 06.00,29/04/2019 08.00,0.104,4.714
29/04/2019 07.00,29/04/2019 09.00,0.125,4.977
29/04/2019 08.00,29/04/2019 10.00,0.151,5.285
29/04/2019 09.00,29/04/2019 11.00,0.177,5.56
29/04/2019 10.00,29/04/2019 12.00,0.208,5.88
29/04/2019 11.00,29/04/2019 13.00,0.253,6.284
29/04/2019 12.00,29/04/2019 14.00,0.284,6.549
29/04/2019 13.00,29/04/2019 15.00,0.301,6.684
29/04/2019 14.00,29/04/2019 16.00,0.316,6.805
29/04/2019 15.00,29/04/2019 17.00,0.311,6.759
29/04/2019 16.00,29/04/2019 18.00,0.273,6.455
29/04/2019 17.00,29/04/2019 19.00,0.249,6.249
29/04/2019 18.00,29/04/2019 20.00,0.267,6.407
29/04/2019 19.00,29/04/2019 21.00,0.28,6.516
29/04/2019 20.00,29/04/2019 22.00,0.299,6.665
29/04/2019 21.00,29/04/2019 23.00,0.343,7.016
29/04/2019 22.00,30/04/2019 00.00,0.394,7.393
29/04/2019 23.00,30/04/2019 01.00,0.42,7.581
30/04/2019 00.00,30/04/2019 02.00,0.422,7.61
30/04/2019 01.00,30/04/2019 03.00,0.413,7.545
30/04/2019 02.00,30/04/2019 04.00,0.408,7.503
30/04/2019 03.00,30/04/2019 05.00,0.407,7.498
30/04/2019 04.00,30/04/2019 06.00,0.415,7.56
30/04/2019 05.00,30/04/2019 07.00,0.355,7.105
30/04/2019 06.00,30/04/2019 08.00,0.284,6.552
30/04/2019 07.00,30/04/2019 09.00,0.306,6.725
30/04/2019 08.00,30/04/2019 10.00,0.434,7.698
30/04/2019 09.00,30/04/2019 11.00,0.491,8.106
30/04/2019 10.00,30/04/2019 12.00,0.513,8.271
30/04/2019 11.00,30/04/2019 13.00,0.534,8.417
30/04/2019 12.00,30/04/2019 14.00,0.561,8.623
30/04/2019 13.00,30/04/2019 15.00,0.57,8.686
30/04/2019 14.00,30/04/2019 16.00,0.55,8.532
30/04/2019 15.00,30/04/2019 17.00,0.523,8.34
30/04/2019 16.00,30/04/2019 18.00,0.498,8.152
30/04/2019 17.00,30/04/2019 19.00,0.479,8.018
30/04/2019 18.00,30/04/2019 20.00,0.495,8.141
30/04/2019 19.00,30/04/2019 21.00,0.535,8.42
30/04/2019 20.00,30/04/2019 22.00,0.559,8.612
30/04/2019 21.00,30/04/2019 23.00,0.578,8.748
30/04/2019 22.00,01/05/2019 00.00,0.619,9.073
30/04/2019 23.00,01/05/2019 01.00,0.677,9.547
01/05/2019 00.00,01/05/2019 02.00,0.687,9.634
01/05/2019 01.00,01/05/2019 03.00,0.72,9.922
01/05/2019 02.00,01/05/2019 04.00,0.77,10.432
01/05/2019 03.00,01/05/2019 05.00,0.798,10.738
01/05/2019 04.00,01/05/2019 06.00,0.84,11.289
01/05/2019 05.00,01/05/2019 07.00,0.86,11.578
01/05/2019 06.00,01/05/2019 08.00,0.862,11.615
01/05/2019 07.00,01/05/2019 09.00,0.866,11.689
01/05/2019 08.00,01/05/2019 10.00,0.874,11.814
01/05/2019 09.00,01/05/2019 11.00,0.89,12.114
01/05/2019 10.00,01/05/2019 12.00,0.906,12.437
01/05/2019 11.00,01/05/2019 13.00,0.92,12.759
01/05/2019 12.00,01/05/2019 14.00,0.935,13.153
01/05/2019 13.00,01/05/2019 15.00,0.946,13.505
01/05/2019 14.00,01/05/2019 16.00,0.952,13.721
01/05/2019 15.00,01/05/2019 17.00,0.953,13.753
01/05/2019 16.00,01/05/2019 18.00,0.955,13.834
01/05/2019 17.00,01/05/2019 19.00,0.951,13.678
01/05/2019 18.00,01/05/2019 20.00,0.943,13.429
01/05/2019 19.00,01/05/2019 21.00,0.951,13.698
01/05/2019 20.00,01/05/2019 22.00,0.954,13.802
01/05/2019 21.00,01/05/2019 23.00,0.959,13.987
01/05/2019 22.00,02/05/2019 00.00,0.959,14.001
01/05/2019 23.00,02/05/2019 01.00,0.961,14.095
02/05/2019 00.00,02/05/2019 02.00,0.965,14.302
02/05/2019 01.00,02/05/2019 03.00,0.97,14.549
02/05/2019 02.00,02/05/2019 04.00,0.975,14.884
02/05/2019 03.00,02/05/2019 05.00,0.978,15.024
02/05/2019 04.00,02/05/2019 06.00,0.975,14.842
02/05/2019 05.00,02/05/2019 07.00,0.972,14.66
02/05/2019 06.00,02/05/2019 08.00,0.974,14.778
02/05/2019 07.00,02/05/2019 09.00,0.971,14.63
02/05/2019 08.00,02/05/2019 10.00,0.963,14.165
02/05/2019 09.00,02/05/2019 11.00,0.955,13.825
02/05/2019 10.00,02/05/2019 12.00,0.953,13.783
02/05/2019 11.00,02/05/2019 13.00,0.957,13.936
02/05/2019 12.00,02/05/2019 14.00,0.963,14.178
02/05/2019 13.00,02/05/2019 15.00,0.968,14.438
02/05/2019 14.00,02/05/2019 16.00,0.969,14.517
02/05/2019 15.00,02/05/2019 17.00,0.965,14.302
02/05/2019 16.00,02/05/2019 18.00,0.953,13.761
02/05/2019 17.00,02/05/2019 19.00,0.926,12.902
02/05/2019 18.00,02/05/2019 20.00,0.902,12.347
02/05/2019 19.00,02/05/2019 21.00,0.88,11.921
02/05/2019 20.00,02/05/2019 22.00,0.837,11.247
02/05/2019 21.00,02/05/2019 23.00,0.822,11.044
02/05/2019 22.00,03/05/2019 00.00,0.815,10.955
02/05/2019 23.00,03/05/2019 01.00,0.806,10.832
03/05/2019 00.00,03/05/2019 02.00,0.79,10.645
03/05/2019 01.00,03/05/2019 03.00,0.77,10.42
03/05/2019 02.00,03/05/2019 04.00,0.767,10.392
03/05/2019 03.00,03/05/2019 05.00,0.758,10.3
03/05/2019 04.00,03/05/2019 06.00,0.73,10.023
03/05/2019 05.00,03/05/2019 07.00,0.703,9.774
03/05/2019 06.00,03/05/2019 08.00,0.8,10.758
03/05/2019 07.00,03/05/2019 09.00,0.832,11.182
03/05/2019 08.00,03/05/2019 10.00,0.861,11.594
03/05/2019 09.00,03/05/2019 11.00,0.877,11.877
03/05/2019 10.00,03/05/2019 12.00,0.891,12.124
03/05/2019 11.00,03/05/2019 13.00,0.908,12.485
03/05/2019 12.00,03/05/2019 14.00,0.921,12.801
03/05/2019 13.00,03/05/2019 15.00,0.923,12.836
03/05/2019 14.00,03/05/2019 16.00,0.913,12.584
03/05/2019 15.00,03/05/2019 17.00,0.897,12.258
03/05/2019 16.00,03/05/2019 18.00,0.86,11.578
03/05/2019 17.00,03/05/2019 19.00,0.773,10.466
03/05/2019 18.00,03/05/2019 20.00,0.685,9.613
03/05/2019 19.00,03/05/2019 21.00,0.61,8.993
03/05/2019 20.00,03/05/2019 22.00,0.564,8.645
03/05/2019 21.00,03/05/2019 23.00,0.579,8.755
03/05/2019 22.00,04/05/2019 00.00,0.608,8.98
03/05/2019 23.00,04/05/2019 01.00,0.652,9.334
04/05/2019 00.00,04/05/2019 02.00,0.695,9.693
04/05/2019 01.00,04/05/2019 03.00,0.701,9.753
04/05/2019 02.00,04/05/2019 04.00,0.734,10.061
04/05/2019 03.00,04/05/2019 05.00,0.741,10.132
04/05/2019 04.00,04/05/2019 06.00,0.716,9.89
04/05/2019 05.00,04/05/2019 07.00,0.72,9.93
04/05/2019 06.00,04/05/2019 08.00,0.793,10.686
04/05/2019 07.00,04/05/2019 09.00,0.785,10.583
04/05/2019 08.00,04/05/2019 10.00,0.715,9.883
04/05/2019 09.00,04/05/2019 11.00,0.656,9.367
04/05/2019 10.00,04/05/2019 12.00,0.618,9.058
04/05/2019 11.00,04/05/2019 13.00,0.58,8.764
04/05/2019 12.00,04/05/2019 14.00,0.53,8.391
04/05/2019 13.00,04/05/2019 15.00,0.485,8.064
04/05/2019 14.00,04/05/2019 16.00,0.466,7.928
04/05/2019 15.00,04/05/2019 17.00,0.466,7.924
04/05/2019 16.00,04/05/2019 18.00,0.449,7.802
04/05/2019 17.00,04/05/2019 19.00,0.382,7.314
04/05/2019 18.00,04/05/2019 20.00,0.364,7.179
04/05/2019 19.00,04/05/2019 21.00,0.386,7.337
04/05/2019 20.00,04/05/2019 22.00,0.384,7.324
04/05/2019 21.00,04/05/2019 23.00,0.356,7.116
04/05/2019 22.00,05/05/2019 00.00,0.328,6.889
04/05/2019 23.00,05/05/2019 01.00,0.302,6.697
05/05/2019 00.00,05/05/2019 02.00,0.292,6.614
05/05/2019 01.00,05/05/2019 03.00,0.306,6.724
05/05/2019 02.00,05/05/2019 04.00,0.348,7.053
05/05/2019 03.00,05/05/2019 05.00,0.417,7.572
05/05/2019 04.00,05/05/2019 06.00,0.501,8.174
05/05/2019 05.00,05/05/2019 07.00,0.513,8.271
05/05/2019 06.00,05/05/2019 08.00,0.601,8.931
05/05/2019 07.00,05/05/2019 09.00,0.682,9.591
05/05/2019 08.00,05/05/2019 10.00,0.728,10.004
05/05/2019 09.00,05/05/2019 11.00,0.751,10.227
05/05/2019 10.00,05/05/2019 12.00,0.762,10.344
05/05/2019 11.00,05/05/2019 13.00,0.774,10.471
05/05/2019 12.00,05/05/2019 14.00,0.796,10.726
05/05/2019 13.00,05/05/2019 15.00,0.827,11.1
05/05/2019 14.00,05/05/2019 16.00,0.851,11.441
05/05/2019 15.00,05/05/2019 17.00,0.868,11.717
05/05/2019 16.00,05/05/2019 18.00,0.877,11.869
05/05/2019 17.00,05/05/2019 19.00,0.851,11.443
05/05/2019 18.00,05/05/2019 20.00,0.815,10.954
05/05/2019 19.00,05/05/2019 21.00,0.789,10.636
05/05/2019 20.00,05/05/2019 22.00,0.778,10.515
05/05/2019 21.00,05/05/2019 23.00,0.757,10.296
05/05/2019 22.00,06/05/2019 00.00,0.741,10.131
05/05/2019 23.00,06/05/2019 01.00,0.739,10.113
06/05/2019 00.00,06/05/2019 02.00,0.75,10.21
06/05/2019 01.00,06/05/2019 03.00,0.73,10.026
06/05/2019 02.00,06/05/2019 04.00,0.728,10.002
06/05/2019 03.00,06/05/2019 05.00,0.721,9.936
06/05/2019 04.00,06/05/2019 06.00,0.717,9.898
06/05/2019 05.00,06/05/2019 07.00,0.701,9.753
06/05/2019 06.00,06/05/2019 08.00,0.768,10.41
06/05/2019 07.00,06/05/2019 09.00,0.82,11.02
06/05/2019 08.00,06/05/2019 10.00,0.84,11.283
06/05/2019 09.00,06/05/2019 11.00,0.851,11.448
06/05/2019 10.00,06/05/2019 12.00,0.859,11.573
06/05/2019 11.00,06/05/2019 13.00,0.867,11.701
06/05/2019 12.00,06/05/2019 14.00,0.873,11.806
06/05/2019 13.00,06/05/2019 15.00,0.879,11.906
06/05/2019 14.00,06/05/2019 16.00,0.883,11.98
06/05/2019 15.00,06/05/2019 17.00,0.88,11.925
06/05/2019 16.00,06/05/2019 18.00,0.866,11.676
06/05/2019 17.00,06/05/2019 19.00,0.837,11.242
06/05/2019 18.00,06/05/2019 20.00,0.832,11.168
06/05/2019 19.00,06/05/2019 21.00,0.839,11.269
06/05/2019 20.00,06/05/2019 22.00,0.831,11.147
06/05/2019 21.00,06/05/2019 23.00,0.812,10.901
06/05/2019 22.00,07/05/2019 00.00,0.8,10.768
06/05/2019 23.00,07/05/2019 01.00,0.795,10.704
07/05/2019 00.00,07/05/2019 02.00,0.794,10.7
07/05/2019 01.00,07/05/2019 03.00,0.8,10.767
07/05/2019 02.00,07/05/2019 04.00,0.811,10.896
07/05/2019 03.00,07/05/2019 05.00,0.808,10.85
07/05/2019 04.00,07/05/2019 06.00,0.773,10.467
07/05/2019 05.00,07/05/2019 07.00,0.75,10.214
07/05/2019 06.00,07/05/2019 08.00,0.826,11.088
07/05/2019 07.00,07/05/2019 09.00,0.816,10.961
07/05/2019 08.00,07/05/2019 10.00,0.8,10.76
07/05/2019 09.00,07/05/2019 11.00,0.791,10.66
07/05/2019 10.00,07/05/2019 12.00,0.794,10.702
07/05/2019 11.00,07/05/2019 13.00,0.803,10.801
07/05/2019 12.00,07/05/2019 14.00,0.808,10.865
07/05/2019 13.00,07/05/2019 15.00,0.808,10.862
07/05/2019 14.00,07/05/2019 16.00,0.794,10.703
07/05/2019 15.00,07/05/2019 17.00,0.756,10.284
07/05/2019 16.00,07/05/2019 18.00,0.689,9.643
07/05/2019 17.00,07/05/2019 19.00,0.591,8.853
07/05/2019 18.00,07/05/2019 20.00,0.52,8.314
07/05/2019 19.00,07/05/2019 21.00,0.51,8.246
07/05/2019 20.00,07/05/2019 22.00,0.512,8.256
07/05/2019 21.00,07/05/2019 23.00,0.509,8.234
07/05/2019 22.00,08/05/2019 00.00,0.486,8.07
07/05/2019 23.00,08/05/2019 01.00,0.438,7.722
08/05/2019 00.00,08/05/2019 02.00,0.379,7.282
08/05/2019 01.00,08/05/2019 03.00,0.311,6.765
08/05/2019 02.00,08/05/2019 04.00,0.241,6.179
08/05/2019 03.00,08/05/2019 05.00,0.181,5.607
08/05/2019 04.00,08/05/2019 06.00,0.137,5.123
08/05/2019 05.00,08/05/2019 07.00,0.089,4.5
08/05/2019 06.00,08/05/2019 08.00,0.062,4.053
08/05/2019 07.00,08/05/2019 09.00,0.054,3.909
08/05/2019 08.00,08/05/2019 10.00,0.054,3.916
08/05/2019 09.00,08/05/2019 11.00,0.057,3.963
08/05/2019 10.00,08/05/2019 12.00,0.072,4.222
08/05/2019 11.00,08/05/2019 13.00,0.107,4.744
08/05/2019 12.00,08/05/2019 14.00,0.159,5.381
08/05/2019 13.00,08/05/2019 15.00,0.236,6.139
08/05/2019 14.00,08/05/2019 16.00,0.331,6.918
08/05/2019 15.00,08/05/2019 17.00,0.397,7.416
08/05/2019 16.00,08/05/2019 18.00,0.459,7.877
08/05/2019 17.00,08/05/2019 19.00,0.574,8.712
08/05/2019 18.00,08/05/2019 20.00,0.676,9.534
08/05/2019 19.00,08/05/2019 21.00,0.718,9.909
08/05/2019 20.00,08/05/2019 22.00,0.76,10.32
08/05/2019 21.00,08/05/2019 23.00,0.776,10.489
08/05/2019 22.00,09/05/2019 00.00,0.781,10.555
08/05/2019 23.00,09/05/2019 01.00,0.783,10.574
09/05/2019 00.00,09/05/2019 02.00,0.765,10.368
09/05/2019 01.00,09/05/2019 03.00,0.718,9.91
09/05/2019 02.00,09/05/2019 04.00,0.647,9.297
09/05/2019 03.00,09/05/2019 05.00,0.562,8.628
09/05/2019 04.00,09/05/2019 06.00,0.46,7.887
09/05/2019 05.00,09/05/2019 07.00,0.357,7.117
09/05/2019 06.00,09/05/2019 08.00,0.27,6.432
09/05/2019 07.00,09/05/2019 09.00,0.228,6.068
09/05/2019 08.00,09/05/2019 10.00,0.238,6.157
09/05/2019 09.00,09/05/2019 11.00,0.274,6.47
09/05/2019 10.00,09/05/2019 12.00,0.325,6.869
09/05/2019 11.00,09/05/2019 13.00,0.362,7.15
09/05/2019 12.00,09/05/2019 14.00,0.395,7.402
09/05/2019 13.00,09/05/2019 15.00,0.414,7.551
09/05/2019 14.00,09/05/2019 16.00,0.42,7.591
09/05/2019 15.00,09/05/2019 17.00,0.395,7.41
09/05/2019 16.00,09/05/2019 18.00,0.352,7.09
09/05/2019 17.00,09/05/2019 19.00,0.319,6.824
09/05/2019 18.00,09/05/2019 20.00,0.362,7.154
09/05/2019 19.00,09/05/2019 21.00,0.465,7.915
09/05/2019 20.00,09/05/2019 22.00,0.556,8.578
09/05/2019 21.00,09/05/2019 23.00,0.59,8.835
09/05/2019 22.00,10/05/2019 00.00,0.557,8.596
09/05/2019 23.00,10/05/2019 01.00,0.494,8.131
10/05/2019 00.00,10/05/2019 02.00,0.439,7.73
10/05/2019 01.00,10/05/2019 03.00,0.401,7.453
10/05/2019 02.00,10/05/2019 04.00,0.376,7.264
10/05/2019 03.00,10/05/2019 05.00,0.368,7.209
10/05/2019 04.00,10/05/2019 06.00,0.332,6.93
10/05/2019 05.00,10/05/2019 07.00,0.311,6.756
10/05/2019 06.00,10/05/2019 08.00,0.294,6.622
10/05/2019 07.00,10/05/2019 09.00,0.282,6.532
10/05/2019 08.00,10/05/2019 10.00,0.293,6.617
10/05/2019 09.00,10/05/2019 11.00,0.342,7.005
10/05/2019 10.00,10/05/2019 12.00,0.438,7.721
10/05/2019 11.00,10/05/2019 13.00,0.558,8.603
10/05/2019 12.00,10/05/2019 14.00,0.672,9.494
10/05/2019 13.00,10/05/2019 15.00,0.746,10.173
10/05/2019 14.00,10/05/2019 16.00,0.786,10.601
10/05/2019 15.00,10/05/2019 17.00,0.806,10.833
10/05/2019 16.00,10/05/2019 18.00,0.814,10.937
10/05/2019 17.00,10/05/2019 19.00,0.804,10.814
10/05/2019 18.00,10/05/2019 20.00,0.78,10.538
10/05/2019 19.00,10/05/2019 21.00,0.776,10.487
10/05/2019 20.00,10/05/2019 22.00,0.757,10.29
10/05/2019 21.00,10/05/2019 23.00,0.761,10.329
10/05/2019 22.00,11/05/2019 00.00,0.758,10.307
10/05/2019 23.00,11/05/2019 01.00,0.748,10.188
11/05/2019 00.00,11/05/2019 02.00,0.737,10.085
11/05/2019 01.00,11/05/2019 03.00,0.722,9.939
11/05/2019 02.00,11/05/2019 04.00,0.703,9.775
11/05/2019 03.00,11/05/2019 05.00,0.673,9.505
11/05/2019 04.00,11/05/2019 06.00,0.613,9.015
11/05/2019 05.00,11/05/2019 07.00,0.527,8.369
11/05/2019 06.00,11/05/2019 08.00,0.616,9.044
11/05/2019 07.00,11/05/2019 09.00,0.637,9.212
11/05/2019 08.00,11/05/2019 10.00,0.656,9.37
11/05/2019 09.00,11/05/2019 11.00,0.683,9.594
11/05/2019 10.00,11/05/2019 12.00,0.718,9.9
11/05/2019 11.00,11/05/2019 13.00,0.751,10.227
11/05/2019 12.00,11/05/2019 14.00,0.777,10.494
11/05/2019 13.00,11/05/2019 15.00,0.795,10.709
11/05/2019 14.00,11/05/2019 16.00,0.815,10.948
11/05/2019 15.00,11/05/2019 17.00,0.831,11.161
11/05/2019 16.00,11/05/2019 18.00,0.835,11.222
11/05/2019 17.00,11/05/2019 19.00,0.819,10.992
11/05/2019 18.00,11/05/2019 20.00,0.791,10.668
11/05/2019 19.00,11/05/2019 21.00,0.798,10.736
11/05/2019 20.00,11/05/2019 22.00,0.806,10.837
11/05/2019 21.00,11/05/2019 23.00,0.819,10.999
11/05/2019 22.00,12/05/2019 00.00,0.819,11.003
11/05/2019 23.00,12/05/2019 01.00,0.812,10.905
12/05/2019 00.00,12/05/2019 02.00,0.8,10.761
12/05/2019 01.00,12/05/2019 03.00,0.789,10.639
12/05/2019 02.00,12/05/2019 04.00,0.781,10.547
12/05/2019 03.00,12/05/2019 05.00,0.762,10.337
12/05/2019 04.00,12/05/2019 06.00,0.7,9.739
12/05/2019 05.00,12/05/2019 07.00,0.664,9.433
12/05/2019 06.00,12/05/2019 08.00,0.701,9.758
12/05/2019 07.00,12/05/2019 09.00,0.651,9.326
12/05/2019 08.00,12/05/2019 10.00,0.613,9.015
12/05/2019 09.00,12/05/2019 11.00,0.599,8.909
12/05/2019 10.00,12/05/2019 12.00,0.613,9.011
12/05/2019 11.00,12/05/2019 13.00,0.663,9.429
12/05/2019 12.00,12/05/2019 14.00,0.738,10.096
12/05/2019 13.00,12/05/2019 15.00,0.8,10.765
12/05/2019 14.00,12/05/2019 16.00,0.841,11.301
12/05/2019 15.00,12/05/2019 17.00,0.852,11.458
12/05/2019 16.00,12/05/2019 18.00,0.846,11.375
12/05/2019 17.00,12/05/2019 19.00,0.829,11.121
12/05/2019 18.00,12/05/2019 20.00,0.826,11.082
12/05/2019 19.00,12/05/2019 21.00,0.83,11.144
12/05/2019 20.00,12/05/2019 22.00,0.812,10.914
12/05/2019 21.00,12/05/2019 23.00,0.791,10.665
12/05/2019 22.00,13/05/2019 00.00,0.768,10.41
12/05/2019 23.00,13/05/2019 01.00,0.75,10.224
13/05/2019 00.00,13/05/2019 02.00,0.744,10.159
13/05/2019 01.00,13/05/2019 03.00,0.74,10.12
13/05/2019 02.00,13/05/2019 04.00,0.731,10.033
13/05/2019 03.00,13/05/2019 05.00,0.713,9.866
13/05/2019 04.00,13/05/2019 06.00,0.633,9.176
13/05/2019 05.00,13/05/2019 07.00,0.588,8.825
13/05/2019 06.00,13/05/2019 08.00,0.642,9.242
13/05/2019 07.00,13/05/2019 09.00,0.635,9.188
13/05/2019 08.00,13/05/2019 10.00,0.652,9.338
13/05/2019 09.00,13/05/2019 11.00,0.69,9.648
13/05/2019 10.00,13/05/2019 12.00,0.695,9.699
13/05/2019 11.00,13/05/2019 13.00,0.677,9.544
13/05/2019 12.00,13/05/2019 14.00,0.647,9.295
13/05/2019 13.00,13/05/2019 15.00,0.597,8.892
13/05/2019 14.00,13/05/2019 16.00,0.521,8.319
13/05/2019 15.00,13/05/2019 17.00,0.442,7.744
13/05/2019 16.00,13/05/2019 18.00,0.372,7.234
13/05/2019 17.00,13/05/2019 19.00,0.311,6.766
13/05/2019 18.00,13/05/2019 20.00,0.305,6.712
13/05/2019 19.00,13/05/2019 21.00,0.35,7.07
13/05/2019 20.00,13/05/2019 22.00,0.353,7.092
13/05/2019 21.00,13/05/2019 23.00,0.296,6.647
13/05/2019 22.00,14/05/2019 00.00,0.212,5.914
13/05/2019 23.00,14/05/2019 01.00,0.142,5.188
14/05/2019 00.00,14/05/2019 02.00,0.095,4.587
14/05/2019 01.00,14/05/2019 03.00,0.063,4.073
14/05/2019 02.00,14/05/2019 04.00,0.05,3.835
14/05/2019 03.00,14/05/2019 05.00,0.057,3.963
14/05/2019 04.00,14/05/2019 06.00,0.064,4.09
14/05/2019 05.00,14/05/2019 07.00,0.046,3.752
14/05/2019 06.00,14/05/2019 08.00,0.034,3.472
14/05/2019 07.00,14/05/2019 09.00,0.039,3.591
14/05/2019 08.00,14/05/2019 10.00,0.045,3.732
14/05/2019 09.00,14/05/2019 11.00,0.063,4.065
14/05/2019 10.00,14/05/2019 12.00,0.088,4.48
14/05/2019 11.00,14/05/2019 13.00,0.118,4.881
14/05/2019 12.00,14/05/2019 14.00,0.149,5.262
14/05/2019 13.00,14/05/2019 15.00,0.175,5.544
14/05/2019 14.00,14/05/2019 16.00,0.192,5.708
14/05/2019 15.00,14/05/2019 17.00,0.206,5.863
14/05/2019 16.00,14/05/2019 18.00,0.22,5.982
14/05/2019 17.00,14/05/2019 19.00,0.205,5.852
14/05/2019 18.00,14/05/2019 20.00,0.189,5.692
14/05/2019 19.00,14/05/2019 21.00,0.188,5.685
14/05/2019 20.00,14/05/2019 22.00,0.177,5.562
14/05/2019 21.00,14/05/2019 23.00,0.148,5.261
14/05/2019 22.00,15/05/2019 00.00,0.131,5.044
14/05/2019 23.00,15/05/2019 01.00,0.131,5.042
15/05/2019 00.00,15/05/2019 02.00,0.137,5.127
15/05/2019 01.00,15/05/2019 03.00,0.148,5.25
15/05/2019 02.00,15/05/2019 04.00,0.146,5.232
15/05/2019 03.00,15/05/2019 05.00,0.114,4.836
15/05/2019 04.00,15/05/2019 06.00,0.073,4.237
15/05/2019 05.00,15/05/2019 07.00,0.043,3.691
15/05/2019 06.00,15/05/2019 08.00,0.04,3.611
15/05/2019 07.00,15/05/2019 09.00,0.041,3.632
15/05/2019 08.00,15/05/2019 10.00,0.049,3.808
15/05/2019 09.00,15/05/2019 11.00,0.062,4.062
15/05/2019 10.00,15/05/2019 12.00,0.066,4.124
15/05/2019 11.00,15/05/2019 13.00,0.06,4.024
15/05/2019 12.00,15/05/2019 14.00,0.061,4.027
15/05/2019 13.00,15/05/2019 15.00,0.076,4.291
15/05/2019 14.00,15/05/2019 16.00,0.102,4.679
15/05/2019 15.00,15/05/2019 17.00,0.122,4.942
15/05/2019 16.00,15/05/2019 18.00,0.134,5.094
15/05/2019 17.00,15/05/2019 19.00,0.158,5.37
15/05/2019 18.00,15/05/2019 20.00,0.2,5.796
15/05/2019 19.00,15/05/2019 21.00,0.252,6.282
15/05/2019 20.00,15/05/2019 22.00,0.281,6.522
15/05/2019 21.00,15/05/2019 23.00,0.302,6.7
15/05/2019 22.00,16/05/2019 00.00,0.32,6.84
15/05/2019 23.00,16/05/2019 01.00,0.341,6.995
16/05/2019 00.00,16/05/2019 02.00,0.364,7.179
16/05/2019 01.00,16/05/2019 03.00,0.393,7.388
16/05/2019 02.00,16/05/2019 04.00,0.42,7.583
16/05/2019 03.00,16/05/2019 05.00,0.43,7.659
16/05/2019 04.00,16/05/2019 06.00,0.398,7.429
16/05/2019 05.00,16/05/2019 07.00,0.291,6.61
16/05/2019 06.00,16/05/2019 08.00,0.314,6.795
16/05/2019 07.00,16/05/2019 09.00,0.432,7.671
16/05/2019 08.00,16/05/2019 10.00,0.541,8.476
16/05/2019 09.00,16/05/2019 11.00,0.601,8.923
16/05/2019 10.00,16/05/2019 12.00,0.612,9.005
16/05/2019 11.00,16/05/2019 13.00,0.603,8.943
16/05/2019 12.00,16/05/2019 14.00,0.603,8.946
16/05/2019 13.00,16/05/2019 15.00,0.615,9.032
16/05/2019 14.00,16/05/2019 16.00,0.621,9.084
16/05/2019 15.00,16/05/2019 17.00,0.618,9.063
16/05/2019 16.00,16/05/2019 18.00,0.553,8.563
16/05/2019 17.00,16/05/2019 19.00,0.541,8.479
16/05/2019 18.00,16/05/2019 20.00,0.612,9.008
16/05/2019 19.00,16/05/2019 21.00,0.671,9.485
16/05/2019 20.00,16/05/2019 22.00,0.692,9.672
16/05/2019 21.00,16/05/2019 23.00,0.728,10.008
16/05/2019 22.00,17/05/2019 00.00,0.753,10.255
16/05/2019 23.00,17/05/2019 01.00,0.733,10.052
17/05/2019 00.00,17/05/2019 02.00,0.705,9.792
17/05/2019 01.00,17/05/2019 03.00,0.706,9.798
17/05/2019 02.00,17/05/2019 04.00,0.718,9.899
17/05/2019 03.00,17/05/2019 05.00,0.714,9.876
17/05/2019 04.00,17/05/2019 06.00,0.687,9.63
17/05/2019 05.00,17/05/2019 07.00,0.647,9.296
17/05/2019 06.00,17/05/2019 08.00,0.741,10.133
17/05/2019 07.00,17/05/2019 09.00,0.772,10.446
17/05/2019 08.00,17/05/2019 10.00,0.778,10.52
17/05/2019 09.00,17/05/2019 11.00,0.763,10.353
17/05/2019 10.00,17/05/2019 12.00,0.755,10.277
17/05/2019 11.00,17/05/2019 13.00,0.774,10.476
17/05/2019 12.00,17/05/2019 14.00,0.785,10.582
17/05/2019 13.00,17/05/2019 15.00,0.771,10.436
17/05/2019 14.00,17/05/2019 16.00,0.765,10.369
17/05/2019 15.00,17/05/2019 17.00,0.756,10.279
17/05/2019 16.00,17/05/2019 18.00,0.772,10.455
17/05/2019 17.00,17/05/2019 19.00,0.799,10.745
17/05/2019 18.00,17/05/2019 20.00,0.795,10.705
17/05/2019 19.00,17/05/2019 21.00,0.758,10.3
17/05/2019 20.00,17/05/2019 22.00,0.69,9.649
17/05/2019 21.00,17/05/2019 23.00,0.597,8.892
17/05/2019 22.00,18/05/2019 00.00,0.482,8.04
17/05/2019 23.00,18/05/2019 01.00,0.393,7.389
18/05/2019 00.00,18/05/2019 02.00,0.355,7.103
18/05/2019 01.00,18/05/2019 03.00,0.31,6.749
18/05/2019 02.00,18/05/2019 04.00,0.287,6.572
18/05/2019 03.00,18/05/2019 05.00,0.287,6.574
18/05/2019 04.00,18/05/2019 06.00,0.255,6.301
18/05/2019 05.00,18/05/2019 07.00,0.218,5.965
18/05/2019 06.00,18/05/2019 08.00,0.223,6.02
18/05/2019 07.00,18/05/2019 09.00,0.251,6.273
18/05/2019 08.00,18/05/2019 10.00,0.269,6.418
18/05/2019 09.00,18/05/2019 11.00,0.272,6.444
18/05/2019 10.00,18/05/2019 12.00,0.291,6.608
18/05/2019 11.00,18/05/2019 13.00,0.311,6.767
18/05/2019 12.00,18/05/2019 14.00,0.312,6.778
18/05/2019 13.00,18/05/2019 15.00,0.307,6.73
18/05/2019 14.00,18/05/2019 16.00,0.296,6.645
18/05/2019 15.00,18/05/2019 17.00,0.278,6.498
18/05/2019 16.00,18/05/2019 18.00,0.273,6.455
18/05/2019 17.00,18/05/2019 19.00,0.313,6.782
18/05/2019 18.00,18/05/2019 20.00,0.413,7.534
18/05/2019 19.00,18/05/2019 21.00,0.505,8.212
18/05/2019 20.00,18/05/2019 22.00,0.507,8.229
18/05/2019 21.00,18/05/2019 23.00,0.448,7.798
18/05/2019 22.00,19/05/2019 00.00,0.395,7.398
18/05/2019 23.00,19/05/2019 01.00,0.375,7.255
19/05/2019 00.00,19/05/2019 02.00,0.379,7.282
19/05/2019 01.00,19/05/2019 03.00,0.387,7.345
19/05/2019 02.00,19/05/2019 04.00,0.383,7.322
19/05/2019 03.00,19/05/2019 05.00,0.37,7.22
19/05/2019 04.00,19/05/2019 06.00,0.313,6.78
19/05/2019 05.00,19/05/2019 07.00,0.213,5.928
19/05/2019 06.00,19/05/2019 08.00,0.227,6.057
19/05/2019 07.00,19/05/2019 09.00,0.267,6.405
19/05/2019 08.00,19/05/2019 10.00,0.285,6.56
19/05/2019 09.00,19/05/2019 11.00,0.279,6.505
19/05/2019 10.00,19/05/2019 12.00,0.271,6.434
19/05/2019 11.00,19/05/2019 13.00,0.278,6.498
19/05/2019 12.00,19/05/2019 14.00,0.296,6.65
19/05/2019 13.00,19/05/2019 15.00,0.314,6.788
19/05/2019 14.00,19/05/2019 16.00,0.329,6.909
19/05/2019 15.00,19/05/2019 17.00,0.338,6.981
19/05/2019 16.00,19/05/2019 18.00,0.325,6.878
19/05/2019 17.00,19/05/2019 19.00,0.29,6.595
19/05/2019 18.00,19/05/2019 20.00,0.3,6.674
19/05/2019 19.00,19/05/2019 21.00,0.355,7.101
19/05/2019 20.00,19/05/2019 22.00,0.378,7.276
19/05/2019 21.00,19/05/2019 23.00,0.365,7.182
19/05/2019 22.00,20/05/2019 00.00,0.332,6.928
19/05/2019 23.00,20/05/2019 01.00,0.277,6.479
20/05/2019 00.00,20/05/2019 02.00,0.224,6.026
20/05/2019 01.00,20/05/2019 03.00,0.203,5.827
20/05/2019 02.00,20/05/2019 04.00,0.21,5.902
20/05/2019 03.00,20/05/2019 05.00,0.244,6.204
20/05/2019 04.00,20/05/2019 06.00,0.271,6.434
20/05/2019 05.00,20/05/2019 07.00,0.22,5.988
20/05/2019 06.00,20/05/2019 08.00,0.233,6.102
20/05/2019 07.00,20/05/2019 09.00,0.279,6.508
20/05/2019 08.00,20/05/2019 10.00,0.302,6.699
20/05/2019 09.00,20/05/2019 11.00,0.328,6.898
20/05/2019 10.00,20/05/2019 12.00,0.365,7.182
20/05/2019 11.00,20/05/2019 13.00,0.385,7.327
20/05/2019 12.00,20/05/2019 14.00,0.391,7.376
20/05/2019 13.00,20/05/2019 15.00,0.398,7.425
20/05/2019 14.00,20/05/2019 16.00,0.405,7.481
20/05/2019 15.00,20/05/2019 17.00,0.425,7.631
20/05/2019 16.00,20/05/2019 18.00,0.45,7.81
20/05/2019 17.00,20/05/2019 19.00,0.442,7.744
20/05/2019 18.00,20/05/2019 20.00,0.413,7.538
20/05/2019 19.00,20/05/2019 21.00,0.444,7.76
20/05/2019 20.00,20/05/2019 22.00,0.466,7.927
20/05/2019 21.00,20/05/2019 23.00,0.447,7.789
20/05/2019 22.00,21/05/2019 00.00,0.433,7.687
20/05/2019 23.00,21/05/2019 01.00,0.425,7.618
21/05/2019 00.00,21/05/2019 02.00,0.407,7.497
21/05/2019 01.00,21/05/2019 03.00,0.407,7.492
21/05/2019 02.00,21/05/2019 04.00,0.425,7.63
21/05/2019 03.00,21/05/2019 05.00,0.421,7.596
21/05/2019 04.00,21/05/2019 06.00,0.354,7.097
21/05/2019 05.00,21/05/2019 07.00,0.284,6.553
21/05/2019 06.00,21/05/2019 08.00,0.285,6.556
21/05/2019 07.00,21/05/2019 09.00,0.322,6.849
21/05/2019 08.00,21/05/2019 10.00,0.338,6.976
21/05/2019 09.00,21/05/2019 11.00,0.347,7.049
21/05/2019 10.00,21/05/2019 12.00,0.362,7.156
21/05/2019 11.00,21/05/2019 13.00,0.386,7.337
21/05/2019 12.00,21/05/2019 14.00,0.403,7.47
21/05/2019 13.00,21/05/2019 15.00,0.403,7.47
21/05/2019 14.00,21/05/2019 16.00,0.388,7.359
21/05/2019 15.00,21/05/2019 17.00,0.379,7.292
21/05/2019 16.00,21/05/2019 18.00,0.374,7.244
21/05/2019 17.00,21/05/2019 19.00,0.366,7.188
21/05/2019 18.00,21/05/2019 20.00,0.379,7.284
21/05/2019 19.00,21/05/2019 21.00,0.401,7.448
21/05/2019 20.00,21/05/2019 22.00,0.411,7.523
21/05/2019 21.00,21/05/2019 23.00,0.422,7.599
21/05/2019 22.00,22/05/2019 00.00,0.415,7.558
21/05/2019 23.00,22/05/2019 01.00,0.4,7.437
22/05/2019 00.00,22/05/2019 02.00,0.407,7.496
22/05/2019 01.00,22/05/2019 03.00,0.442,7.753
22/05/2019 02.00,22/05/2019 04.00,0.564,8.643
22/05/2019 03.00,22/05/2019 05.00,0.643,9.256
22/05/2019 04.00,22/05/2019 06.00,0.701,9.753
22/05/2019 05.00,22/05/2019 07.00,0.74,10.119
22/05/2019 06.00,22/05/2019 08.00,0.728,10.009
22/05/2019 07.00,22/05/2019 09.00,0.688,9.64
22/05/2019 08.00,22/05/2019 10.00,0.646,9.285
22/05/2019 09.00,22/05/2019 11.00,0.653,9.341
22/05/2019 10.00,22/05/2019 12.00,0.689,9.643
22/05/2019 11.00,22/05/2019 13.00,0.72,9.93
22/05/2019 12.00,22/05/2019 14.00,0.739,10.112
22/05/2019 13.00,22/05/2019 15.00,0.752,10.238
22/05/2019 14.00,22/05/2019 16.00,0.769,10.415
22/05/2019 15.00,22/05/2019 17.00,0.781,10.549
22/05/2019 16.00,22/05/2019 18.00,0.78,10.542
22/05/2019 17.00,22/05/2019 19.00,0.744,10.152
22/05/2019 18.00,22/05/2019 20.00,0.651,9.327
22/05/2019 19.00,22/05/2019 21.00,0.568,8.667
22/05/2019 20.00,22/05/2019 22.00,0.56,8.62
22/05/2019 21.00,22/05/2019 23.00,0.578,8.749
22/05/2019 22.00,23/05/2019 00.00,0.591,8.853
22/05/2019 23.00,23/05/2019 01.00,0.586,8.809
23/05/2019 00.00,23/05/2019 02.00,0.573,8.708
23/05/2019 01.00,23/05/2019 03.00,0.557,8.592
23/05/2019 02.00,23/05/2019 04.00,0.535,8.426
23/05/2019 03.00,23/05/2019 05.00,0.538,8.45
23/05/2019 04.00,23/05/2019 06.00,0.555,8.569
23/05/2019 05.00,23/05/2019 07.00,0.581,8.774
23/05/2019 06.00,23/05/2019 08.00,0.666,9.452
23/05/2019 07.00,23/05/2019 09.00,0.718,9.908
23/05/2019 08.00,23/05/2019 10.00,0.746,10.182
23/05/2019 09.00,23/05/2019 11.00,0.768,10.405
23/05/2019 10.00,23/05/2019 12.00,0.777,10.502
23/05/2019 11.00,23/05/2019 13.00,0.774,10.477
23/05/2019 12.00,23/05/2019 14.00,0.765,10.366
23/05/2019 13.00,23/05/2019 15.00,0.749,10.207
23/05/2019 14.00,23/05/2019 16.00,0.728,10.01
23/05/2019 15.00,23/05/2019 17.00,0.707,9.807
23/05/2019 16.00,23/05/2019 18.00,0.682,9.581
23/05/2019 17.00,23/05/2019 19.00,0.637,9.213
23/05/2019 18.00,23/05/2019 20.00,0.586,8.816
23/05/2019 19.00,23/05/2019 21.00,0.59,8.833
23/05/2019 20.00,23/05/2019 22.00,0.626,9.121
23/05/2019 21.00,23/05/2019 23.00,0.669,9.477
23/05/2019 22.00,24/05/2019 00.00,0.703,9.771
23/05/2019 23.00,24/05/2019 01.00,0.715,9.886
24/05/2019 00.00,24/05/2019 02.00,0.739,10.105
24/05/2019 01.00,24/05/2019 03.00,0.752,10.247
24/05/2019 02.00,24/05/2019 04.00,0.788,10.624
24/05/2019 03.00,24/05/2019 05.00,0.823,11.051
24/05/2019 04.00,24/05/2019 06.00,0.816,10.967
24/05/2019 05.00,24/05/2019 07.00,0.788,10.624
24/05/2019 06.00,24/05/2019 08.00,0.819,10.99
24/05/2019 07.00,24/05/2019 09.00,0.841,11.295
24/05/2019 08.00,24/05/2019 10.00,0.851,11.451
24/05/2019 09.00,24/05/2019 11.00,0.862,11.622
24/05/2019 10.00,24/05/2019 12.00,0.868,11.72
24/05/2019 11.00,24/05/2019 13.00,0.868,11.723
24/05/2019 12.00,24/05/2019 14.00,0.854,11.484
24/05/2019 13.00,24/05/2019 15.00,0.821,11.029
24/05/2019 14.00,24/05/2019 16.00,0.781,10.547
24/05/2019 15.00,24/05/2019 17.00,0.735,10.072
24/05/2019 16.00,24/05/2019 18.00,0.7,9.75
24/05/2019 17.00,24/05/2019 19.00,0.697,9.723
24/05/2019 18.00,24/05/2019 20.00,0.666,9.453
24/05/2019 19.00,24/05/2019 21.00,0.645,9.279
24/05/2019 20.00,24/05/2019 22.00,0.647,9.298
24/05/2019 21.00,24/05/2019 23.00,0.651,9.323
24/05/2019 22.00,25/05/2019 00.00,0.626,9.123
24/05/2019 23.00,25/05/2019 01.00,0.626,9.122
25/05/2019 00.00,25/05/2019 02.00,0.613,9.021
25/05/2019 01.00,25/05/2019 03.00,0.599,8.906
25/05/2019 02.00,25/05/2019 04.00,0.599,8.913
25/05/2019 03.00,25/05/2019 05.00,0.59,8.847
25/05/2019 04.00,25/05/2019 06.00,0.562,8.635
25/05/2019 05.00,25/05/2019 07.00,0.623,9.099
25/05/2019 06.00,25/05/2019 08.00,0.67,9.482
25/05/2019 07.00,25/05/2019 09.00,0.721,9.936
25/05/2019 08.00,25/05/2019 10.00,0.752,10.246
25/05/2019 09.00,25/05/2019 11.00,0.754,10.267
25/05/2019 10.00,25/05/2019 12.00,0.745,10.165
25/05/2019 11.00,25/05/2019 13.00,0.761,10.327
25/05/2019 12.00,25/05/2019 14.00,0.793,10.686
25/05/2019 13.00,25/05/2019 15.00,0.821,11.03
25/05/2019 14.00,25/05/2019 16.00,0.841,11.303
25/05/2019 15.00,25/05/2019 17.00,0.86,11.58
25/05/2019 16.00,25/05/2019 18.00,0.872,11.79
25/05/2019 17.00,25/05/2019 19.00,0.867,11.697
25/05/2019 18.00,25/05/2019 20.00,0.841,11.295
25/05/2019 19.00,25/05/2019 21.00,0.834,11.202
25/05/2019 20.00,25/05/2019 22.00,0.849,11.402
25/05/2019 21.00,25/05/2019 23.00,0.849,11.406
25/05/2019 22.00,26/05/2019 00.00,0.844,11.344
25/05/2019 23.00,26/05/2019 01.00,0.836,11.228
26/05/2019 00.00,26/05/2019 02.00,0.814,10.938
26/05/2019 01.00,26/05/2019 03.00,0.768,10.402
26/05/2019 02.00,26/05/2019 04.00,0.71,9.841
26/05/2019 03.00,26/05/2019 05.00,0.606,8.964
26/05/2019 04.00,26/05/2019 06.00,0.533,8.414
26/05/2019 05.00,26/05/2019 07.00,0.532,8.408
26/05/2019 06.00,26/05/2019 08.00,0.56,8.614
26/05/2019 07.00,26/05/2019 09.00,0.528,8.382
26/05/2019 08.00,26/05/2019 10.00,0.509,8.236
26/05/2019 09.00,26/05/2019 11.00,0.519,8.312
26/05/2019 10.00,26/05/2019 12.00,0.556,8.582
26/05/2019 11.00,26/05/2019 13.00,0.552,8.551
26/05/2019 12.00,26/05/2019 14.00,0.479,8.018
26/05/2019 13.00,26/05/2019 15.00,0.426,7.634
26/05/2019 14.00,26/05/2019 16.00,0.35,7.069
26/05/2019 15.00,26/05/2019 17.00,0.246,6.225
26/05/2019 16.00,26/05/2019 18.00,0.237,6.144
26/05/2019 17.00,26/05/2019 19.00,0.247,6.229
26/05/2019 18.00,26/05/2019 20.00,0.233,6.101
26/05/2019 19.00,26/05/2019 21.00,0.188,5.687
26/05/2019 20.00,26/05/2019 22.00,0.147,5.245
26/05/2019 21.00,26/05/2019 23.00,0.122,4.944
26/05/2019 22.00,27/05/2019 00.00,0.111,4.798
26/05/2019 23.00,27/05/2019 01.00,0.123,4.959
27/05/2019 00.00,27/05/2019 02.00,0.192,5.72
27/05/2019 01.00,27/05/2019 03.00,0.283,6.544
27/05/2019 02.00,27/05/2019 04.00,0.374,7.25
27/05/2019 03.00,27/05/2019 05.00,0.418,7.573
27/05/2019 04.00,27/05/2019 06.00,0.379,7.292
27/05/2019 05.00,27/05/2019 07.00,0.371,7.227
27/05/2019 06.00,27/05/2019 08.00,0.411,7.523
27/05/2019 07.00,27/05/2019 09.00,0.498,8.157
27/05/2019 08.00,27/05/2019 10.00,0.622,9.089
27/05/2019 09.00,27/05/2019 11.00,0.722,9.939
27/05/2019 10.00,27/05/2019 12.00,0.779,10.523
27/05/2019 11.00,27/05/2019 13.00,0.808,10.859
27/05/2019 12.00,27/05/2019 14.00,0.83,11.141
27/05/2019 13.00,27/05/2019 15.00,0.832,11.181
27/05/2019 14.00,27/05/2019 16.00,0.808,10.857
27/05/2019 15.00,27/05/2019 17.00,0.765,10.366
27/05/2019 16.00,27/05/2019 18.00,0.7,9.744
27/05/2019 17.00,27/05/2019 19.00,0.621,9.081
27/05/2019 18.00,27/05/2019 20.00,0.55,8.537
27/05/2019 19.00,27/05/2019 21.00,0.55,8.53
27/05/2019 20.00,27/05/2019 22.00,0.603,8.945
27/05/2019 21.00,27/05/2019 23.00,0.646,9.288
27/05/2019 22.00,28/05/2019 00.00,0.684,9.607
27/05/2019 23.00,28/05/2019 01.00,0.707,9.813
28/05/2019 00.00,28/05/2019 02.00,0.716,9.89
28/05/2019 01.00,28/05/2019 03.00,0.73,10.022
28/05/2019 02.00,28/05/2019 04.00,0.739,10.103
28/05/2019 03.00,28/05/2019 05.00,0.737,10.092
28/05/2019 04.00,28/05/2019 06.00,0.683,9.596
28/05/2019 05.00,28/05/2019 07.00,0.733,10.056
28/05/2019 06.00,28/05/2019 08.00,0.765,10.377
28/05/2019 07.00,28/05/2019 09.00,0.755,10.277
28/05/2019 08.00,28/05/2019 10.00,0.75,10.213
28/05/2019 09.00,28/05/2019 11.00,0.746,10.179
28/05/2019 10.00,28/05/2019 12.00,0.741,10.135
28/05/2019 11.00,28/05/2019 13.00,0.746,10.179
28/05/2019 12.00,28/05/2019 14.00,0.763,10.353
28/05/2019 13.00,28/05/2019 15.00,0.789,10.635
28/05/2019 14.00,28/05/2019 16.00,0.817,10.977
28/05/2019 15.00,28/05/2019 17.00,0.836,11.228
28/05/2019 16.00,28/05/2019 18.00,0.841,11.306
28/05/2019 17.00,28/05/2019 19.00,0.834,11.203
28/05/2019 18.00,28/05/2019 20.00,0.809,10.873
28/05/2019 19.00,28/05/2019 21.00,0.787,10.615
28/05/2019 20.00,28/05/2019 22.00,0.781,10.55
28/05/2019 21.00,28/05/2019 23.00,0.773,10.46
28/05/2019 22.00,29/05/2019 00.00,0.768,10.409
28/05/2019 23.00,29/05/2019 01.00,0.768,10.401
29/05/2019 00.00,29/05/2019 02.00,0.759,10.309
29/05/2019 01.00,29/05/2019 03.00,0.739,10.114
29/05/2019 02.00,29/05/2019 04.00,0.711,9.85
29/05/2019 03.00,29/05/2019 05.00,0.669,9.475
29/05/2019 04.00,29/05/2019 06.00,0.563,8.635
29/05/2019 05.00,29/05/2019 07.00,0.531,8.395
29/05/2019 06.00,29/05/2019 08.00,0.526,8.366
29/05/2019 07.00,29/05/2019 09.00,0.504,8.207
29/05/2019 08.00,29/05/2019 10.00,0.505,8.211
29/05/2019 09.00,29/05/2019 11.00,0.51,8.25
29/05/2019 10.00,29/05/2019 12.00,0.491,8.101
29/05/2019 11.00,29/05/2019 13.00,0.445,7.774
29/05/2019 12.00,29/05/2019 14.00,0.395,7.405
29/05/2019 13.00,29/05/2019 15.00,0.351,7.073
29/05/2019 14.00,29/05/2019 16.00,0.319,6.827
29/05/2019 15.00,29/05/2019 17.00,0.308,6.736
29/05/2019 16.00,29/05/2019 18.00,0.31,6.753
29/05/2019 17.00,29/05/2019 19.00,0.307,6.727
29/05/2019 18.00,29/05/2019 20.00,0.309,6.741
29/05/2019 19.00,29/05/2019 21.00,0.364,7.172
29/05/2019 20.00,29/05/2019 22.00,0.45,7.815
29/05/2019 21.00,29/05/2019 23.00,0.544,8.497
29/05/2019 22.00,30/05/2019 00.00,0.623,9.097
29/05/2019 23.00,30/05/2019 01.00,0.667,9.453
30/05/2019 00.00,30/05/2019 02.00,0.713,9.868
30/05/2019 01.00,30/05/2019 03.00,0.796,10.722
30/05/2019 02.00,30/05/2019 04.00,0.85,11.427
30/05/2019 03.00,30/05/2019 05.00,0.864,11.646
30/05/2019 04.00,30/05/2019 06.00,0.86,11.579
30/05/2019 05.00,30/05/2019 07.00,0.855,11.502
30/05/2019 06.00,30/05/2019 08.00,0.846,11.377
30/05/2019 07.00,30/05/2019 09.00,0.856,11.513
30/05/2019 08.00,30/05/2019 10.00,0.849,11.421
30/05/2019 09.00,30/05/2019 11.00,0.826,11.085
30/05/2019 10.00,30/05/2019 12.00,0.777,10.505
30/05/2019 11.00,30/05/2019 13.00,0.814,10.934
30/05/2019 12.00,30/05/2019 14.00,0.867,11.699
30/05/2019 13.00,30/05/2019 15.00,0.883,11.976
30/05/2019 14.00,30/05/2019 16.00,0.875,11.842
30/05/2019 15.00,30/05/2019 17.00,0.856,11.519
30/05/2019 16.00,30/05/2019 18.00,0.826,11.095
30/05/2019 17.00,30/05/2019 19.00,0.775,10.483
30/05/2019 18.00,30/05/2019 20.00,0.666,9.447
30/05/2019 19.00,30/05/2019 21.00,0.589,8.829
30/05/2019 20.00,30/05/2019 22.00,0.519,8.309
30/05/2019 21.00,30/05/2019 23.00,0.446,7.777
30/05/2019 22.00,31/05/2019 00.00,0.361,7.149
30/05/2019 23.00,31/05/2019 01.00,0.289,6.581
31/05/2019 00.00,31/05/2019 02.00,0.264,6.38
31/05/2019 01.00,31/05/2019 03.00,0.279,6.51
31/05/2019 02.00,31/05/2019 04.00,0.299,6.664
31/05/2019 03.00,31/05/2019 05.00,0.313,6.782
31/05/2019 04.00,31/05/2019 06.00,0.259,6.331
31/05/2019 05.00,31/05/2019 07.00,0.204,5.84
31/05/2019 06.00,31/05/2019 08.00,0.162,5.413
31/05/2019 07.00,31/05/2019 09.00,0.119,4.906
31/05/2019 08.00,31/05/2019 10.00,0.104,4.701
31/05/2019 09.00,31/05/2019 11.00,0.129,5.024
31/05/2019 10.00,31/05/2019 12.00,0.161,5.399
31/05/2019 11.00,31/05/2019 13.00,0.168,5.473
31/05/2019 12.00,31/05/2019 14.00,0.182,5.62
31/05/2019 13.00,31/05/2019 15.00,0.192,5.722
31/05/2019 14.00,31/05/2019 16.00,0.201,5.811
31/05/2019 15.00,31/05/2019 17.00,0.212,5.915
31/05/2019 16.00,31/05/2019 18.00,0.2,5.792
31/05/2019 17.00,31/05/2019 19.00,0.168,5.476
31/05/2019 18.00,31/05/2019 20.00,0.144,5.211
31/05/2019 19.00,31/05/2019 21.00,0.147,5.24
31/05/2019 20.00,31/05/2019 22.00,0.187,5.675
31/05/2019 21.00,31/05/2019 23.00,0.256,6.312
31/05/2019 22.00,01/06/2019 00.00,0.394,7.391
31/05/2019 23.00,01/06/2019 01.00,0.522,8.324
01/06/2019 00.00,01/06/2019 02.00,0.566,8.652
01/06/2019 01.00,01/06/2019 03.00,0.662,9.414
01/06/2019 02.00,01/06/2019 04.00,0.701,9.755
01/06/2019 03.00,01/06/2019 05.00,0.727,9.993
01/06/2019 04.00,01/06/2019 06.00,0.75,10.224
01/06/2019 05.00,01/06/2019 07.00,0.754,10.259
01/06/2019 06.00,01/06/2019 08.00,0.778,10.513
01/06/2019 07.00,01/06/2019 09.00,0.819,10.996
01/06/2019 08.00,01/06/2019 10.00,0.873,11.805
01/06/2019 09.00,01/06/2019 11.00,0.908,12.486
01/06/2019 10.00,01/06/2019 12.00,0.9,12.316
01/06/2019 11.00,01/06/2019 13.00,0.872,11.786
01/06/2019 12.00,01/06/2019 14.00,0.853,11.475
01/06/2019 13.00,01/06/2019 15.00,0.855,11.493
01/06/2019 14.00,01/06/2019 16.00,0.852,11.456
01/06/2019 15.00,01/06/2019 17.00,0.835,11.218
01/06/2019 16.00,01/06/2019 18.00,0.799,10.74
01/06/2019 17.00,01/06/2019 19.00,0.725,9.976
01/06/2019 18.00,01/06/2019 20.00,0.633,9.169
01/06/2019 19.00,01/06/2019 21.00,0.586,8.803
01/06/2019 20.00,01/06/2019 22.00,0.593,8.865
01/06/2019 21.00,01/06/2019 23.00,0.58,8.765
01/06/2019 22.00,02/06/2019 00.00,0.525,8.358
01/06/2019 23.00,02/06/2019 01.00,0.467,7.934
02/06/2019 00.00,02/06/2019 02.00,0.432,7.671
02/06/2019 01.00,02/06/2019 03.00,0.367,7.202
02/06/2019 02.00,02/06/2019 04.00,0.277,6.483
02/06/2019 03.00,02/06/2019 05.00,0.201,5.799
02/06/2019 04.00,02/06/2019 06.00,0.122,4.938
02/06/2019 05.00,02/06/2019 07.00,0.068,4.143
02/06/2019 06.00,02/06/2019 08.00,0.084,4.413
02/06/2019 07.00,02/06/2019 09.00,0.146,5.227
02/06/2019 08.00,02/06/2019 10.00,0.234,6.122
02/06/2019 09.00,02/06/2019 11.00,0.32,6.833
02/06/2019 10.00,02/06/2019 12.00,0.392,7.382
02/06/2019 11.00,02/06/2019 13.00,0.448,7.794
02/06/2019 12.00,02/06/2019 14.00,0.499,8.165
02/06/2019 13.00,02/06/2019 15.00,0.548,8.524
02/06/2019 14.00,02/06/2019 16.00,0.583,8.785
02/06/2019 15.00,02/06/2019 17.00,0.59,8.84
02/06/2019 16.00,02/06/2019 18.00,0.607,8.972
02/06/2019 17.00,02/06/2019 19.00,0.649,9.312
02/06/2019 18.00,02/06/2019 20.00,0.699,9.735
02/06/2019 19.00,02/06/2019 21.00,0.746,10.183
02/06/2019 20.00,02/06/2019 22.00,0.776,10.487
02/06/2019 21.00,02/06/2019 23.00,0.77,10.426
02/06/2019 22.00,03/06/2019 00.00,0.75,10.212
02/06/2019 23.00,03/06/2019 01.00,0.69,9.648
03/06/2019 00.00,03/06/2019 02.00,0.639,9.225
03/06/2019 01.00,03/06/2019 03.00,0.605,8.957
03/06/2019 02.00,03/06/2019 04.00,0.511,8.253
03/06/2019 03.00,03/06/2019 05.00,0.454,7.841
03/06/2019 04.00,03/06/2019 06.00,0.476,7.999
03/06/2019 05.00,03/06/2019 07.00,0.556,8.577
03/06/2019 06.00,03/06/2019 08.00,0.467,7.933
03/06/2019 07.00,03/06/2019 09.00,0.494,8.13
03/06/2019 08.00,03/06/2019 10.00,0.72,9.919
03/06/2019 09.00,03/06/2019 11.00,0.775,10.481
03/06/2019 10.00,03/06/2019 12.00,0.746,10.169
03/06/2019 11.00,03/06/2019 13.00,0.676,9.537
03/06/2019 12.00,03/06/2019 14.00,0.586,8.81
03/06/2019 13.00,03/06/2019 15.00,0.58,8.768
03/06/2019 14.00,03/06/2019 16.00,0.58,8.765
03/06/2019 15.00,03/06/2019 17.00,0.447,7.791
03/06/2019 16.00,03/06/2019 18.00,0.361,7.146
03/06/2019 17.00,03/06/2019 19.00,0.352,7.084
03/06/2019 18.00,03/06/2019 20.00,0.349,7.061
03/06/2019 19.00,03/06/2019 21.00,0.376,7.267
03/06/2019 20.00,03/06/2019 22.00,0.415,7.559
03/06/2019 21.00,03/06/2019 23.00,0.432,7.675
03/06/2019 22.00,04/06/2019 00.00,0.435,7.705
03/06/2019 23.00,04/06/2019 01.00,0.425,7.62
04/06/2019 00.00,04/06/2019 02.00,0.395,7.408
04/06/2019 01.00,04/06/2019 03.00,0.356,7.115
04/06/2019 02.00,04/06/2019 04.00,0.319,6.826
04/06/2019 03.00,04/06/2019 05.00,0.293,6.617
04/06/2019 04.00,04/06/2019 06.00,0.254,6.3
04/06/2019 05.00,04/06/2019 07.00,0.206,5.86
04/06/2019 06.00,04/06/2019 08.00,0.183,5.636
04/06/2019 07.00,04/06/2019 09.00,0.169,5.489
04/06/2019 08.00,04/06/2019 10.00,0.164,5.428
04/06/2019 09.00,04/06/2019 11.00,0.147,5.239
04/06/2019 10.00,04/06/2019 12.00,0.122,4.943
04/06/2019 11.00,04/06/2019 13.00,0.099,4.633
04/06/2019 12.00,04/06/2019 14.00,0.077,4.307
04/06/2019 13.00,04/06/2019 15.00,0.066,4.121
04/06/2019 14.00,04/06/2019 16.00,0.059,4
04/06/2019 15.00,04/06/2019 17.00,0.066,4.121
04/06/2019 16.00,04/06/2019 18.00,0.121,4.926
04/06/2019 17.00,04/06/2019 19.00,0.183,5.633
04/06/2019 18.00,04/06/2019 20.00,0.328,6.896
04/06/2019 19.00,04/06/2019 21.00,0.556,8.574
04/06/2019 20.00,04/06/2019 22.00,0.663,9.42
04/06/2019 21.00,04/06/2019 23.00,0.638,9.219
04/06/2019 22.00,05/06/2019 00.00,0.658,9.383
04/06/2019 23.00,05/06/2019 01.00,0.766,10.391
05/06/2019 00.00,05/06/2019 02.00,0.868,11.724
05/06/2019 01.00,05/06/2019 03.00,0.914,12.62
05/06/2019 02.00,05/06/2019 04.00,0.906,12.42
05/06/2019 03.00,05/06/2019 05.00,0.817,10.977
05/06/2019 04.00,05/06/2019 06.00,0.71,9.839
05/06/2019 05.00,05/06/2019 07.00,0.635,9.188
05/06/2019 06.00,05/06/2019 08.00,0.547,8.521
05/06/2019 07.00,05/06/2019 09.00,0.626,9.122
05/06/2019 08.00,05/06/2019 10.00,0.646,9.285
05/06/2019 09.00,05/06/2019 11.00,0.572,8.702
05/06/2019 10.00,05/06/2019 12.00,0.474,7.983
05/06/2019 11.00,05/06/2019 13.00,0.398,7.425
05/06/2019 12.00,05/06/2019 14.00,0.285,6.56
05/06/2019 13.00,05/06/2019 15.00,0.171,5.506
05/06/2019 14.00,05/06/2019 16.00,0.096,4.593
05/06/2019 15.00,05/06/2019 17.00,0.04,3.619
05/06/2019 16.00,05/06/2019 18.00,0.028,3.34
05/06/2019 17.00,05/06/2019 19.00,0.059,3.998
05/06/2019 18.00,05/06/2019 20.00,0.133,5.067
05/06/2019 19.00,05/06/2019 21.00,0.312,6.775
05/06/2019 20.00,05/06/2019 22.00,0.492,8.112
05/06/2019 21.00,05/06/2019 23.00,0.56,8.619
05/06/2019 22.00,06/06/2019 00.00,0.556,8.583
05/06/2019 23.00,06/06/2019 01.00,0.578,8.74
06/06/2019 00.00,06/06/2019 02.00,0.635,9.2
06/06/2019 01.00,06/06/2019 03.00,0.69,9.655
06/06/2019 02.00,06/06/2019 04.00,0.718,9.9
06/06/2019 03.00,06/06/2019 05.00,0.69,9.651
06/06/2019 04.00,06/06/2019 06.00,0.613,9.022
06/06/2019 05.00,06/06/2019 07.00,0.54,8.471
06/06/2019 06.00,06/06/2019 08.00,0.508,8.23
06/06/2019 07.00,06/06/2019 09.00,0.625,9.119
06/06/2019 08.00,06/06/2019 10.00,0.713,9.865
06/06/2019 09.00,06/06/2019 11.00,0.777,10.505
06/06/2019 10.00,06/06/2019 12.00,0.809,10.88
06/06/2019 11.00,06/06/2019 13.00,0.822,11.035
06/06/2019 12.00,06/06/2019 14.00,0.785,10.587
06/06/2019 13.00,06/06/2019 15.00,0.716,9.893
06/06/2019 14.00,06/06/2019 16.00,0.71,9.832
06/06/2019 15.00,06/06/2019 17.00,0.741,10.133
06/06/2019 16.00,06/06/2019 18.00,0.734,10.068
06/06/2019 17.00,06/06/2019 19.00,0.691,9.665
06/06/2019 18.00,06/06/2019 20.00,0.633,9.182
06/06/2019 19.00,06/06/2019 21.00,0.588,8.825
06/06/2019 20.00,06/06/2019 22.00,0.572,8.702
06/06/2019 21.00,06/06/2019 23.00,0.577,8.736
06/06/2019 22.00,07/06/2019 00.00,0.544,8.488
06/06/2019 23.00,07/06/2019 01.00,0.458,7.864
07/06/2019 00.00,07/06/2019 02.00,0.432,7.674
07/06/2019 01.00,07/06/2019 03.00,0.46,7.887
07/06/2019 02.00,07/06/2019 04.00,0.468,7.941
07/06/2019 03.00,07/06/2019 05.00,0.428,7.644
07/06/2019 04.00,07/06/2019 06.00,0.336,6.958
07/06/2019 05.00,07/06/2019 07.00,0.234,6.122
07/06/2019 06.00,07/06/2019 08.00,0.172,5.514
07/06/2019 07.00,07/06/2019 09.00,0.133,5.079
07/06/2019 08.00,07/06/2019 10.00,0.103,4.696
07/06/2019 09.00,07/06/2019 11.00,0.094,4.572
07/06/2019 10.00,07/06/2019 12.00,0.083,4.396
07/06/2019 11.00,07/06/2019 13.00,0.067,4.13
07/06/2019 12.00,07/06/2019 14.00,0.045,3.734
07/06/2019 13.00,07/06/2019 15.00,0.017,2.98
07/06/2019 14.00,07/06/2019 16.00,0.029,3.342
07/06/2019 15.00,07/06/2019 17.00,0.038,3.587
07/06/2019 16.00,07/06/2019 18.00,0.052,3.867
07/06/2019 17.00,07/06/2019 19.00,0.073,4.25
07/06/2019 18.00,07/06/2019 20.00,0.123,4.951
07/06/2019 19.00,07/06/2019 21.00,0.225,6.028
07/06/2019 20.00,07/06/2019 22.00,0.348,7.055
07/06/2019 21.00,07/06/2019 23.00,0.479,8.011
07/06/2019 22.00,08/06/2019 00.00,0.571,8.693
07/06/2019 23.00,08/06/2019 01.00,0.596,8.892
08/06/2019 00.00,08/06/2019 02.00,0.662,9.413
08/06/2019 01.00,08/06/2019 03.00,0.626,9.127
08/06/2019 02.00,08/06/2019 04.00,0.686,9.622
08/06/2019 03.00,08/06/2019 05.00,0.7,9.738
08/06/2019 04.00,08/06/2019 06.00,0.657,9.375
08/06/2019 05.00,08/06/2019 07.00,0.504,8.207
08/06/2019 06.00,08/06/2019 08.00,0.673,9.507
08/06/2019 07.00,08/06/2019 09.00,0.781,10.551
08/06/2019 08.00,08/06/2019 10.00,0.824,11.071
08/06/2019 09.00,08/06/2019 11.00,0.852,11.464
08/06/2019 10.00,08/06/2019 12.00,0.877,11.878
08/06/2019 11.00,08/06/2019 13.00,0.911,12.548
08/06/2019 12.00,08/06/2019 14.00,0.941,13.342
08/06/2019 13.00,08/06/2019 15.00,0.958,13.947
08/06/2019 14.00,08/06/2019 16.00,0.959,14.022
08/06/2019 15.00,08/06/2019 17.00,0.947,13.538
08/06/2019 16.00,08/06/2019 18.00,0.928,12.98
08/06/2019 17.00,08/06/2019 19.00,0.916,12.665
08/06/2019 18.00,08/06/2019 20.00,0.904,12.391
08/06/2019 19.00,08/06/2019 21.00,0.896,12.226
08/06/2019 20.00,08/06/2019 22.00,0.896,12.228
08/06/2019 21.00,08/06/2019 23.00,0.903,12.378
08/06/2019 22.00,09/06/2019 00.00,0.896,12.221
08/06/2019 23.00,09/06/2019 01.00,0.884,11.988
09/06/2019 00.00,09/06/2019 02.00,0.876,11.851
09/06/2019 01.00,09/06/2019 03.00,0.875,11.835
09/06/2019 02.00,09/06/2019 04.00,0.877,11.88
09/06/2019 03.00,09/06/2019 05.00,0.877,11.88
09/06/2019 04.00,09/06/2019 06.00,0.879,11.898
09/06/2019 05.00,09/06/2019 07.00,0.882,11.953
09/06/2019 06.00,09/06/2019 08.00,0.899,12.285
09/06/2019 07.00,09/06/2019 09.00,0.913,12.598
09/06/2019 08.00,09/06/2019 10.00,0.918,12.726
09/06/2019 09.00,09/06/2019 11.00,0.909,12.492
09/06/2019 10.00,09/06/2019 12.00,0.891,12.127
09/06/2019 11.00,09/06/2019 13.00,0.871,11.758
09/06/2019 12.00,09/06/2019 14.00,0.849,11.4
09/06/2019 13.00,09/06/2019 15.00,0.817,10.972
09/06/2019 14.00,09/06/2019 16.00,0.762,10.336
09/06/2019 15.00,09/06/2019 17.00,0.7,9.748
09/06/2019 16.00,09/06/2019 18.00,0.631,9.163
09/06/2019 17.00,09/06/2019 19.00,0.55,8.538
09/06/2019 18.00,09/06/2019 20.00,0.475,7.985
09/06/2019 19.00,09/06/2019 21.00,0.445,7.773
09/06/2019 20.00,09/06/2019 22.00,0.451,7.817
09/06/2019 21.00,09/06/2019 23.00,0.41,7.514
09/06/2019 22.00,10/06/2019 00.00,0.341,7
09/06/2019 23.00,10/06/2019 01.00,0.266,6.397
10/06/2019 00.00,10/06/2019 02.00,0.185,5.652
10/06/2019 01.00,10/06/2019 03.00,0.115,4.859
10/06/2019 02.00,10/06/2019 04.00,0.065,4.108
10/06/2019 03.00,10/06/2019 05.00,0.029,3.342
10/06/2019 04.00,10/06/2019 06.00,0.012,2.801
10/06/2019 05.00,10/06/2019 07.00,0.014,2.89
10/06/2019 06.00,10/06/2019 08.00,0.026,3.28
10/06/2019 07.00,10/06/2019 09.00,0.036,3.519
10/06/2019 08.00,10/06/2019 10.00,0.041,3.629
10/06/2019 09.00,10/06/2019 11.00,0.053,3.88
10/06/2019 10.00,10/06/2019 12.00,0.073,4.249
10/06/2019 11.00,10/06/2019 13.00,0.089,4.498
10/06/2019 12.00,10/06/2019 14.00,0.112,4.8
10/06/2019 13.00,10/06/2019 15.00,0.15,5.274
10/06/2019 14.00,10/06/2019 16.00,0.192,5.718
10/06/2019 15.00,10/06/2019 17.00,0.233,6.1
10/06/2019 16.00,10/06/2019 18.00,0.281,6.528
10/06/2019 17.00,10/06/2019 19.00,0.316,6.804
10/06/2019 18.00,10/06/2019 20.00,0.409,7.506
10/06/2019 19.00,10/06/2019 21.00,0.522,8.323
10/06/2019 20.00,10/06/2019 22.00,0.491,8.103
10/06/2019 21.00,10/06/2019 23.00,0.571,8.695
10/06/2019 22.00,11/06/2019 00.00,0.579,8.754
10/06/2019 23.00,11/06/2019 01.00,0.603,8.942
11/06/2019 00.00,11/06/2019 02.00,0.607,8.976
11/06/2019 01.00,11/06/2019 03.00,0.642,9.24
11/06/2019 02.00,11/06/2019 04.00,0.65,9.319
11/06/2019 03.00,11/06/2019 05.00,0.654,9.35
11/06/2019 04.00,11/06/2019 06.00,0.634,9.183
11/06/2019 05.00,11/06/2019 07.00,0.574,8.714
11/06/2019 06.00,11/06/2019 08.00,0.658,9.386
11/06/2019 07.00,11/06/2019 09.00,0.749,10.207
11/06/2019 08.00,11/06/2019 10.00,0.822,11.035
11/06/2019 09.00,11/06/2019 11.00,0.852,11.46
11/06/2019 10.00,11/06/2019 12.00,0.866,11.686
11/06/2019 11.00,11/06/2019 13.00,0.873,11.794
11/06/2019 12.00,11/06/2019 14.00,0.864,11.648
11/06/2019 13.00,11/06/2019 15.00,0.849,11.4
11/06/2019 14.00,11/06/2019 16.00,0.827,11.102
11/06/2019 15.00,11/06/2019 17.00,0.788,10.629
11/06/2019 16.00,11/06/2019 18.00,0.712,9.859
11/06/2019 17.00,11/06/2019 19.00,0.626,9.127
11/06/2019 18.00,11/06/2019 20.00,0.56,8.615
11/06/2019 19.00,11/06/2019 21.00,0.505,8.209
11/06/2019 20.00,11/06/2019 22.00,0.481,8.037
11/06/2019 21.00,11/06/2019 23.00,0.46,7.881
11/06/2019 22.00,12/06/2019 00.00,0.387,7.344
11/06/2019 23.00,12/06/2019 01.00,0.225,6.03
12/06/2019 00.00,12/06/2019 02.00,0.168,5.48
12/06/2019 01.00,12/06/2019 03.00,0.153,5.307
12/06/2019 02.00,12/06/2019 04.00,0.225,6.041
12/06/2019 03.00,12/06/2019 05.00,0.424,7.615
12/06/2019 04.00,12/06/2019 06.00,0.599,8.906
12/06/2019 05.00,12/06/2019 07.00,0.722,9.939
12/06/2019 06.00,12/06/2019 08.00,0.755,10.271
12/06/2019 07.00,12/06/2019 09.00,0.808,10.852
12/06/2019 08.00,12/06/2019 10.00,0.833,11.187
12/06/2019 09.00,12/06/2019 11.00,0.845,11.349
12/06/2019 10.00,12/06/2019 12.00,0.826,11.092
12/06/2019 11.00,12/06/2019 13.00,0.769,10.412
12/06/2019 12.00,12/06/2019 14.00,0.722,9.94
12/06/2019 13.00,12/06/2019 15.00,0.69,9.652
12/06/2019 14.00,12/06/2019 16.00,0.658,9.388
12/06/2019 15.00,12/06/2019 17.00,0.597,8.892
12/06/2019 16.00,12/06/2019 18.00,0.53,8.394
12/06/2019 17.00,12/06/2019 19.00,0.51,8.241
12/06/2019 18.00,12/06/2019 20.00,0.516,8.28
12/06/2019 19.00,12/06/2019 21.00,0.555,8.57
12/06/2019 20.00,12/06/2019 22.00,0.557,8.594
12/06/2019 21.00,12/06/2019 23.00,0.519,8.313
12/06/2019 22.00,13/06/2019 00.00,0.522,8.327
12/06/2019 23.00,13/06/2019 01.00,0.553,8.563
13/06/2019 00.00,13/06/2019 02.00,0.552,8.558
13/06/2019 01.00,13/06/2019 03.00,0.622,9.096
13/06/2019 02.00,13/06/2019 04.00,0.605,8.958
13/06/2019 03.00,13/06/2019 05.00,0.578,8.743
13/06/2019 04.00,13/06/2019 06.00,0.548,8.523
13/06/2019 05.00,13/06/2019 07.00,0.672,9.493
13/06/2019 06.00,13/06/2019 08.00,0.683,9.6
13/06/2019 07.00,13/06/2019 09.00,0.668,9.466
13/06/2019 08.00,13/06/2019 10.00,0.65,9.321
13/06/2019 09.00,13/06/2019 11.00,0.62,9.076
13/06/2019 10.00,13/06/2019 12.00,0.637,9.211
13/06/2019 11.00,13/06/2019 13.00,0.705,9.794
13/06/2019 12.00,13/06/2019 14.00,0.773,10.463
13/06/2019 13.00,13/06/2019 15.00,0.778,10.518
13/06/2019 14.00,13/06/2019 16.00,0.739,10.107
13/06/2019 15.00,13/06/2019 17.00,0.652,9.337
13/06/2019 16.00,13/06/2019 18.00,0.535,8.423
13/06/2019 17.00,13/06/2019 19.00,0.38,7.3
13/06/2019 18.00,13/06/2019 20.00,0.252,6.281
13/06/2019 19.00,13/06/2019 21.00,0.214,5.933
13/06/2019 20.00,13/06/2019 22.00,0.278,6.487
13/06/2019 21.00,13/06/2019 23.00,0.434,7.695
13/06/2019 22.00,14/06/2019 00.00,0.568,8.67
13/06/2019 23.00,14/06/2019 01.00,0.606,8.97
14/06/2019 00.00,14/06/2019 02.00,0.607,8.972
14/06/2019 01.00,14/06/2019 03.00,0.578,8.743
14/06/2019 02.00,14/06/2019 04.00,0.544,8.496
14/06/2019 03.00,14/06/2019 05.00,0.503,8.195
14/06/2019 04.00,14/06/2019 06.00,0.404,7.478
14/06/2019 05.00,14/06/2019 07.00,0.352,7.085
14/06/2019 06.00,14/06/2019 08.00,0.498,8.151
14/06/2019 07.00,14/06/2019 09.00,0.583,8.788
14/06/2019 08.00,14/06/2019 10.00,0.622,9.091
14/06/2019 09.00,14/06/2019 11.00,0.601,8.921
14/06/2019 10.00,14/06/2019 12.00,0.532,8.403
14/06/2019 11.00,14/06/2019 13.00,0.422,7.6
14/06/2019 12.00,14/06/2019 14.00,0.347,7.049
14/06/2019 13.00,14/06/2019 15.00,0.317,6.814
14/06/2019 14.00,14/06/2019 16.00,0.231,6.086
14/06/2019 15.00,14/06/2019 17.00,0.143,5.192
14/06/2019 16.00,14/06/2019 18.00,0.076,4.3
14/06/2019 17.00,14/06/2019 19.00,0.033,3.456
14/06/2019 18.00,14/06/2019 20.00,0.029,3.359
14/06/2019 19.00,14/06/2019 21.00,0.07,4.192
14/06/2019 20.00,14/06/2019 22.00,0.144,5.201
14/06/2019 21.00,14/06/2019 23.00,0.223,6.012
14/06/2019 22.00,15/06/2019 00.00,0.275,6.471
14/06/2019 23.00,15/06/2019 01.00,0.293,6.616
15/06/2019 00.00,15/06/2019 02.00,0.3,6.677
15/06/2019 01.00,15/06/2019 03.00,0.33,6.915
15/06/2019 02.00,15/06/2019 04.00,0.385,7.326
15/06/2019 03.00,15/06/2019 05.00,0.408,7.502
15/06/2019 04.00,15/06/2019 06.00,0.368,7.207
15/06/2019 05.00,15/06/2019 07.00,0.334,6.942
15/06/2019 06.00,15/06/2019 08.00,0.398,7.421
15/06/2019 07.00,15/06/2019 09.00,0.432,7.678
15/06/2019 08.00,15/06/2019 10.00,0.444,7.766
15/06/2019 09.00,15/06/2019 11.00,0.422,7.605
15/06/2019 10.00,15/06/2019 12.00,0.398,7.426
15/06/2019 11.00,15/06/2019 13.00,0.449,7.807
15/06/2019 12.00,15/06/2019 14.00,0.592,8.858
15/06/2019 13.00,15/06/2019 15.00,0.69,9.649
15/06/2019 14.00,15/06/2019 16.00,0.742,10.142
15/06/2019 15.00,15/06/2019 17.00,0.772,10.453
15/06/2019 16.00,15/06/2019 18.00,0.835,11.211
15/06/2019 17.00,15/06/2019 19.00,0.888,12.075
15/06/2019 18.00,15/06/2019 20.00,0.839,11.271
15/06/2019 19.00,15/06/2019 21.00,0.706,9.806
15/06/2019 20.00,15/06/2019 22.00,0.603,8.941
15/06/2019 21.00,15/06/2019 23.00,0.414,7.551
15/06/2019 22.00,16/06/2019 00.00,0.29,6.595
15/06/2019 23.00,16/06/2019 01.00,0.3,6.677
16/06/2019 00.00,16/06/2019 02.00,0.412,7.526
16/06/2019 01.00,16/06/2019 03.00,0.55,8.536
16/06/2019 02.00,16/06/2019 04.00,0.641,9.236
16/06/2019 03.00,16/06/2019 05.00,0.659,9.39
16/06/2019 04.00,16/06/2019 06.00,0.59,8.84
16/06/2019 05.00,16/06/2019 07.00,0.558,8.601
16/06/2019 06.00,16/06/2019 08.00,0.559,8.607
16/06/2019 07.00,16/06/2019 09.00,0.56,8.615
16/06/2019 08.00,16/06/2019 10.00,0.566,8.659
16/06/2019 09.00,16/06/2019 11.00,0.553,8.564
16/06/2019 10.00,16/06/2019 12.00,0.533,8.413
16/06/2019 11.00,16/06/2019 13.00,0.519,8.305
16/06/2019 12.00,16/06/2019 14.00,0.523,8.334
16/06/2019 13.00,16/06/2019 15.00,0.539,8.46
16/06/2019 14.00,16/06/2019 16.00,0.55,8.54
16/06/2019 15.00,16/06/2019 17.00,0.556,8.577
16/06/2019 16.00,16/06/2019 18.00,0.566,8.655
16/06/2019 17.00,16/06/2019 19.00,0.558,8.599
16/06/2019 18.00,16/06/2019 20.00,0.502,8.192
16/06/2019 19.00,16/06/2019 21.00,0.443,7.756
16/06/2019 20.00,16/06/2019 22.00,0.428,7.642
16/06/2019 21.00,16/06/2019 23.00,0.411,7.525
16/06/2019 22.00,17/06/2019 00.00,0.388,7.358
16/06/2019 23.00,17/06/2019 01.00,0.376,7.259
17/06/2019 00.00,17/06/2019 02.00,0.381,7.306
17/06/2019 01.00,17/06/2019 03.00,0.408,7.502
17/06/2019 02.00,17/06/2019 04.00,0.452,7.823
17/06/2019 03.00,17/06/2019 05.00,0.478,8.007
17/06/2019 04.00,17/06/2019 06.00,0.403,7.47
17/06/2019 05.00,17/06/2019 07.00,0.433,7.691
17/06/2019 06.00,17/06/2019 08.00,0.56,8.615
17/06/2019 07.00,17/06/2019 09.00,0.599,8.905
17/06/2019 08.00,17/06/2019 10.00,0.647,9.292
17/06/2019 09.00,17/06/2019 11.00,0.703,9.776
17/06/2019 10.00,17/06/2019 12.00,0.746,10.171
17/06/2019 11.00,17/06/2019 13.00,0.766,10.388
17/06/2019 12.00,17/06/2019 14.00,0.765,10.371
17/06/2019 13.00,17/06/2019 15.00,0.74,10.127
17/06/2019 14.00,17/06/2019 16.00,0.697,9.72
17/06/2019 15.00,17/06/2019 17.00,0.638,9.218
17/06/2019 16.00,17/06/2019 18.00,0.552,8.553
17/06/2019 17.00,17/06/2019 19.00,0.422,7.598
17/06/2019 18.00,17/06/2019 20.00,0.261,6.357
17/06/2019 19.00,17/06/2019 21.00,0.179,5.594
17/06/2019 20.00,17/06/2019 22.00,0.149,5.267
17/06/2019 21.00,17/06/2019 23.00,0.176,5.549
17/06/2019 22.00,18/06/2019 00.00,0.26,6.344
17/06/2019 23.00,18/06/2019 01.00,0.376,7.27
18/06/2019 00.00,18/06/2019 02.00,0.467,7.933
18/06/2019 01.00,18/06/2019 03.00,0.507,8.223
18/06/2019 02.00,18/06/2019 04.00,0.516,8.284
18/06/2019 03.00,18/06/2019 05.00,0.513,8.262
18/06/2019 04.00,18/06/2019 06.00,0.501,8.169
18/06/2019 05.00,18/06/2019 07.00,0.432,7.681
18/06/2019 06.00,18/06/2019 08.00,0.402,7.463
18/06/2019 07.00,18/06/2019 09.00,0.402,7.461
18/06/2019 08.00,18/06/2019 10.00,0.404,7.472
18/06/2019 09.00,18/06/2019 11.00,0.395,7.404
18/06/2019 10.00,18/06/2019 12.00,0.371,7.228
18/06/2019 11.00,18/06/2019 13.00,0.337,6.963
18/06/2019 12.00,18/06/2019 14.00,0.314,6.794
18/06/2019 13.00,18/06/2019 15.00,0.294,6.632
18/06/2019 14.00,18/06/2019 16.00,0.262,6.364
18/06/2019 15.00,18/06/2019 17.00,0.236,6.135
18/06/2019 16.00,18/06/2019 18.00,0.211,5.909
18/06/2019 17.00,18/06/2019 19.00,0.17,5.497
18/06/2019 18.00,18/06/2019 20.00,0.135,5.098
18/06/2019 19.00,18/06/2019 21.00,0.122,4.945
18/06/2019 20.00,18/06/2019 22.00,0.114,4.843
18/06/2019 21.00,18/06/2019 23.00,0.107,4.747
18/06/2019 22.00,19/06/2019 00.00,0.1,4.647
18/06/2019 23.00,19/06/2019 01.00,0.086,4.443
19/06/2019 00.00,19/06/2019 02.00,0.068,4.147
19/06/2019 01.00,19/06/2019 03.00,0.05,3.822
19/06/2019 02.00,19/06/2019 04.00,0.034,3.482
19/06/2019 03.00,19/06/2019 05.00,0.025,3.251
19/06/2019 04.00,19/06/2019 06.00,0.03,3.369
19/06/2019 05.00,19/06/2019 07.00,0.038,3.571
19/06/2019 06.00,19/06/2019 08.00,0.057,3.961
19/06/2019 07.00,19/06/2019 09.00,0.073,4.248
19/06/2019 08.00,19/06/2019 10.00,0.087,4.46
19/06/2019 09.00,19/06/2019 11.00,0.111,4.796
19/06/2019 10.00,19/06/2019 12.00,0.158,5.369
19/06/2019 11.00,19/06/2019 13.00,0.225,6.033
19/06/2019 12.00,19/06/2019 14.00,0.298,6.664
19/06/2019 13.00,19/06/2019 15.00,0.362,7.152
19/06/2019 14.00,19/06/2019 16.00,0.366,7.187
19/06/2019 15.00,19/06/2019 17.00,0.332,6.926
19/06/2019 16.00,19/06/2019 18.00,0.337,6.967
19/06/2019 17.00,19/06/2019 19.00,0.431,7.667
19/06/2019 18.00,19/06/2019 20.00,0.465,7.915
19/06/2019 19.00,19/06/2019 21.00,0.496,8.142
19/06/2019 20.00,19/06/2019 22.00,0.479,8.012
19/06/2019 21.00,19/06/2019 23.00,0.42,7.587
19/06/2019 22.00,20/06/2019 00.00,0.393,7.386
19/06/2019 23.00,20/06/2019 01.00,0.406,7.485
20/06/2019 00.00,20/06/2019 02.00,0.381,7.302
20/06/2019 01.00,20/06/2019 03.00,0.362,7.16
20/06/2019 02.00,20/06/2019 04.00,0.348,7.059
20/06/2019 03.00,20/06/2019 05.00,0.294,6.631
20/06/2019 04.00,20/06/2019 06.00,0.212,5.913
20/06/2019 05.00,20/06/2019 07.00,0.173,5.523
20/06/2019 06.00,20/06/2019 08.00,0.147,5.242
20/06/2019 07.00,20/06/2019 09.00,0.148,5.26
20/06/2019 08.00,20/06/2019 10.00,0.186,5.659
20/06/2019 09.00,20/06/2019 11.00,0.251,6.26
20/06/2019 10.00,20/06/2019 12.00,0.316,6.808
20/06/2019 11.00,20/06/2019 13.00,0.362,7.16
20/06/2019 12.00,20/06/2019 14.00,0.408,7.503
20/06/2019 13.00,20/06/2019 15.00,0.457,7.85
20/06/2019 14.00,20/06/2019 16.00,0.478,8.008
20/06/2019 15.00,20/06/2019 17.00,0.476,7.999
20/06/2019 16.00,20/06/2019 18.00,0.468,7.945
20/06/2019 17.00,20/06/2019 19.00,0.457,7.851
20/06/2019 18.00,20/06/2019 20.00,0.426,7.632
20/06/2019 19.00,20/06/2019 21.00,0.411,7.522
20/06/2019 20.00,20/06/2019 22.00,0.438,7.724
20/06/2019 21.00,20/06/2019 23.00,0.477,8.003
20/06/2019 22.00,21/06/2019 00.00,0.507,8.225
20/06/2019 23.00,21/06/2019 01.00,0.513,8.259
21/06/2019 00.00,21/06/2019 02.00,0.504,8.205
21/06/2019 01.00,21/06/2019 03.00,0.485,8.065
21/06/2019 02.00,21/06/2019 04.00,0.455,7.843
21/06/2019 03.00,21/06/2019 05.00,0.411,7.525
21/06/2019 04.00,21/06/2019 06.00,0.342,7.006
21/06/2019 05.00,21/06/2019 07.00,0.364,7.178
21/06/2019 06.00,21/06/2019 08.00,0.395,7.403
21/06/2019 07.00,21/06/2019 09.00,0.43,7.655
21/06/2019 08.00,21/06/2019 10.00,0.469,7.951
21/06/2019 09.00,21/06/2019 11.00,0.519,8.3
21/06/2019 10.00,21/06/2019 12.00,0.571,8.695
21/06/2019 11.00,21/06/2019 13.00,0.61,8.997
21/06/2019 12.00,21/06/2019 14.00,0.636,9.202
21/06/2019 13.00,21/06/2019 15.00,0.66,9.395
21/06/2019 14.00,21/06/2019 16.00,0.683,9.602
21/06/2019 15.00,21/06/2019 17.00,0.687,9.628
21/06/2019 16.00,21/06/2019 18.00,0.672,9.489
21/06/2019 17.00,21/06/2019 19.00,0.627,9.135
21/06/2019 18.00,21/06/2019 20.00,0.583,8.785
21/06/2019 19.00,21/06/2019 21.00,0.58,8.758
21/06/2019 20.00,21/06/2019 22.00,0.601,8.929
21/06/2019 21.00,21/06/2019 23.00,0.604,8.952
21/06/2019 22.00,22/06/2019 00.00,0.61,8.989
21/06/2019 23.00,22/06/2019 01.00,0.607,8.974
22/06/2019 00.00,22/06/2019 02.00,0.605,8.96
22/06/2019 01.00,22/06/2019 03.00,0.598,8.899
22/06/2019 02.00,22/06/2019 04.00,0.583,8.784
22/06/2019 03.00,22/06/2019 05.00,0.538,8.451
22/06/2019 04.00,22/06/2019 06.00,0.432,7.678
22/06/2019 05.00,22/06/2019 07.00,0.388,7.349
22/06/2019 06.00,22/06/2019 08.00,0.348,7.056
22/06/2019 07.00,22/06/2019 09.00,0.31,6.749
22/06/2019 08.00,22/06/2019 10.00,0.275,6.473
22/06/2019 09.00,22/06/2019 11.00,0.239,6.16
22/06/2019 10.00,22/06/2019 12.00,0.211,5.909
22/06/2019 11.00,22/06/2019 13.00,0.205,5.845
22/06/2019 12.00,22/06/2019 14.00,0.209,5.888
22/06/2019 13.00,22/06/2019 15.00,0.206,5.86
22/06/2019 14.00,22/06/2019 16.00,0.188,5.682
22/06/2019 15.00,22/06/2019 17.00,0.175,5.542
22/06/2019 16.00,22/06/2019 18.00,0.168,5.477
22/06/2019 17.00,22/06/2019 19.00,0.154,5.308
22/06/2019 18.00,22/06/2019 20.00,0.126,5
22/06/2019 19.00,22/06/2019 21.00,0.12,4.924
22/06/2019 20.00,22/06/2019 22.00,0.133,5.085
22/06/2019 21.00,22/06/2019 23.00,0.132,5.059
22/06/2019 22.00,23/06/2019 00.00,0.103,4.69
22/06/2019 23.00,23/06/2019 01.00,0.073,4.25
23/06/2019 00.00,23/06/2019 02.00,0.054,3.901
23/06/2019 01.00,23/06/2019 03.00,0.043,3.679
23/06/2019 02.00,23/06/2019 04.00,0.042,3.658
23/06/2019 03.00,23/06/2019 05.00,0.044,3.698
23/06/2019 04.00,23/06/2019 06.00,0.041,3.644
23/06/2019 05.00,23/06/2019 07.00,0.037,3.549
23/06/2019 06.00,23/06/2019 08.00,0.039,3.598
23/06/2019 07.00,23/06/2019 09.00,0.035,3.488
23/06/2019 08.00,23/06/2019 10.00,0.026,3.266
23/06/2019 09.00,23/06/2019 11.00,0.025,3.257
23/06/2019 10.00,23/06/2019 12.00,0.031,3.399
23/06/2019 11.00,23/06/2019 13.00,0.03,3.365
23/06/2019 12.00,23/06/2019 14.00,0.026,3.273
23/06/2019 13.00,23/06/2019 15.00,0.029,3.356
23/06/2019 14.00,23/06/2019 16.00,0.037,3.543
23/06/2019 15.00,23/06/2019 17.00,0.055,3.922
23/06/2019 16.00,23/06/2019 18.00,0.08,4.359
23/06/2019 17.00,23/06/2019 19.00,0.108,4.76
23/06/2019 18.00,23/06/2019 20.00,0.151,5.28
23/06/2019 19.00,23/06/2019 21.00,0.22,5.983
23/06/2019 20.00,23/06/2019 22.00,0.282,6.535
23/06/2019 21.00,23/06/2019 23.00,0.312,6.773
23/06/2019 22.00,24/06/2019 00.00,0.313,6.78
23/06/2019 23.00,24/06/2019 01.00,0.305,6.722
24/06/2019 00.00,24/06/2019 02.00,0.311,6.756
24/06/2019 01.00,24/06/2019 03.00,0.325,6.878
24/06/2019 02.00,24/06/2019 04.00,0.346,7.043
24/06/2019 03.00,24/06/2019 05.00,0.374,7.244
24/06/2019 04.00,24/06/2019 06.00,0.391,7.369
24/06/2019 05.00,24/06/2019 07.00,0.343,7.018
24/06/2019 06.00,24/06/2019 08.00,0.374,7.242
24/06/2019 07.00,24/06/2019 09.00,0.412,7.528
24/06/2019 08.00,24/06/2019 10.00,0.391,7.38
24/06/2019 09.00,24/06/2019 11.00,0.352,7.081
24/06/2019 10.00,24/06/2019 12.00,0.334,6.948
24/06/2019 11.00,24/06/2019 13.00,0.352,7.082
24/06/2019 12.00,24/06/2019 14.00,0.385,7.329
24/06/2019 13.00,24/06/2019 15.00,0.395,7.407
24/06/2019 14.00,24/06/2019 16.00,0.405,7.48
24/06/2019 15.00,24/06/2019 17.00,0.448,7.794
24/06/2019 16.00,24/06/2019 18.00,0.497,8.147
24/06/2019 17.00,24/06/2019 19.00,0.524,8.344
24/06/2019 18.00,24/06/2019 20.00,0.561,8.621
24/06/2019 19.00,24/06/2019 21.00,0.602,8.935
24/06/2019 20.00,24/06/2019 22.00,0.633,9.173
24/06/2019 21.00,24/06/2019 23.00,0.639,9.229
24/06/2019 22.00,25/06/2019 00.00,0.642,9.25
24/06/2019 23.00,25/06/2019 01.00,0.618,9.052
25/06/2019 00.00,25/06/2019 02.00,0.583,8.792
25/06/2019 01.00,25/06/2019 03.00,0.578,8.745
25/06/2019 02.00,25/06/2019 04.00,0.578,8.753
25/06/2019 03.00,25/06/2019 05.00,0.535,8.42
25/06/2019 04.00,25/06/2019 06.00,0.429,7.651
25/06/2019 05.00,25/06/2019 07.00,0.361,7.142
25/06/2019 06.00,25/06/2019 08.00,0.362,7.158
25/06/2019 07.00,25/06/2019 09.00,0.445,7.774
25/06/2019 08.00,25/06/2019 10.00,0.459,7.874
25/06/2019 09.00,25/06/2019 11.00,0.464,7.901
25/06/2019 10.00,25/06/2019 12.00,0.47,7.96
25/06/2019 11.00,25/06/2019 13.00,0.463,7.897
25/06/2019 12.00,25/06/2019 14.00,0.425,7.619
25/06/2019 13.00,25/06/2019 15.00,0.316,6.804
25/06/2019 14.00,25/06/2019 16.00,0.165,5.443
25/06/2019 15.00,25/06/2019 17.00,0.096,4.596
25/06/2019 16.00,25/06/2019 18.00,0.087,4.471
25/06/2019 17.00,25/06/2019 19.00,0.084,4.418
25/06/2019 18.00,25/06/2019 20.00,0.103,4.699
25/06/2019 19.00,25/06/2019 21.00,0.163,5.424
25/06/2019 20.00,25/06/2019 22.00,0.225,6.029
25/06/2019 21.00,25/06/2019 23.00,0.241,6.176
25/06/2019 22.00,26/06/2019 00.00,0.201,5.812
25/06/2019 23.00,26/06/2019 01.00,0.133,5.079
26/06/2019 00.00,26/06/2019 02.00,0.066,4.125
26/06/2019 01.00,26/06/2019 03.00,0.029,3.357
26/06/2019 02.00,26/06/2019 04.00,0.05,3.832
26/06/2019 03.00,26/06/2019 05.00,0.12,4.918
26/06/2019 04.00,26/06/2019 06.00,0.215,5.941
26/06/2019 05.00,26/06/2019 07.00,0.278,6.495
26/06/2019 06.00,26/06/2019 08.00,0.362,7.163
26/06/2019 07.00,26/06/2019 09.00,0.448,7.799
26/06/2019 08.00,26/06/2019 10.00,0.52,8.315
26/06/2019 09.00,26/06/2019 11.00,0.571,8.692
26/06/2019 10.00,26/06/2019 12.00,0.595,8.881
26/06/2019 11.00,26/06/2019 13.00,0.619,9.066
26/06/2019 12.00,26/06/2019 14.00,0.678,9.552
26/06/2019 13.00,26/06/2019 15.00,0.762,10.33
26/06/2019 14.00,26/06/2019 16.00,0.828,11.115
26/06/2019 15.00,26/06/2019 17.00,0.866,11.676
26/06/2019 16.00,26/06/2019 18.00,0.889,12.085
26/06/2019 17.00,26/06/2019 19.00,0.91,12.526
26/06/2019 18.00,26/06/2019 20.00,0.924,12.852
26/06/2019 19.00,26/06/2019 21.00,0.924,12.871
26/06/2019 20.00,26/06/2019 22.00,0.929,12.99
26/06/2019 21.00,26/06/2019 23.00,0.933,13.113
26/06/2019 22.00,27/06/2019 00.00,0.933,13.112
26/06/2019 23.00,27/06/2019 01.00,0.931,13.057
27/06/2019 00.00,27/06/2019 02.00,0.931,13.06
27/06/2019 01.00,27/06/2019 03.00,0.934,13.128
27/06/2019 02.00,27/06/2019 04.00,0.932,13.082
27/06/2019 03.00,27/06/2019 05.00,0.926,12.913
27/06/2019 04.00,27/06/2019 06.00,0.917,12.679
27/06/2019 05.00,27/06/2019 07.00,0.91,12.526
27/06/2019 06.00,27/06/2019 08.00,0.896,12.21
27/06/2019 07.00,27/06/2019 09.00,0.867,11.705
27/06/2019 08.00,27/06/2019 10.00,0.831,11.149
27/06/2019 09.00,27/06/2019 11.00,0.775,10.484
27/06/2019 10.00,27/06/2019 12.00,0.715,9.883
27/06/2019 11.00,27/06/2019 13.00,0.658,9.382
27/06/2019 12.00,27/06/2019 14.00,0.596,8.889
27/06/2019 13.00,27/06/2019 15.00,0.526,8.364
27/06/2019 14.00,27/06/2019 16.00,0.473,7.98
27/06/2019 15.00,27/06/2019 17.00,0.448,7.801
27/06/2019 16.00,27/06/2019 18.00,0.432,7.684
27/06/2019 17.00,27/06/2019 19.00,0.434,7.697
27/06/2019 18.00,27/06/2019 20.00,0.447,7.79
27/06/2019 19.00,27/06/2019 21.00,0.484,8.057
27/06/2019 20.00,27/06/2019 22.00,0.513,8.259
27/06/2019 21.00,27/06/2019 23.00,0.516,8.286
27/06/2019 22.00,28/06/2019 00.00,0.528,8.381
27/06/2019 23.00,28/06/2019 01.00,0.524,8.346
28/06/2019 00.00,28/06/2019 02.00,0.505,8.209
28/06/2019 01.00,28/06/2019 03.00,0.479,8.017
28/06/2019 02.00,28/06/2019 04.00,0.468,7.943
28/06/2019 03.00,28/06/2019 05.00,0.394,7.395
28/06/2019 04.00,28/06/2019 06.00,0.259,6.334
28/06/2019 05.00,28/06/2019 07.00,0.175,5.54
28/06/2019 06.00,28/06/2019 08.00,0.157,5.353
28/06/2019 07.00,28/06/2019 09.00,0.182,5.62
28/06/2019 08.00,28/06/2019 10.00,0.222,6.004
28/06/2019 09.00,28/06/2019 11.00,0.258,6.324
28/06/2019 10.00,28/06/2019 12.00,0.283,6.545
28/06/2019 11.00,28/06/2019 13.00,0.302,6.694
28/06/2019 12.00,28/06/2019 14.00,0.326,6.883
28/06/2019 13.00,28/06/2019 15.00,0.361,7.143
28/06/2019 14.00,28/06/2019 16.00,0.384,7.325
28/06/2019 15.00,28/06/2019 17.00,0.41,7.514
28/06/2019 16.00,28/06/2019 18.00,0.429,7.648
28/06/2019 17.00,28/06/2019 19.00,0.449,7.801
28/06/2019 18.00,28/06/2019 20.00,0.457,7.859
28/06/2019 19.00,28/06/2019 21.00,0.477,8.006
28/06/2019 20.00,28/06/2019 22.00,0.538,8.452
28/06/2019 21.00,28/06/2019 23.00,0.572,8.702
28/06/2019 22.00,29/06/2019 00.00,0.59,8.837
28/06/2019 23.00,29/06/2019 01.00,0.61,8.999
29/06/2019 00.00,29/06/2019 02.00,0.629,9.145
29/06/2019 01.00,29/06/2019 03.00,0.644,9.258
29/06/2019 02.00,29/06/2019 04.00,0.651,9.328
29/06/2019 03.00,29/06/2019 05.00,0.629,9.142
29/06/2019 04.00,29/06/2019 06.00,0.59,8.84
29/06/2019 05.00,29/06/2019 07.00,0.584,8.794
29/06/2019 06.00,29/06/2019 08.00,0.556,8.587
29/06/2019 07.00,29/06/2019 09.00,0.539,8.462
29/06/2019 08.00,29/06/2019 10.00,0.521,8.322
29/06/2019 09.00,29/06/2019 11.00,0.51,8.245
29/06/2019 10.00,29/06/2019 12.00,0.507,8.222
29/06/2019 11.00,29/06/2019 13.00,0.505,8.211
29/06/2019 12.00,29/06/2019 14.00,0.507,8.228
29/06/2019 13.00,29/06/2019 15.00,0.519,8.313
29/06/2019 14.00,29/06/2019 16.00,0.552,8.55
29/06/2019 15.00,29/06/2019 17.00,0.579,8.755
29/06/2019 16.00,29/06/2019 18.00,0.535,8.432
29/06/2019 17.00,29/06/2019 19.00,0.422,7.609
29/06/2019 18.00,29/06/2019 20.00,0.35,7.069
29/06/2019 19.00,29/06/2019 21.00,0.379,7.28
29/06/2019 20.00,29/06/2019 22.00,0.41,7.517
29/06/2019 21.00,29/06/2019 23.00,0.421,7.596
29/06/2019 22.00,30/06/2019 00.00,0.423,7.613
29/06/2019 23.00,30/06/2019 01.00,0.415,7.556
30/06/2019 00.00,30/06/2019 02.00,0.404,7.478
30/06/2019 01.00,30/06/2019 03.00,0.388,7.359
30/06/2019 02.00,30/06/2019 04.00,0.388,7.351
30/06/2019 03.00,30/06/2019 05.00,0.432,7.683
30/06/2019 04.00,30/06/2019 06.00,0.444,7.765
30/06/2019 05.00,30/06/2019 07.00,0.415,7.56
30/06/2019 06.00,30/06/2019 08.00,0.428,7.645
30/06/2019 07.00,30/06/2019 09.00,0.481,8.037
30/06/2019 08.00,30/06/2019 10.00,0.681,9.576
30/06/2019 09.00,30/06/2019 11.00,0.773,10.466
30/06/2019 10.00,30/06/2019 12.00,0.831,11.159
30/06/2019 11.00,30/06/2019 13.00,0.871,11.76
30/06/2019 12.00,30/06/2019 14.00,0.907,12.458
30/06/2019 13.00,30/06/2019 15.00,0.929,12.991
30/06/2019 14.00,30/06/2019 16.00,0.932,13.087
30/06/2019 15.00,30/06/2019 17.00,0.931,13.062
30/06/2019 16.00,30/06/2019 18.00,0.923,12.843
30/06/2019 17.00,30/06/2019 19.00,0.904,12.395
30/06/2019 18.00,30/06/2019 20.00,0.866,11.691
30/06/2019 19.00,30/06/2019 21.00,0.826,11.091
30/06/2019 20.00,30/06/2019 22.00,0.799,10.755
30/06/2019 21.00,30/06/2019 23.00,0.792,10.672
30/06/2019 22.00,01/07/2019 00.00,0.792,10.672
30/06/2019 23.00,01/07/2019 01.00,0.843,11.324
01/07/2019 00.00,01/07/2019 02.00,0.837,11.245
01/07/2019 01.00,01/07/2019 03.00,0.819,10.996
01/07/2019 02.00,01/07/2019 04.00,0.804,10.819
01/07/2019 03.00,01/07/2019 05.00,0.753,10.251
01/07/2019 04.00,01/07/2019 06.00,0.73,10.022
01/07/2019 05.00,01/07/2019 07.00,0.756,10.281
01/07/2019 06.00,01/07/2019 08.00,0.814,10.936
01/07/2019 07.00,01/07/2019 09.00,0.867,11.704
01/07/2019 08.00,01/07/2019 10.00,0.908,12.48
01/07/2019 09.00,01/07/2019 11.00,0.934,13.129
01/07/2019 10.00,01/07/2019 12.00,0.947,13.568
01/07/2019 11.00,01/07/2019 13.00,0.954,13.823
01/07/2019 12.00,01/07/2019 14.00,0.957,13.931
01/07/2019 13.00,01/07/2019 15.00,0.957,13.922
01/07/2019 14.00,01/07/2019 16.00,0.952,13.734
01/07/2019 15.00,01/07/2019 17.00,0.943,13.428
01/07/2019 16.00,01/07/2019 18.00,0.936,13.206
01/07/2019 17.00,01/07/2019 19.00,0.933,13.12
01/07/2019 18.00,01/07/2019 20.00,0.92,12.762
01/07/2019 19.00,01/07/2019 21.00,0.906,12.439
01/07/2019 20.00,01/07/2019 22.00,0.903,12.365
01/07/2019 21.00,01/07/2019 23.00,0.897,12.241
01/07/2019 22.00,02/07/2019 00.00,0.91,12.532
01/07/2019 23.00,02/07/2019 01.00,0.923,12.824
02/07/2019 00.00,02/07/2019 02.00,0.933,13.124
02/07/2019 01.00,02/07/2019 03.00,0.942,13.368
02/07/2019 02.00,02/07/2019 04.00,0.95,13.647
02/07/2019 03.00,02/07/2019 05.00,0.951,13.703
02/07/2019 04.00,02/07/2019 06.00,0.953,13.773
02/07/2019 05.00,02/07/2019 07.00,0.964,14.26
02/07/2019 06.00,02/07/2019 08.00,0.97,14.557
02/07/2019 07.00,02/07/2019 09.00,0.967,14.373
02/07/2019 08.00,02/07/2019 10.00,0.963,14.173
02/07/2019 09.00,02/07/2019 11.00,0.958,13.979
02/07/2019 10.00,02/07/2019 12.00,0.953,13.778
02/07/2019 11.00,02/07/2019 13.00,0.949,13.636
02/07/2019 12.00,02/07/2019 14.00,0.947,13.553
02/07/2019 13.00,02/07/2019 15.00,0.946,13.513
02/07/2019 14.00,02/07/2019 16.00,0.946,13.493
02/07/2019 15.00,02/07/2019 17.00,0.947,13.551
02/07/2019 16.00,02/07/2019 18.00,0.952,13.715
02/07/2019 17.00,02/07/2019 19.00,0.951,13.674
02/07/2019 18.00,02/07/2019 20.00,0.942,13.365
02/07/2019 19.00,02/07/2019 21.00,0.921,12.793
02/07/2019 20.00,02/07/2019 22.00,0.896,12.232
02/07/2019 21.00,02/07/2019 23.00,0.844,11.343
02/07/2019 22.00,03/07/2019 00.00,0.818,10.986
02/07/2019 23.00,03/07/2019 01.00,0.806,10.83
03/07/2019 00.00,03/07/2019 02.00,0.768,10.41
03/07/2019 01.00,03/07/2019 03.00,0.744,10.162
03/07/2019 02.00,03/07/2019 04.00,0.735,10.07
03/07/2019 03.00,03/07/2019 05.00,0.708,9.816
03/07/2019 04.00,03/07/2019 06.00,0.657,9.377
03/07/2019 05.00,03/07/2019 07.00,0.752,10.242
03/07/2019 06.00,03/07/2019 08.00,0.789,10.639
03/07/2019 07.00,03/07/2019 09.00,0.82,11.019
03/07/2019 08.00,03/07/2019 10.00,0.86,11.582
03/07/2019 09.00,03/07/2019 11.00,0.892,12.147
03/07/2019 10.00,03/07/2019 12.00,0.913,12.578
03/07/2019 11.00,03/07/2019 13.00,0.924,12.86
03/07/2019 12.00,03/07/2019 14.00,0.931,13.053
03/07/2019 13.00,03/07/2019 15.00,0.935,13.184
03/07/2019 14.00,03/07/2019 16.00,0.936,13.201
03/07/2019 15.00,03/07/2019 17.00,0.939,13.304
03/07/2019 16.00,03/07/2019 18.00,0.942,13.394
03/07/2019 17.00,03/07/2019 19.00,0.941,13.339
03/07/2019 18.00,03/07/2019 20.00,0.928,12.972
03/07/2019 19.00,03/07/2019 21.00,0.908,12.476
03/07/2019 20.00,03/07/2019 22.00,0.882,11.965
03/07/2019 21.00,03/07/2019 23.00,0.847,11.386
03/07/2019 22.00,04/07/2019 00.00,0.84,11.278
03/07/2019 23.00,04/07/2019 01.00,0.823,11.049
04/07/2019 00.00,04/07/2019 02.00,0.818,10.985
04/07/2019 01.00,04/07/2019 03.00,0.801,10.777
04/07/2019 02.00,04/07/2019 04.00,0.799,10.754
04/07/2019 03.00,04/07/2019 05.00,0.752,10.246
04/07/2019 04.00,04/07/2019 06.00,0.716,9.889
04/07/2019 05.00,04/07/2019 07.00,0.739,10.117
04/07/2019 06.00,04/07/2019 08.00,0.788,10.623
04/07/2019 07.00,04/07/2019 09.00,0.864,11.646
04/07/2019 08.00,04/07/2019 10.00,0.921,12.802
04/07/2019 09.00,04/07/2019 11.00,0.955,13.844
04/07/2019 10.00,04/07/2019 12.00,0.969,14.514
04/07/2019 11.00,04/07/2019 13.00,0.979,15.144
04/07/2019 12.00,04/07/2019 14.00,0.985,15.675
04/07/2019 13.00,04/07/2019 15.00,0.986,15.779
04/07/2019 14.00,04/07/2019 16.00,0.982,15.394
04/07/2019 15.00,04/07/2019 17.00,0.969,14.473
04/07/2019 16.00,04/07/2019 18.00,0.95,13.649
04/07/2019 17.00,04/07/2019 19.00,0.932,13.078
04/07/2019 18.00,04/07/2019 20.00,0.921,12.798
04/07/2019 19.00,04/07/2019 21.00,0.91,12.522
04/07/2019 20.00,04/07/2019 22.00,0.893,12.156
04/07/2019 21.00,04/07/2019 23.00,0.861,11.608
04/07/2019 22.00,05/07/2019 00.00,0.816,10.962
04/07/2019 23.00,05/07/2019 01.00,0.757,10.289
05/07/2019 00.00,05/07/2019 02.00,0.695,9.691
05/07/2019 01.00,05/07/2019 03.00,0.645,9.279
05/07/2019 02.00,05/07/2019 04.00,0.59,8.837
05/07/2019 03.00,05/07/2019 05.00,0.513,8.265
05/07/2019 04.00,05/07/2019 06.00,0.418,7.573
05/07/2019 05.00,05/07/2019 07.00,0.368,7.204
05/07/2019 06.00,05/07/2019 08.00,0.338,6.976
05/07/2019 07.00,05/07/2019 09.00,0.322,6.847
05/07/2019 08.00,05/07/2019 10.00,0.326,6.882
05/07/2019 09.00,05/07/2019 11.00,0.349,7.066
05/07/2019 10.00,05/07/2019 12.00,0.391,7.379
05/07/2019 11.00,05/07/2019 13.00,0.45,7.809
05/07/2019 12.00,05/07/2019 14.00,0.504,8.206
05/07/2019 13.00,05/07/2019 15.00,0.535,8.429
05/07/2019 14.00,05/07/2019 16.00,0.537,8.438
05/07/2019 15.00,05/07/2019 17.00,0.539,8.463
05/07/2019 16.00,05/07/2019 18.00,0.552,8.55
05/07/2019 17.00,05/07/2019 19.00,0.55,8.531
05/07/2019 18.00,05/07/2019 20.00,0.562,8.635
05/07/2019 19.00,05/07/2019 21.00,0.599,8.909
05/07/2019 20.00,05/07/2019 22.00,0.616,9.044
05/07/2019 21.00,05/07/2019 23.00,0.556,8.579
05/07/2019 22.00,06/07/2019 00.00,0.46,7.887
05/07/2019 23.00,06/07/2019 01.00,0.442,7.747
06/07/2019 00.00,06/07/2019 02.00,0.438,7.724
06/07/2019 01.00,06/07/2019 03.00,0.414,7.549
06/07/2019 02.00,06/07/2019 04.00,0.402,7.46
06/07/2019 03.00,06/07/2019 05.00,0.378,7.277
06/07/2019 04.00,06/07/2019 06.00,0.304,6.707
06/07/2019 05.00,06/07/2019 07.00,0.305,6.719
06/07/2019 06.00,06/07/2019 08.00,0.362,7.159
06/07/2019 07.00,06/07/2019 09.00,0.537,8.439
06/07/2019 08.00,06/07/2019 10.00,0.792,10.674
06/07/2019 09.00,06/07/2019 11.00,0.883,11.973
06/07/2019 10.00,06/07/2019 12.00,0.876,11.859
06/07/2019 11.00,06/07/2019 13.00,0.872,11.773
06/07/2019 12.00,06/07/2019 14.00,0.891,12.136
06/07/2019 13.00,06/07/2019 15.00,0.913,12.585
06/07/2019 14.00,06/07/2019 16.00,0.921,12.78
06/07/2019 15.00,06/07/2019 17.00,0.923,12.824
06/07/2019 16.00,06/07/2019 18.00,0.924,12.846
06/07/2019 17.00,06/07/2019 19.00,0.913,12.586
06/07/2019 18.00,06/07/2019 20.00,0.909,12.498
06/07/2019 19.00,06/07/2019 21.00,0.907,12.452
06/07/2019 20.00,06/07/2019 22.00,0.886,12.039
06/07/2019 21.00,06/07/2019 23.00,0.839,11.27
06/07/2019 22.00,07/07/2019 00.00,0.8,10.768
06/07/2019 23.00,07/07/2019 01.00,0.771,10.437
07/07/2019 00.00,07/07/2019 02.00,0.752,10.239
07/07/2019 01.00,07/07/2019 03.00,0.756,10.285
07/07/2019 02.00,07/07/2019 04.00,0.775,10.483
07/07/2019 03.00,07/07/2019 05.00,0.768,10.405
07/07/2019 04.00,07/07/2019 06.00,0.744,10.156
07/07/2019 05.00,07/07/2019 07.00,0.758,10.299
07/07/2019 06.00,07/07/2019 08.00,0.746,10.176
07/07/2019 07.00,07/07/2019 09.00,0.721,9.934
07/07/2019 08.00,07/07/2019 10.00,0.697,9.711
07/07/2019 09.00,07/07/2019 11.00,0.677,9.544
07/07/2019 10.00,07/07/2019 12.00,0.674,9.515
07/07/2019 11.00,07/07/2019 13.00,0.687,9.636
07/07/2019 12.00,07/07/2019 14.00,0.707,9.811
07/07/2019 13.00,07/07/2019 15.00,0.727,9.995
07/07/2019 14.00,07/07/2019 16.00,0.734,10.061
07/07/2019 15.00,07/07/2019 17.00,0.726,9.983
07/07/2019 16.00,07/07/2019 18.00,0.704,9.785
07/07/2019 17.00,07/07/2019 19.00,0.663,9.426
07/07/2019 18.00,07/07/2019 20.00,0.621,9.081
07/07/2019 19.00,07/07/2019 21.00,0.613,9.016
07/07/2019 20.00,07/07/2019 22.00,0.615,9.04
07/07/2019 21.00,07/07/2019 23.00,0.607,8.972
07/07/2019 22.00,08/07/2019 00.00,0.59,8.838
07/07/2019 23.00,08/07/2019 01.00,0.574,8.719
08/07/2019 00.00,08/07/2019 02.00,0.566,8.663
08/07/2019 01.00,08/07/2019 03.00,0.556,8.581
08/07/2019 02.00,08/07/2019 04.00,0.544,8.492
08/07/2019 03.00,08/07/2019 05.00,0.532,8.403
08/07/2019 04.00,08/07/2019 06.00,0.468,7.94
08/07/2019 05.00,08/07/2019 07.00,0.464,7.908
08/07/2019 06.00,08/07/2019 08.00,0.428,7.643
08/07/2019 07.00,08/07/2019 09.00,0.387,7.345
08/07/2019 08.00,08/07/2019 10.00,0.355,7.103
08/07/2019 09.00,08/07/2019 11.00,0.336,6.959
08/07/2019 10.00,08/07/2019 12.00,0.34,6.988
08/07/2019 11.00,08/07/2019 13.00,0.358,7.124
08/07/2019 12.00,08/07/2019 14.00,0.385,7.328
08/07/2019 13.00,08/07/2019 15.00,0.413,7.53
08/07/2019 14.00,08/07/2019 16.00,0.441,7.739
08/07/2019 15.00,08/07/2019 17.00,0.478,8.009
08/07/2019 16.00,08/07/2019 18.00,0.522,8.327
08/07/2019 17.00,08/07/2019 19.00,0.55,8.543
08/07/2019 18.00,08/07/2019 20.00,0.557,8.594
08/07/2019 19.00,08/07/2019 21.00,0.556,8.586
08/07/2019 20.00,08/07/2019 22.00,0.583,8.788
08/07/2019 21.00,08/07/2019 23.00,0.606,8.971
08/07/2019 22.00,09/07/2019 00.00,0.624,9.109
08/07/2019 23.00,09/07/2019 01.00,0.631,9.163
09/07/2019 00.00,09/07/2019 02.00,0.637,9.216
09/07/2019 01.00,09/07/2019 03.00,0.635,9.187
09/07/2019 02.00,09/07/2019 04.00,0.626,9.127
09/07/2019 03.00,09/07/2019 05.00,0.562,8.634
09/07/2019 04.00,09/07/2019 06.00,0.481,8.033
09/07/2019 05.00,09/07/2019 07.00,0.454,7.829
09/07/2019 06.00,09/07/2019 08.00,0.354,7.095
09/07/2019 07.00,09/07/2019 09.00,0.261,6.349
09/07/2019 08.00,09/07/2019 10.00,0.201,5.799
09/07/2019 09.00,09/07/2019 11.00,0.168,5.477
09/07/2019 10.00,09/07/2019 12.00,0.163,5.419
09/07/2019 11.00,09/07/2019 13.00,0.185,5.654
09/07/2019 12.00,09/07/2019 14.00,0.226,6.043
09/07/2019 13.00,09/07/2019 15.00,0.276,6.475
09/07/2019 14.00,09/07/2019 16.00,0.315,6.798
09/07/2019 15.00,09/07/2019 17.00,0.355,7.105
09/07/2019 16.00,09/07/2019 18.00,0.396,7.414
09/07/2019 17.00,09/07/2019 19.00,0.438,7.723
09/07/2019 18.00,09/07/2019 20.00,0.477,8.004
09/07/2019 19.00,09/07/2019 21.00,0.501,8.185
09/07/2019 20.00,09/07/2019 22.00,0.532,8.409
09/07/2019 21.00,09/07/2019 23.00,0.551,8.545
09/07/2019 22.00,10/07/2019 00.00,0.555,8.571
09/07/2019 23.00,10/07/2019 01.00,0.575,8.729
10/07/2019 00.00,10/07/2019 02.00,0.59,8.835
10/07/2019 01.00,10/07/2019 03.00,0.593,8.865
10/07/2019 02.00,10/07/2019 04.00,0.59,8.838
10/07/2019 03.00,10/07/2019 05.00,0.561,8.625
10/07/2019 04.00,10/07/2019 06.00,0.501,8.172
10/07/2019 05.00,10/07/2019 07.00,0.535,8.426
10/07/2019 06.00,10/07/2019 08.00,0.547,8.516
10/07/2019 07.00,10/07/2019 09.00,0.563,8.64
10/07/2019 08.00,10/07/2019 10.00,0.574,8.713
10/07/2019 09.00,10/07/2019 11.00,0.569,8.682
10/07/2019 10.00,10/07/2019 12.00,0.556,8.573
10/07/2019 11.00,10/07/2019 13.00,0.538,8.444
10/07/2019 12.00,10/07/2019 14.00,0.513,8.261
10/07/2019 13.00,10/07/2019 15.00,0.481,8.037
10/07/2019 14.00,10/07/2019 16.00,0.435,7.703
10/07/2019 15.00,10/07/2019 17.00,0.384,7.322
10/07/2019 16.00,10/07/2019 18.00,0.334,6.942
10/07/2019 17.00,10/07/2019 19.00,0.294,6.632
10/07/2019 18.00,10/07/2019 20.00,0.274,6.466
10/07/2019 19.00,10/07/2019 21.00,0.278,6.489
10/07/2019 20.00,10/07/2019 22.00,0.251,6.27
10/07/2019 21.00,10/07/2019 23.00,0.201,5.814
10/07/2019 22.00,11/07/2019 00.00,0.154,5.309
10/07/2019 23.00,11/07/2019 01.00,0.117,4.869
11/07/2019 00.00,11/07/2019 02.00,0.095,4.577
11/07/2019 01.00,11/07/2019 03.00,0.089,4.487
11/07/2019 02.00,11/07/2019 04.00,0.096,4.6
11/07/2019 03.00,11/07/2019 05.00,0.112,4.813
11/07/2019 04.00,11/07/2019 06.00,0.124,4.963
11/07/2019 05.00,11/07/2019 07.00,0.135,5.107
11/07/2019 06.00,11/07/2019 08.00,0.178,5.575
11/07/2019 07.00,11/07/2019 09.00,0.223,6.015
11/07/2019 08.00,11/07/2019 10.00,0.244,6.205
11/07/2019 09.00,11/07/2019 11.00,0.245,6.216
11/07/2019 10.00,11/07/2019 12.00,0.24,6.169
11/07/2019 11.00,11/07/2019 13.00,0.225,6.038
11/07/2019 12.00,11/07/2019 14.00,0.204,5.836
11/07/2019 13.00,11/07/2019 15.00,0.185,5.649
11/07/2019 14.00,11/07/2019 16.00,0.166,5.446
11/07/2019 15.00,11/07/2019 17.00,0.141,5.178
11/07/2019 16.00,11/07/2019 18.00,0.119,4.903
11/07/2019 17.00,11/07/2019 19.00,0.1,4.648
11/07/2019 18.00,11/07/2019 20.00,0.084,4.411
11/07/2019 19.00,11/07/2019 21.00,0.081,4.369
11/07/2019 20.00,11/07/2019 22.00,0.084,4.402
11/07/2019 21.00,11/07/2019 23.00,0.074,4.26
11/07/2019 22.00,12/07/2019 00.00,0.058,3.97
11/07/2019 23.00,12/07/2019 01.00,0.045,3.725
12/07/2019 00.00,12/07/2019 02.00,0.037,3.557
12/07/2019 01.00,12/07/2019 03.00,0.031,3.4
12/07/2019 02.00,12/07/2019 04.00,0.026,3.269
12/07/2019 03.00,12/07/2019 05.00,0.02,3.089
12/07/2019 04.00,12/07/2019 06.00,0.013,2.826
12/07/2019 05.00,12/07/2019 07.00,0.009,2.629
12/07/2019 06.00,12/07/2019 08.00,0.007,2.514
12/07/2019 07.00,12/07/2019 09.00,0.005,2.392
12/07/2019 08.00,12/07/2019 10.00,0.008,2.564
12/07/2019 09.00,12/07/2019 11.00,0.013,2.815
12/07/2019 10.00,12/07/2019 12.00,0.014,2.893
12/07/2019 11.00,12/07/2019 13.00,0.018,3.016
12/07/2019 12.00,12/07/2019 14.00,0.023,3.183
12/07/2019 13.00,12/07/2019 15.00,0.028,3.32
12/07/2019 14.00,12/07/2019 16.00,0.03,3.368
12/07/2019 15.00,12/07/2019 17.00,0.032,3.436
12/07/2019 16.00,12/07/2019 18.00,0.036,3.53
12/07/2019 17.00,12/07/2019 19.00,0.045,3.736
12/07/2019 18.00,12/07/2019 20.00,0.063,4.07
12/07/2019 19.00,12/07/2019 21.00,0.088,4.479
12/07/2019 20.00,12/07/2019 22.00,0.112,4.803
12/07/2019 21.00,12/07/2019 23.00,0.126,4.996
12/07/2019 22.00,13/07/2019 00.00,0.142,5.19
12/07/2019 23.00,13/07/2019 01.00,0.167,5.459
13/07/2019 00.00,13/07/2019 02.00,0.192,5.71
13/07/2019 01.00,13/07/2019 03.00,0.216,5.95
13/07/2019 02.00,13/07/2019 04.00,0.253,6.288
13/07/2019 03.00,13/07/2019 05.00,0.289,6.585
13/07/2019 04.00,13/07/2019 06.00,0.271,6.434
13/07/2019 05.00,13/07/2019 07.00,0.255,6.301
13/07/2019 06.00,13/07/2019 08.00,0.281,6.522
13/07/2019 07.00,13/07/2019 09.00,0.315,6.802
13/07/2019 08.00,13/07/2019 10.00,0.342,7.005
13/07/2019 09.00,13/07/2019 11.00,0.361,7.145
13/07/2019 10.00,13/07/2019 12.00,0.379,7.291
13/07/2019 11.00,13/07/2019 13.00,0.401,7.45
13/07/2019 12.00,13/07/2019 14.00,0.422,7.605
13/07/2019 13.00,13/07/2019 15.00,0.447,7.784
13/07/2019 14.00,13/07/2019 16.00,0.476,7.991
13/07/2019 15.00,13/07/2019 17.00,0.493,8.117
13/07/2019 16.00,13/07/2019 18.00,0.479,8.021
13/07/2019 17.00,13/07/2019 19.00,0.442,7.746
13/07/2019 18.00,13/07/2019 20.00,0.4,7.438
13/07/2019 19.00,13/07/2019 21.00,0.357,7.119
13/07/2019 20.00,13/07/2019 22.00,0.323,6.862
13/07/2019 21.00,13/07/2019 23.00,0.312,6.776
13/07/2019 22.00,14/07/2019 00.00,0.316,6.808
13/07/2019 23.00,14/07/2019 01.00,0.317,6.82
14/07/2019 00.00,14/07/2019 02.00,0.308,6.738
14/07/2019 01.00,14/07/2019 03.00,0.311,6.77
14/07/2019 02.00,14/07/2019 04.00,0.32,6.832
14/07/2019 03.00,14/07/2019 05.00,0.3,6.67
14/07/2019 04.00,14/07/2019 06.00,0.248,6.234
14/07/2019 05.00,14/07/2019 07.00,0.203,5.829
14/07/2019 06.00,14/07/2019 08.00,0.152,5.296
14/07/2019 07.00,14/07/2019 09.00,0.114,4.843
14/07/2019 08.00,14/07/2019 10.00,0.096,4.59
14/07/2019 09.00,14/07/2019 11.00,0.091,4.517
14/07/2019 10.00,14/07/2019 12.00,0.096,4.591
14/07/2019 11.00,14/07/2019 13.00,0.118,4.899
14/07/2019 12.00,14/07/2019 14.00,0.159,5.375
14/07/2019 13.00,14/07/2019 15.00,0.207,5.872
14/07/2019 14.00,14/07/2019 16.00,0.254,6.297
14/07/2019 15.00,14/07/2019 17.00,0.294,6.622
14/07/2019 16.00,14/07/2019 18.00,0.328,6.889
14/07/2019 17.00,14/07/2019 19.00,0.341,7
14/07/2019 18.00,14/07/2019 20.00,0.352,7.087
14/07/2019 19.00,14/07/2019 21.00,0.359,7.135
14/07/2019 20.00,14/07/2019 22.00,0.374,7.241
14/07/2019 21.00,14/07/2019 23.00,0.377,7.273
14/07/2019 22.00,15/07/2019 00.00,0.373,7.236
14/07/2019 23.00,15/07/2019 01.00,0.374,7.248
15/07/2019 00.00,15/07/2019 02.00,0.388,7.348
15/07/2019 01.00,15/07/2019 03.00,0.41,7.509
15/07/2019 02.00,15/07/2019 04.00,0.422,7.598
15/07/2019 03.00,15/07/2019 05.00,0.441,7.742
15/07/2019 04.00,15/07/2019 06.00,0.457,7.86
15/07/2019 05.00,15/07/2019 07.00,0.484,8.053
15/07/2019 06.00,15/07/2019 08.00,0.484,8.059
15/07/2019 07.00,15/07/2019 09.00,0.461,7.892
15/07/2019 08.00,15/07/2019 10.00,0.441,7.741
15/07/2019 09.00,15/07/2019 11.00,0.413,7.532
15/07/2019 10.00,15/07/2019 12.00,0.379,7.282
15/07/2019 11.00,15/07/2019 13.00,0.352,7.086
15/07/2019 12.00,15/07/2019 14.00,0.355,7.107
15/07/2019 13.00,15/07/2019 15.00,0.379,7.288
15/07/2019 14.00,15/07/2019 16.00,0.386,7.333
15/07/2019 15.00,15/07/2019 17.00,0.362,7.162
15/07/2019 16.00,15/07/2019 18.00,0.327,6.887
15/07/2019 17.00,15/07/2019 19.00,0.289,6.589
15/07/2019 18.00,15/07/2019 20.00,0.271,6.436
15/07/2019 19.00,15/07/2019 21.00,0.308,6.732
15/07/2019 20.00,15/07/2019 22.00,0.371,7.227
15/07/2019 21.00,15/07/2019 23.00,0.423,7.614
15/07/2019 22.00,16/07/2019 00.00,0.452,7.824
15/07/2019 23.00,16/07/2019 01.00,0.49,8.098
16/07/2019 00.00,16/07/2019 02.00,0.547,8.514
16/07/2019 01.00,16/07/2019 03.00,0.596,8.891
16/07/2019 02.00,16/07/2019 04.00,0.626,9.125
16/07/2019 03.00,16/07/2019 05.00,0.603,8.946
16/07/2019 04.00,16/07/2019 06.00,0.516,8.292
16/07/2019 05.00,16/07/2019 07.00,0.468,7.945
16/07/2019 06.00,16/07/2019 08.00,0.402,7.459
16/07/2019 07.00,16/07/2019 09.00,0.349,7.067
16/07/2019 08.00,16/07/2019 10.00,0.302,6.699
16/07/2019 09.00,16/07/2019 11.00,0.264,6.379
16/07/2019 10.00,16/07/2019 12.00,0.245,6.213
16/07/2019 11.00,16/07/2019 13.00,0.244,6.206
16/07/2019 12.00,16/07/2019 14.00,0.248,6.232
16/07/2019 13.00,16/07/2019 15.00,0.24,6.167
16/07/2019 14.00,16/07/2019 16.00,0.223,6.01
16/07/2019 15.00,16/07/2019 17.00,0.2,5.796
16/07/2019 16.00,16/07/2019 18.00,0.176,5.549
16/07/2019 17.00,16/07/2019 19.00,0.159,5.382
16/07/2019 18.00,16/07/2019 20.00,0.174,5.533
16/07/2019 19.00,16/07/2019 21.00,0.209,5.889
16/07/2019 20.00,16/07/2019 22.00,0.228,6.064
16/07/2019 21.00,16/07/2019 23.00,0.236,6.139
16/07/2019 22.00,17/07/2019 00.00,0.238,6.159
16/07/2019 23.00,17/07/2019 01.00,0.228,6.064
17/07/2019 00.00,17/07/2019 02.00,0.212,5.92
17/07/2019 01.00,17/07/2019 03.00,0.201,5.802
17/07/2019 02.00,17/07/2019 04.00,0.19,5.699
17/07/2019 03.00,17/07/2019 05.00,0.16,5.392
17/07/2019 04.00,17/07/2019 06.00,0.122,4.95
17/07/2019 05.00,17/07/2019 07.00,0.09,4.515
17/07/2019 06.00,17/07/2019 08.00,0.074,4.261
17/07/2019 07.00,17/07/2019 09.00,0.071,4.209
17/07/2019 08.00,17/07/2019 10.00,0.074,4.264
17/07/2019 09.00,17/07/2019 11.00,0.08,4.357
17/07/2019 10.00,17/07/2019 12.00,0.09,4.509
17/07/2019 11.00,17/07/2019 13.00,0.106,4.732
17/07/2019 12.00,17/07/2019 14.00,0.127,5.003
17/07/2019 13.00,17/07/2019 15.00,0.147,5.24
17/07/2019 14.00,17/07/2019 16.00,0.155,5.321
17/07/2019 15.00,17/07/2019 17.00,0.152,5.292
17/07/2019 16.00,17/07/2019 18.00,0.145,5.22
17/07/2019 17.00,17/07/2019 19.00,0.14,5.166
17/07/2019 18.00,17/07/2019 20.00,0.147,5.239
17/07/2019 19.00,17/07/2019 21.00,0.153,5.308
17/07/2019 20.00,17/07/2019 22.00,0.133,5.085
17/07/2019 21.00,17/07/2019 23.00,0.101,4.669
17/07/2019 22.00,18/07/2019 00.00,0.075,4.271
17/07/2019 23.00,18/07/2019 01.00,0.063,4.074
18/07/2019 00.00,18/07/2019 02.00,0.066,4.125
18/07/2019 01.00,18/07/2019 03.00,0.088,4.475
18/07/2019 02.00,18/07/2019 04.00,0.123,4.951
18/07/2019 03.00,18/07/2019 05.00,0.159,5.38
18/07/2019 04.00,18/07/2019 06.00,0.181,5.61
18/07/2019 05.00,18/07/2019 07.00,0.189,5.689
18/07/2019 06.00,18/07/2019 08.00,0.218,5.968
18/07/2019 07.00,18/07/2019 09.00,0.231,6.092
18/07/2019 08.00,18/07/2019 10.00,0.225,6.034
18/07/2019 09.00,18/07/2019 11.00,0.216,5.947
18/07/2019 10.00,18/07/2019 12.00,0.208,5.876
18/07/2019 11.00,18/07/2019 13.00,0.205,5.85
18/07/2019 12.00,18/07/2019 14.00,0.204,5.837
18/07/2019 13.00,18/07/2019 15.00,0.2,5.795
18/07/2019 14.00,18/07/2019 16.00,0.184,5.639
18/07/2019 15.00,18/07/2019 17.00,0.164,5.435
18/07/2019 16.00,18/07/2019 18.00,0.135,5.099
18/07/2019 17.00,18/07/2019 19.00,0.096,4.593
18/07/2019 18.00,18/07/2019 20.00,0.081,4.37
18/07/2019 19.00,18/07/2019 21.00,0.102,4.675
18/07/2019 20.00,18/07/2019 22.00,0.156,5.343
18/07/2019 21.00,18/07/2019 23.00,0.227,6.053
18/07/2019 22.00,19/07/2019 00.00,0.277,6.485
18/07/2019 23.00,19/07/2019 01.00,0.291,6.606
19/07/2019 00.00,19/07/2019 02.00,0.295,6.641
19/07/2019 01.00,19/07/2019 03.00,0.278,6.489
19/07/2019 02.00,19/07/2019 04.00,0.22,5.982
19/07/2019 03.00,19/07/2019 05.00,0.155,5.327
19/07/2019 04.00,19/07/2019 06.00,0.096,4.593
19/07/2019 05.00,19/07/2019 07.00,0.059,4.007
19/07/2019 06.00,19/07/2019 08.00,0.049,3.806
19/07/2019 07.00,19/07/2019 09.00,0.05,3.824
19/07/2019 08.00,19/07/2019 10.00,0.059,3.995
19/07/2019 09.00,19/07/2019 11.00,0.076,4.3
19/07/2019 10.00,19/07/2019 12.00,0.101,4.651
19/07/2019 11.00,19/07/2019 13.00,0.134,5.096
19/07/2019 12.00,19/07/2019 14.00,0.175,5.539
19/07/2019 13.00,19/07/2019 15.00,0.201,5.812
19/07/2019 14.00,19/07/2019 16.00,0.204,5.84
19/07/2019 15.00,19/07/2019 17.00,0.179,5.592
19/07/2019 16.00,19/07/2019 18.00,0.139,5.157
19/07/2019 17.00,19/07/2019 19.00,0.116,4.861
19/07/2019 18.00,19/07/2019 20.00,0.11,4.78
19/07/2019 19.00,19/07/2019 21.00,0.084,4.41
19/07/2019 20.00,19/07/2019 22.00,0.045,3.72
19/07/2019 21.00,19/07/2019 23.00,0.028,3.336
19/07/2019 22.00,20/07/2019 00.00,0.035,3.493
19/07/2019 23.00,20/07/2019 01.00,0.067,4.129
20/07/2019 00.00,20/07/2019 02.00,0.128,5.019
20/07/2019 01.00,20/07/2019 03.00,0.236,6.135
20/07/2019 02.00,20/07/2019 04.00,0.376,7.259
20/07/2019 03.00,20/07/2019 05.00,0.488,8.077
20/07/2019 04.00,20/07/2019 06.00,0.518,8.299
20/07/2019 05.00,20/07/2019 07.00,0.501,8.185
20/07/2019 06.00,20/07/2019 08.00,0.525,8.357
20/07/2019 07.00,20/07/2019 09.00,0.565,8.647
20/07/2019 08.00,20/07/2019 10.00,0.668,9.458
20/07/2019 09.00,20/07/2019 11.00,0.728,10.009
20/07/2019 10.00,20/07/2019 12.00,0.777,10.496
20/07/2019 11.00,20/07/2019 13.00,0.829,11.12
20/07/2019 12.00,20/07/2019 14.00,0.863,11.632
20/07/2019 13.00,20/07/2019 15.00,0.857,11.544
20/07/2019 14.00,20/07/2019 16.00,0.817,10.978
20/07/2019 15.00,20/07/2019 17.00,0.741,10.133
20/07/2019 16.00,20/07/2019 18.00,0.599,8.908
20/07/2019 17.00,20/07/2019 19.00,0.516,8.286
20/07/2019 18.00,20/07/2019 20.00,0.466,7.922
20/07/2019 19.00,20/07/2019 21.00,0.429,7.648
20/07/2019 20.00,20/07/2019 22.00,0.389,7.364
20/07/2019 21.00,20/07/2019 23.00,0.376,7.27
20/07/2019 22.00,21/07/2019 00.00,0.4,7.439
20/07/2019 23.00,21/07/2019 01.00,0.413,7.542
21/07/2019 00.00,21/07/2019 02.00,0.425,7.621
21/07/2019 01.00,21/07/2019 03.00,0.422,7.609
21/07/2019 02.00,21/07/2019 04.00,0.416,7.561
21/07/2019 03.00,21/07/2019 05.00,0.413,7.543
21/07/2019 04.00,21/07/2019 06.00,0.388,7.35
21/07/2019 05.00,21/07/2019 07.00,0.355,7.111
21/07/2019 06.00,21/07/2019 08.00,0.406,7.484
21/07/2019 07.00,21/07/2019 09.00,0.471,7.961
21/07/2019 08.00,21/07/2019 10.00,0.504,8.204
21/07/2019 09.00,21/07/2019 11.00,0.542,8.481
21/07/2019 10.00,21/07/2019 12.00,0.625,9.118
21/07/2019 11.00,21/07/2019 13.00,0.726,9.988
21/07/2019 12.00,21/07/2019 14.00,0.807,10.848
21/07/2019 13.00,21/07/2019 15.00,0.844,11.333
21/07/2019 14.00,21/07/2019 16.00,0.852,11.466
21/07/2019 15.00,21/07/2019 17.00,0.84,11.281
21/07/2019 16.00,21/07/2019 18.00,0.812,10.9
21/07/2019 17.00,21/07/2019 19.00,0.754,10.261
21/07/2019 18.00,21/07/2019 20.00,0.663,9.428
21/07/2019 19.00,21/07/2019 21.00,0.596,8.888
21/07/2019 20.00,21/07/2019 22.00,0.59,8.839
21/07/2019 21.00,21/07/2019 23.00,0.547,8.519
21/07/2019 22.00,22/07/2019 00.00,0.558,8.605
21/07/2019 23.00,22/07/2019 01.00,0.559,8.61
22/07/2019 00.00,22/07/2019 02.00,0.53,8.394
22/07/2019 01.00,22/07/2019 03.00,0.498,8.159
22/07/2019 02.00,22/07/2019 04.00,0.507,8.227
22/07/2019 03.00,22/07/2019 05.00,0.483,8.046
22/07/2019 04.00,22/07/2019 06.00,0.479,8.02
22/07/2019 05.00,22/07/2019 07.00,0.522,8.329
22/07/2019 06.00,22/07/2019 08.00,0.54,8.467
22/07/2019 07.00,22/07/2019 09.00,0.566,8.658
22/07/2019 08.00,22/07/2019 10.00,0.607,8.978
22/07/2019 09.00,22/07/2019 11.00,0.692,9.668
22/07/2019 10.00,22/07/2019 12.00,0.788,10.63
22/07/2019 11.00,22/07/2019 13.00,0.844,11.343
22/07/2019 12.00,22/07/2019 14.00,0.848,11.396
22/07/2019 13.00,22/07/2019 15.00,0.801,10.785
22/07/2019 14.00,22/07/2019 16.00,0.714,9.878
22/07/2019 15.00,22/07/2019 17.00,0.642,9.248
22/07/2019 16.00,22/07/2019 18.00,0.618,9.063
22/07/2019 17.00,22/07/2019 19.00,0.599,8.913
22/07/2019 18.00,22/07/2019 20.00,0.593,8.87
22/07/2019 19.00,22/07/2019 21.00,0.593,8.864
22/07/2019 20.00,22/07/2019 22.00,0.591,8.848
22/07/2019 21.00,22/07/2019 23.00,0.597,8.894
22/07/2019 22.00,23/07/2019 00.00,0.602,8.933
22/07/2019 23.00,23/07/2019 01.00,0.612,9.008
23/07/2019 00.00,23/07/2019 02.00,0.613,9.022
23/07/2019 01.00,23/07/2019 03.00,0.601,8.919
23/07/2019 02.00,23/07/2019 04.00,0.556,8.579
23/07/2019 03.00,23/07/2019 05.00,0.53,8.392
23/07/2019 04.00,23/07/2019 06.00,0.468,7.942
23/07/2019 05.00,23/07/2019 07.00,0.395,7.404
23/07/2019 06.00,23/07/2019 08.00,0.419,7.578
23/07/2019 07.00,23/07/2019 09.00,0.427,7.636
23/07/2019 08.00,23/07/2019 10.00,0.431,7.661
23/07/2019 09.00,23/07/2019 11.00,0.457,7.863
23/07/2019 10.00,23/07/2019 12.00,0.484,8.052
23/07/2019 11.00,23/07/2019 13.00,0.495,8.14
23/07/2019 12.00,23/07/2019 14.00,0.494,8.134
23/07/2019 13.00,23/07/2019 15.00,0.479,8.019
23/07/2019 14.00,23/07/2019 16.00,0.459,7.875
23/07/2019 15.00,23/07/2019 17.00,0.422,7.599
23/07/2019 16.00,23/07/2019 18.00,0.358,7.133
23/07/2019 17.00,23/07/2019 19.00,0.27,6.427
23/07/2019 18.00,23/07/2019 20.00,0.197,5.769
23/07/2019 19.00,23/07/2019 21.00,0.176,5.555
23/07/2019 20.00,23/07/2019 22.00,0.155,5.326
23/07/2019 21.00,23/07/2019 23.00,0.132,5.062
23/07/2019 22.00,24/07/2019 00.00,0.11,4.778
23/07/2019 23.00,24/07/2019 01.00,0.085,4.441
24/07/2019 00.00,24/07/2019 02.00,0.062,4.052
24/07/2019 01.00,24/07/2019 03.00,0.04,3.622
24/07/2019 02.00,24/07/2019 04.00,0.027,3.289
24/07/2019 03.00,24/07/2019 05.00,0.028,3.317
24/07/2019 04.00,24/07/2019 06.00,0.046,3.745
24/07/2019 05.00,24/07/2019 07.00,0.059,4.007
24/07/2019 06.00,24/07/2019 08.00,0.08,4.362
24/07/2019 07.00,24/07/2019 09.00,0.122,4.946
24/07/2019 08.00,24/07/2019 10.00,0.118,4.899
24/07/2019 09.00,24/07/2019 11.00,0.095,4.585
24/07/2019 10.00,24/07/2019 12.00,0.083,4.388
24/07/2019 11.00,24/07/2019 13.00,0.096,4.6
24/07/2019 12.00,24/07/2019 14.00,0.132,5.053
24/07/2019 13.00,24/07/2019 15.00,0.167,5.466
24/07/2019 14.00,24/07/2019 16.00,0.204,5.836
24/07/2019 15.00,24/07/2019 17.00,0.249,6.241
24/07/2019 16.00,24/07/2019 18.00,0.289,6.58
24/07/2019 17.00,24/07/2019 19.00,0.337,6.96
24/07/2019 18.00,24/07/2019 20.00,0.454,7.833
24/07/2019 19.00,24/07/2019 21.00,0.566,8.659
24/07/2019 20.00,24/07/2019 22.00,0.594,8.878
24/07/2019 21.00,24/07/2019 23.00,0.598,8.898
24/07/2019 22.00,25/07/2019 00.00,0.61,9
24/07/2019 23.00,25/07/2019 01.00,0.617,9.045
25/07/2019 00.00,25/07/2019 02.00,0.616,9.045
25/07/2019 01.00,25/07/2019 03.00,0.613,9.01
25/07/2019 02.00,25/07/2019 04.00,0.595,8.883
25/07/2019 03.00,25/07/2019 05.00,0.543,8.484
25/07/2019 04.00,25/07/2019 06.00,0.435,7.705
25/07/2019 05.00,25/07/2019 07.00,0.305,6.716
25/07/2019 06.00,25/07/2019 08.00,0.245,6.216
25/07/2019 07.00,25/07/2019 09.00,0.291,6.598
25/07/2019 08.00,25/07/2019 10.00,0.264,6.38
25/07/2019 09.00,25/07/2019 11.00,0.242,6.184
25/07/2019 10.00,25/07/2019 12.00,0.245,6.21
25/07/2019 11.00,25/07/2019 13.00,0.265,6.39
25/07/2019 12.00,25/07/2019 14.00,0.284,6.55
25/07/2019 13.00,25/07/2019 15.00,0.3,6.676
25/07/2019 14.00,25/07/2019 16.00,0.316,6.806
25/07/2019 15.00,25/07/2019 17.00,0.331,6.918
25/07/2019 16.00,25/07/2019 18.00,0.343,7.018
25/07/2019 17.00,25/07/2019 19.00,0.355,7.108
25/07/2019 18.00,25/07/2019 20.00,0.428,7.644
25/07/2019 19.00,25/07/2019 21.00,0.528,8.382
25/07/2019 20.00,25/07/2019 22.00,0.574,8.711
25/07/2019 21.00,25/07/2019 23.00,0.573,8.707
25/07/2019 22.00,26/07/2019 00.00,0.549,8.528
25/07/2019 23.00,26/07/2019 01.00,0.513,8.266
26/07/2019 00.00,26/07/2019 02.00,0.488,8.081
26/07/2019 01.00,26/07/2019 03.00,0.483,8.046
26/07/2019 02.00,26/07/2019 04.00,0.501,8.173
26/07/2019 03.00,26/07/2019 05.00,0.516,8.291
26/07/2019 04.00,26/07/2019 06.00,0.494,8.126
26/07/2019 05.00,26/07/2019 07.00,0.437,7.716
26/07/2019 06.00,26/07/2019 08.00,0.367,7.196
26/07/2019 07.00,26/07/2019 09.00,0.325,6.875
26/07/2019 08.00,26/07/2019 10.00,0.381,7.307
26/07/2019 09.00,26/07/2019 11.00,0.379,7.288
26/07/2019 10.00,26/07/2019 12.00,0.367,7.198
26/07/2019 11.00,26/07/2019 13.00,0.367,7.203
26/07/2019 12.00,26/07/2019 14.00,0.378,7.275
26/07/2019 13.00,26/07/2019 15.00,0.392,7.382
26/07/2019 14.00,26/07/2019 16.00,0.401,7.452
26/07/2019 15.00,26/07/2019 17.00,0.388,7.349
26/07/2019 16.00,26/07/2019 18.00,0.358,7.13
26/07/2019 17.00,26/07/2019 19.00,0.343,7.019
26/07/2019 18.00,26/07/2019 20.00,0.356,7.115
26/07/2019 19.00,26/07/2019 21.00,0.374,7.248
26/07/2019 20.00,26/07/2019 22.00,0.365,7.182
26/07/2019 21.00,26/07/2019 23.00,0.362,7.153
26/07/2019 22.00,27/07/2019 00.00,0.4,7.438
26/07/2019 23.00,27/07/2019 01.00,0.459,7.869
27/07/2019 00.00,27/07/2019 02.00,0.501,8.181
27/07/2019 01.00,27/07/2019 03.00,0.51,8.24
27/07/2019 02.00,27/07/2019 04.00,0.496,8.144
27/07/2019 03.00,27/07/2019 05.00,0.491,8.108
27/07/2019 04.00,27/07/2019 06.00,0.464,7.906
27/07/2019 05.00,27/07/2019 07.00,0.425,7.622
27/07/2019 06.00,27/07/2019 08.00,0.605,8.959
27/07/2019 07.00,27/07/2019 09.00,0.702,9.762
27/07/2019 08.00,27/07/2019 10.00,0.759,10.311
27/07/2019 09.00,27/07/2019 11.00,0.795,10.714
27/07/2019 10.00,27/07/2019 12.00,0.817,10.976
27/07/2019 11.00,27/07/2019 13.00,0.831,11.168
27/07/2019 12.00,27/07/2019 14.00,0.827,11.099
27/07/2019 13.00,27/07/2019 15.00,0.815,10.955
27/07/2019 14.00,27/07/2019 16.00,0.793,10.686
27/07/2019 15.00,27/07/2019 17.00,0.753,10.257
27/07/2019 16.00,27/07/2019 18.00,0.672,9.492
27/07/2019 17.00,27/07/2019 19.00,0.617,9.048
27/07/2019 18.00,27/07/2019 20.00,0.633,9.171
27/07/2019 19.00,27/07/2019 21.00,0.668,9.462
27/07/2019 20.00,27/07/2019 22.00,0.705,9.788
27/07/2019 21.00,27/07/2019 23.00,0.697,9.724
27/07/2019 22.00,28/07/2019 00.00,0.662,9.416
27/07/2019 23.00,28/07/2019 01.00,0.648,9.304
28/07/2019 00.00,28/07/2019 02.00,0.678,9.555
28/07/2019 01.00,28/07/2019 03.00,0.668,9.463
28/07/2019 02.00,28/07/2019 04.00,0.639,9.23
28/07/2019 03.00,28/07/2019 05.00,0.621,9.089
28/07/2019 04.00,28/07/2019 06.00,0.556,8.58
28/07/2019 05.00,28/07/2019 07.00,0.595,8.884
28/07/2019 06.00,28/07/2019 08.00,0.635,9.194
28/07/2019 07.00,28/07/2019 09.00,0.652,9.336
28/07/2019 08.00,28/07/2019 10.00,0.676,9.538
28/07/2019 09.00,28/07/2019 11.00,0.7,9.746
28/07/2019 10.00,28/07/2019 12.00,0.726,9.991
28/07/2019 11.00,28/07/2019 13.00,0.742,10.14
28/07/2019 12.00,28/07/2019 14.00,0.739,10.11
28/07/2019 13.00,28/07/2019 15.00,0.706,9.806
28/07/2019 14.00,28/07/2019 16.00,0.644,9.262
28/07/2019 15.00,28/07/2019 17.00,0.55,8.534
28/07/2019 16.00,28/07/2019 18.00,0.416,7.562
28/07/2019 17.00,28/07/2019 19.00,0.356,7.114
28/07/2019 18.00,28/07/2019 20.00,0.407,7.494
28/07/2019 19.00,28/07/2019 21.00,0.465,7.916
28/07/2019 20.00,28/07/2019 22.00,0.472,7.975
28/07/2019 21.00,28/07/2019 23.00,0.463,7.899
28/07/2019 22.00,29/07/2019 00.00,0.43,7.656
28/07/2019 23.00,29/07/2019 01.00,0.385,7.328
29/07/2019 00.00,29/07/2019 02.00,0.343,7.01
29/07/2019 01.00,29/07/2019 03.00,0.32,6.83
29/07/2019 02.00,29/07/2019 04.00,0.312,6.778
29/07/2019 03.00,29/07/2019 05.00,0.323,6.862
29/07/2019 04.00,29/07/2019 06.00,0.307,6.729
29/07/2019 05.00,29/07/2019 07.00,0.219,5.971
29/07/2019 06.00,29/07/2019 08.00,0.196,5.762
29/07/2019 07.00,29/07/2019 09.00,0.181,5.613
29/07/2019 08.00,29/07/2019 10.00,0.172,5.518
29/07/2019 09.00,29/07/2019 11.00,0.159,5.38
29/07/2019 10.00,29/07/2019 12.00,0.153,5.303
29/07/2019 11.00,29/07/2019 13.00,0.174,5.529
29/07/2019 12.00,29/07/2019 14.00,0.187,5.668
29/07/2019 13.00,29/07/2019 15.00,0.138,5.142
29/07/2019 14.00,29/07/2019 16.00,0.069,4.176
29/07/2019 15.00,29/07/2019 17.00,0.026,3.274
29/07/2019 16.00,29/07/2019 18.00,0.011,2.741
29/07/2019 17.00,29/07/2019 19.00,0.016,2.949
29/07/2019 18.00,29/07/2019 20.00,0.039,3.593
29/07/2019 19.00,29/07/2019 21.00,0.057,3.953
29/07/2019 20.00,29/07/2019 22.00,0.054,3.906
29/07/2019 21.00,29/07/2019 23.00,0.037,3.55
29/07/2019 22.00,30/07/2019 00.00,0.027,3.311
29/07/2019 23.00,30/07/2019 01.00,0.033,3.457
30/07/2019 00.00,30/07/2019 02.00,0.077,4.314
30/07/2019 01.00,30/07/2019 03.00,0.135,5.098
30/07/2019 02.00,30/07/2019 04.00,0.186,5.662
30/07/2019 03.00,30/07/2019 05.00,0.203,5.834
30/07/2019 04.00,30/07/2019 06.00,0.183,5.632
30/07/2019 05.00,30/07/2019 07.00,0.146,5.229
30/07/2019 06.00,30/07/2019 08.00,0.125,4.98
30/07/2019 07.00,30/07/2019 09.00,0.104,4.707
30/07/2019 08.00,30/07/2019 10.00,0.089,4.488
30/07/2019 09.00,30/07/2019 11.00,0.076,4.298
30/07/2019 10.00,30/07/2019 12.00,0.07,4.196
30/07/2019 11.00,30/07/2019 13.00,0.067,4.143
30/07/2019 12.00,30/07/2019 14.00,0.071,4.216
30/07/2019 13.00,30/07/2019 15.00,0.084,4.409
30/07/2019 14.00,30/07/2019 16.00,0.102,4.685
30/07/2019 15.00,30/07/2019 17.00,0.122,4.947
30/07/2019 16.00,30/07/2019 18.00,0.14,5.165
30/07/2019 17.00,30/07/2019 19.00,0.157,5.355
30/07/2019 18.00,30/07/2019 20.00,0.181,5.608
30/07/2019 19.00,30/07/2019 21.00,0.236,6.133
30/07/2019 20.00,30/07/2019 22.00,0.281,6.522
30/07/2019 21.00,30/07/2019 23.00,0.291,6.609
30/07/2019 22.00,31/07/2019 00.00,0.294,6.628
30/07/2019 23.00,31/07/2019 01.00,0.325,6.868
31/07/2019 00.00,31/07/2019 02.00,0.325,6.878
31/07/2019 01.00,31/07/2019 03.00,0.337,6.964
31/07/2019 02.00,31/07/2019 04.00,0.345,7.032
31/07/2019 03.00,31/07/2019 05.00,0.364,7.177
31/07/2019 04.00,31/07/2019 06.00,0.399,7.434
31/07/2019 05.00,31/07/2019 07.00,0.434,7.693
31/07/2019 06.00,31/07/2019 08.00,0.44,7.733
31/07/2019 07.00,31/07/2019 09.00,0.337,6.974
31/07/2019 08.00,31/07/2019 10.00,0.227,6.049
31/07/2019 09.00,31/07/2019 11.00,0.155,5.326
31/07/2019 10.00,31/07/2019 12.00,0.128,5.018
31/07/2019 11.00,31/07/2019 13.00,0.129,5.024
31/07/2019 12.00,31/07/2019 14.00,0.148,5.257
31/07/2019 13.00,31/07/2019 15.00,0.178,5.573
31/07/2019 14.00,31/07/2019 16.00,0.198,5.774
31/07/2019 15.00,31/07/2019 17.00,0.227,6.06
31/07/2019 16.00,31/07/2019 18.00,0.278,6.499
31/07/2019 17.00,31/07/2019 19.00,0.328,6.898
31/07/2019 18.00,31/07/2019 20.00,0.389,7.361
31/07/2019 19.00,31/07/2019 21.00,0.442,7.746
31/07/2019 20.00,31/07/2019 22.00,0.46,7.888
31/07/2019 21.00,31/07/2019 23.00,0.461,7.89
31/07/2019 22.00,01/08/2019 00.00,0.421,7.594
31/07/2019 23.00,01/08/2019 01.00,0.395,7.401
01/08/2019 00.00,01/08/2019 02.00,0.388,7.35
01/08/2019 01.00,01/08/2019 03.00,0.371,7.231
01/08/2019 02.00,01/08/2019 04.00,0.367,7.198
01/08/2019 03.00,01/08/2019 05.00,0.358,7.128
01/08/2019 04.00,01/08/2019 06.00,0.334,6.949
01/08/2019 05.00,01/08/2019 07.00,0.295,6.639
01/08/2019 06.00,01/08/2019 08.00,0.277,6.482
01/08/2019 07.00,01/08/2019 09.00,0.263,6.367
01/08/2019 08.00,01/08/2019 10.00,0.241,6.174
01/08/2019 09.00,01/08/2019 11.00,0.209,5.891
01/08/2019 10.00,01/08/2019 12.00,0.176,5.554
01/08/2019 11.00,01/08/2019 13.00,0.139,5.151
01/08/2019 12.00,01/08/2019 14.00,0.112,4.817
01/08/2019 13.00,01/08/2019 15.00,0.099,4.634
01/08/2019 14.00,01/08/2019 16.00,0.098,4.62
01/08/2019 15.00,01/08/2019 17.00,0.109,4.773
01/08/2019 16.00,01/08/2019 18.00,0.127,5.008
01/08/2019 17.00,01/08/2019 19.00,0.145,5.227
01/08/2019 18.00,01/08/2019 20.00,0.16,5.388
01/08/2019 19.00,01/08/2019 21.00,0.171,5.509
01/08/2019 20.00,01/08/2019 22.00,0.158,5.373
01/08/2019 21.00,01/08/2019 23.00,0.123,4.96
01/08/2019 22.00,02/08/2019 00.00,0.082,4.384
01/08/2019 23.00,02/08/2019 01.00,0.047,3.769
02/08/2019 00.00,02/08/2019 02.00,0.025,3.223
02/08/2019 01.00,02/08/2019 03.00,0.013,2.846
02/08/2019 02.00,02/08/2019 04.00,0.008,2.616
02/08/2019 03.00,02/08/2019 05.00,0.007,2.522
02/08/2019 04.00,02/08/2019 06.00,0.008,2.577
02/08/2019 05.00,02/08/2019 07.00,0.007,2.524
02/08/2019 06.00,02/08/2019 08.00,0.008,2.565
02/08/2019 07.00,02/08/2019 09.00,0.008,2.586
02/08/2019 08.00,02/08/2019 10.00,0.008,2.575
02/08/2019 09.00,02/08/2019 11.00,0.008,2.577
02/08/2019 10.00,02/08/2019 12.00,0.009,2.651
02/08/2019 11.00,02/08/2019 13.00,0.013,2.825
02/08/2019 12.00,02/08/2019 14.00,0.02,3.076
02/08/2019 13.00,02/08/2019 15.00,0.028,3.337
02/08/2019 14.00,02/08/2019 16.00,0.037,3.551
02/08/2019 15.00,02/08/2019 17.00,0.047,3.767
02/08/2019 16.00,02/08/2019 18.00,0.061,4.034
02/08/2019 17.00,02/08/2019 19.00,0.079,4.333
02/08/2019 18.00,02/08/2019 20.00,0.107,4.745
02/08/2019 19.00,02/08/2019 21.00,0.133,5.078
02/08/2019 20.00,02/08/2019 22.00,0.131,5.05
02/08/2019 21.00,02/08/2019 23.00,0.108,4.758
02/08/2019 22.00,03/08/2019 00.00,0.081,4.369
02/08/2019 23.00,03/08/2019 01.00,0.062,4.052
03/08/2019 00.00,03/08/2019 02.00,0.051,3.859
03/08/2019 01.00,03/08/2019 03.00,0.05,3.833
03/08/2019 02.00,03/08/2019 04.00,0.053,3.889
03/08/2019 03.00,03/08/2019 05.00,0.057,3.957
03/08/2019 04.00,03/08/2019 06.00,0.059,4.008
03/08/2019 05.00,03/08/2019 07.00,0.048,3.789
03/08/2019 06.00,03/08/2019 08.00,0.041,3.65
03/08/2019 07.00,03/08/2019 09.00,0.045,3.732
03/08/2019 08.00,03/08/2019 10.00,0.057,3.954
03/08/2019 09.00,03/08/2019 11.00,0.066,4.119
03/08/2019 10.00,03/08/2019 12.00,0.073,4.246
03/08/2019 11.00,03/08/2019 13.00,0.083,4.398
03/08/2019 12.00,03/08/2019 14.00,0.096,4.59
03/08/2019 13.00,03/08/2019 15.00,0.113,4.826
03/08/2019 14.00,03/08/2019 16.00,0.133,5.081
03/08/2019 15.00,03/08/2019 17.00,0.159,5.374
03/08/2019 16.00,03/08/2019 18.00,0.185,5.651
03/08/2019 17.00,03/08/2019 19.00,0.208,5.878
03/08/2019 18.00,03/08/2019 20.00,0.229,6.072
03/08/2019 19.00,03/08/2019 21.00,0.252,6.278
03/08/2019 20.00,03/08/2019 22.00,0.252,6.282
03/08/2019 21.00,03/08/2019 23.00,0.251,6.27
03/08/2019 22.00,04/08/2019 00.00,0.264,6.379
03/08/2019 23.00,04/08/2019 01.00,0.286,6.564
04/08/2019 00.00,04/08/2019 02.00,0.305,6.718
04/08/2019 01.00,04/08/2019 03.00,0.315,6.801
04/08/2019 02.00,04/08/2019 04.00,0.319,6.825
04/08/2019 03.00,04/08/2019 05.00,0.313,6.786
04/08/2019 04.00,04/08/2019 06.00,0.285,6.558
04/08/2019 05.00,04/08/2019 07.00,0.245,6.212
04/08/2019 06.00,04/08/2019 08.00,0.231,6.082
04/08/2019 07.00,04/08/2019 09.00,0.224,6.026
04/08/2019 08.00,04/08/2019 10.00,0.227,6.051
04/08/2019 09.00,04/08/2019 11.00,0.236,6.137
04/08/2019 10.00,04/08/2019 12.00,0.252,6.28
04/08/2019 11.00,04/08/2019 13.00,0.27,6.434
04/08/2019 12.00,04/08/2019 14.00,0.287,6.572
04/08/2019 13.00,04/08/2019 15.00,0.299,6.668
04/08/2019 14.00,04/08/2019 16.00,0.297,6.654
04/08/2019 15.00,04/08/2019 17.00,0.282,6.534
04/08/2019 16.00,04/08/2019 18.00,0.264,6.378
04/08/2019 17.00,04/08/2019 19.00,0.245,6.211
04/08/2019 18.00,04/08/2019 20.00,0.223,6.009
04/08/2019 19.00,04/08/2019 21.00,0.218,5.966
04/08/2019 20.00,04/08/2019 22.00,0.226,6.043
04/08/2019 21.00,04/08/2019 23.00,0.238,6.154
04/08/2019 22.00,05/08/2019 00.00,0.23,6.075
04/08/2019 23.00,05/08/2019 01.00,0.2,5.795
05/08/2019 00.00,05/08/2019 02.00,0.176,5.546
05/08/2019 01.00,05/08/2019 03.00,0.153,5.307
05/08/2019 02.00,05/08/2019 04.00,0.145,5.221
05/08/2019 03.00,05/08/2019 05.00,0.141,5.172
05/08/2019 04.00,05/08/2019 06.00,0.131,5.041
05/08/2019 05.00,05/08/2019 07.00,0.115,4.853
05/08/2019 06.00,05/08/2019 08.00,0.124,4.964
05/08/2019 07.00,05/08/2019 09.00,0.146,5.235
05/08/2019 08.00,05/08/2019 10.00,0.174,5.53
05/08/2019 09.00,05/08/2019 11.00,0.199,5.781
05/08/2019 10.00,05/08/2019 12.00,0.214,5.936
05/08/2019 11.00,05/08/2019 13.00,0.22,5.985
05/08/2019 12.00,05/08/2019 14.00,0.219,5.973
05/08/2019 13.00,05/08/2019 15.00,0.208,5.877
05/08/2019 14.00,05/08/2019 16.00,0.192,5.721
05/08/2019 15.00,05/08/2019 17.00,0.167,5.466
05/08/2019 16.00,05/08/2019 18.00,0.139,5.15
05/08/2019 17.00,05/08/2019 19.00,0.11,4.786
05/08/2019 18.00,05/08/2019 20.00,0.1,4.639
05/08/2019 19.00,05/08/2019 21.00,0.119,4.905
05/08/2019 20.00,05/08/2019 22.00,0.193,5.737
05/08/2019 21.00,05/08/2019 23.00,0.295,6.642
05/08/2019 22.00,06/08/2019 00.00,0.37,7.22
05/08/2019 23.00,06/08/2019 01.00,0.396,7.412
06/08/2019 00.00,06/08/2019 02.00,0.38,7.301
06/08/2019 01.00,06/08/2019 03.00,0.367,7.19
06/08/2019 02.00,06/08/2019 04.00,0.36,7.139
06/08/2019 03.00,06/08/2019 05.00,0.369,7.212
06/08/2019 04.00,06/08/2019 06.00,0.38,7.3
06/08/2019 05.00,06/08/2019 07.00,0.395,7.409
06/08/2019 06.00,06/08/2019 08.00,0.5,8.166
06/08/2019 07.00,06/08/2019 09.00,0.586,8.81
06/08/2019 08.00,06/08/2019 10.00,0.658,9.385
06/08/2019 09.00,06/08/2019 11.00,0.695,9.703
06/08/2019 10.00,06/08/2019 12.00,0.715,9.882
06/08/2019 11.00,06/08/2019 13.00,0.732,10.04
06/08/2019 12.00,06/08/2019 14.00,0.739,10.1
06/08/2019 13.00,06/08/2019 15.00,0.731,10.039
06/08/2019 14.00,06/08/2019 16.00,0.703,9.777
06/08/2019 15.00,06/08/2019 17.00,0.635,9.195
06/08/2019 16.00,06/08/2019 18.00,0.542,8.479
06/08/2019 17.00,06/08/2019 19.00,0.469,7.951
06/08/2019 18.00,06/08/2019 20.00,0.472,7.97
06/08/2019 19.00,06/08/2019 21.00,0.52,8.314
06/08/2019 20.00,06/08/2019 22.00,0.539,8.464
06/08/2019 21.00,06/08/2019 23.00,0.535,8.423
06/08/2019 22.00,07/08/2019 00.00,0.513,8.264
06/08/2019 23.00,07/08/2019 01.00,0.484,8.058
07/08/2019 00.00,07/08/2019 02.00,0.456,7.848
07/08/2019 01.00,07/08/2019 03.00,0.431,7.66
07/08/2019 02.00,07/08/2019 04.00,0.434,7.692
07/08/2019 03.00,07/08/2019 05.00,0.463,7.898
07/08/2019 04.00,07/08/2019 06.00,0.478,8.009
07/08/2019 05.00,07/08/2019 07.00,0.463,7.897
07/08/2019 06.00,07/08/2019 08.00,0.448,7.794
07/08/2019 07.00,07/08/2019 09.00,0.468,7.943
07/08/2019 08.00,07/08/2019 10.00,0.515,8.276
07/08/2019 09.00,07/08/2019 11.00,0.511,8.251
07/08/2019 10.00,07/08/2019 12.00,0.47,7.954
07/08/2019 11.00,07/08/2019 13.00,0.425,7.62
07/08/2019 12.00,07/08/2019 14.00,0.374,7.251
07/08/2019 13.00,07/08/2019 15.00,0.334,6.951
07/08/2019 14.00,07/08/2019 16.00,0.314,6.789
07/08/2019 15.00,07/08/2019 17.00,0.311,6.77
07/08/2019 16.00,07/08/2019 18.00,0.328,6.903
07/08/2019 17.00,07/08/2019 19.00,0.357,7.116
07/08/2019 18.00,07/08/2019 20.00,0.423,7.614
07/08/2019 19.00,07/08/2019 21.00,0.498,8.162
07/08/2019 20.00,07/08/2019 22.00,0.526,8.364
07/08/2019 21.00,07/08/2019 23.00,0.522,8.323
07/08/2019 22.00,08/08/2019 00.00,0.513,8.265
07/08/2019 23.00,08/08/2019 01.00,0.513,8.265
08/08/2019 00.00,08/08/2019 02.00,0.511,8.251
08/08/2019 01.00,08/08/2019 03.00,0.507,8.225
08/08/2019 02.00,08/08/2019 04.00,0.519,8.308
08/08/2019 03.00,08/08/2019 05.00,0.544,8.494
08/08/2019 04.00,08/08/2019 06.00,0.54,8.469
08/08/2019 05.00,08/08/2019 07.00,0.479,8.014
08/08/2019 06.00,08/08/2019 08.00,0.493,8.117
08/08/2019 07.00,08/08/2019 09.00,0.613,9.016
08/08/2019 08.00,08/08/2019 10.00,0.661,9.411
08/08/2019 09.00,08/08/2019 11.00,0.668,9.471
08/08/2019 10.00,08/08/2019 12.00,0.653,9.345
08/08/2019 11.00,08/08/2019 13.00,0.629,9.144
08/08/2019 12.00,08/08/2019 14.00,0.608,8.979
08/08/2019 13.00,08/08/2019 15.00,0.592,8.86
08/08/2019 14.00,08/08/2019 16.00,0.58,8.759
08/08/2019 15.00,08/08/2019 17.00,0.566,8.66
08/08/2019 16.00,08/08/2019 18.00,0.544,8.492
08/08/2019 17.00,08/08/2019 19.00,0.509,8.236
08/08/2019 18.00,08/08/2019 20.00,0.472,7.972
08/08/2019 19.00,08/08/2019 21.00,0.492,8.112
08/08/2019 20.00,08/08/2019 22.00,0.511,8.252
08/08/2019 21.00,08/08/2019 23.00,0.495,8.135
08/08/2019 22.00,09/08/2019 00.00,0.518,8.298
08/08/2019 23.00,09/08/2019 01.00,0.55,8.541
09/08/2019 00.00,09/08/2019 02.00,0.578,8.745
09/08/2019 01.00,09/08/2019 03.00,0.59,8.839
09/08/2019 02.00,09/08/2019 04.00,0.588,8.825
09/08/2019 03.00,09/08/2019 05.00,0.55,8.535
09/08/2019 04.00,09/08/2019 06.00,0.451,7.816
09/08/2019 05.00,09/08/2019 07.00,0.295,6.641
09/08/2019 06.00,09/08/2019 08.00,0.158,5.366
09/08/2019 07.00,09/08/2019 09.00,0.082,4.377
09/08/2019 08.00,09/08/2019 10.00,0.1,4.64
09/08/2019 09.00,09/08/2019 11.00,0.143,5.196
09/08/2019 10.00,09/08/2019 12.00,0.141,5.173
09/08/2019 11.00,09/08/2019 13.00,0.132,5.063
09/08/2019 12.00,09/08/2019 14.00,0.128,5.019
09/08/2019 13.00,09/08/2019 15.00,0.142,5.189
09/08/2019 14.00,09/08/2019 16.00,0.194,5.741
09/08/2019 15.00,09/08/2019 17.00,0.301,6.685
09/08/2019 16.00,09/08/2019 18.00,0.362,7.163
09/08/2019 17.00,09/08/2019 19.00,0.44,7.735
09/08/2019 18.00,09/08/2019 20.00,0.557,8.598
09/08/2019 19.00,09/08/2019 21.00,0.622,9.089
09/08/2019 20.00,09/08/2019 22.00,0.677,9.547
09/08/2019 21.00,09/08/2019 23.00,0.724,9.961
09/08/2019 22.00,10/08/2019 00.00,0.772,10.445
09/08/2019 23.00,10/08/2019 01.00,0.827,11.106
10/08/2019 00.00,10/08/2019 02.00,0.797,10.73
10/08/2019 01.00,10/08/2019 03.00,0.709,9.822
10/08/2019 02.00,10/08/2019 04.00,0.61,8.991
10/08/2019 03.00,10/08/2019 05.00,0.666,9.448
10/08/2019 04.00,10/08/2019 06.00,0.604,8.955
10/08/2019 05.00,10/08/2019 07.00,0.54,8.465
10/08/2019 06.00,10/08/2019 08.00,0.493,8.117
10/08/2019 07.00,10/08/2019 09.00,0.584,8.792
10/08/2019 08.00,10/08/2019 10.00,0.724,9.959
10/08/2019 09.00,10/08/2019 11.00,0.8,10.766
10/08/2019 10.00,10/08/2019 12.00,0.862,11.6
10/08/2019 11.00,10/08/2019 13.00,0.91,12.534
10/08/2019 12.00,10/08/2019 14.00,0.935,13.179
10/08/2019 13.00,10/08/2019 15.00,0.94,13.325
10/08/2019 14.00,10/08/2019 16.00,0.941,13.357
10/08/2019 15.00,10/08/2019 17.00,0.941,13.351
10/08/2019 16.00,10/08/2019 18.00,0.928,12.981
10/08/2019 17.00,10/08/2019 19.00,0.916,12.659
10/08/2019 18.00,10/08/2019 20.00,0.92,12.766
10/08/2019 19.00,10/08/2019 21.00,0.927,12.946
10/08/2019 20.00,10/08/2019 22.00,0.934,13.133
10/08/2019 21.00,10/08/2019 23.00,0.942,13.385
10/08/2019 22.00,11/08/2019 00.00,0.947,13.547
10/08/2019 23.00,11/08/2019 01.00,0.952,13.723
11/08/2019 00.00,11/08/2019 02.00,0.955,13.848
11/08/2019 01.00,11/08/2019 03.00,0.959,14.02
11/08/2019 02.00,11/08/2019 04.00,0.965,14.281
11/08/2019 03.00,11/08/2019 05.00,0.964,14.209
11/08/2019 04.00,11/08/2019 06.00,0.959,14.001
11/08/2019 05.00,11/08/2019 07.00,0.958,13.958
11/08/2019 06.00,11/08/2019 08.00,0.957,13.914
11/08/2019 07.00,11/08/2019 09.00,0.965,14.285
11/08/2019 08.00,11/08/2019 10.00,0.975,14.813
11/08/2019 09.00,11/08/2019 11.00,0.978,15.063
11/08/2019 10.00,11/08/2019 12.00,0.98,15.172
11/08/2019 11.00,11/08/2019 13.00,0.978,15.033
11/08/2019 12.00,11/08/2019 14.00,0.973,14.749
11/08/2019 13.00,11/08/2019 15.00,0.967,14.368
11/08/2019 14.00,11/08/2019 16.00,0.952,13.75
11/08/2019 15.00,11/08/2019 17.00,0.939,13.276
11/08/2019 16.00,11/08/2019 18.00,0.926,12.907
11/08/2019 17.00,11/08/2019 19.00,0.891,12.122
11/08/2019 18.00,11/08/2019 20.00,0.849,11.409
11/08/2019 19.00,11/08/2019 21.00,0.832,11.181
11/08/2019 20.00,11/08/2019 22.00,0.82,11.009
11/08/2019 21.00,11/08/2019 23.00,0.801,10.781
11/08/2019 22.00,12/08/2019 00.00,0.802,10.796
11/08/2019 23.00,12/08/2019 01.00,0.796,10.725
12/08/2019 00.00,12/08/2019 02.00,0.785,10.59
12/08/2019 01.00,12/08/2019 03.00,0.778,10.514
12/08/2019 02.00,12/08/2019 04.00,0.785,10.594
12/08/2019 03.00,12/08/2019 05.00,0.773,10.463
12/08/2019 04.00,12/08/2019 06.00,0.757,10.294
12/08/2019 05.00,12/08/2019 07.00,0.73,10.026
12/08/2019 06.00,12/08/2019 08.00,0.816,10.961
12/08/2019 07.00,12/08/2019 09.00,0.882,11.955
12/08/2019 08.00,12/08/2019 10.00,0.902,12.345
12/08/2019 09.00,12/08/2019 11.00,0.908,12.476
12/08/2019 10.00,12/08/2019 12.00,0.907,12.458
12/08/2019 11.00,12/08/2019 13.00,0.895,12.203
12/08/2019 12.00,12/08/2019 14.00,0.869,11.728
12/08/2019 13.00,12/08/2019 15.00,0.836,11.225
12/08/2019 14.00,12/08/2019 16.00,0.8,10.76
12/08/2019 15.00,12/08/2019 17.00,0.755,10.269
12/08/2019 16.00,12/08/2019 18.00,0.692,9.666
12/08/2019 17.00,12/08/2019 19.00,0.58,8.769
12/08/2019 18.00,12/08/2019 20.00,0.507,8.224
12/08/2019 19.00,12/08/2019 21.00,0.479,8.019
12/08/2019 20.00,12/08/2019 22.00,0.443,7.757
12/08/2019 21.00,12/08/2019 23.00,0.425,7.618
12/08/2019 22.00,13/08/2019 00.00,0.432,7.672
12/08/2019 23.00,13/08/2019 01.00,0.442,7.751
13/08/2019 00.00,13/08/2019 02.00,0.455,7.843
13/08/2019 01.00,13/08/2019 03.00,0.479,8.019
13/08/2019 02.00,13/08/2019 04.00,0.513,8.271
13/08/2019 03.00,13/08/2019 05.00,0.532,8.404
13/08/2019 04.00,13/08/2019 06.00,0.514,8.272
13/08/2019 05.00,13/08/2019 07.00,0.45,7.809
13/08/2019 06.00,13/08/2019 08.00,0.462,7.894
13/08/2019 07.00,13/08/2019 09.00,0.492,8.111
13/08/2019 08.00,13/08/2019 10.00,0.523,8.334
13/08/2019 09.00,13/08/2019 11.00,0.566,8.656
13/08/2019 10.00,13/08/2019 12.00,0.606,8.971
13/08/2019 11.00,13/08/2019 13.00,0.636,9.204
13/08/2019 12.00,13/08/2019 14.00,0.667,9.455
13/08/2019 13.00,13/08/2019 15.00,0.702,9.763
13/08/2019 14.00,13/08/2019 16.00,0.724,9.957
13/08/2019 15.00,13/08/2019 17.00,0.718,9.903
13/08/2019 16.00,13/08/2019 18.00,0.694,9.685
13/08/2019 17.00,13/08/2019 19.00,0.658,9.381
13/08/2019 18.00,13/08/2019 20.00,0.646,9.282
13/08/2019 19.00,13/08/2019 21.00,0.65,9.319
13/08/2019 20.00,13/08/2019 22.00,0.621,9.083
13/08/2019 21.00,13/08/2019 23.00,0.592,8.859
13/08/2019 22.00,14/08/2019 00.00,0.572,8.705
13/08/2019 23.00,14/08/2019 01.00,0.556,8.584
14/08/2019 00.00,14/08/2019 02.00,0.544,8.5
14/08/2019 01.00,14/08/2019 03.00,0.539,8.46
14/08/2019 02.00,14/08/2019 04.00,0.54,8.468
14/08/2019 03.00,14/08/2019 05.00,0.524,8.346
14/08/2019 04.00,14/08/2019 06.00,0.476,7.99
14/08/2019 05.00,14/08/2019 07.00,0.382,7.31
14/08/2019 06.00,14/08/2019 08.00,0.376,7.269
14/08/2019 07.00,14/08/2019 09.00,0.395,7.401
14/08/2019 08.00,14/08/2019 10.00,0.426,7.635
14/08/2019 09.00,14/08/2019 11.00,0.466,7.928
14/08/2019 10.00,14/08/2019 12.00,0.491,8.107
14/08/2019 11.00,14/08/2019 13.00,0.491,8.109
14/08/2019 12.00,14/08/2019 14.00,0.484,8.059
14/08/2019 13.00,14/08/2019 15.00,0.47,7.955
14/08/2019 14.00,14/08/2019 16.00,0.436,7.713
14/08/2019 15.00,14/08/2019 17.00,0.407,7.488
14/08/2019 16.00,14/08/2019 18.00,0.386,7.341
14/08/2019 17.00,14/08/2019 19.00,0.367,7.195
14/08/2019 18.00,14/08/2019 20.00,0.38,7.299
14/08/2019 19.00,14/08/2019 21.00,0.389,7.363
14/08/2019 20.00,14/08/2019 22.00,0.355,7.104
14/08/2019 21.00,14/08/2019 23.00,0.299,6.668
14/08/2019 22.00,15/08/2019 00.00,0.266,6.395
14/08/2019 23.00,15/08/2019 01.00,0.285,6.555
15/08/2019 00.00,15/08/2019 02.00,0.328,6.906
15/08/2019 01.00,15/08/2019 03.00,0.383,7.318
15/08/2019 02.00,15/08/2019 04.00,0.469,7.95
15/08/2019 03.00,15/08/2019 05.00,0.538,8.448
15/08/2019 04.00,15/08/2019 06.00,0.581,8.772
15/08/2019 05.00,15/08/2019 07.00,0.571,8.697
15/08/2019 06.00,15/08/2019 08.00,0.637,9.21
15/08/2019 07.00,15/08/2019 09.00,0.713,9.865
15/08/2019 08.00,15/08/2019 10.00,0.744,10.157
15/08/2019 09.00,15/08/2019 11.00,0.758,10.308
15/08/2019 10.00,15/08/2019 12.00,0.741,10.127
15/08/2019 11.00,15/08/2019 13.00,0.695,9.692
15/08/2019 12.00,15/08/2019 14.00,0.598,8.896
15/08/2019 13.00,15/08/2019 15.00,0.46,7.882
15/08/2019 14.00,15/08/2019 16.00,0.341,7
15/08/2019 15.00,15/08/2019 17.00,0.264,6.379
15/08/2019 16.00,15/08/2019 18.00,0.232,6.094
15/08/2019 17.00,15/08/2019 19.00,0.246,6.224
15/08/2019 18.00,15/08/2019 20.00,0.324,6.864
15/08/2019 19.00,15/08/2019 21.00,0.413,7.539
15/08/2019 20.00,15/08/2019 22.00,0.46,7.881
15/08/2019 21.00,15/08/2019 23.00,0.489,8.091
15/08/2019 22.00,16/08/2019 00.00,0.488,8.08
15/08/2019 23.00,16/08/2019 01.00,0.471,7.967
16/08/2019 00.00,16/08/2019 02.00,0.492,8.114
16/08/2019 01.00,16/08/2019 03.00,0.538,8.445
16/08/2019 02.00,16/08/2019 04.00,0.555,8.572
16/08/2019 03.00,16/08/2019 05.00,0.562,8.629
16/08/2019 04.00,16/08/2019 06.00,0.606,8.97
16/08/2019 05.00,16/08/2019 07.00,0.642,9.249
16/08/2019 06.00,16/08/2019 08.00,0.692,9.676
16/08/2019 07.00,16/08/2019 09.00,0.656,9.367
16/08/2019 08.00,16/08/2019 10.00,0.596,8.887
16/08/2019 09.00,16/08/2019 11.00,0.533,8.413
16/08/2019 10.00,16/08/2019 12.00,0.502,8.187
16/08/2019 11.00,16/08/2019 13.00,0.498,8.151
16/08/2019 12.00,16/08/2019 14.00,0.479,8.022
16/08/2019 13.00,16/08/2019 15.00,0.461,7.892
16/08/2019 14.00,16/08/2019 16.00,0.43,7.659
16/08/2019 15.00,16/08/2019 17.00,0.425,7.62
16/08/2019 16.00,16/08/2019 18.00,0.456,7.849
16/08/2019 17.00,16/08/2019 19.00,0.483,8.046
16/08/2019 18.00,16/08/2019 20.00,0.504,8.204
16/08/2019 19.00,16/08/2019 21.00,0.575,8.729
16/08/2019 20.00,16/08/2019 22.00,0.636,9.206
16/08/2019 21.00,16/08/2019 23.00,0.695,9.691
16/08/2019 22.00,17/08/2019 00.00,0.729,10.016
16/08/2019 23.00,17/08/2019 01.00,0.768,10.406
17/08/2019 00.00,17/08/2019 02.00,0.785,10.592
17/08/2019 01.00,17/08/2019 03.00,0.777,10.501
17/08/2019 02.00,17/08/2019 04.00,0.852,11.468
17/08/2019 03.00,17/08/2019 05.00,0.891,12.137
17/08/2019 04.00,17/08/2019 06.00,0.888,12.081
17/08/2019 05.00,17/08/2019 07.00,0.917,12.688
17/08/2019 06.00,17/08/2019 08.00,0.93,13.023
17/08/2019 07.00,17/08/2019 09.00,0.93,13.018
17/08/2019 08.00,17/08/2019 10.00,0.931,13.058
17/08/2019 09.00,17/08/2019 11.00,0.93,13.017
17/08/2019 10.00,17/08/2019 12.00,0.914,12.624
17/08/2019 11.00,17/08/2019 13.00,0.891,12.123
17/08/2019 12.00,17/08/2019 14.00,0.871,11.765
17/08/2019 13.00,17/08/2019 15.00,0.845,11.36
17/08/2019 14.00,17/08/2019 16.00,0.821,11.034
17/08/2019 15.00,17/08/2019 17.00,0.787,10.613
17/08/2019 16.00,17/08/2019 18.00,0.718,9.905
17/08/2019 17.00,17/08/2019 19.00,0.637,9.213
17/08/2019 18.00,17/08/2019 20.00,0.578,8.744
17/08/2019 19.00,17/08/2019 21.00,0.564,8.643
17/08/2019 20.00,17/08/2019 22.00,0.559,8.608
17/08/2019 21.00,17/08/2019 23.00,0.552,8.549
17/08/2019 22.00,18/08/2019 00.00,0.523,8.333
17/08/2019 23.00,18/08/2019 01.00,0.464,7.907
18/08/2019 00.00,18/08/2019 02.00,0.416,7.566
18/08/2019 01.00,18/08/2019 03.00,0.387,7.344
18/08/2019 02.00,18/08/2019 04.00,0.325,6.875
18/08/2019 03.00,18/08/2019 05.00,0.327,6.889
18/08/2019 04.00,18/08/2019 06.00,0.376,7.263
18/08/2019 05.00,18/08/2019 07.00,0.326,6.881
18/08/2019 06.00,18/08/2019 08.00,0.266,6.398
18/08/2019 07.00,18/08/2019 09.00,0.329,6.907
18/08/2019 08.00,18/08/2019 10.00,0.402,7.463
18/08/2019 09.00,18/08/2019 11.00,0.47,7.955
18/08/2019 10.00,18/08/2019 12.00,0.515,8.275
18/08/2019 11.00,18/08/2019 13.00,0.525,8.36
18/08/2019 12.00,18/08/2019 14.00,0.515,8.277
18/08/2019 13.00,18/08/2019 15.00,0.508,8.229
18/08/2019 14.00,18/08/2019 16.00,0.54,8.472
18/08/2019 15.00,18/08/2019 17.00,0.559,8.608
18/08/2019 16.00,18/08/2019 18.00,0.535,8.422
18/08/2019 17.00,18/08/2019 19.00,0.505,8.211
18/08/2019 18.00,18/08/2019 20.00,0.577,8.739
18/08/2019 19.00,18/08/2019 21.00,0.647,9.291
18/08/2019 20.00,18/08/2019 22.00,0.658,9.383
18/08/2019 21.00,18/08/2019 23.00,0.656,9.368
18/08/2019 22.00,19/08/2019 00.00,0.652,9.338
18/08/2019 23.00,19/08/2019 01.00,0.655,9.36
19/08/2019 00.00,19/08/2019 02.00,0.656,9.369
19/08/2019 01.00,19/08/2019 03.00,0.658,9.388
19/08/2019 02.00,19/08/2019 04.00,0.672,9.492
19/08/2019 03.00,19/08/2019 05.00,0.7,9.739
19/08/2019 04.00,19/08/2019 06.00,0.697,9.718
19/08/2019 05.00,19/08/2019 07.00,0.674,9.517
19/08/2019 06.00,19/08/2019 08.00,0.674,9.516
19/08/2019 07.00,19/08/2019 09.00,0.795,10.704
19/08/2019 08.00,19/08/2019 10.00,0.866,11.682
19/08/2019 09.00,19/08/2019 11.00,0.895,12.192
19/08/2019 10.00,19/08/2019 12.00,0.899,12.285
19/08/2019 11.00,19/08/2019 13.00,0.886,12.039
19/08/2019 12.00,19/08/2019 14.00,0.862,11.605
19/08/2019 13.00,19/08/2019 15.00,0.827,11.105
19/08/2019 14.00,19/08/2019 16.00,0.791,10.654
19/08/2019 15.00,19/08/2019 17.00,0.762,10.33
19/08/2019 16.00,19/08/2019 18.00,0.722,9.947
19/08/2019 17.00,19/08/2019 19.00,0.683,9.598
19/08/2019 18.00,19/08/2019 20.00,0.668,9.468
19/08/2019 19.00,19/08/2019 21.00,0.665,9.436
19/08/2019 20.00,19/08/2019 22.00,0.672,9.497
19/08/2019 21.00,19/08/2019 23.00,0.671,9.486
19/08/2019 22.00,20/08/2019 00.00,0.654,9.354
19/08/2019 23.00,20/08/2019 01.00,0.636,9.203
20/08/2019 00.00,20/08/2019 02.00,0.623,9.104
20/08/2019 01.00,20/08/2019 03.00,0.615,9.04
20/08/2019 02.00,20/08/2019 04.00,0.61,8.991
20/08/2019 03.00,20/08/2019 05.00,0.599,8.903
20/08/2019 04.00,20/08/2019 06.00,0.58,8.767
20/08/2019 05.00,20/08/2019 07.00,0.503,8.2
20/08/2019 06.00,20/08/2019 08.00,0.432,7.677
20/08/2019 07.00,20/08/2019 09.00,0.547,8.514
20/08/2019 08.00,20/08/2019 10.00,0.587,8.817
20/08/2019 09.00,20/08/2019 11.00,0.596,8.887
20/08/2019 10.00,20/08/2019 12.00,0.62,9.074
20/08/2019 11.00,20/08/2019 13.00,0.646,9.282
20/08/2019 12.00,20/08/2019 14.00,0.661,9.398
20/08/2019 13.00,20/08/2019 15.00,0.663,9.42
20/08/2019 14.00,20/08/2019 16.00,0.661,9.406
20/08/2019 15.00,20/08/2019 17.00,0.636,9.203
20/08/2019 16.00,20/08/2019 18.00,0.578,8.746
20/08/2019 17.00,20/08/2019 19.00,0.51,8.249
20/08/2019 18.00,20/08/2019 20.00,0.494,8.131
20/08/2019 19.00,20/08/2019 21.00,0.504,8.202
20/08/2019 20.00,20/08/2019 22.00,0.495,8.137
20/08/2019 21.00,20/08/2019 23.00,0.477,8.004
20/08/2019 22.00,21/08/2019 00.00,0.438,7.723
20/08/2019 23.00,21/08/2019 01.00,0.395,7.408
21/08/2019 00.00,21/08/2019 02.00,0.362,7.152
21/08/2019 01.00,21/08/2019 03.00,0.351,7.073
21/08/2019 02.00,21/08/2019 04.00,0.374,7.247
21/08/2019 03.00,21/08/2019 05.00,0.403,7.469
21/08/2019 04.00,21/08/2019 06.00,0.422,7.606
21/08/2019 05.00,21/08/2019 07.00,0.393,7.386
21/08/2019 06.00,21/08/2019 08.00,0.37,7.222
21/08/2019 07.00,21/08/2019 09.00,0.383,7.321
21/08/2019 08.00,21/08/2019 10.00,0.403,7.47
21/08/2019 09.00,21/08/2019 11.00,0.438,7.727
21/08/2019 10.00,21/08/2019 12.00,0.476,7.999
21/08/2019 11.00,21/08/2019 13.00,0.507,8.229
21/08/2019 12.00,21/08/2019 14.00,0.525,8.36
21/08/2019 13.00,21/08/2019 15.00,0.521,8.321
21/08/2019 14.00,21/08/2019 16.00,0.482,8.041
21/08/2019 15.00,21/08/2019 17.00,0.432,7.682
21/08/2019 16.00,21/08/2019 18.00,0.391,7.37
21/08/2019 17.00,21/08/2019 19.00,0.368,7.207
21/08/2019 18.00,21/08/2019 20.00,0.405,7.483
21/08/2019 19.00,21/08/2019 21.00,0.471,7.963
21/08/2019 20.00,21/08/2019 22.00,0.528,8.38
21/08/2019 21.00,21/08/2019 23.00,0.583,8.787
21/08/2019 22.00,22/08/2019 00.00,0.625,9.115
21/08/2019 23.00,22/08/2019 01.00,0.65,9.315
22/08/2019 00.00,22/08/2019 02.00,0.654,9.351
22/08/2019 01.00,22/08/2019 03.00,0.649,9.312
22/08/2019 02.00,22/08/2019 04.00,0.649,9.31
22/08/2019 03.00,22/08/2019 05.00,0.644,9.267
22/08/2019 04.00,22/08/2019 06.00,0.633,9.174
22/08/2019 05.00,22/08/2019 07.00,0.597,8.892
22/08/2019 06.00,22/08/2019 08.00,0.594,8.871
22/08/2019 07.00,22/08/2019 09.00,0.744,10.15
22/08/2019 08.00,22/08/2019 10.00,0.798,10.738
22/08/2019 09.00,22/08/2019 11.00,0.796,10.716
22/08/2019 10.00,22/08/2019 12.00,0.795,10.71
22/08/2019 11.00,22/08/2019 13.00,0.797,10.733
22/08/2019 12.00,22/08/2019 14.00,0.81,10.884
22/08/2019 13.00,22/08/2019 15.00,0.821,11.029
22/08/2019 14.00,22/08/2019 16.00,0.815,10.952
22/08/2019 15.00,22/08/2019 17.00,0.794,10.692
22/08/2019 16.00,22/08/2019 18.00,0.772,10.452
22/08/2019 17.00,22/08/2019 19.00,0.729,10.012
22/08/2019 18.00,22/08/2019 20.00,0.685,9.611
22/08/2019 19.00,22/08/2019 21.00,0.67,9.482
22/08/2019 20.00,22/08/2019 22.00,0.68,9.57
22/08/2019 21.00,22/08/2019 23.00,0.645,9.279
22/08/2019 22.00,23/08/2019 00.00,0.638,9.218
22/08/2019 23.00,23/08/2019 01.00,0.661,9.401
23/08/2019 00.00,23/08/2019 02.00,0.697,9.718
23/08/2019 01.00,23/08/2019 03.00,0.724,9.96
23/08/2019 02.00,23/08/2019 04.00,0.733,10.054
23/08/2019 03.00,23/08/2019 05.00,0.734,10.065
23/08/2019 04.00,23/08/2019 06.00,0.726,9.986
23/08/2019 05.00,23/08/2019 07.00,0.698,9.726
23/08/2019 06.00,23/08/2019 08.00,0.689,9.644
23/08/2019 07.00,23/08/2019 09.00,0.792,10.672
23/08/2019 08.00,23/08/2019 10.00,0.821,11.029
23/08/2019 09.00,23/08/2019 11.00,0.834,11.2
23/08/2019 10.00,23/08/2019 12.00,0.841,11.307
23/08/2019 11.00,23/08/2019 13.00,0.842,11.319
23/08/2019 12.00,23/08/2019 14.00,0.828,11.118
23/08/2019 13.00,23/08/2019 15.00,0.792,10.677
23/08/2019 14.00,23/08/2019 16.00,0.735,10.069
23/08/2019 15.00,23/08/2019 17.00,0.673,9.505
23/08/2019 16.00,23/08/2019 18.00,0.599,8.905
23/08/2019 17.00,23/08/2019 19.00,0.479,8.01
23/08/2019 18.00,23/08/2019 20.00,0.449,7.803
23/08/2019 19.00,23/08/2019 21.00,0.466,7.919
23/08/2019 20.00,23/08/2019 22.00,0.444,7.765
23/08/2019 21.00,23/08/2019 23.00,0.388,7.359
23/08/2019 22.00,24/08/2019 00.00,0.312,6.776
23/08/2019 23.00,24/08/2019 01.00,0.238,6.154
24/08/2019 00.00,24/08/2019 02.00,0.179,5.593
24/08/2019 01.00,24/08/2019 03.00,0.138,5.138
24/08/2019 02.00,24/08/2019 04.00,0.111,4.798
24/08/2019 03.00,24/08/2019 05.00,0.099,4.629
24/08/2019 04.00,24/08/2019 06.00,0.098,4.618
24/08/2019 05.00,24/08/2019 07.00,0.1,4.647
24/08/2019 06.00,24/08/2019 08.00,0.078,4.322
24/08/2019 07.00,24/08/2019 09.00,0.073,4.243
24/08/2019 08.00,24/08/2019 10.00,0.074,4.264
24/08/2019 09.00,24/08/2019 11.00,0.069,4.172
24/08/2019 10.00,24/08/2019 12.00,0.064,4.086
24/08/2019 11.00,24/08/2019 13.00,0.065,4.103
24/08/2019 12.00,24/08/2019 14.00,0.072,4.228
24/08/2019 13.00,24/08/2019 15.00,0.087,4.457
24/08/2019 14.00,24/08/2019 16.00,0.107,4.749
24/08/2019 15.00,24/08/2019 17.00,0.135,5.099
24/08/2019 16.00,24/08/2019 18.00,0.183,5.629
24/08/2019 17.00,24/08/2019 19.00,0.27,6.426
24/08/2019 18.00,24/08/2019 20.00,0.417,7.572
24/08/2019 19.00,24/08/2019 21.00,0.501,8.175
24/08/2019 20.00,24/08/2019 22.00,0.481,8.031
24/08/2019 21.00,24/08/2019 23.00,0.454,7.841
24/08/2019 22.00,25/08/2019 00.00,0.438,7.728
24/08/2019 23.00,25/08/2019 01.00,0.425,7.623
25/08/2019 00.00,25/08/2019 02.00,0.413,7.537
25/08/2019 01.00,25/08/2019 03.00,0.404,7.474
25/08/2019 02.00,25/08/2019 04.00,0.398,7.432
25/08/2019 03.00,25/08/2019 05.00,0.38,7.298
25/08/2019 04.00,25/08/2019 06.00,0.364,7.179
25/08/2019 05.00,25/08/2019 07.00,0.312,6.774
25/08/2019 06.00,25/08/2019 08.00,0.204,5.844
25/08/2019 07.00,25/08/2019 09.00,0.169,5.485
25/08/2019 08.00,25/08/2019 10.00,0.177,5.564
25/08/2019 09.00,25/08/2019 11.00,0.188,5.68
25/08/2019 10.00,25/08/2019 12.00,0.202,5.819
25/08/2019 11.00,25/08/2019 13.00,0.201,5.811
25/08/2019 12.00,25/08/2019 14.00,0.172,5.516
25/08/2019 13.00,25/08/2019 15.00,0.128,5.017
25/08/2019 14.00,25/08/2019 16.00,0.099,4.624
25/08/2019 15.00,25/08/2019 17.00,0.1,4.648
25/08/2019 16.00,25/08/2019 18.00,0.138,5.142
25/08/2019 17.00,25/08/2019 19.00,0.234,6.118
25/08/2019 18.00,25/08/2019 20.00,0.374,7.244
25/08/2019 19.00,25/08/2019 21.00,0.469,7.95
25/08/2019 20.00,25/08/2019 22.00,0.498,8.151
25/08/2019 21.00,25/08/2019 23.00,0.481,8.034
25/08/2019 22.00,26/08/2019 00.00,0.457,7.857
25/08/2019 23.00,26/08/2019 01.00,0.442,7.751
26/08/2019 00.00,26/08/2019 02.00,0.432,7.679
26/08/2019 01.00,26/08/2019 03.00,0.42,7.582
26/08/2019 02.00,26/08/2019 04.00,0.418,7.576
26/08/2019 03.00,26/08/2019 05.00,0.401,7.451
26/08/2019 04.00,26/08/2019 06.00,0.379,7.293
26/08/2019 05.00,26/08/2019 07.00,0.323,6.857
26/08/2019 06.00,26/08/2019 08.00,0.217,5.954
26/08/2019 07.00,26/08/2019 09.00,0.188,5.679
26/08/2019 08.00,26/08/2019 10.00,0.212,5.918
26/08/2019 09.00,26/08/2019 11.00,0.261,6.347
26/08/2019 10.00,26/08/2019 12.00,0.306,6.723
26/08/2019 11.00,26/08/2019 13.00,0.346,7.039
26/08/2019 12.00,26/08/2019 14.00,0.381,7.302
26/08/2019 13.00,26/08/2019 15.00,0.404,7.472
26/08/2019 14.00,26/08/2019 16.00,0.41,7.513
26/08/2019 15.00,26/08/2019 17.00,0.379,7.285
26/08/2019 16.00,26/08/2019 18.00,0.376,7.267
26/08/2019 17.00,26/08/2019 19.00,0.449,7.806
26/08/2019 18.00,26/08/2019 20.00,0.55,8.531
26/08/2019 19.00,26/08/2019 21.00,0.599,8.903
26/08/2019 20.00,26/08/2019 22.00,0.583,8.782
26/08/2019 21.00,26/08/2019 23.00,0.564,8.642
26/08/2019 22.00,27/08/2019 00.00,0.556,8.589
26/08/2019 23.00,27/08/2019 01.00,0.535,8.431
27/08/2019 00.00,27/08/2019 02.00,0.501,8.185
27/08/2019 01.00,27/08/2019 03.00,0.473,7.978
27/08/2019 02.00,27/08/2019 04.00,0.459,7.877
27/08/2019 03.00,27/08/2019 05.00,0.441,7.737
27/08/2019 04.00,27/08/2019 06.00,0.422,7.602
27/08/2019 05.00,27/08/2019 07.00,0.364,7.168
27/08/2019 06.00,27/08/2019 08.00,0.248,6.235
27/08/2019 07.00,27/08/2019 09.00,0.187,5.676
27/08/2019 08.00,27/08/2019 10.00,0.195,5.757
27/08/2019 09.00,27/08/2019 11.00,0.226,6.043
27/08/2019 10.00,27/08/2019 12.00,0.231,6.09
27/08/2019 11.00,27/08/2019 13.00,0.237,6.145
27/08/2019 12.00,27/08/2019 14.00,0.252,6.281
27/08/2019 13.00,27/08/2019 15.00,0.278,6.487
27/08/2019 14.00,27/08/2019 16.00,0.297,6.654
27/08/2019 15.00,27/08/2019 17.00,0.297,6.657
27/08/2019 16.00,27/08/2019 18.00,0.295,6.643
27/08/2019 17.00,27/08/2019 19.00,0.348,7.058
27/08/2019 18.00,27/08/2019 20.00,0.445,7.774
27/08/2019 19.00,27/08/2019 21.00,0.479,8.01
27/08/2019 20.00,27/08/2019 22.00,0.454,7.831
27/08/2019 21.00,27/08/2019 23.00,0.424,7.618
27/08/2019 22.00,28/08/2019 00.00,0.402,7.463
27/08/2019 23.00,28/08/2019 01.00,0.388,7.349
28/08/2019 00.00,28/08/2019 02.00,0.376,7.266
28/08/2019 01.00,28/08/2019 03.00,0.367,7.204
28/08/2019 02.00,28/08/2019 04.00,0.354,7.098
28/08/2019 03.00,28/08/2019 05.00,0.352,7.087
28/08/2019 04.00,28/08/2019 06.00,0.359,7.137
28/08/2019 05.00,28/08/2019 07.00,0.343,7.01
28/08/2019 06.00,28/08/2019 08.00,0.292,6.612
28/08/2019 07.00,28/08/2019 09.00,0.266,6.397
28/08/2019 08.00,28/08/2019 10.00,0.286,6.564
28/08/2019 09.00,28/08/2019 11.00,0.308,6.734
28/08/2019 10.00,28/08/2019 12.00,0.29,6.596
28/08/2019 11.00,28/08/2019 13.00,0.264,6.373
28/08/2019 12.00,28/08/2019 14.00,0.245,6.216
28/08/2019 13.00,28/08/2019 15.00,0.228,6.064
28/08/2019 14.00,28/08/2019 16.00,0.218,5.964
28/08/2019 15.00,28/08/2019 17.00,0.206,5.861
28/08/2019 16.00,28/08/2019 18.00,0.203,5.827
28/08/2019 17.00,28/08/2019 19.00,0.207,5.865
28/08/2019 18.00,28/08/2019 20.00,0.22,5.983
28/08/2019 19.00,28/08/2019 21.00,0.225,6.041
28/08/2019 20.00,28/08/2019 22.00,0.233,6.108
28/08/2019 21.00,28/08/2019 23.00,0.256,6.312
28/08/2019 22.00,29/08/2019 00.00,0.29,6.596
28/08/2019 23.00,29/08/2019 01.00,0.342,7.006
29/08/2019 00.00,29/08/2019 02.00,0.398,7.423
29/08/2019 01.00,29/08/2019 03.00,0.431,7.665
29/08/2019 02.00,29/08/2019 04.00,0.429,7.648
29/08/2019 03.00,29/08/2019 05.00,0.409,7.508
29/08/2019 04.00,29/08/2019 06.00,0.352,7.079
29/08/2019 05.00,29/08/2019 07.00,0.278,6.5
29/08/2019 06.00,29/08/2019 08.00,0.224,6.024
29/08/2019 07.00,29/08/2019 09.00,0.228,6.068
29/08/2019 08.00,29/08/2019 10.00,0.249,6.243
29/08/2019 09.00,29/08/2019 11.00,0.273,6.452
29/08/2019 10.00,29/08/2019 12.00,0.302,6.688
29/08/2019 11.00,29/08/2019 13.00,0.332,6.92
29/08/2019 12.00,29/08/2019 14.00,0.372,7.235
29/08/2019 13.00,29/08/2019 15.00,0.41,7.511
29/08/2019 14.00,29/08/2019 16.00,0.42,7.587
29/08/2019 15.00,29/08/2019 17.00,0.413,7.529
29/08/2019 16.00,29/08/2019 18.00,0.369,7.212
29/08/2019 17.00,29/08/2019 19.00,0.324,6.865
29/08/2019 18.00,29/08/2019 20.00,0.355,7.107
29/08/2019 19.00,29/08/2019 21.00,0.41,7.515
29/08/2019 20.00,29/08/2019 22.00,0.443,7.754
29/08/2019 21.00,29/08/2019 23.00,0.466,7.918
29/08/2019 22.00,30/08/2019 00.00,0.481,8.029
29/08/2019 23.00,30/08/2019 01.00,0.471,7.966
30/08/2019 00.00,30/08/2019 02.00,0.51,8.25
30/08/2019 01.00,30/08/2019 03.00,0.538,8.444
30/08/2019 02.00,30/08/2019 04.00,0.548,8.522
30/08/2019 03.00,30/08/2019 05.00,0.544,8.494
30/08/2019 04.00,30/08/2019 06.00,0.546,8.506
30/08/2019 05.00,30/08/2019 07.00,0.536,8.434
30/08/2019 06.00,30/08/2019 08.00,0.506,8.222
30/08/2019 07.00,30/08/2019 09.00,0.591,8.852
30/08/2019 08.00,30/08/2019 10.00,0.72,9.918
30/08/2019 09.00,30/08/2019 11.00,0.763,10.347
30/08/2019 10.00,30/08/2019 12.00,0.786,10.602
30/08/2019 11.00,30/08/2019 13.00,0.801,10.777
30/08/2019 12.00,30/08/2019 14.00,0.803,10.805
30/08/2019 13.00,30/08/2019 15.00,0.799,10.743
30/08/2019 14.00,30/08/2019 16.00,0.785,10.581
30/08/2019 15.00,30/08/2019 17.00,0.763,10.353
30/08/2019 16.00,30/08/2019 18.00,0.741,10.136
30/08/2019 17.00,30/08/2019 19.00,0.711,9.843
30/08/2019 18.00,30/08/2019 20.00,0.695,9.701
30/08/2019 19.00,30/08/2019 21.00,0.688,9.639
30/08/2019 20.00,30/08/2019 22.00,0.666,9.445
30/08/2019 21.00,30/08/2019 23.00,0.641,9.239
30/08/2019 22.00,31/08/2019 00.00,0.594,8.877
30/08/2019 23.00,31/08/2019 01.00,0.59,8.84
31/08/2019 00.00,31/08/2019 02.00,0.603,8.942
31/08/2019 01.00,31/08/2019 03.00,0.607,8.977
31/08/2019 02.00,31/08/2019 04.00,0.603,8.945
31/08/2019 03.00,31/08/2019 05.00,0.589,8.829
31/08/2019 04.00,31/08/2019 06.00,0.574,8.722
31/08/2019 05.00,31/08/2019 07.00,0.518,8.297
31/08/2019 06.00,31/08/2019 08.00,0.439,7.731
31/08/2019 07.00,31/08/2019 09.00,0.526,8.367
31/08/2019 08.00,31/08/2019 10.00,0.578,8.742
31/08/2019 09.00,31/08/2019 11.00,0.607,8.975
31/08/2019 10.00,31/08/2019 12.00,0.618,9.049
31/08/2019 11.00,31/08/2019 13.00,0.618,9.05
31/08/2019 12.00,31/08/2019 14.00,0.615,9.039
31/08/2019 13.00,31/08/2019 15.00,0.603,8.947
31/08/2019 14.00,31/08/2019 16.00,0.574,8.717
31/08/2019 15.00,31/08/2019 17.00,0.457,7.854
31/08/2019 16.00,31/08/2019 18.00,0.308,6.732
31/08/2019 17.00,31/08/2019 19.00,0.251,6.271
31/08/2019 18.00,31/08/2019 20.00,0.298,6.663
31/08/2019 19.00,31/08/2019 21.00,0.407,7.494
31/08/2019 20.00,31/08/2019 22.00,0.485,8.069
31/08/2019 21.00,31/08/2019 23.00,0.467,7.936
31/08/2019 22.00,01/09/2019 00.00,0.415,7.557
31/08/2019 23.00,01/09/2019 01.00,0.399,7.435
01/09/2019 00.00,01/09/2019 02.00,0.398,7.421
01/09/2019 01.00,01/09/2019 03.00,0.37,7.221
01/09/2019 02.00,01/09/2019 04.00,0.345,7.032
01/09/2019 03.00,01/09/2019 05.00,0.333,6.937
01/09/2019 04.00,01/09/2019 06.00,0.344,7.025
01/09/2019 05.00,01/09/2019 07.00,0.362,7.162
01/09/2019 06.00,01/09/2019 08.00,0.395,7.411
01/09/2019 07.00,01/09/2019 09.00,0.476,7.994
01/09/2019 08.00,01/09/2019 10.00,0.513,8.268
01/09/2019 09.00,01/09/2019 11.00,0.488,8.083
01/09/2019 10.00,01/09/2019 12.00,0.459,7.869
01/09/2019 11.00,01/09/2019 13.00,0.432,7.684
01/09/2019 12.00,01/09/2019 14.00,0.412,7.528
01/09/2019 13.00,01/09/2019 15.00,0.417,7.572
01/09/2019 14.00,01/09/2019 16.00,0.408,7.501
01/09/2019 15.00,01/09/2019 17.00,0.386,7.34
01/09/2019 16.00,01/09/2019 18.00,0.367,7.194
01/09/2019 17.00,01/09/2019 19.00,0.379,7.284
01/09/2019 18.00,01/09/2019 20.00,0.442,7.749
01/09/2019 19.00,01/09/2019 21.00,0.502,8.186
01/09/2019 20.00,01/09/2019 22.00,0.551,8.546
01/09/2019 21.00,01/09/2019 23.00,0.586,8.802
01/09/2019 22.00,02/09/2019 00.00,0.6,8.916
01/09/2019 23.00,02/09/2019 01.00,0.594,8.871
02/09/2019 00.00,02/09/2019 02.00,0.578,8.746
02/09/2019 01.00,02/09/2019 03.00,0.571,8.696
02/09/2019 02.00,02/09/2019 04.00,0.578,8.745
02/09/2019 03.00,02/09/2019 05.00,0.609,8.984
02/09/2019 04.00,02/09/2019 06.00,0.633,9.179
02/09/2019 05.00,02/09/2019 07.00,0.638,9.222
02/09/2019 06.00,02/09/2019 08.00,0.636,9.203
02/09/2019 07.00,02/09/2019 09.00,0.73,10.025
02/09/2019 08.00,02/09/2019 10.00,0.782,10.561
02/09/2019 09.00,02/09/2019 11.00,0.792,10.677
02/09/2019 10.00,02/09/2019 12.00,0.784,10.576
02/09/2019 11.00,02/09/2019 13.00,0.771,10.437
02/09/2019 12.00,02/09/2019 14.00,0.751,10.231
02/09/2019 13.00,02/09/2019 15.00,0.711,9.851
02/09/2019 14.00,02/09/2019 16.00,0.671,9.485
02/09/2019 15.00,02/09/2019 17.00,0.63,9.157
02/09/2019 16.00,02/09/2019 18.00,0.578,8.745
02/09/2019 17.00,02/09/2019 19.00,0.537,8.439
02/09/2019 18.00,02/09/2019 20.00,0.556,8.59
02/09/2019 19.00,02/09/2019 21.00,0.615,9.035
02/09/2019 20.00,02/09/2019 22.00,0.67,9.481
02/09/2019 21.00,02/09/2019 23.00,0.702,9.767
02/09/2019 22.00,03/09/2019 00.00,0.731,10.031
02/09/2019 23.00,03/09/2019 01.00,0.768,10.396
03/09/2019 00.00,03/09/2019 02.00,0.781,10.548
03/09/2019 01.00,03/09/2019 03.00,0.809,10.867
03/09/2019 02.00,03/09/2019 04.00,0.811,10.896
03/09/2019 03.00,03/09/2019 05.00,0.739,10.099
03/09/2019 04.00,03/09/2019 06.00,0.659,9.392
03/09/2019 05.00,03/09/2019 07.00,0.645,9.278
03/09/2019 06.00,03/09/2019 08.00,0.612,9.005
03/09/2019 07.00,03/09/2019 09.00,0.697,9.712
03/09/2019 08.00,03/09/2019 10.00,0.801,10.774
03/09/2019 09.00,03/09/2019 11.00,0.829,11.125
03/09/2019 10.00,03/09/2019 12.00,0.84,11.281
03/09/2019 11.00,03/09/2019 13.00,0.845,11.346
03/09/2019 12.00,03/09/2019 14.00,0.844,11.333
03/09/2019 13.00,03/09/2019 15.00,0.841,11.301
03/09/2019 14.00,03/09/2019 16.00,0.839,11.265
03/09/2019 15.00,03/09/2019 17.00,0.829,11.131
03/09/2019 16.00,03/09/2019 18.00,0.795,10.71
03/09/2019 17.00,03/09/2019 19.00,0.752,10.241
03/09/2019 18.00,03/09/2019 20.00,0.716,9.891
03/09/2019 19.00,03/09/2019 21.00,0.675,9.526
03/09/2019 20.00,03/09/2019 22.00,0.62,9.079
03/09/2019 21.00,03/09/2019 23.00,0.545,8.503
03/09/2019 22.00,04/09/2019 00.00,0.457,7.853
03/09/2019 23.00,04/09/2019 01.00,0.382,7.313
04/09/2019 00.00,04/09/2019 02.00,0.339,6.984
04/09/2019 01.00,04/09/2019 03.00,0.343,7.015
04/09/2019 02.00,04/09/2019 04.00,0.396,7.414
04/09/2019 03.00,04/09/2019 05.00,0.472,7.973
04/09/2019 04.00,04/09/2019 06.00,0.55,8.541
04/09/2019 05.00,04/09/2019 07.00,0.633,9.176
04/09/2019 06.00,04/09/2019 08.00,0.663,9.418
04/09/2019 07.00,04/09/2019 09.00,0.703,9.774
04/09/2019 08.00,04/09/2019 10.00,0.782,10.562
04/09/2019 09.00,04/09/2019 11.00,0.862,11.618
04/09/2019 10.00,04/09/2019 12.00,0.878,11.882
04/09/2019 11.00,04/09/2019 13.00,0.874,11.825
04/09/2019 12.00,04/09/2019 14.00,0.858,11.552
04/09/2019 13.00,04/09/2019 15.00,0.845,11.365
04/09/2019 14.00,04/09/2019 16.00,0.832,11.175
04/09/2019 15.00,04/09/2019 17.00,0.816,10.96
04/09/2019 16.00,04/09/2019 18.00,0.796,10.718
04/09/2019 17.00,04/09/2019 19.00,0.799,10.755
04/09/2019 18.00,04/09/2019 20.00,0.779,10.527
04/09/2019 19.00,04/09/2019 21.00,0.733,10.058
04/09/2019 20.00,04/09/2019 22.00,0.685,9.615
04/09/2019 21.00,04/09/2019 23.00,0.645,9.279
04/09/2019 22.00,05/09/2019 00.00,0.601,8.924
04/09/2019 23.00,05/09/2019 01.00,0.538,8.45
05/09/2019 00.00,05/09/2019 02.00,0.494,8.122
05/09/2019 01.00,05/09/2019 03.00,0.47,7.957
05/09/2019 02.00,05/09/2019 04.00,0.457,7.863
05/09/2019 03.00,05/09/2019 05.00,0.432,7.681
05/09/2019 04.00,05/09/2019 06.00,0.381,7.302
05/09/2019 05.00,05/09/2019 07.00,0.347,7.049
05/09/2019 06.00,05/09/2019 08.00,0.355,7.104
05/09/2019 07.00,05/09/2019 09.00,0.452,7.822
05/09/2019 08.00,05/09/2019 10.00,0.63,9.157
05/09/2019 09.00,05/09/2019 11.00,0.746,10.18
05/09/2019 10.00,05/09/2019 12.00,0.826,11.092
05/09/2019 11.00,05/09/2019 13.00,0.887,12.05
05/09/2019 12.00,05/09/2019 14.00,0.925,12.884
05/09/2019 13.00,05/09/2019 15.00,0.942,13.364
05/09/2019 14.00,05/09/2019 16.00,0.954,13.802
05/09/2019 15.00,05/09/2019 17.00,0.965,14.301
05/09/2019 16.00,05/09/2019 18.00,0.971,14.619
05/09/2019 17.00,05/09/2019 19.00,0.973,14.736
05/09/2019 18.00,05/09/2019 20.00,0.969,14.485
05/09/2019 19.00,05/09/2019 21.00,0.96,14.047
05/09/2019 20.00,05/09/2019 22.00,0.938,13.239
05/09/2019 21.00,05/09/2019 23.00,0.894,12.184
05/09/2019 22.00,06/09/2019 00.00,0.839,11.261
05/09/2019 23.00,06/09/2019 01.00,0.762,10.342
06/09/2019 00.00,06/09/2019 02.00,0.692,9.667
06/09/2019 01.00,06/09/2019 03.00,0.638,9.218
06/09/2019 02.00,06/09/2019 04.00,0.603,8.944
06/09/2019 03.00,06/09/2019 05.00,0.601,8.922
06/09/2019 04.00,06/09/2019 06.00,0.602,8.936
06/09/2019 05.00,06/09/2019 07.00,0.588,8.823
06/09/2019 06.00,06/09/2019 08.00,0.557,8.594
06/09/2019 07.00,06/09/2019 09.00,0.601,8.927
06/09/2019 08.00,06/09/2019 10.00,0.667,9.456
06/09/2019 09.00,06/09/2019 11.00,0.71,9.841
06/09/2019 10.00,06/09/2019 12.00,0.751,10.231
06/09/2019 11.00,06/09/2019 13.00,0.8,10.766
06/09/2019 12.00,06/09/2019 14.00,0.815,10.951
06/09/2019 13.00,06/09/2019 15.00,0.809,10.867
06/09/2019 14.00,06/09/2019 16.00,0.799,10.752
06/09/2019 15.00,06/09/2019 17.00,0.791,10.664
06/09/2019 16.00,06/09/2019 18.00,0.731,10.031
06/09/2019 17.00,06/09/2019 19.00,0.674,9.513
06/09/2019 18.00,06/09/2019 20.00,0.635,9.196
06/09/2019 19.00,06/09/2019 21.00,0.558,8.601
06/09/2019 20.00,06/09/2019 22.00,0.484,8.053
06/09/2019 21.00,06/09/2019 23.00,0.46,7.885
06/09/2019 22.00,07/09/2019 00.00,0.525,8.354
06/09/2019 23.00,07/09/2019 01.00,0.602,8.939
07/09/2019 00.00,07/09/2019 02.00,0.628,9.14
07/09/2019 01.00,07/09/2019 03.00,0.598,8.897
07/09/2019 02.00,07/09/2019 04.00,0.568,8.676
07/09/2019 03.00,07/09/2019 05.00,0.56,8.614
07/09/2019 04.00,07/09/2019 06.00,0.566,8.66
07/09/2019 05.00,07/09/2019 07.00,0.552,8.556
07/09/2019 06.00,07/09/2019 08.00,0.481,8.038
07/09/2019 07.00,07/09/2019 09.00,0.438,7.724
07/09/2019 08.00,07/09/2019 10.00,0.441,7.74
07/09/2019 09.00,07/09/2019 11.00,0.417,7.568
07/09/2019 10.00,07/09/2019 12.00,0.334,6.944
07/09/2019 11.00,07/09/2019 13.00,0.245,6.214
07/09/2019 12.00,07/09/2019 14.00,0.179,5.581
07/09/2019 13.00,07/09/2019 15.00,0.136,5.114
07/09/2019 14.00,07/09/2019 16.00,0.112,4.81
07/09/2019 15.00,07/09/2019 17.00,0.101,4.657
07/09/2019 16.00,07/09/2019 18.00,0.098,4.618
07/09/2019 17.00,07/09/2019 19.00,0.11,4.781
07/09/2019 18.00,07/09/2019 20.00,0.126,4.992
07/09/2019 19.00,07/09/2019 21.00,0.152,5.294
07/09/2019 20.00,07/09/2019 22.00,0.192,5.72
07/09/2019 21.00,07/09/2019 23.00,0.237,6.142
07/09/2019 22.00,08/09/2019 00.00,0.27,6.428
07/09/2019 23.00,08/09/2019 01.00,0.296,6.649
08/09/2019 00.00,08/09/2019 02.00,0.328,6.895
08/09/2019 01.00,08/09/2019 03.00,0.355,7.104
08/09/2019 02.00,08/09/2019 04.00,0.374,7.252
08/09/2019 03.00,08/09/2019 05.00,0.386,7.337
08/09/2019 04.00,08/09/2019 06.00,0.398,7.421
08/09/2019 05.00,08/09/2019 07.00,0.398,7.427
08/09/2019 06.00,08/09/2019 08.00,0.329,6.912
08/09/2019 07.00,08/09/2019 09.00,0.314,6.793
08/09/2019 08.00,08/09/2019 10.00,0.3,6.671
08/09/2019 09.00,08/09/2019 11.00,0.261,6.352
08/09/2019 10.00,08/09/2019 12.00,0.225,6.027
08/09/2019 11.00,08/09/2019 13.00,0.198,5.778
08/09/2019 12.00,08/09/2019 14.00,0.172,5.519
08/09/2019 13.00,08/09/2019 15.00,0.152,5.288
08/09/2019 14.00,08/09/2019 16.00,0.138,5.138
08/09/2019 15.00,08/09/2019 17.00,0.141,5.177
08/09/2019 16.00,08/09/2019 18.00,0.172,5.519
08/09/2019 17.00,08/09/2019 19.00,0.233,6.11
08/09/2019 18.00,08/09/2019 20.00,0.288,6.576
08/09/2019 19.00,08/09/2019 21.00,0.298,6.66
08/09/2019 20.00,08/09/2019 22.00,0.282,6.531
08/09/2019 21.00,08/09/2019 23.00,0.247,6.229
08/09/2019 22.00,09/09/2019 00.00,0.201,5.804
08/09/2019 23.00,09/09/2019 01.00,0.156,5.349
09/09/2019 00.00,09/09/2019 02.00,0.123,4.954
09/09/2019 01.00,09/09/2019 03.00,0.096,4.595
09/09/2019 02.00,09/09/2019 04.00,0.083,4.395
09/09/2019 03.00,09/09/2019 05.00,0.077,4.312
09/09/2019 04.00,09/09/2019 06.00,0.078,4.325
09/09/2019 05.00,09/09/2019 07.00,0.09,4.507
09/09/2019 06.00,09/09/2019 08.00,0.1,4.647
09/09/2019 07.00,09/09/2019 09.00,0.079,4.347
09/09/2019 08.00,09/09/2019 10.00,0.082,4.383
09/09/2019 09.00,09/09/2019 11.00,0.09,4.511
09/09/2019 10.00,09/09/2019 12.00,0.073,4.24
09/09/2019 11.00,09/09/2019 13.00,0.047,3.77
09/09/2019 12.00,09/09/2019 14.00,0.029,3.344
09/09/2019 13.00,09/09/2019 15.00,0.019,3.049
09/09/2019 14.00,09/09/2019 16.00,0.031,3.418
09/09/2019 15.00,09/09/2019 17.00,0.058,3.992
09/09/2019 16.00,09/09/2019 18.00,0.099,4.623
09/09/2019 17.00,09/09/2019 19.00,0.141,5.173
09/09/2019 18.00,09/09/2019 20.00,0.163,5.427
09/09/2019 19.00,09/09/2019 21.00,0.166,5.448
09/09/2019 20.00,09/09/2019 22.00,0.176,5.546
09/09/2019 21.00,09/09/2019 23.00,0.208,5.877
09/09/2019 22.00,10/09/2019 00.00,0.253,6.291
09/09/2019 23.00,10/09/2019 01.00,0.316,6.811
10/09/2019 00.00,10/09/2019 02.00,0.394,7.391
10/09/2019 01.00,10/09/2019 03.00,0.448,7.795
10/09/2019 02.00,10/09/2019 04.00,0.476,7.991
10/09/2019 03.00,10/09/2019 05.00,0.484,8.049
10/09/2019 04.00,10/09/2019 06.00,0.488,8.081
10/09/2019 05.00,10/09/2019 07.00,0.494,8.129
10/09/2019 06.00,10/09/2019 08.00,0.485,8.068
10/09/2019 07.00,10/09/2019 09.00,0.498,8.158
10/09/2019 08.00,10/09/2019 10.00,0.519,8.307
10/09/2019 09.00,10/09/2019 11.00,0.538,8.44
10/09/2019 10.00,10/09/2019 12.00,0.569,8.681
10/09/2019 11.00,10/09/2019 13.00,0.614,9.026
10/09/2019 12.00,10/09/2019 14.00,0.64,9.233
10/09/2019 13.00,10/09/2019 15.00,0.648,9.3
10/09/2019 14.00,10/09/2019 16.00,0.63,9.147
10/09/2019 15.00,10/09/2019 17.00,0.571,8.696
10/09/2019 16.00,10/09/2019 18.00,0.518,8.298
10/09/2019 17.00,10/09/2019 19.00,0.55,8.542
10/09/2019 18.00,10/09/2019 20.00,0.604,8.953
10/09/2019 19.00,10/09/2019 21.00,0.67,9.484
10/09/2019 20.00,10/09/2019 22.00,0.666,9.446
10/09/2019 21.00,10/09/2019 23.00,0.573,8.707
10/09/2019 22.00,11/09/2019 00.00,0.591,8.853
10/09/2019 23.00,11/09/2019 01.00,0.668,9.46
11/09/2019 00.00,11/09/2019 02.00,0.692,9.677
11/09/2019 01.00,11/09/2019 03.00,0.678,9.556
11/09/2019 02.00,11/09/2019 04.00,0.668,9.465
11/09/2019 03.00,11/09/2019 05.00,0.653,9.341
11/09/2019 04.00,11/09/2019 06.00,0.678,9.556
11/09/2019 05.00,11/09/2019 07.00,0.714,9.875
11/09/2019 06.00,11/09/2019 08.00,0.72,9.928
11/09/2019 07.00,11/09/2019 09.00,0.76,10.32
11/09/2019 08.00,11/09/2019 10.00,0.813,10.928
11/09/2019 09.00,11/09/2019 11.00,0.867,11.703
11/09/2019 10.00,11/09/2019 12.00,0.914,12.621
11/09/2019 11.00,11/09/2019 13.00,0.947,13.541
11/09/2019 12.00,11/09/2019 14.00,0.966,14.351
11/09/2019 13.00,11/09/2019 15.00,0.968,14.44
11/09/2019 14.00,11/09/2019 16.00,0.95,13.668
11/09/2019 15.00,11/09/2019 17.00,0.896,12.213
11/09/2019 16.00,11/09/2019 18.00,0.839,11.27
11/09/2019 17.00,11/09/2019 19.00,0.774,10.472
11/09/2019 18.00,11/09/2019 20.00,0.71,9.84
11/09/2019 19.00,11/09/2019 21.00,0.694,9.686
11/09/2019 20.00,11/09/2019 22.00,0.69,9.653
11/09/2019 21.00,11/09/2019 23.00,0.699,9.736
11/09/2019 22.00,12/09/2019 00.00,0.726,9.982
11/09/2019 23.00,12/09/2019 01.00,0.688,9.637
12/09/2019 00.00,12/09/2019 02.00,0.613,9.022
12/09/2019 01.00,12/09/2019 03.00,0.634,9.183
12/09/2019 02.00,12/09/2019 04.00,0.661,9.398
12/09/2019 03.00,12/09/2019 05.00,0.65,9.318
12/09/2019 04.00,12/09/2019 06.00,0.644,9.266
12/09/2019 05.00,12/09/2019 07.00,0.637,9.211
12/09/2019 06.00,12/09/2019 08.00,0.56,8.613
12/09/2019 07.00,12/09/2019 09.00,0.627,9.135
12/09/2019 08.00,12/09/2019 10.00,0.725,9.977
12/09/2019 09.00,12/09/2019 11.00,0.758,10.306
12/09/2019 10.00,12/09/2019 12.00,0.785,10.589
12/09/2019 11.00,12/09/2019 13.00,0.811,10.892
12/09/2019 12.00,12/09/2019 14.00,0.832,11.18
12/09/2019 13.00,12/09/2019 15.00,0.852,11.461
12/09/2019 14.00,12/09/2019 16.00,0.862,11.606
12/09/2019 15.00,12/09/2019 17.00,0.848,11.394
12/09/2019 16.00,12/09/2019 18.00,0.795,10.705
12/09/2019 17.00,12/09/2019 19.00,0.739,10.117
12/09/2019 18.00,12/09/2019 20.00,0.674,9.509
12/09/2019 19.00,12/09/2019 21.00,0.633,9.172
12/09/2019 20.00,12/09/2019 22.00,0.577,8.737
12/09/2019 21.00,12/09/2019 23.00,0.507,8.222
12/09/2019 22.00,13/09/2019 00.00,0.413,7.533
12/09/2019 23.00,13/09/2019 01.00,0.316,6.805
13/09/2019 00.00,13/09/2019 02.00,0.323,6.851
13/09/2019 01.00,13/09/2019 03.00,0.464,7.904
13/09/2019 02.00,13/09/2019 04.00,0.625,9.113
13/09/2019 03.00,13/09/2019 05.00,0.758,10.299
13/09/2019 04.00,13/09/2019 06.00,0.829,11.126
13/09/2019 05.00,13/09/2019 07.00,0.853,11.476
13/09/2019 06.00,13/09/2019 08.00,0.833,11.183
13/09/2019 07.00,13/09/2019 09.00,0.847,11.385
13/09/2019 08.00,13/09/2019 10.00,0.911,12.56
13/09/2019 09.00,13/09/2019 11.00,0.917,12.685
13/09/2019 10.00,13/09/2019 12.00,0.917,12.696
13/09/2019 11.00,13/09/2019 13.00,0.917,12.669
13/09/2019 12.00,13/09/2019 14.00,0.916,12.651
13/09/2019 13.00,13/09/2019 15.00,0.918,12.718
13/09/2019 14.00,13/09/2019 16.00,0.92,12.758
13/09/2019 15.00,13/09/2019 17.00,0.913,12.584
13/09/2019 16.00,13/09/2019 18.00,0.896,12.222
13/09/2019 17.00,13/09/2019 19.00,0.887,12.061
13/09/2019 18.00,13/09/2019 20.00,0.868,11.718
13/09/2019 19.00,13/09/2019 21.00,0.831,11.168
13/09/2019 20.00,13/09/2019 22.00,0.822,11.038
13/09/2019 21.00,13/09/2019 23.00,0.82,11.01
13/09/2019 22.00,14/09/2019 00.00,0.796,10.726
13/09/2019 23.00,14/09/2019 01.00,0.78,10.544
14/09/2019 00.00,14/09/2019 02.00,0.773,10.466
14/09/2019 01.00,14/09/2019 03.00,0.775,10.481
14/09/2019 02.00,14/09/2019 04.00,0.779,10.526
14/09/2019 03.00,14/09/2019 05.00,0.734,10.067
14/09/2019 04.00,14/09/2019 06.00,0.705,9.796
14/09/2019 05.00,14/09/2019 07.00,0.679,9.561
14/09/2019 06.00,14/09/2019 08.00,0.665,9.438
14/09/2019 07.00,14/09/2019 09.00,0.663,9.422
14/09/2019 08.00,14/09/2019 10.00,0.75,10.217
14/09/2019 09.00,14/09/2019 11.00,0.765,10.375
14/09/2019 10.00,14/09/2019 12.00,0.778,10.514
14/09/2019 11.00,14/09/2019 13.00,0.814,10.945
14/09/2019 12.00,14/09/2019 14.00,0.85,11.438
14/09/2019 13.00,14/09/2019 15.00,0.857,11.545
14/09/2019 14.00,14/09/2019 16.00,0.876,11.861
14/09/2019 15.00,14/09/2019 17.00,0.87,11.74
14/09/2019 16.00,14/09/2019 18.00,0.854,11.498
14/09/2019 17.00,14/09/2019 19.00,0.872,11.79
14/09/2019 18.00,14/09/2019 20.00,0.888,12.064
14/09/2019 19.00,14/09/2019 21.00,0.911,12.542
14/09/2019 20.00,14/09/2019 22.00,0.928,12.974
14/09/2019 21.00,14/09/2019 23.00,0.95,13.642
14/09/2019 22.00,15/09/2019 00.00,0.969,14.48
14/09/2019 23.00,15/09/2019 01.00,0.978,15.024
15/09/2019 00.00,15/09/2019 02.00,0.979,15.125
15/09/2019 01.00,15/09/2019 03.00,0.988,15.993
15/09/2019 02.00,15/09/2019 04.00,0.983,15.519
15/09/2019 03.00,15/09/2019 05.00,0.966,14.314
15/09/2019 04.00,15/09/2019 06.00,0.947,13.537
15/09/2019 05.00,15/09/2019 07.00,0.94,13.312
15/09/2019 06.00,15/09/2019 08.00,0.942,13.373
15/09/2019 07.00,15/09/2019 09.00,0.961,14.083
15/09/2019 08.00,15/09/2019 10.00,0.97,14.561
15/09/2019 09.00,15/09/2019 11.00,0.978,15.081
15/09/2019 10.00,15/09/2019 12.00,0.984,15.599
15/09/2019 11.00,15/09/2019 13.00,0.987,15.987
15/09/2019 12.00,15/09/2019 14.00,0.989,16.193
15/09/2019 13.00,15/09/2019 15.00,0.99,16.375
15/09/2019 14.00,15/09/2019 16.00,0.99,16.437
15/09/2019 15.00,15/09/2019 17.00,0.991,16.64
15/09/2019 16.00,15/09/2019 18.00,0.989,16.326
15/09/2019 17.00,15/09/2019 19.00,0.988,16.055
15/09/2019 18.00,15/09/2019 20.00,0.988,16.083
15/09/2019 19.00,15/09/2019 21.00,0.988,16.086
15/09/2019 20.00,15/09/2019 22.00,0.986,15.81
15/09/2019 21.00,15/09/2019 23.00,0.983,15.482
15/09/2019 22.00,16/09/2019 00.00,0.979,15.142
15/09/2019 23.00,16/09/2019 01.00,0.972,14.643
16/09/2019 00.00,16/09/2019 02.00,0.955,13.863
16/09/2019 01.00,16/09/2019 03.00,0.941,13.334
16/09/2019 02.00,16/09/2019 04.00,0.935,13.179
16/09/2019 03.00,16/09/2019 05.00,0.924,12.853
16/09/2019 04.00,16/09/2019 06.00,0.905,12.41
16/09/2019 05.00,16/09/2019 07.00,0.888,12.077
16/09/2019 06.00,16/09/2019 08.00,0.873,11.81
16/09/2019 07.00,16/09/2019 09.00,0.865,11.653
16/09/2019 08.00,16/09/2019 10.00,0.902,12.343
16/09/2019 09.00,16/09/2019 11.00,0.916,12.665
16/09/2019 10.00,16/09/2019 12.00,0.919,12.733
16/09/2019 11.00,16/09/2019 13.00,0.922,12.812
16/09/2019 12.00,16/09/2019 14.00,0.925,12.888
16/09/2019 13.00,16/09/2019 15.00,0.923,12.838
16/09/2019 14.00,16/09/2019 16.00,0.915,12.644
16/09/2019 15.00,16/09/2019 17.00,0.895,12.193
16/09/2019 16.00,16/09/2019 18.00,0.849,11.41
16/09/2019 17.00,16/09/2019 19.00,0.812,10.914
16/09/2019 18.00,16/09/2019 20.00,0.773,10.467
16/09/2019 19.00,16/09/2019 21.00,0.781,10.548
16/09/2019 20.00,16/09/2019 22.00,0.808,10.862
16/09/2019 21.00,16/09/2019 23.00,0.818,10.983
16/09/2019 22.00,17/09/2019 00.00,0.832,11.175
16/09/2019 23.00,17/09/2019 01.00,0.873,11.796
17/09/2019 00.00,17/09/2019 02.00,0.902,12.356
17/09/2019 01.00,17/09/2019 03.00,0.923,12.841
17/09/2019 02.00,17/09/2019 04.00,0.935,13.165
17/09/2019 03.00,17/09/2019 05.00,0.939,13.284
17/09/2019 04.00,17/09/2019 06.00,0.933,13.105
17/09/2019 05.00,17/09/2019 07.00,0.929,13.001
17/09/2019 06.00,17/09/2019 08.00,0.935,13.158
17/09/2019 07.00,17/09/2019 09.00,0.949,13.617
17/09/2019 08.00,17/09/2019 10.00,0.973,14.702
17/09/2019 09.00,17/09/2019 11.00,0.983,15.472
17/09/2019 10.00,17/09/2019 12.00,0.987,15.939
17/09/2019 11.00,17/09/2019 13.00,0.988,16.011
17/09/2019 12.00,17/09/2019 14.00,0.986,15.785
17/09/2019 13.00,17/09/2019 15.00,0.982,15.408
17/09/2019 14.00,17/09/2019 16.00,0.975,14.83
17/09/2019 15.00,17/09/2019 17.00,0.961,14.104
17/09/2019 16.00,17/09/2019 18.00,0.937,13.225
17/09/2019 17.00,17/09/2019 19.00,0.923,12.839
17/09/2019 18.00,17/09/2019 20.00,0.914,12.6
17/09/2019 19.00,17/09/2019 21.00,0.896,12.219
17/09/2019 20.00,17/09/2019 22.00,0.881,11.944
17/09/2019 21.00,17/09/2019 23.00,0.882,11.957
17/09/2019 22.00,18/09/2019 00.00,0.881,11.932
17/09/2019 23.00,18/09/2019 01.00,0.879,11.895
18/09/2019 00.00,18/09/2019 02.00,0.884,12.002
18/09/2019 01.00,18/09/2019 03.00,0.889,12.101
18/09/2019 02.00,18/09/2019 04.00,0.892,12.148
18/09/2019 03.00,18/09/2019 05.00,0.899,12.298
18/09/2019 04.00,18/09/2019 06.00,0.885,12.017
18/09/2019 05.00,18/09/2019 07.00,0.862,11.614
18/09/2019 06.00,18/09/2019 08.00,0.815,10.946
18/09/2019 07.00,18/09/2019 09.00,0.833,11.186
18/09/2019 08.00,18/09/2019 10.00,0.821,11.032
18/09/2019 09.00,18/09/2019 11.00,0.797,10.733
18/09/2019 10.00,18/09/2019 12.00,0.788,10.62
18/09/2019 11.00,18/09/2019 13.00,0.798,10.739
18/09/2019 12.00,18/09/2019 14.00,0.811,10.891
18/09/2019 13.00,18/09/2019 15.00,0.819,10.995
18/09/2019 14.00,18/09/2019 16.00,0.819,10.988
18/09/2019 15.00,18/09/2019 17.00,0.799,10.744
18/09/2019 16.00,18/09/2019 18.00,0.754,10.267
18/09/2019 17.00,18/09/2019 19.00,0.739,10.117
18/09/2019 18.00,18/09/2019 20.00,0.755,10.268
18/09/2019 19.00,18/09/2019 21.00,0.737,10.085
18/09/2019 20.00,18/09/2019 22.00,0.733,10.051
18/09/2019 21.00,18/09/2019 23.00,0.744,10.151
18/09/2019 22.00,19/09/2019 00.00,0.728,10.009
18/09/2019 23.00,19/09/2019 01.00,0.698,9.73
19/09/2019 00.00,19/09/2019 02.00,0.672,9.499
19/09/2019 01.00,19/09/2019 03.00,0.65,9.32
19/09/2019 02.00,19/09/2019 04.00,0.634,9.185
19/09/2019 03.00,19/09/2019 05.00,0.602,8.937
19/09/2019 04.00,19/09/2019 06.00,0.468,7.94
19/09/2019 05.00,19/09/2019 07.00,0.407,7.494
19/09/2019 06.00,19/09/2019 08.00,0.314,6.791
19/09/2019 07.00,19/09/2019 09.00,0.22,5.986
19/09/2019 08.00,19/09/2019 10.00,0.161,5.401
19/09/2019 09.00,19/09/2019 11.00,0.122,4.945
19/09/2019 10.00,19/09/2019 12.00,0.118,4.878
19/09/2019 11.00,19/09/2019 13.00,0.155,5.321
19/09/2019 12.00,19/09/2019 14.00,0.237,6.143
19/09/2019 13.00,19/09/2019 15.00,0.317,6.816
19/09/2019 14.00,19/09/2019 16.00,0.382,7.313
19/09/2019 15.00,19/09/2019 17.00,0.41,7.515
19/09/2019 16.00,19/09/2019 18.00,0.402,7.463
19/09/2019 17.00,19/09/2019 19.00,0.443,7.756
19/09/2019 18.00,19/09/2019 20.00,0.494,8.119
19/09/2019 19.00,19/09/2019 21.00,0.55,8.532
19/09/2019 20.00,19/09/2019 22.00,0.59,8.834
19/09/2019 21.00,19/09/2019 23.00,0.598,8.896
19/09/2019 22.00,20/09/2019 00.00,0.59,8.838
19/09/2019 23.00,20/09/2019 01.00,0.561,8.626
20/09/2019 00.00,20/09/2019 02.00,0.554,8.566
20/09/2019 01.00,20/09/2019 03.00,0.562,8.628
20/09/2019 02.00,20/09/2019 04.00,0.583,8.788
20/09/2019 03.00,20/09/2019 05.00,0.599,8.905
20/09/2019 04.00,20/09/2019 06.00,0.601,8.921
20/09/2019 05.00,20/09/2019 07.00,0.601,8.924
20/09/2019 06.00,20/09/2019 08.00,0.564,8.643
20/09/2019 07.00,20/09/2019 09.00,0.582,8.775
20/09/2019 08.00,20/09/2019 10.00,0.702,9.768
20/09/2019 09.00,20/09/2019 11.00,0.722,9.949
20/09/2019 10.00,20/09/2019 12.00,0.738,10.098
20/09/2019 11.00,20/09/2019 13.00,0.765,10.373
20/09/2019 12.00,20/09/2019 14.00,0.793,10.688
20/09/2019 13.00,20/09/2019 15.00,0.815,10.957
20/09/2019 14.00,20/09/2019 16.00,0.829,11.128
20/09/2019 15.00,20/09/2019 17.00,0.827,11.109
20/09/2019 16.00,20/09/2019 18.00,0.791,10.655
20/09/2019 17.00,20/09/2019 19.00,0.764,10.365
20/09/2019 18.00,20/09/2019 20.00,0.754,10.259
20/09/2019 19.00,20/09/2019 21.00,0.713,9.861
20/09/2019 20.00,20/09/2019 22.00,0.685,9.612
20/09/2019 21.00,20/09/2019 23.00,0.682,9.59
20/09/2019 22.00,21/09/2019 00.00,0.686,9.625
20/09/2019 23.00,21/09/2019 01.00,0.69,9.652
21/09/2019 00.00,21/09/2019 02.00,0.688,9.637
21/09/2019 01.00,21/09/2019 03.00,0.679,9.566
21/09/2019 02.00,21/09/2019 04.00,0.663,9.424
21/09/2019 03.00,21/09/2019 05.00,0.642,9.249
21/09/2019 04.00,21/09/2019 06.00,0.618,9.062
21/09/2019 05.00,21/09/2019 07.00,0.592,8.858
21/09/2019 06.00,21/09/2019 08.00,0.501,8.183
21/09/2019 07.00,21/09/2019 09.00,0.389,7.363
21/09/2019 08.00,21/09/2019 10.00,0.381,7.308
21/09/2019 09.00,21/09/2019 11.00,0.348,7.055
21/09/2019 10.00,21/09/2019 12.00,0.308,6.735
21/09/2019 11.00,21/09/2019 13.00,0.259,6.339
21/09/2019 12.00,21/09/2019 14.00,0.221,5.999
21/09/2019 13.00,21/09/2019 15.00,0.199,5.786
21/09/2019 14.00,21/09/2019 16.00,0.184,5.638
21/09/2019 15.00,21/09/2019 17.00,0.161,5.402
21/09/2019 16.00,21/09/2019 18.00,0.141,5.177
21/09/2019 17.00,21/09/2019 19.00,0.131,5.052
21/09/2019 18.00,21/09/2019 20.00,0.114,4.836
21/09/2019 19.00,21/09/2019 21.00,0.107,4.743
21/09/2019 20.00,21/09/2019 22.00,0.112,4.807
21/09/2019 21.00,21/09/2019 23.00,0.121,4.934
21/09/2019 22.00,22/09/2019 00.00,0.126,4.999
21/09/2019 23.00,22/09/2019 01.00,0.122,4.95
22/09/2019 00.00,22/09/2019 02.00,0.113,4.822
22/09/2019 01.00,22/09/2019 03.00,0.103,4.692
22/09/2019 02.00,22/09/2019 04.00,0.1,4.648
22/09/2019 03.00,22/09/2019 05.00,0.112,4.806
22/09/2019 04.00,22/09/2019 06.00,0.136,5.117
22/09/2019 05.00,22/09/2019 07.00,0.167,5.47
22/09/2019 06.00,22/09/2019 08.00,0.192,5.717
22/09/2019 07.00,22/09/2019 09.00,0.147,5.241
22/09/2019 08.00,22/09/2019 10.00,0.118,4.885
22/09/2019 09.00,22/09/2019 11.00,0.163,5.426
22/09/2019 10.00,22/09/2019 12.00,0.198,5.777
22/09/2019 11.00,22/09/2019 13.00,0.224,6.024
22/09/2019 12.00,22/09/2019 14.00,0.249,6.243
22/09/2019 13.00,22/09/2019 15.00,0.276,6.479
22/09/2019 14.00,22/09/2019 16.00,0.32,6.841
22/09/2019 15.00,22/09/2019 17.00,0.366,7.187
22/09/2019 16.00,22/09/2019 18.00,0.494,8.128
22/09/2019 17.00,22/09/2019 19.00,0.648,9.304
22/09/2019 18.00,22/09/2019 20.00,0.674,9.52
22/09/2019 19.00,22/09/2019 21.00,0.66,9.397
22/09/2019 20.00,22/09/2019 22.00,0.668,9.472
22/09/2019 21.00,22/09/2019 23.00,0.696,9.705
22/09/2019 22.00,23/09/2019 00.00,0.733,10.057
22/09/2019 23.00,23/09/2019 01.00,0.765,10.375
23/09/2019 00.00,23/09/2019 02.00,0.797,10.732
23/09/2019 01.00,23/09/2019 03.00,0.813,10.928
23/09/2019 02.00,23/09/2019 04.00,0.823,11.055
23/09/2019 03.00,23/09/2019 05.00,0.833,11.194
23/09/2019 04.00,23/09/2019 06.00,0.846,11.376
23/09/2019 05.00,23/09/2019 07.00,0.845,11.351
23/09/2019 06.00,23/09/2019 08.00,0.809,10.868
23/09/2019 07.00,23/09/2019 09.00,0.833,11.187
23/09/2019 08.00,23/09/2019 10.00,0.841,11.295
23/09/2019 09.00,23/09/2019 11.00,0.814,10.933
23/09/2019 10.00,23/09/2019 12.00,0.791,10.666
23/09/2019 11.00,23/09/2019 13.00,0.772,10.447
23/09/2019 12.00,23/09/2019 14.00,0.744,10.161
23/09/2019 13.00,23/09/2019 15.00,0.71,9.837
23/09/2019 14.00,23/09/2019 16.00,0.68,9.567
23/09/2019 15.00,23/09/2019 17.00,0.642,9.249
23/09/2019 16.00,23/09/2019 18.00,0.622,9.092
23/09/2019 17.00,23/09/2019 19.00,0.633,9.173
23/09/2019 18.00,23/09/2019 20.00,0.622,9.096
23/09/2019 19.00,23/09/2019 21.00,0.602,8.933
23/09/2019 20.00,23/09/2019 22.00,0.561,8.627
23/09/2019 21.00,23/09/2019 23.00,0.527,8.372
23/09/2019 22.00,24/09/2019 00.00,0.511,8.253
23/09/2019 23.00,24/09/2019 01.00,0.476,7.991
24/09/2019 00.00,24/09/2019 02.00,0.444,7.761
24/09/2019 01.00,24/09/2019 03.00,0.432,7.674
24/09/2019 02.00,24/09/2019 04.00,0.405,7.481
24/09/2019 03.00,24/09/2019 05.00,0.382,7.316
24/09/2019 04.00,24/09/2019 06.00,0.376,7.261
24/09/2019 05.00,24/09/2019 07.00,0.383,7.32
24/09/2019 06.00,24/09/2019 08.00,0.355,7.098
24/09/2019 07.00,24/09/2019 09.00,0.305,6.711
24/09/2019 08.00,24/09/2019 10.00,0.283,6.544
24/09/2019 09.00,24/09/2019 11.00,0.244,6.206
24/09/2019 10.00,24/09/2019 12.00,0.196,5.761
24/09/2019 11.00,24/09/2019 13.00,0.153,5.305
24/09/2019 12.00,24/09/2019 14.00,0.121,4.935
24/09/2019 13.00,24/09/2019 15.00,0.118,4.88
24/09/2019 14.00,24/09/2019 16.00,0.136,5.119
24/09/2019 15.00,24/09/2019 17.00,0.155,5.333
24/09/2019 16.00,24/09/2019 18.00,0.193,5.728
24/09/2019 17.00,24/09/2019 19.00,0.261,6.351
24/09/2019 18.00,24/09/2019 20.00,0.325,6.878
24/09/2019 19.00,24/09/2019 21.00,0.36,7.141
24/09/2019 20.00,24/09/2019 22.00,0.376,7.271
24/09/2019 21.00,24/09/2019 23.00,0.404,7.477
24/09/2019 22.00,25/09/2019 00.00,0.437,7.72
24/09/2019 23.00,25/09/2019 01.00,0.471,7.965
25/09/2019 00.00,25/09/2019 02.00,0.501,8.169
25/09/2019 01.00,25/09/2019 03.00,0.516,8.285
25/09/2019 02.00,25/09/2019 04.00,0.528,8.377
25/09/2019 03.00,25/09/2019 05.00,0.546,8.504
25/09/2019 04.00,25/09/2019 06.00,0.544,8.492
25/09/2019 05.00,25/09/2019 07.00,0.552,8.56
25/09/2019 06.00,25/09/2019 08.00,0.511,8.253
25/09/2019 07.00,25/09/2019 09.00,0.491,8.102
25/09/2019 08.00,25/09/2019 10.00,0.53,8.391
25/09/2019 09.00,25/09/2019 11.00,0.494,8.12
25/09/2019 10.00,25/09/2019 12.00,0.456,7.849
25/09/2019 11.00,25/09/2019 13.00,0.437,7.719
25/09/2019 12.00,25/09/2019 14.00,0.437,7.715
25/09/2019 13.00,25/09/2019 15.00,0.454,7.835
25/09/2019 14.00,25/09/2019 16.00,0.472,7.973
25/09/2019 15.00,25/09/2019 17.00,0.479,8.018
25/09/2019 16.00,25/09/2019 18.00,0.491,8.101
25/09/2019 17.00,25/09/2019 19.00,0.535,8.421
25/09/2019 18.00,25/09/2019 20.00,0.568,8.669
25/09/2019 19.00,25/09/2019 21.00,0.584,8.792
25/09/2019 20.00,25/09/2019 22.00,0.594,8.876
25/09/2019 21.00,25/09/2019 23.00,0.62,9.074
25/09/2019 22.00,26/09/2019 00.00,0.635,9.187
25/09/2019 23.00,26/09/2019 01.00,0.627,9.134
26/09/2019 00.00,26/09/2019 02.00,0.605,8.959
26/09/2019 01.00,26/09/2019 03.00,0.599,8.912
26/09/2019 02.00,26/09/2019 04.00,0.633,9.17
26/09/2019 03.00,26/09/2019 05.00,0.627,9.136
26/09/2019 04.00,26/09/2019 06.00,0.63,9.159
26/09/2019 05.00,26/09/2019 07.00,0.687,9.633
26/09/2019 06.00,26/09/2019 08.00,0.666,9.444
26/09/2019 07.00,26/09/2019 09.00,0.647,9.291
26/09/2019 08.00,26/09/2019 10.00,0.653,9.344
26/09/2019 09.00,26/09/2019 11.00,0.681,9.575
26/09/2019 10.00,26/09/2019 12.00,0.698,9.727
26/09/2019 11.00,26/09/2019 13.00,0.716,9.891
26/09/2019 12.00,26/09/2019 14.00,0.721,9.933
26/09/2019 13.00,26/09/2019 15.00,0.71,9.837
26/09/2019 14.00,26/09/2019 16.00,0.697,9.713
26/09/2019 15.00,26/09/2019 17.00,0.687,9.632
26/09/2019 16.00,26/09/2019 18.00,0.753,10.25
26/09/2019 17.00,26/09/2019 19.00,0.831,11.164
26/09/2019 18.00,26/09/2019 20.00,0.845,11.347
26/09/2019 19.00,26/09/2019 21.00,0.869,11.733
26/09/2019 20.00,26/09/2019 22.00,0.877,11.872
26/09/2019 21.00,26/09/2019 23.00,0.874,11.827
26/09/2019 22.00,27/09/2019 00.00,0.839,11.258
26/09/2019 23.00,27/09/2019 01.00,0.774,10.471
27/09/2019 00.00,27/09/2019 02.00,0.725,9.975
27/09/2019 01.00,27/09/2019 03.00,0.662,9.413
27/09/2019 02.00,27/09/2019 04.00,0.597,8.892
27/09/2019 03.00,27/09/2019 05.00,0.553,8.561
27/09/2019 04.00,27/09/2019 06.00,0.494,8.122
27/09/2019 05.00,27/09/2019 07.00,0.45,7.813
27/09/2019 06.00,27/09/2019 08.00,0.376,7.266
27/09/2019 07.00,27/09/2019 09.00,0.278,6.501
27/09/2019 08.00,27/09/2019 10.00,0.331,6.917
27/09/2019 09.00,27/09/2019 11.00,0.368,7.206
27/09/2019 10.00,27/09/2019 12.00,0.358,7.125
27/09/2019 11.00,27/09/2019 13.00,0.329,6.91
27/09/2019 12.00,27/09/2019 14.00,0.32,6.828
27/09/2019 13.00,27/09/2019 15.00,0.314,6.795
27/09/2019 14.00,27/09/2019 16.00,0.305,6.709
27/09/2019 15.00,27/09/2019 17.00,0.253,6.287
27/09/2019 16.00,27/09/2019 18.00,0.259,6.334
27/09/2019 17.00,27/09/2019 19.00,0.374,7.242
27/09/2019 18.00,27/09/2019 20.00,0.471,7.967
27/09/2019 19.00,27/09/2019 21.00,0.495,8.137
27/09/2019 20.00,27/09/2019 22.00,0.494,8.131
27/09/2019 21.00,27/09/2019 23.00,0.498,8.157
27/09/2019 22.00,28/09/2019 00.00,0.516,8.291
27/09/2019 23.00,28/09/2019 01.00,0.566,8.655
28/09/2019 00.00,28/09/2019 02.00,0.634,9.186
28/09/2019 01.00,28/09/2019 03.00,0.704,9.785
28/09/2019 02.00,28/09/2019 04.00,0.746,10.168
28/09/2019 03.00,28/09/2019 05.00,0.73,10.025
28/09/2019 04.00,28/09/2019 06.00,0.69,9.658
28/09/2019 05.00,28/09/2019 07.00,0.646,9.287
28/09/2019 06.00,28/09/2019 08.00,0.624,9.108
28/09/2019 07.00,28/09/2019 09.00,0.618,9.065
28/09/2019 08.00,28/09/2019 10.00,0.711,9.851
28/09/2019 09.00,28/09/2019 11.00,0.766,10.389
28/09/2019 10.00,28/09/2019 12.00,0.783,10.571
28/09/2019 11.00,28/09/2019 13.00,0.774,10.468
28/09/2019 12.00,28/09/2019 14.00,0.746,10.174
28/09/2019 13.00,28/09/2019 15.00,0.701,9.76
28/09/2019 14.00,28/09/2019 16.00,0.606,8.97
28/09/2019 15.00,28/09/2019 17.00,0.631,9.161
28/09/2019 16.00,28/09/2019 18.00,0.704,9.779
28/09/2019 17.00,28/09/2019 19.00,0.705,9.793
28/09/2019 18.00,28/09/2019 20.00,0.665,9.437
28/09/2019 19.00,28/09/2019 21.00,0.646,9.286
28/09/2019 20.00,28/09/2019 22.00,0.624,9.105
28/09/2019 21.00,28/09/2019 23.00,0.644,9.264
28/09/2019 22.00,29/09/2019 00.00,0.683,9.599
28/09/2019 23.00,29/09/2019 01.00,0.692,9.668
29/09/2019 00.00,29/09/2019 02.00,0.672,9.492
29/09/2019 01.00,29/09/2019 03.00,0.647,9.296
29/09/2019 02.00,29/09/2019 04.00,0.586,8.811
29/09/2019 03.00,29/09/2019 05.00,0.515,8.279
29/09/2019 04.00,29/09/2019 06.00,0.462,7.895
29/09/2019 05.00,29/09/2019 07.00,0.388,7.352
29/09/2019 06.00,29/09/2019 08.00,0.28,6.513
29/09/2019 07.00,29/09/2019 09.00,0.187,5.674
29/09/2019 08.00,29/09/2019 10.00,0.137,5.122
29/09/2019 09.00,29/09/2019 11.00,0.118,4.899
29/09/2019 10.00,29/09/2019 12.00,0.12,4.919
29/09/2019 11.00,29/09/2019 13.00,0.112,4.815
29/09/2019 12.00,29/09/2019 14.00,0.086,4.454
29/09/2019 13.00,29/09/2019 15.00,0.054,3.917
29/09/2019 14.00,29/09/2019 16.00,0.019,3.071
29/09/2019 15.00,29/09/2019 17.00,0.009,2.669
29/09/2019 16.00,29/09/2019 18.00,0.039,3.594
29/09/2019 17.00,29/09/2019 19.00,0.103,4.692
29/09/2019 18.00,29/09/2019 20.00,0.153,5.307
29/09/2019 19.00,29/09/2019 21.00,0.171,5.507
29/09/2019 20.00,29/09/2019 22.00,0.176,5.554
29/09/2019 21.00,29/09/2019 23.00,0.194,5.74
29/09/2019 22.00,30/09/2019 00.00,0.245,6.207
29/09/2019 23.00,30/09/2019 01.00,0.311,6.769
30/09/2019 00.00,30/09/2019 02.00,0.373,7.236
30/09/2019 01.00,30/09/2019 03.00,0.442,7.745
30/09/2019 02.00,30/09/2019 04.00,0.535,8.422
30/09/2019 03.00,30/09/2019 05.00,0.62,9.077
30/09/2019 04.00,30/09/2019 06.00,0.697,9.722
30/09/2019 05.00,30/09/2019 07.00,0.759,10.318
30/09/2019 06.00,30/09/2019 08.00,0.826,11.087
30/09/2019 07.00,30/09/2019 09.00,0.876,11.861
30/09/2019 08.00,30/09/2019 10.00,0.945,13.476
30/09/2019 09.00,30/09/2019 11.00,0.979,15.15
30/09/2019 10.00,30/09/2019 12.00,0.984,15.548
30/09/2019 11.00,30/09/2019 13.00,0.987,15.868
30/09/2019 12.00,30/09/2019 14.00,0.99,16.381
30/09/2019 13.00,30/09/2019 15.00,0.991,16.6
30/09/2019 14.00,30/09/2019 16.00,0.99,16.452
30/09/2019 15.00,30/09/2019 17.00,0.985,15.644
30/09/2019 16.00,30/09/2019 18.00,0.967,14.399
30/09/2019 17.00,30/09/2019 19.00,0.929,13.003
30/09/2019 18.00,30/09/2019 20.00,0.874,11.818
30/09/2019 19.00,30/09/2019 21.00,0.85,11.426
30/09/2019 20.00,30/09/2019 22.00,0.834,11.196
30/09/2019 21.00,30/09/2019 23.00,0.819,11.004
30/09/2019 22.00,01/10/2019 00.00,0.806,10.832
30/09/2019 23.00,01/10/2019 01.00,0.8,10.768
01/10/2019 00.00,01/10/2019 02.00,0.75,10.218
01/10/2019 01.00,01/10/2019 03.00,0.71,9.834
01/10/2019 02.00,01/10/2019 04.00,0.68,9.57
01/10/2019 03.00,01/10/2019 05.00,0.642,9.25
01/10/2019 04.00,01/10/2019 06.00,0.606,8.97
01/10/2019 05.00,01/10/2019 07.00,0.559,8.607
01/10/2019 06.00,01/10/2019 08.00,0.484,8.06
01/10/2019 07.00,01/10/2019 09.00,0.386,7.339
01/10/2019 08.00,01/10/2019 10.00,0.367,7.194
01/10/2019 09.00,01/10/2019 11.00,0.389,7.361
01/10/2019 10.00,01/10/2019 12.00,0.437,7.718
01/10/2019 11.00,01/10/2019 13.00,0.512,8.257
01/10/2019 12.00,01/10/2019 14.00,0.608,8.983
01/10/2019 13.00,01/10/2019 15.00,0.701,9.757
01/10/2019 14.00,01/10/2019 16.00,0.764,10.362
01/10/2019 15.00,01/10/2019 17.00,0.774,10.471
01/10/2019 16.00,01/10/2019 18.00,0.762,10.342
01/10/2019 17.00,01/10/2019 19.00,0.758,10.306
01/10/2019 18.00,01/10/2019 20.00,0.74,10.12
01/10/2019 19.00,01/10/2019 21.00,0.743,10.145
01/10/2019 20.00,01/10/2019 22.00,0.748,10.191
01/10/2019 21.00,01/10/2019 23.00,0.755,10.275
01/10/2019 22.00,02/10/2019 00.00,0.775,10.484
01/10/2019 23.00,02/10/2019 01.00,0.786,10.599
02/10/2019 00.00,02/10/2019 02.00,0.8,10.76
02/10/2019 01.00,02/10/2019 03.00,0.82,11.02
02/10/2019 02.00,02/10/2019 04.00,0.82,11.007
02/10/2019 03.00,02/10/2019 05.00,0.804,10.812
02/10/2019 04.00,02/10/2019 06.00,0.788,10.628
02/10/2019 05.00,02/10/2019 07.00,0.768,10.401
02/10/2019 06.00,02/10/2019 08.00,0.711,9.85
02/10/2019 07.00,02/10/2019 09.00,0.635,9.192
02/10/2019 08.00,02/10/2019 10.00,0.668,9.471
02/10/2019 09.00,02/10/2019 11.00,0.663,9.429
02/10/2019 10.00,02/10/2019 12.00,0.625,9.117
02/10/2019 11.00,02/10/2019 13.00,0.578,8.746
02/10/2019 12.00,02/10/2019 14.00,0.514,8.272
02/10/2019 13.00,02/10/2019 15.00,0.479,8.021
02/10/2019 14.00,02/10/2019 16.00,0.532,8.398
02/10/2019 15.00,02/10/2019 17.00,0.63,9.15
02/10/2019 16.00,02/10/2019 18.00,0.705,9.788
02/10/2019 17.00,02/10/2019 19.00,0.788,10.623
02/10/2019 18.00,02/10/2019 20.00,0.803,10.806
02/10/2019 19.00,02/10/2019 21.00,0.766,10.385
02/10/2019 20.00,02/10/2019 22.00,0.701,9.758
02/10/2019 21.00,02/10/2019 23.00,0.625,9.12
02/10/2019 22.00,03/10/2019 00.00,0.588,8.822
02/10/2019 23.00,03/10/2019 01.00,0.563,8.637
03/10/2019 00.00,03/10/2019 02.00,0.528,8.379
03/10/2019 01.00,03/10/2019 03.00,0.503,8.199
03/10/2019 02.00,03/10/2019 04.00,0.473,7.979
03/10/2019 03.00,03/10/2019 05.00,0.442,7.751
03/10/2019 04.00,03/10/2019 06.00,0.395,7.4
03/10/2019 05.00,03/10/2019 07.00,0.343,7.008
03/10/2019 06.00,03/10/2019 08.00,0.274,6.468
03/10/2019 07.00,03/10/2019 09.00,0.181,5.608
03/10/2019 08.00,03/10/2019 10.00,0.154,5.318
03/10/2019 09.00,03/10/2019 11.00,0.094,4.561
03/10/2019 10.00,03/10/2019 12.00,0.049,3.815
03/10/2019 11.00,03/10/2019 13.00,0.031,3.395
03/10/2019 12.00,03/10/2019 14.00,0.022,3.158
03/10/2019 13.00,03/10/2019 15.00,0.015,2.903
03/10/2019 14.00,03/10/2019 16.00,0.009,2.634
03/10/2019 15.00,03/10/2019 17.00,0.007,2.536
03/10/2019 16.00,03/10/2019 18.00,0.005,2.358
03/10/2019 17.00,03/10/2019 19.00,0.01,2.68
03/10/2019 18.00,03/10/2019 20.00,0.043,3.692
03/10/2019 19.00,03/10/2019 21.00,0.109,4.773
03/10/2019 20.00,03/10/2019 22.00,0.189,5.692
03/10/2019 21.00,03/10/2019 23.00,0.278,6.49
03/10/2019 22.00,04/10/2019 00.00,0.355,7.1
03/10/2019 23.00,04/10/2019 01.00,0.404,7.476
04/10/2019 00.00,04/10/2019 02.00,0.432,7.684
04/10/2019 01.00,04/10/2019 03.00,0.457,7.861
04/10/2019 02.00,04/10/2019 04.00,0.486,8.07
04/10/2019 03.00,04/10/2019 05.00,0.516,8.285
04/10/2019 04.00,04/10/2019 06.00,0.557,8.598
04/10/2019 05.00,04/10/2019 07.00,0.595,8.88
04/10/2019 06.00,04/10/2019 08.00,0.618,9.065
04/10/2019 07.00,04/10/2019 09.00,0.612,9.006
04/10/2019 08.00,04/10/2019 10.00,0.648,9.299
04/10/2019 09.00,04/10/2019 11.00,0.7,9.75
04/10/2019 10.00,04/10/2019 12.00,0.7,9.745
04/10/2019 11.00,04/10/2019 13.00,0.707,9.815
04/10/2019 12.00,04/10/2019 14.00,0.715,9.883
04/10/2019 13.00,04/10/2019 15.00,0.717,9.898
04/10/2019 14.00,04/10/2019 16.00,0.708,9.818
04/10/2019 15.00,04/10/2019 17.00,0.711,9.845
04/10/2019 16.00,04/10/2019 18.00,0.726,9.983
04/10/2019 17.00,04/10/2019 19.00,0.739,10.106
04/10/2019 18.00,04/10/2019 20.00,0.74,10.117
04/10/2019 19.00,04/10/2019 21.00,0.718,9.905
04/10/2019 20.00,04/10/2019 22.00,0.717,9.896
04/10/2019 21.00,04/10/2019 23.00,0.677,9.545
04/10/2019 22.00,05/10/2019 00.00,0.636,9.202
04/10/2019 23.00,05/10/2019 01.00,0.601,8.917
05/10/2019 00.00,05/10/2019 02.00,0.589,8.826
05/10/2019 01.00,05/10/2019 03.00,0.596,8.89
05/10/2019 02.00,05/10/2019 04.00,0.613,9.011
05/10/2019 03.00,05/10/2019 05.00,0.63,9.153
05/10/2019 04.00,05/10/2019 06.00,0.626,9.121
05/10/2019 05.00,05/10/2019 07.00,0.624,9.105
05/10/2019 06.00,05/10/2019 08.00,0.586,8.814
05/10/2019 07.00,05/10/2019 09.00,0.532,8.406
05/10/2019 08.00,05/10/2019 10.00,0.547,8.514
05/10/2019 09.00,05/10/2019 11.00,0.504,8.206
05/10/2019 10.00,05/10/2019 12.00,0.424,7.617
05/10/2019 11.00,05/10/2019 13.00,0.358,7.133
05/10/2019 12.00,05/10/2019 14.00,0.308,6.734
05/10/2019 13.00,05/10/2019 15.00,0.274,6.461
05/10/2019 14.00,05/10/2019 16.00,0.264,6.375
05/10/2019 15.00,05/10/2019 17.00,0.281,6.522
05/10/2019 16.00,05/10/2019 18.00,0.352,7.086
05/10/2019 17.00,05/10/2019 19.00,0.42,7.588
05/10/2019 18.00,05/10/2019 20.00,0.432,7.678
05/10/2019 19.00,05/10/2019 21.00,0.408,7.502
05/10/2019 20.00,05/10/2019 22.00,0.348,7.053
05/10/2019 21.00,05/10/2019 23.00,0.285,6.557
05/10/2019 22.00,06/10/2019 00.00,0.247,6.228
05/10/2019 23.00,06/10/2019 01.00,0.24,6.167
06/10/2019 00.00,06/10/2019 02.00,0.253,6.284
06/10/2019 01.00,06/10/2019 03.00,0.281,6.523
06/10/2019 02.00,06/10/2019 04.00,0.315,6.8
06/10/2019 03.00,06/10/2019 05.00,0.336,6.957
06/10/2019 04.00,06/10/2019 06.00,0.351,7.074
06/10/2019 05.00,06/10/2019 07.00,0.374,7.241
06/10/2019 06.00,06/10/2019 08.00,0.391,7.375
06/10/2019 07.00,06/10/2019 09.00,0.332,6.923
06/10/2019 08.00,06/10/2019 10.00,0.304,6.704
06/10/2019 09.00,06/10/2019 11.00,0.31,6.749
06/10/2019 10.00,06/10/2019 12.00,0.3,6.676
06/10/2019 11.00,06/10/2019 13.00,0.3,6.681
06/10/2019 12.00,06/10/2019 14.00,0.282,6.532
06/10/2019 13.00,06/10/2019 15.00,0.276,6.477
06/10/2019 14.00,06/10/2019 16.00,0.305,6.719
06/10/2019 15.00,06/10/2019 17.00,0.373,7.239
06/10/2019 16.00,06/10/2019 18.00,0.47,7.955
06/10/2019 17.00,06/10/2019 19.00,0.54,8.465
06/10/2019 18.00,06/10/2019 20.00,0.523,8.343
06/10/2019 19.00,06/10/2019 21.00,0.481,8.037
06/10/2019 20.00,06/10/2019 22.00,0.41,7.522
06/10/2019 21.00,06/10/2019 23.00,0.333,6.935
06/10/2019 22.00,07/10/2019 00.00,0.278,6.498
06/10/2019 23.00,07/10/2019 01.00,0.235,6.126
07/10/2019 00.00,07/10/2019 02.00,0.194,5.741
07/10/2019 01.00,07/10/2019 03.00,0.159,5.38
07/10/2019 02.00,07/10/2019 04.00,0.144,5.201
07/10/2019 03.00,07/10/2019 05.00,0.136,5.113
07/10/2019 04.00,07/10/2019 06.00,0.114,4.836
07/10/2019 05.00,07/10/2019 07.00,0.052,3.87
07/10/2019 06.00,07/10/2019 08.00,0.028,3.329
07/10/2019 07.00,07/10/2019 09.00,0.041,3.632
07/10/2019 08.00,07/10/2019 10.00,0.053,3.871
07/10/2019 09.00,07/10/2019 11.00,0.048,3.796
07/10/2019 10.00,07/10/2019 12.00,0.042,3.669
07/10/2019 11.00,07/10/2019 13.00,0.048,3.799
07/10/2019 12.00,07/10/2019 14.00,0.056,3.94
07/10/2019 13.00,07/10/2019 15.00,0.048,3.792
07/10/2019 14.00,07/10/2019 16.00,0.045,3.73
07/10/2019 15.00,07/10/2019 17.00,0.074,4.267
07/10/2019 16.00,07/10/2019 18.00,0.14,5.158
07/10/2019 17.00,07/10/2019 19.00,0.247,6.229
07/10/2019 18.00,07/10/2019 20.00,0.379,7.279
07/10/2019 19.00,07/10/2019 21.00,0.484,8.062
07/10/2019 20.00,07/10/2019 22.00,0.548,8.523
07/10/2019 21.00,07/10/2019 23.00,0.578,8.746
07/10/2019 22.00,08/10/2019 00.00,0.602,8.934
07/10/2019 23.00,08/10/2019 01.00,0.666,9.447
08/10/2019 00.00,08/10/2019 02.00,0.765,10.378
08/10/2019 01.00,08/10/2019 03.00,0.82,11.022
08/10/2019 02.00,08/10/2019 04.00,0.847,11.388
08/10/2019 03.00,08/10/2019 05.00,0.826,11.084
08/10/2019 04.00,08/10/2019 06.00,0.82,11.009
08/10/2019 05.00,08/10/2019 07.00,0.72,9.929
08/10/2019 06.00,08/10/2019 08.00,0.593,8.867
08/10/2019 07.00,08/10/2019 09.00,0.437,7.715
08/10/2019 08.00,08/10/2019 10.00,0.422,7.603
08/10/2019 09.00,08/10/2019 11.00,0.615,9.035
08/10/2019 10.00,08/10/2019 12.00,0.734,10.061
08/10/2019 11.00,08/10/2019 13.00,0.758,10.3
08/10/2019 12.00,08/10/2019 14.00,0.718,9.906
08/10/2019 13.00,08/10/2019 15.00,0.649,9.311
08/10/2019 14.00,08/10/2019 16.00,0.557,8.595
08/10/2019 15.00,08/10/2019 17.00,0.454,7.829
08/10/2019 16.00,08/10/2019 18.00,0.437,7.716
08/10/2019 17.00,08/10/2019 19.00,0.524,8.347
08/10/2019 18.00,08/10/2019 20.00,0.594,8.873
08/10/2019 19.00,08/10/2019 21.00,0.654,9.349
08/10/2019 20.00,08/10/2019 22.00,0.677,9.548
08/10/2019 21.00,08/10/2019 23.00,0.665,9.438
08/10/2019 22.00,09/10/2019 00.00,0.63,9.154
08/10/2019 23.00,09/10/2019 01.00,0.604,8.948
09/10/2019 00.00,09/10/2019 02.00,0.577,8.737
09/10/2019 01.00,09/10/2019 03.00,0.56,8.614
09/10/2019 02.00,09/10/2019 04.00,0.566,8.654
09/10/2019 03.00,09/10/2019 05.00,0.599,8.906
09/10/2019 04.00,09/10/2019 06.00,0.646,9.287
09/10/2019 05.00,09/10/2019 07.00,0.687,9.636
09/10/2019 06.00,09/10/2019 08.00,0.686,9.626
09/10/2019 07.00,09/10/2019 09.00,0.627,9.134
09/10/2019 08.00,09/10/2019 10.00,0.576,8.733
09/10/2019 09.00,09/10/2019 11.00,0.622,9.093
09/10/2019 10.00,09/10/2019 12.00,0.699,9.735
09/10/2019 11.00,09/10/2019 13.00,0.687,9.629
09/10/2019 12.00,09/10/2019 14.00,0.619,9.067
09/10/2019 13.00,09/10/2019 15.00,0.564,8.642
09/10/2019 14.00,09/10/2019 16.00,0.535,8.425
09/10/2019 15.00,09/10/2019 17.00,0.495,8.14
09/10/2019 16.00,09/10/2019 18.00,0.481,8.038
09/10/2019 17.00,09/10/2019 19.00,0.457,7.856
09/10/2019 18.00,09/10/2019 20.00,0.422,7.598
09/10/2019 19.00,09/10/2019 21.00,0.395,7.406
09/10/2019 20.00,09/10/2019 22.00,0.388,7.352
09/10/2019 21.00,09/10/2019 23.00,0.382,7.313
09/10/2019 22.00,10/10/2019 00.00,0.386,7.334
09/10/2019 23.00,10/10/2019 01.00,0.387,7.346
10/10/2019 00.00,10/10/2019 02.00,0.407,7.499
10/10/2019 01.00,10/10/2019 03.00,0.431,7.665
10/10/2019 02.00,10/10/2019 04.00,0.444,7.762
10/10/2019 03.00,10/10/2019 05.00,0.454,7.829
10/10/2019 04.00,10/10/2019 06.00,0.46,7.886
10/10/2019 05.00,10/10/2019 07.00,0.491,8.098
10/10/2019 06.00,10/10/2019 08.00,0.535,8.419
10/10/2019 07.00,10/10/2019 09.00,0.521,8.322
10/10/2019 08.00,10/10/2019 10.00,0.494,8.13
10/10/2019 09.00,10/10/2019 11.00,0.523,8.334
10/10/2019 10.00,10/10/2019 12.00,0.618,9.063
10/10/2019 11.00,10/10/2019 13.00,0.72,9.926
10/10/2019 12.00,10/10/2019 14.00,0.756,10.285
10/10/2019 13.00,10/10/2019 15.00,0.719,9.917
10/10/2019 14.00,10/10/2019 16.00,0.661,9.402
10/10/2019 15.00,10/10/2019 17.00,0.629,9.144
10/10/2019 16.00,10/10/2019 18.00,0.648,9.306
10/10/2019 17.00,10/10/2019 19.00,0.672,9.495
10/10/2019 18.00,10/10/2019 20.00,0.69,9.655
10/10/2019 19.00,10/10/2019 21.00,0.684,9.605
10/10/2019 20.00,10/10/2019 22.00,0.666,9.45
10/10/2019 21.00,10/10/2019 23.00,0.671,9.487
10/10/2019 22.00,11/10/2019 00.00,0.699,9.735
10/10/2019 23.00,11/10/2019 01.00,0.674,9.514
11/10/2019 00.00,11/10/2019 02.00,0.636,9.202
11/10/2019 01.00,11/10/2019 03.00,0.667,9.455
11/10/2019 02.00,11/10/2019 04.00,0.77,10.418
11/10/2019 03.00,11/10/2019 05.00,0.854,11.487
11/10/2019 04.00,11/10/2019 06.00,0.849,11.407
11/10/2019 05.00,11/10/2019 07.00,0.815,10.946
11/10/2019 06.00,11/10/2019 08.00,0.8,10.762
11/10/2019 07.00,11/10/2019 09.00,0.809,10.869
11/10/2019 08.00,11/10/2019 10.00,0.824,11.069
11/10/2019 09.00,11/10/2019 11.00,0.883,11.98
11/10/2019 10.00,11/10/2019 12.00,0.911,12.562
11/10/2019 11.00,11/10/2019 13.00,0.912,12.565
11/10/2019 12.00,11/10/2019 14.00,0.862,11.625
11/10/2019 13.00,11/10/2019 15.00,0.789,10.634
11/10/2019 14.00,11/10/2019 16.00,0.706,9.801
11/10/2019 15.00,11/10/2019 17.00,0.642,9.241
11/10/2019 16.00,11/10/2019 18.00,0.601,8.925
11/10/2019 17.00,11/10/2019 19.00,0.516,8.288
11/10/2019 18.00,11/10/2019 20.00,0.501,8.181
11/10/2019 19.00,11/10/2019 21.00,0.499,8.163
11/10/2019 20.00,11/10/2019 22.00,0.557,8.593
11/10/2019 21.00,11/10/2019 23.00,0.651,9.324
11/10/2019 22.00,12/10/2019 00.00,0.706,9.801
11/10/2019 23.00,12/10/2019 01.00,0.728,10.002
12/10/2019 00.00,12/10/2019 02.00,0.748,10.192
12/10/2019 01.00,12/10/2019 03.00,0.78,10.534
12/10/2019 02.00,12/10/2019 04.00,0.792,10.675
12/10/2019 03.00,12/10/2019 05.00,0.786,10.599
12/10/2019 04.00,12/10/2019 06.00,0.77,10.424
12/10/2019 05.00,12/10/2019 07.00,0.757,10.294
12/10/2019 06.00,12/10/2019 08.00,0.752,10.24
12/10/2019 07.00,12/10/2019 09.00,0.734,10.062
12/10/2019 08.00,12/10/2019 10.00,0.717,9.897
12/10/2019 09.00,12/10/2019 11.00,0.8,10.768
12/10/2019 10.00,12/10/2019 12.00,0.917,12.688
12/10/2019 11.00,12/10/2019 13.00,0.937,13.226
12/10/2019 12.00,12/10/2019 14.00,0.939,13.302
12/10/2019 13.00,12/10/2019 15.00,0.924,12.868
12/10/2019 14.00,12/10/2019 16.00,0.887,12.052
12/10/2019 15.00,12/10/2019 17.00,0.858,11.563
12/10/2019 16.00,12/10/2019 18.00,0.823,11.053
12/10/2019 17.00,12/10/2019 19.00,0.812,10.908
12/10/2019 18.00,12/10/2019 20.00,0.802,10.789
12/10/2019 19.00,12/10/2019 21.00,0.777,10.498
12/10/2019 20.00,12/10/2019 22.00,0.737,10.084
12/10/2019 21.00,12/10/2019 23.00,0.704,9.779
12/10/2019 22.00,13/10/2019 00.00,0.654,9.354
12/10/2019 23.00,13/10/2019 01.00,0.61,8.996
13/10/2019 00.00,13/10/2019 02.00,0.562,8.633
13/10/2019 01.00,13/10/2019 03.00,0.517,8.294
13/10/2019 02.00,13/10/2019 04.00,0.458,7.866
13/10/2019 03.00,13/10/2019 05.00,0.416,7.562
13/10/2019 04.00,13/10/2019 06.00,0.401,7.452
13/10/2019 05.00,13/10/2019 07.00,0.39,7.366
13/10/2019 06.00,13/10/2019 08.00,0.392,7.385
13/10/2019 07.00,13/10/2019 09.00,0.38,7.299
13/10/2019 08.00,13/10/2019 10.00,0.317,6.819
13/10/2019 09.00,13/10/2019 11.00,0.233,6.099
13/10/2019 10.00,13/10/2019 12.00,0.232,6.095
13/10/2019 11.00,13/10/2019 13.00,0.227,6.051
13/10/2019 12.00,13/10/2019 14.00,0.211,5.903
13/10/2019 13.00,13/10/2019 15.00,0.248,6.231
13/10/2019 14.00,13/10/2019 16.00,0.338,6.979
13/10/2019 15.00,13/10/2019 17.00,0.539,8.463
13/10/2019 16.00,13/10/2019 18.00,0.736,10.078
13/10/2019 17.00,13/10/2019 19.00,0.726,9.991
13/10/2019 18.00,13/10/2019 20.00,0.695,9.696
13/10/2019 19.00,13/10/2019 21.00,0.604,8.948
13/10/2019 20.00,13/10/2019 22.00,0.509,8.236
13/10/2019 21.00,13/10/2019 23.00,0.619,9.073
13/10/2019 22.00,14/10/2019 00.00,0.809,10.881
13/10/2019 23.00,14/10/2019 01.00,0.92,12.767
14/10/2019 00.00,14/10/2019 02.00,0.954,13.794
14/10/2019 01.00,14/10/2019 03.00,0.96,14.04
14/10/2019 02.00,14/10/2019 04.00,0.958,13.963
14/10/2019 03.00,14/10/2019 05.00,0.942,13.366
14/10/2019 04.00,14/10/2019 06.00,0.901,12.329
14/10/2019 05.00,14/10/2019 07.00,0.841,11.301
14/10/2019 06.00,14/10/2019 08.00,0.795,10.708
14/10/2019 07.00,14/10/2019 09.00,0.739,10.117
14/10/2019 08.00,14/10/2019 10.00,0.679,9.567
14/10/2019 09.00,14/10/2019 11.00,0.541,8.476
14/10/2019 10.00,14/10/2019 12.00,0.333,6.935
14/10/2019 11.00,14/10/2019 13.00,0.155,5.33
14/10/2019 12.00,14/10/2019 14.00,0.06,4.015
14/10/2019 13.00,14/10/2019 15.00,0.008,2.584
14/10/2019 14.00,14/10/2019 16.00,0.04,3.622
14/10/2019 15.00,14/10/2019 17.00,0.088,4.481
14/10/2019 16.00,14/10/2019 18.00,0.123,4.958
14/10/2019 17.00,14/10/2019 19.00,0.227,6.058
14/10/2019 18.00,14/10/2019 20.00,0.378,7.275
14/10/2019 19.00,14/10/2019 21.00,0.44,7.733
14/10/2019 20.00,14/10/2019 22.00,0.488,8.087
14/10/2019 21.00,14/10/2019 23.00,0.523,8.336
14/10/2019 22.00,15/10/2019 00.00,0.516,8.29
14/10/2019 23.00,15/10/2019 01.00,0.614,9.026
15/10/2019 00.00,15/10/2019 02.00,0.699,9.735
15/10/2019 01.00,15/10/2019 03.00,0.647,9.291
15/10/2019 02.00,15/10/2019 04.00,0.621,9.082
15/10/2019 03.00,15/10/2019 05.00,0.75,10.222
15/10/2019 04.00,15/10/2019 06.00,0.801,10.777
15/10/2019 05.00,15/10/2019 07.00,0.754,10.261
15/10/2019 06.00,15/10/2019 08.00,0.713,9.863
15/10/2019 07.00,15/10/2019 09.00,0.725,9.979
15/10/2019 08.00,15/10/2019 10.00,0.72,9.924
15/10/2019 09.00,15/10/2019 11.00,0.734,10.062
15/10/2019 10.00,15/10/2019 12.00,0.613,9.02
15/10/2019 11.00,15/10/2019 13.00,0.447,7.784
15/10/2019 12.00,15/10/2019 14.00,0.306,6.726
15/10/2019 13.00,15/10/2019 15.00,0.219,5.969
15/10/2019 14.00,15/10/2019 16.00,0.154,5.31
15/10/2019 15.00,15/10/2019 17.00,0.157,5.354
15/10/2019 16.00,15/10/2019 18.00,0.228,6.069
15/10/2019 17.00,15/10/2019 19.00,0.297,6.652
15/10/2019 18.00,15/10/2019 20.00,0.33,6.914
15/10/2019 19.00,15/10/2019 21.00,0.349,7.067
15/10/2019 20.00,15/10/2019 22.00,0.391,7.37
15/10/2019 21.00,15/10/2019 23.00,0.382,7.312
15/10/2019 22.00,16/10/2019 00.00,0.361,7.148
15/10/2019 23.00,16/10/2019 01.00,0.332,6.921
16/10/2019 00.00,16/10/2019 02.00,0.283,6.538
16/10/2019 01.00,16/10/2019 03.00,0.227,6.056
16/10/2019 02.00,16/10/2019 04.00,0.181,5.607
16/10/2019 03.00,16/10/2019 05.00,0.118,4.895
16/10/2019 04.00,16/10/2019 06.00,0.06,4.013
16/10/2019 05.00,16/10/2019 07.00,0.036,3.527
16/10/2019 06.00,16/10/2019 08.00,0.036,3.528
16/10/2019 07.00,16/10/2019 09.00,0.04,3.611
16/10/2019 08.00,16/10/2019 10.00,0.041,3.643
16/10/2019 09.00,16/10/2019 11.00,0.056,3.938
16/10/2019 10.00,16/10/2019 12.00,0.071,4.213
16/10/2019 11.00,16/10/2019 13.00,0.092,4.532
16/10/2019 12.00,16/10/2019 14.00,0.119,4.907
16/10/2019 13.00,16/10/2019 15.00,0.128,5.013
16/10/2019 14.00,16/10/2019 16.00,0.101,4.651
16/10/2019 15.00,16/10/2019 17.00,0.076,4.279
16/10/2019 16.00,16/10/2019 18.00,0.051,3.852
16/10/2019 17.00,16/10/2019 19.00,0.038,3.566
16/10/2019 18.00,16/10/2019 20.00,0.046,3.749
16/10/2019 19.00,16/10/2019 21.00,0.079,4.334
16/10/2019 20.00,16/10/2019 22.00,0.142,5.187
16/10/2019 21.00,16/10/2019 23.00,0.221,5.997
16/10/2019 22.00,17/10/2019 00.00,0.274,6.467
16/10/2019 23.00,17/10/2019 01.00,0.305,6.709
17/10/2019 00.00,17/10/2019 02.00,0.345,7.033
17/10/2019 01.00,17/10/2019 03.00,0.413,7.537
17/10/2019 02.00,17/10/2019 04.00,0.484,8.062
17/10/2019 03.00,17/10/2019 05.00,0.547,8.508
17/10/2019 04.00,17/10/2019 06.00,0.596,8.888
17/10/2019 05.00,17/10/2019 07.00,0.594,8.871
17/10/2019 06.00,17/10/2019 08.00,0.522,8.328
17/10/2019 07.00,17/10/2019 09.00,0.457,7.855
17/10/2019 08.00,17/10/2019 10.00,0.431,7.665
17/10/2019 09.00,17/10/2019 11.00,0.454,7.831
17/10/2019 10.00,17/10/2019 12.00,0.524,8.346
17/10/2019 11.00,17/10/2019 13.00,0.579,8.757
17/10/2019 12.00,17/10/2019 14.00,0.607,8.978
17/10/2019 13.00,17/10/2019 15.00,0.59,8.846
17/10/2019 14.00,17/10/2019 16.00,0.542,8.483
17/10/2019 15.00,17/10/2019 17.00,0.521,8.322
17/10/2019 16.00,17/10/2019 18.00,0.516,8.283
17/10/2019 17.00,17/10/2019 19.00,0.519,8.309
17/10/2019 18.00,17/10/2019 20.00,0.51,8.249
17/10/2019 19.00,17/10/2019 21.00,0.488,8.082
17/10/2019 20.00,17/10/2019 22.00,0.448,7.8
17/10/2019 21.00,17/10/2019 23.00,0.425,7.621
17/10/2019 22.00,18/10/2019 00.00,0.416,7.565
17/10/2019 23.00,18/10/2019 01.00,0.416,7.563
18/10/2019 00.00,18/10/2019 02.00,0.43,7.656
18/10/2019 01.00,18/10/2019 03.00,0.448,7.798
18/10/2019 02.00,18/10/2019 04.00,0.48,8.024
18/10/2019 03.00,18/10/2019 05.00,0.51,8.248
18/10/2019 04.00,18/10/2019 06.00,0.541,8.476
18/10/2019 05.00,18/10/2019 07.00,0.565,8.645
18/10/2019 06.00,18/10/2019 08.00,0.574,8.723
18/10/2019 07.00,18/10/2019 09.00,0.542,8.482
18/10/2019 08.00,18/10/2019 10.00,0.479,8.012
18/10/2019 09.00,18/10/2019 11.00,0.429,7.65
18/10/2019 10.00,18/10/2019 12.00,0.464,7.913
18/10/2019 11.00,18/10/2019 13.00,0.476,7.991
18/10/2019 12.00,18/10/2019 14.00,0.481,8.039
18/10/2019 13.00,18/10/2019 15.00,0.532,8.405
18/10/2019 14.00,18/10/2019 16.00,0.542,8.48
18/10/2019 15.00,18/10/2019 17.00,0.655,9.36
18/10/2019 16.00,18/10/2019 18.00,0.769,10.415
18/10/2019 17.00,18/10/2019 19.00,0.824,11.063
18/10/2019 18.00,18/10/2019 20.00,0.835,11.214
18/10/2019 19.00,18/10/2019 21.00,0.849,11.407
18/10/2019 20.00,18/10/2019 22.00,0.882,11.96
18/10/2019 21.00,18/10/2019 23.00,0.9,12.304
18/10/2019 22.00,19/10/2019 00.00,0.908,12.473
18/10/2019 23.00,19/10/2019 01.00,0.9,12.308
19/10/2019 00.00,19/10/2019 02.00,0.874,11.821
19/10/2019 01.00,19/10/2019 03.00,0.849,11.414
19/10/2019 02.00,19/10/2019 04.00,0.844,11.343
19/10/2019 03.00,19/10/2019 05.00,0.813,10.926
19/10/2019 04.00,19/10/2019 06.00,0.778,10.518
19/10/2019 05.00,19/10/2019 07.00,0.8,10.765
19/10/2019 06.00,19/10/2019 08.00,0.8,10.758
19/10/2019 07.00,19/10/2019 09.00,0.771,10.432
19/10/2019 08.00,19/10/2019 10.00,0.721,9.933
19/10/2019 09.00,19/10/2019 11.00,0.696,9.705
19/10/2019 10.00,19/10/2019 12.00,0.69,9.653
19/10/2019 11.00,19/10/2019 13.00,0.707,9.807
19/10/2019 12.00,19/10/2019 14.00,0.674,9.515
19/10/2019 13.00,19/10/2019 15.00,0.532,8.407
19/10/2019 14.00,19/10/2019 16.00,0.42,7.592
19/10/2019 15.00,19/10/2019 17.00,0.411,7.525
19/10/2019 16.00,19/10/2019 18.00,0.437,7.72
19/10/2019 17.00,19/10/2019 19.00,0.422,7.606
19/10/2019 18.00,19/10/2019 20.00,0.413,7.53
19/10/2019 19.00,19/10/2019 21.00,0.394,7.391
19/10/2019 20.00,19/10/2019 22.00,0.404,7.477
19/10/2019 21.00,19/10/2019 23.00,0.422,7.609
19/10/2019 22.00,20/10/2019 00.00,0.432,7.672
19/10/2019 23.00,20/10/2019 01.00,0.453,7.828
20/10/2019 00.00,20/10/2019 02.00,0.481,8.028
20/10/2019 01.00,20/10/2019 03.00,0.498,8.158
20/10/2019 02.00,20/10/2019 04.00,0.505,8.214
20/10/2019 03.00,20/10/2019 05.00,0.523,8.333
20/10/2019 04.00,20/10/2019 06.00,0.528,8.381
20/10/2019 05.00,20/10/2019 07.00,0.537,8.439
20/10/2019 06.00,20/10/2019 08.00,0.539,8.461
20/10/2019 07.00,20/10/2019 09.00,0.498,8.151
20/10/2019 08.00,20/10/2019 10.00,0.413,7.54
20/10/2019 09.00,20/10/2019 11.00,0.362,7.15
20/10/2019 10.00,20/10/2019 12.00,0.345,7.036
20/10/2019 11.00,20/10/2019 13.00,0.328,6.905
20/10/2019 12.00,20/10/2019 14.00,0.295,6.637
20/10/2019 13.00,20/10/2019 15.00,0.236,6.137
20/10/2019 14.00,20/10/2019 16.00,0.164,5.43
20/10/2019 15.00,20/10/2019 17.00,0.12,4.919
20/10/2019 16.00,20/10/2019 18.00,0.073,4.251
20/10/2019 17.00,20/10/2019 19.00,0.036,3.521
20/10/2019 18.00,20/10/2019 20.00,0.02,3.082
20/10/2019 19.00,20/10/2019 21.00,0.025,3.238
20/10/2019 20.00,20/10/2019 22.00,0.057,3.963
20/10/2019 21.00,20/10/2019 23.00,0.105,4.719
20/10/2019 22.00,21/10/2019 00.00,0.136,5.12
20/10/2019 23.00,21/10/2019 01.00,0.167,5.458
21/10/2019 00.00,21/10/2019 02.00,0.223,6.012
21/10/2019 01.00,21/10/2019 03.00,0.322,6.846
21/10/2019 02.00,21/10/2019 04.00,0.337,6.961
21/10/2019 03.00,21/10/2019 05.00,0.337,6.975
21/10/2019 04.00,21/10/2019 06.00,0.334,6.939
21/10/2019 05.00,21/10/2019 07.00,0.306,6.725
21/10/2019 06.00,21/10/2019 08.00,0.294,6.627
21/10/2019 07.00,21/10/2019 09.00,0.261,6.352
21/10/2019 08.00,21/10/2019 10.00,0.213,5.924
21/10/2019 09.00,21/10/2019 11.00,0.208,5.878
21/10/2019 10.00,21/10/2019 12.00,0.201,5.799
21/10/2019 11.00,21/10/2019 13.00,0.179,5.595
21/10/2019 12.00,21/10/2019 14.00,0.17,5.498
21/10/2019 13.00,21/10/2019 15.00,0.163,5.425
21/10/2019 14.00,21/10/2019 16.00,0.154,5.316
21/10/2019 15.00,21/10/2019 17.00,0.126,4.994
21/10/2019 16.00,21/10/2019 18.00,0.134,5.089
21/10/2019 17.00,21/10/2019 19.00,0.142,5.183
21/10/2019 18.00,21/10/2019 20.00,0.126,4.993
21/10/2019 19.00,21/10/2019 21.00,0.119,4.909
21/10/2019 20.00,21/10/2019 22.00,0.087,4.459
21/10/2019 21.00,21/10/2019 23.00,0.054,3.89
21/10/2019 22.00,22/10/2019 00.00,0.041,3.646
21/10/2019 23.00,22/10/2019 01.00,0.04,3.612
22/10/2019 00.00,22/10/2019 02.00,0.031,3.396
22/10/2019 01.00,22/10/2019 03.00,0.03,3.383
22/10/2019 02.00,22/10/2019 04.00,0.035,3.502
22/10/2019 03.00,22/10/2019 05.00,0.034,3.484
22/10/2019 04.00,22/10/2019 06.00,0.05,3.827
22/10/2019 05.00,22/10/2019 07.00,0.095,4.58
22/10/2019 06.00,22/10/2019 08.00,0.156,5.346
22/10/2019 07.00,22/10/2019 09.00,0.209,5.887
22/10/2019 08.00,22/10/2019 10.00,0.251,6.269
22/10/2019 09.00,22/10/2019 11.00,0.379,7.286
22/10/2019 10.00,22/10/2019 12.00,0.55,8.537
22/10/2019 11.00,22/10/2019 13.00,0.728,10.011
22/10/2019 12.00,22/10/2019 14.00,0.82,11.006
22/10/2019 13.00,22/10/2019 15.00,0.838,11.256
22/10/2019 14.00,22/10/2019 16.00,0.821,11.034
22/10/2019 15.00,22/10/2019 17.00,0.797,10.734
22/10/2019 16.00,22/10/2019 18.00,0.772,10.449
22/10/2019 17.00,22/10/2019 19.00,0.726,9.99
22/10/2019 18.00,22/10/2019 20.00,0.708,9.815
22/10/2019 19.00,22/10/2019 21.00,0.702,9.761
22/10/2019 20.00,22/10/2019 22.00,0.718,9.913
22/10/2019 21.00,22/10/2019 23.00,0.751,10.231
22/10/2019 22.00,23/10/2019 00.00,0.778,10.522
22/10/2019 23.00,23/10/2019 01.00,0.785,10.593
23/10/2019 00.00,23/10/2019 02.00,0.77,10.426
23/10/2019 01.00,23/10/2019 03.00,0.766,10.385
23/10/2019 02.00,23/10/2019 04.00,0.771,10.435
23/10/2019 03.00,23/10/2019 05.00,0.75,10.217
23/10/2019 04.00,23/10/2019 06.00,0.712,9.859
23/10/2019 05.00,23/10/2019 07.00,0.672,9.5
23/10/2019 06.00,23/10/2019 08.00,0.634,9.184
23/10/2019 07.00,23/10/2019 09.00,0.601,8.922
23/10/2019 08.00,23/10/2019 10.00,0.58,8.768
23/10/2019 09.00,23/10/2019 11.00,0.541,8.476
23/10/2019 10.00,23/10/2019 12.00,0.554,8.567
23/10/2019 11.00,23/10/2019 13.00,0.525,8.348
23/10/2019 12.00,23/10/2019 14.00,0.485,8.065
23/10/2019 13.00,23/10/2019 15.00,0.432,7.678
23/10/2019 14.00,23/10/2019 16.00,0.402,7.464
23/10/2019 15.00,23/10/2019 17.00,0.444,7.759
23/10/2019 16.00,23/10/2019 18.00,0.496,8.141
23/10/2019 17.00,23/10/2019 19.00,0.493,8.117
23/10/2019 18.00,23/10/2019 20.00,0.46,7.886
23/10/2019 19.00,23/10/2019 21.00,0.427,7.636
23/10/2019 20.00,23/10/2019 22.00,0.426,7.633
23/10/2019 21.00,23/10/2019 23.00,0.438,7.728
23/10/2019 22.00,24/10/2019 00.00,0.444,7.768
23/10/2019 23.00,24/10/2019 01.00,0.434,7.697
24/10/2019 00.00,24/10/2019 02.00,0.447,7.779
24/10/2019 01.00,24/10/2019 03.00,0.501,8.174
24/10/2019 02.00,24/10/2019 04.00,0.538,8.445
24/10/2019 03.00,24/10/2019 05.00,0.555,8.57
24/10/2019 04.00,24/10/2019 06.00,0.54,8.465
24/10/2019 05.00,24/10/2019 07.00,0.51,8.246
24/10/2019 06.00,24/10/2019 08.00,0.546,8.508
24/10/2019 07.00,24/10/2019 09.00,0.595,8.879
24/10/2019 08.00,24/10/2019 10.00,0.625,9.119
24/10/2019 09.00,24/10/2019 11.00,0.666,9.45
24/10/2019 10.00,24/10/2019 12.00,0.632,9.166
24/10/2019 11.00,24/10/2019 13.00,0.511,8.251
24/10/2019 12.00,24/10/2019 14.00,0.494,8.131
24/10/2019 13.00,24/10/2019 15.00,0.513,8.268
24/10/2019 14.00,24/10/2019 16.00,0.489,8.091
24/10/2019 15.00,24/10/2019 17.00,0.521,8.318
24/10/2019 16.00,24/10/2019 18.00,0.539,8.459
24/10/2019 17.00,24/10/2019 19.00,0.571,8.691
24/10/2019 18.00,24/10/2019 20.00,0.619,9.072
24/10/2019 19.00,24/10/2019 21.00,0.679,9.56
24/10/2019 20.00,24/10/2019 22.00,0.704,9.78
24/10/2019 21.00,24/10/2019 23.00,0.735,10.073
24/10/2019 22.00,25/10/2019 00.00,0.799,10.755
24/10/2019 23.00,25/10/2019 01.00,0.875,11.835
25/10/2019 00.00,25/10/2019 02.00,0.888,12.08
25/10/2019 01.00,25/10/2019 03.00,0.867,11.7
25/10/2019 02.00,25/10/2019 04.00,0.901,12.332
25/10/2019 03.00,25/10/2019 05.00,0.904,12.386
25/10/2019 04.00,25/10/2019 06.00,0.882,11.957
25/10/2019 05.00,25/10/2019 07.00,0.868,11.713
25/10/2019 06.00,25/10/2019 08.00,0.85,11.439
25/10/2019 07.00,25/10/2019 09.00,0.823,11.052
25/10/2019 08.00,25/10/2019 10.00,0.806,10.839
25/10/2019 09.00,25/10/2019 11.00,0.827,11.103
25/10/2019 10.00,25/10/2019 12.00,0.889,12.083
25/10/2019 11.00,25/10/2019 13.00,0.918,12.723
25/10/2019 12.00,25/10/2019 14.00,0.89,12.112
25/10/2019 13.00,25/10/2019 15.00,0.812,10.914
25/10/2019 14.00,25/10/2019 16.00,0.7,9.745
25/10/2019 15.00,25/10/2019 17.00,0.541,8.478
25/10/2019 16.00,25/10/2019 18.00,0.42,7.582
25/10/2019 17.00,25/10/2019 19.00,0.401,7.45
25/10/2019 18.00,25/10/2019 20.00,0.447,7.779
25/10/2019 19.00,25/10/2019 21.00,0.494,8.133
25/10/2019 20.00,25/10/2019 22.00,0.618,9.063
25/10/2019 21.00,25/10/2019 23.00,0.79,10.646
25/10/2019 22.00,26/10/2019 00.00,0.897,12.251
25/10/2019 23.00,26/10/2019 01.00,0.975,14.853
26/10/2019 00.00,26/10/2019 02.00,0.991,16.717
26/10/2019 01.00,26/10/2019 03.00,0.991,17.255
26/10/2019 02.00,26/10/2019 04.00,0.99,17.64
26/10/2019 03.00,26/10/2019 05.00,0.991,16.821
26/10/2019 04.00,26/10/2019 06.00,0.975,14.864
26/10/2019 05.00,26/10/2019 07.00,0.906,12.432
26/10/2019 06.00,26/10/2019 08.00,0.795,10.703
26/10/2019 07.00,26/10/2019 09.00,0.638,9.22
26/10/2019 08.00,26/10/2019 10.00,0.507,8.223
26/10/2019 09.00,26/10/2019 11.00,0.399,7.434
26/10/2019 10.00,26/10/2019 12.00,0.274,6.466
26/10/2019 11.00,26/10/2019 13.00,0.154,5.312
26/10/2019 12.00,26/10/2019 14.00,0.091,4.517
26/10/2019 13.00,26/10/2019 15.00,0.068,4.152
26/10/2019 14.00,26/10/2019 16.00,0.058,3.985
26/10/2019 15.00,26/10/2019 17.00,0.069,4.184
26/10/2019 16.00,26/10/2019 18.00,0.089,4.495
26/10/2019 17.00,26/10/2019 19.00,0.113,4.827
26/10/2019 18.00,26/10/2019 20.00,0.114,4.841
26/10/2019 19.00,26/10/2019 21.00,0.098,4.616
26/10/2019 20.00,26/10/2019 22.00,0.073,4.249
26/10/2019 21.00,26/10/2019 23.00,0.044,3.706
26/10/2019 22.00,27/10/2019 00.00,0.069,4.175
26/10/2019 23.00,27/10/2019 01.00,0.179,5.595
27/10/2019 00.00,27/10/2019 02.00,0.382,7.309
27/10/2019 01.00,27/10/2019 02.00,0.587,8.819
27/10/2019 02.00,27/10/2019 03.00,0.753,10.257
27/10/2019 03.00,27/10/2019 04.00,0.831,11.164
27/10/2019 04.00,27/10/2019 05.00,0.851,11.441
27/10/2019 05.00,27/10/2019 06.00,0.858,11.553
27/10/2019 06.00,27/10/2019 07.00,0.831,11.149
27/10/2019 07.00,27/10/2019 08.00,0.791,10.652
27/10/2019 08.00,27/10/2019 09.00,0.799,10.741
27/10/2019 09.00,27/10/2019 10.00,0.797,10.729
27/10/2019 10.00,27/10/2019 11.00,0.829,11.136
27/10/2019 11.00,27/10/2019 12.00,0.859,11.572
27/10/2019 12.00,27/10/2019 13.00,0.869,11.727
27/10/2019 13.00,27/10/2019 14.00,0.88,11.915
27/10/2019 14.00,27/10/2019 15.00,0.878,11.882
27/10/2019 15.00,27/10/2019 16.00,0.858,11.558
27/10/2019 16.00,27/10/2019 17.00,0.821,11.031
27/10/2019 17.00,27/10/2019 18.00,0.79,10.646
27/10/2019 18.00,27/10/2019 19.00,0.751,10.228
27/10/2019 19.00,27/10/2019 20.00,0.69,9.648
27/10/2019 20.00,27/10/2019 21.00,0.672,9.501
27/10/2019 21.00,27/10/2019 22.00,0.7,9.748
27/10/2019 22.00,27/10/2019 23.00,0.732,10.044
27/10/2019 23.00,28/10/2019 00.00,0.7,9.752
28/10/2019 00.00,28/10/2019 01.00,0.67,9.484
28/10/2019 01.00,28/10/2019 02.00,0.626,9.127
28/10/2019 02.00,28/10/2019 03.00,0.586,8.803
28/10/2019 03.00,28/10/2019 04.00,0.51,8.248
28/10/2019 04.00,28/10/2019 05.00,0.444,7.763
28/10/2019 05.00,28/10/2019 06.00,0.399,7.434
28/10/2019 06.00,28/10/2019 07.00,0.395,7.399
28/10/2019 07.00,28/10/2019 08.00,0.398,7.431
28/10/2019 08.00,28/10/2019 09.00,0.398,7.42
28/10/2019 09.00,28/10/2019 10.00,0.428,7.643
28/10/2019 10.00,28/10/2019 11.00,0.452,7.822
28/10/2019 11.00,28/10/2019 12.00,0.489,8.094
28/10/2019 12.00,28/10/2019 13.00,0.498,8.155
28/10/2019 13.00,28/10/2019 14.00,0.459,7.88
28/10/2019 14.00,28/10/2019 15.00,0.403,7.472
28/10/2019 15.00,28/10/2019 16.00,0.374,7.252
28/10/2019 16.00,28/10/2019 17.00,0.363,7.165
28/10/2019 17.00,28/10/2019 18.00,0.334,6.947
28/10/2019 18.00,28/10/2019 19.00,0.305,6.716
28/10/2019 19.00,28/10/2019 20.00,0.272,6.444
28/10/2019 20.00,28/10/2019 21.00,0.234,6.123
28/10/2019 21.00,28/10/2019 22.00,0.209,5.889
28/10/2019 22.00,28/10/2019 23.00,0.2,5.796
28/10/2019 23.00,29/10/2019 00.00,0.188,5.686
29/10/2019 00.00,29/10/2019 01.00,0.171,5.505
29/10/2019 01.00,29/10/2019 02.00,0.161,5.397
29/10/2019 02.00,29/10/2019 03.00,0.159,5.381
29/10/2019 03.00,29/10/2019 04.00,0.169,5.485
29/10/2019 04.00,29/10/2019 05.00,0.187,5.676
29/10/2019 05.00,29/10/2019 06.00,0.199,5.786
29/10/2019 06.00,29/10/2019 07.00,0.204,5.838
29/10/2019 07.00,29/10/2019 08.00,0.21,5.898
29/10/2019 08.00,29/10/2019 09.00,0.187,5.671
29/10/2019 09.00,29/10/2019 10.00,0.137,5.133
29/10/2019 10.00,29/10/2019 11.00,0.153,5.3
29/10/2019 11.00,29/10/2019 12.00,0.145,5.216
29/10/2019 12.00,29/10/2019 13.00,0.126,4.998
29/10/2019 13.00,29/10/2019 14.00,0.116,4.865
29/10/2019 14.00,29/10/2019 15.00,0.109,4.774
29/10/2019 15.00,29/10/2019 16.00,0.101,4.672
29/10/2019 16.00,29/10/2019 17.00,0.078,4.327
29/10/2019 17.00,29/10/2019 18.00,0.048,3.799
29/10/2019 18.00,29/10/2019 19.00,0.021,3.125
29/10/2019 19.00,29/10/2019 20.00,0.008,2.614
29/10/2019 20.00,29/10/2019 21.00,0.009,2.648
29/10/2019 21.00,29/10/2019 22.00,0.025,3.251
29/10/2019 22.00,29/10/2019 23.00,0.051,3.858
29/10/2019 23.00,30/10/2019 00.00,0.092,4.528
30/10/2019 00.00,30/10/2019 01.00,0.144,5.208
30/10/2019 01.00,30/10/2019 02.00,0.201,5.81
30/10/2019 02.00,30/10/2019 03.00,0.249,6.247
30/10/2019 03.00,30/10/2019 04.00,0.277,6.481
30/10/2019 04.00,30/10/2019 05.00,0.316,6.805
30/10/2019 05.00,30/10/2019 06.00,0.364,7.169
30/10/2019 06.00,30/10/2019 07.00,0.399,7.434
30/10/2019 07.00,30/10/2019 08.00,0.409,7.505
30/10/2019 08.00,30/10/2019 09.00,0.374,7.246
30/10/2019 09.00,30/10/2019 10.00,0.354,7.097
30/10/2019 10.00,30/10/2019 11.00,0.345,7.035
30/10/2019 11.00,30/10/2019 12.00,0.352,7.087
30/10/2019 12.00,30/10/2019 13.00,0.348,7.058
30/10/2019 13.00,30/10/2019 14.00,0.332,6.933
30/10/2019 14.00,30/10/2019 15.00,0.362,7.161
30/10/2019 15.00,30/10/2019 16.00,0.376,7.267
30/10/2019 16.00,30/10/2019 17.00,0.374,7.25
30/10/2019 17.00,30/10/2019 18.00,0.364,7.175
30/10/2019 18.00,30/10/2019 19.00,0.358,7.133
30/10/2019 19.00,30/10/2019 20.00,0.341,6.993
30/10/2019 20.00,30/10/2019 21.00,0.32,6.841
30/10/2019 21.00,30/10/2019 22.00,0.337,6.961
30/10/2019 22.00,30/10/2019 23.00,0.362,7.151
30/10/2019 23.00,31/10/2019 00.00,0.382,7.316
31/10/2019 00.00,31/10/2019 01.00,0.398,7.426
31/10/2019 01.00,31/10/2019 02.00,0.423,7.613
31/10/2019 02.00,31/10/2019 03.00,0.444,7.758
31/10/2019 03.00,31/10/2019 04.00,0.44,7.734
31/10/2019 04.00,31/10/2019 05.00,0.425,7.622
31/10/2019 05.00,31/10/2019 06.00,0.398,7.426
31/10/2019 06.00,31/10/2019 07.00,0.37,7.223
31/10/2019 07.00,31/10/2019 08.00,0.338,6.976
31/10/2019 08.00,31/10/2019 09.00,0.308,6.733
31/10/2019 09.00,31/10/2019 10.00,0.272,6.452
31/10/2019 10.00,31/10/2019 11.00,0.26,6.343
31/10/2019 11.00,31/10/2019 12.00,0.3,6.679
31/10/2019 12.00,31/10/2019 13.00,0.305,6.716
31/10/2019 13.00,31/10/2019 14.00,0.292,6.612
31/10/2019 14.00,31/10/2019 15.00,0.298,6.664
31/10/2019 15.00,31/10/2019 16.00,0.313,6.786
31/10/2019 16.00,31/10/2019 17.00,0.3,6.672
31/10/2019 17.00,31/10/2019 18.00,0.267,6.404
31/10/2019 18.00,31/10/2019 19.00,0.238,6.156
31/10/2019 19.00,31/10/2019 20.00,0.223,6.011
31/10/2019 20.00,31/10/2019 21.00,0.228,6.067
31/10/2019 21.00,31/10/2019 22.00,0.264,6.373
31/10/2019 22.00,31/10/2019 23.00,0.32,6.828
31/10/2019 23.00,01/11/2019 00.00,0.384,7.324
01/11/2019 00.00,01/11/2019 01.00,0.443,7.757
01/11/2019 01.00,01/11/2019 02.00,0.467,7.936
01/11/2019 02.00,01/11/2019 03.00,0.435,7.702
01/11/2019 03.00,01/11/2019 04.00,0.391,7.37
01/11/2019 04.00,01/11/2019 05.00,0.382,7.315
01/11/2019 05.00,01/11/2019 06.00,0.401,7.452
01/11/2019 06.00,01/11/2019 07.00,0.454,7.833
01/11/2019 07.00,01/11/2019 08.00,0.498,8.154
01/11/2019 08.00,01/11/2019 09.00,0.524,8.345
01/11/2019 09.00,01/11/2019 10.00,0.556,8.579
01/11/2019 10.00,01/11/2019 11.00,0.584,8.795
01/11/2019 11.00,01/11/2019 12.00,0.592,8.859
01/11/2019 12.00,01/11/2019 13.00,0.586,8.807
01/11/2019 13.00,01/11/2019 14.00,0.578,8.741
01/11/2019 14.00,01/11/2019 15.00,0.558,8.604
01/11/2019 15.00,01/11/2019 16.00,0.544,8.494
01/11/2019 16.00,01/11/2019 17.00,0.544,8.49
01/11/2019 17.00,01/11/2019 18.00,0.525,8.348
01/11/2019 18.00,01/11/2019 19.00,0.496,8.143
01/11/2019 19.00,01/11/2019 20.00,0.466,7.931
01/11/2019 20.00,01/11/2019 21.00,0.401,7.448
01/11/2019 21.00,01/11/2019 22.00,0.342,7.004
01/11/2019 22.00,01/11/2019 23.00,0.314,6.789
01/11/2019 23.00,02/11/2019 00.00,0.332,6.929
02/11/2019 00.00,02/11/2019 01.00,0.368,7.211
02/11/2019 01.00,02/11/2019 02.00,0.419,7.579
02/11/2019 02.00,02/11/2019 03.00,0.456,7.849
02/11/2019 03.00,02/11/2019 04.00,0.493,8.117
02/11/2019 04.00,02/11/2019 05.00,0.537,8.437
02/11/2019 05.00,02/11/2019 06.00,0.578,8.752
02/11/2019 06.00,02/11/2019 07.00,0.621,9.087
02/11/2019 07.00,02/11/2019 08.00,0.682,9.583
02/11/2019 08.00,02/11/2019 09.00,0.695,9.7
02/11/2019 09.00,02/11/2019 10.00,0.693,9.684
02/11/2019 10.00,02/11/2019 11.00,0.723,9.955
02/11/2019 11.00,02/11/2019 12.00,0.768,10.398
02/11/2019 12.00,02/11/2019 13.00,0.79,10.643
02/11/2019 13.00,02/11/2019 14.00,0.792,10.677
02/11/2019 14.00,02/11/2019 15.00,0.746,10.172
02/11/2019 15.00,02/11/2019 16.00,0.678,9.554
02/11/2019 16.00,02/11/2019 17.00,0.618,9.058
02/11/2019 17.00,02/11/2019 18.00,0.552,8.558
02/11/2019 18.00,02/11/2019 19.00,0.472,7.973
02/11/2019 19.00,02/11/2019 20.00,0.421,7.594
02/11/2019 20.00,02/11/2019 21.00,0.401,7.452
02/11/2019 21.00,02/11/2019 22.00,0.376,7.269
02/11/2019 22.00,02/11/2019 23.00,0.341,6.992
02/11/2019 23.00,03/11/2019 00.00,0.314,6.796
03/11/2019 00.00,03/11/2019 01.00,0.331,6.916
03/11/2019 01.00,03/11/2019 02.00,0.355,7.104
03/11/2019 02.00,03/11/2019 03.00,0.379,7.281
03/11/2019 03.00,03/11/2019 04.00,0.406,7.485
03/11/2019 04.00,03/11/2019 05.00,0.44,7.735
03/11/2019 05.00,03/11/2019 06.00,0.459,7.869
03/11/2019 06.00,03/11/2019 07.00,0.471,7.961
03/11/2019 07.00,03/11/2019 08.00,0.457,7.85
03/11/2019 08.00,03/11/2019 09.00,0.404,7.478
03/11/2019 09.00,03/11/2019 10.00,0.346,7.04
03/11/2019 10.00,03/11/2019 11.00,0.286,6.563
03/11/2019 11.00,03/11/2019 12.00,0.222,6.005
03/11/2019 12.00,03/11/2019 13.00,0.163,5.418
03/11/2019 13.00,03/11/2019 14.00,0.141,5.179
03/11/2019 14.00,03/11/2019 15.00,0.191,5.701
03/11/2019 15.00,03/11/2019 16.00,0.313,6.784
03/11/2019 16.00,03/11/2019 17.00,0.422,7.606
03/11/2019 17.00,03/11/2019 18.00,0.491,8.103
03/11/2019 18.00,03/11/2019 19.00,0.544,8.496
03/11/2019 19.00,03/11/2019 20.00,0.59,8.839
03/11/2019 20.00,03/11/2019 21.00,0.633,9.174
03/11/2019 21.00,03/11/2019 22.00,0.677,9.544
03/11/2019 22.00,03/11/2019 23.00,0.735,10.069
03/11/2019 23.00,04/11/2019 00.00,0.765,10.378
04/11/2019 00.00,04/11/2019 01.00,0.801,10.784
04/11/2019 01.00,04/11/2019 02.00,0.813,10.923
04/11/2019 02.00,04/11/2019 03.00,0.829,11.136
04/11/2019 03.00,04/11/2019 04.00,0.82,11.016
04/11/2019 04.00,04/11/2019 05.00,0.806,10.832
04/11/2019 05.00,04/11/2019 06.00,0.808,10.863
04/11/2019 06.00,04/11/2019 07.00,0.823,11.051
04/11/2019 07.00,04/11/2019 08.00,0.834,11.208
04/11/2019 08.00,04/11/2019 09.00,0.839,11.257
04/11/2019 09.00,04/11/2019 10.00,0.858,11.557
04/11/2019 10.00,04/11/2019 11.00,0.896,12.217
04/11/2019 11.00,04/11/2019 12.00,0.881,11.932
04/11/2019 12.00,04/11/2019 13.00,0.871,11.758
04/11/2019 13.00,04/11/2019 14.00,0.868,11.719
04/11/2019 14.00,04/11/2019 15.00,0.87,11.747
04/11/2019 15.00,04/11/2019 16.00,0.874,11.825
04/11/2019 16.00,04/11/2019 17.00,0.878,11.889
04/11/2019 17.00,04/11/2019 18.00,0.875,11.841
04/11/2019 18.00,04/11/2019 19.00,0.865,11.655
04/11/2019 19.00,04/11/2019 20.00,0.857,11.529
04/11/2019 20.00,04/11/2019 21.00,0.844,11.337
04/11/2019 21.00,04/11/2019 22.00,0.827,11.106
04/11/2019 22.00,04/11/2019 23.00,0.806,10.835
04/11/2019 23.00,05/11/2019 00.00,0.786,10.61
05/11/2019 00.00,05/11/2019 01.00,0.773,10.462
05/11/2019 01.00,05/11/2019 02.00,0.753,10.25
05/11/2019 02.00,05/11/2019 03.00,0.737,10.093
05/11/2019 03.00,05/11/2019 04.00,0.747,10.185
05/11/2019 04.00,05/11/2019 05.00,0.725,9.98
05/11/2019 05.00,05/11/2019 06.00,0.706,9.803
05/11/2019 06.00,05/11/2019 07.00,0.704,9.781
05/11/2019 07.00,05/11/2019 08.00,0.697,9.72
05/11/2019 08.00,05/11/2019 09.00,0.712,9.853
05/11/2019 09.00,05/11/2019 10.00,0.731,10.031
05/11/2019 10.00,05/11/2019 11.00,0.702,9.769
05/11/2019 11.00,05/11/2019 12.00,0.667,9.455
05/11/2019 12.00,05/11/2019 13.00,0.633,9.178
05/11/2019 13.00,05/11/2019 14.00,0.603,8.942
05/11/2019 14.00,05/11/2019 15.00,0.571,8.696
05/11/2019 15.00,05/11/2019 16.00,0.544,8.492
05/11/2019 16.00,05/11/2019 17.00,0.547,8.514
05/11/2019 17.00,05/11/2019 18.00,0.538,8.455
05/11/2019 18.00,05/11/2019 19.00,0.513,8.265
05/11/2019 19.00,05/11/2019 20.00,0.476,7.996
05/11/2019 20.00,05/11/2019 21.00,0.433,7.689
05/11/2019 21.00,05/11/2019 22.00,0.404,7.476
05/11/2019 22.00,05/11/2019 23.00,0.381,7.305
05/11/2019 23.00,06/11/2019 00.00,0.368,7.204
06/11/2019 00.00,06/11/2019 01.00,0.368,7.209
06/11/2019 01.00,06/11/2019 02.00,0.379,7.28
06/11/2019 02.00,06/11/2019 03.00,0.379,7.29
06/11/2019 03.00,06/11/2019 04.00,0.373,7.237
06/11/2019 04.00,06/11/2019 05.00,0.357,7.119
06/11/2019 05.00,06/11/2019 06.00,0.343,7.01
06/11/2019 06.00,06/11/2019 07.00,0.339,6.982
06/11/2019 07.00,06/11/2019 08.00,0.334,6.941
06/11/2019 08.00,06/11/2019 09.00,0.284,6.551
06/11/2019 09.00,06/11/2019 10.00,0.235,6.125
06/11/2019 10.00,06/11/2019 11.00,0.207,5.865
06/11/2019 11.00,06/11/2019 12.00,0.174,5.532
06/11/2019 12.00,06/11/2019 13.00,0.156,5.349
06/11/2019 13.00,06/11/2019 14.00,0.159,5.377
06/11/2019 14.00,06/11/2019 15.00,0.181,5.614
06/11/2019 15.00,06/11/2019 16.00,0.207,5.872
06/11/2019 16.00,06/11/2019 17.00,0.192,5.712
06/11/2019 17.00,06/11/2019 18.00,0.158,5.365
06/11/2019 18.00,06/11/2019 19.00,0.128,5.022
06/11/2019 19.00,06/11/2019 20.00,0.106,4.73
06/11/2019 20.00,06/11/2019 21.00,0.083,4.397
06/11/2019 21.00,06/11/2019 22.00,0.064,4.099
06/11/2019 22.00,06/11/2019 23.00,0.053,3.875
06/11/2019 23.00,07/11/2019 00.00,0.046,3.739
07/11/2019 00.00,07/11/2019 01.00,0.046,3.741
07/11/2019 01.00,07/11/2019 02.00,0.054,3.907
07/11/2019 02.00,07/11/2019 03.00,0.068,4.156
07/11/2019 03.00,07/11/2019 04.00,0.083,4.398
07/11/2019 04.00,07/11/2019 05.00,0.098,4.619
07/11/2019 05.00,07/11/2019 06.00,0.119,4.906
07/11/2019 06.00,07/11/2019 07.00,0.148,5.257
07/11/2019 07.00,07/11/2019 08.00,0.17,5.492
07/11/2019 08.00,07/11/2019 09.00,0.174,5.53
07/11/2019 09.00,07/11/2019 10.00,0.158,5.372
07/11/2019 10.00,07/11/2019 11.00,0.145,5.221
07/11/2019 11.00,07/11/2019 12.00,0.144,5.214
07/11/2019 12.00,07/11/2019 13.00,0.16,5.388
07/11/2019 13.00,07/11/2019 14.00,0.204,5.845
07/11/2019 14.00,07/11/2019 15.00,0.289,6.587
07/11/2019 15.00,07/11/2019 16.00,0.379,7.279
07/11/2019 16.00,07/11/2019 17.00,0.439,7.729
07/11/2019 17.00,07/11/2019 18.00,0.469,7.948
07/11/2019 18.00,07/11/2019 19.00,0.477,8.005
07/11/2019 19.00,07/11/2019 20.00,0.484,8.062
07/11/2019 20.00,07/11/2019 21.00,0.504,8.205
07/11/2019 21.00,07/11/2019 22.00,0.522,8.328
07/11/2019 22.00,07/11/2019 23.00,0.539,8.46
07/11/2019 23.00,08/11/2019 00.00,0.568,8.677
08/11/2019 00.00,08/11/2019 01.00,0.599,8.902
08/11/2019 01.00,08/11/2019 02.00,0.611,9.005
08/11/2019 02.00,08/11/2019 03.00,0.625,9.114
08/11/2019 03.00,08/11/2019 04.00,0.639,9.225
08/11/2019 04.00,08/11/2019 05.00,0.635,9.191
08/11/2019 05.00,08/11/2019 06.00,0.556,8.58
08/11/2019 06.00,08/11/2019 07.00,0.414,7.548
08/11/2019 07.00,08/11/2019 08.00,0.257,6.318
08/11/2019 08.00,08/11/2019 09.00,0.144,5.206
08/11/2019 09.00,08/11/2019 10.00,0.118,4.895
08/11/2019 10.00,08/11/2019 11.00,0.097,4.603
08/11/2019 11.00,08/11/2019 12.00,0.096,4.595
08/11/2019 12.00,08/11/2019 13.00,0.115,4.859
08/11/2019 13.00,08/11/2019 14.00,0.155,5.325
08/11/2019 14.00,08/11/2019 15.00,0.204,5.836
08/11/2019 15.00,08/11/2019 16.00,0.256,6.311
08/11/2019 16.00,08/11/2019 17.00,0.274,6.46
08/11/2019 17.00,08/11/2019 18.00,0.274,6.466
08/11/2019 18.00,08/11/2019 19.00,0.249,6.246
08/11/2019 19.00,08/11/2019 20.00,0.236,6.14
08/11/2019 20.00,08/11/2019 21.00,0.231,6.084
08/11/2019 21.00,08/11/2019 22.00,0.231,6.089
08/11/2019 22.00,08/11/2019 23.00,0.248,6.232
08/11/2019 23.00,09/11/2019 00.00,0.268,6.412
09/11/2019 00.00,09/11/2019 01.00,0.285,6.557
09/11/2019 01.00,09/11/2019 02.00,0.294,6.62
09/11/2019 02.00,09/11/2019 03.00,0.291,6.606
09/11/2019 03.00,09/11/2019 04.00,0.277,6.483
09/11/2019 04.00,09/11/2019 05.00,0.264,6.377
09/11/2019 05.00,09/11/2019 06.00,0.253,6.291
09/11/2019 06.00,09/11/2019 07.00,0.245,6.219
09/11/2019 07.00,09/11/2019 08.00,0.241,6.179
09/11/2019 08.00,09/11/2019 09.00,0.22,5.996
09/11/2019 09.00,09/11/2019 10.00,0.182,5.617
09/11/2019 10.00,09/11/2019 11.00,0.149,5.262
09/11/2019 11.00,09/11/2019 12.00,0.143,5.195
09/11/2019 12.00,09/11/2019 13.00,0.149,5.267
09/11/2019 13.00,09/11/2019 14.00,0.16,5.389
09/11/2019 14.00,09/11/2019 15.00,0.196,5.758
09/11/2019 15.00,09/11/2019 16.00,0.252,6.282
09/11/2019 16.00,09/11/2019 17.00,0.289,6.588
09/11/2019 17.00,09/11/2019 18.00,0.289,6.581
09/11/2019 18.00,09/11/2019 19.00,0.256,6.312
09/11/2019 19.00,09/11/2019 20.00,0.211,5.906
09/11/2019 20.00,09/11/2019 21.00,0.173,5.526
09/11/2019 21.00,09/11/2019 22.00,0.151,5.284
09/11/2019 22.00,09/11/2019 23.00,0.139,5.155
09/11/2019 23.00,10/11/2019 00.00,0.131,5.048
10/11/2019 00.00,10/11/2019 01.00,0.123,4.96
10/11/2019 01.00,10/11/2019 02.00,0.121,4.929
10/11/2019 02.00,10/11/2019 03.00,0.123,4.957
10/11/2019 03.00,10/11/2019 04.00,0.129,5.026
10/11/2019 04.00,10/11/2019 05.00,0.136,5.113
10/11/2019 05.00,10/11/2019 06.00,0.142,5.186
10/11/2019 06.00,10/11/2019 07.00,0.147,5.245
10/11/2019 07.00,10/11/2019 08.00,0.149,5.268
10/11/2019 08.00,10/11/2019 09.00,0.134,5.091
10/11/2019 09.00,10/11/2019 10.00,0.106,4.729
10/11/2019 10.00,10/11/2019 11.00,0.081,4.364
10/11/2019 11.00,10/11/2019 12.00,0.07,4.194
10/11/2019 12.00,10/11/2019 13.00,0.063,4.077
10/11/2019 13.00,10/11/2019 14.00,0.058,3.965
10/11/2019 14.00,10/11/2019 15.00,0.072,4.226
10/11/2019 15.00,10/11/2019 16.00,0.125,4.982
10/11/2019 16.00,10/11/2019 17.00,0.198,5.776
10/11/2019 17.00,10/11/2019 18.00,0.278,6.492
10/11/2019 18.00,10/11/2019 19.00,0.346,7.04
10/11/2019 19.00,10/11/2019 20.00,0.402,7.46
10/11/2019 20.00,10/11/2019 21.00,0.448,7.795
10/11/2019 21.00,10/11/2019 22.00,0.436,7.709
10/11/2019 22.00,10/11/2019 23.00,0.4,7.445
10/11/2019 23.00,11/11/2019 00.00,0.316,6.809
11/11/2019 00.00,11/11/2019 01.00,0.278,6.501
11/11/2019 01.00,11/11/2019 02.00,0.314,6.796
11/11/2019 02.00,11/11/2019 03.00,0.386,7.338
11/11/2019 03.00,11/11/2019 04.00,0.379,7.28
11/11/2019 04.00,11/11/2019 05.00,0.307,6.727
11/11/2019 05.00,11/11/2019 06.00,0.285,6.557
11/11/2019 06.00,11/11/2019 07.00,0.347,7.049
11/11/2019 07.00,11/11/2019 08.00,0.433,7.688
11/11/2019 08.00,11/11/2019 09.00,0.498,8.15
11/11/2019 09.00,11/11/2019 10.00,0.525,8.359
11/11/2019 10.00,11/11/2019 11.00,0.576,8.734
11/11/2019 11.00,11/11/2019 12.00,0.647,9.293
11/11/2019 12.00,11/11/2019 13.00,0.674,9.52
11/11/2019 13.00,11/11/2019 14.00,0.671,9.489
11/11/2019 14.00,11/11/2019 15.00,0.691,9.665
11/11/2019 15.00,11/11/2019 16.00,0.745,10.167
11/11/2019 16.00,11/11/2019 17.00,0.757,10.297
11/11/2019 17.00,11/11/2019 18.00,0.776,10.489
11/11/2019 18.00,11/11/2019 19.00,0.803,10.803
11/11/2019 19.00,11/11/2019 20.00,0.817,10.978
11/11/2019 20.00,11/11/2019 21.00,0.839,11.268
11/11/2019 21.00,11/11/2019 22.00,0.852,11.465
11/11/2019 22.00,11/11/2019 23.00,0.858,11.553
11/11/2019 23.00,12/11/2019 00.00,0.864,11.647
12/11/2019 00.00,12/11/2019 01.00,0.875,11.829
12/11/2019 01.00,12/11/2019 02.00,0.886,12.028
12/11/2019 02.00,12/11/2019 03.00,0.905,12.415
12/11/2019 03.00,12/11/2019 04.00,0.888,12.073
12/11/2019 04.00,12/11/2019 05.00,0.889,12.095
12/11/2019 05.00,12/11/2019 06.00,0.883,11.974
12/11/2019 06.00,12/11/2019 07.00,0.887,12.051
12/11/2019 07.00,12/11/2019 08.00,0.896,12.227
12/11/2019 08.00,12/11/2019 09.00,0.885,12.018
12/11/2019 09.00,12/11/2019 10.00,0.831,11.166
12/11/2019 10.00,12/11/2019 11.00,0.755,10.275
12/11/2019 11.00,12/11/2019 12.00,0.727,9.997
12/11/2019 12.00,12/11/2019 13.00,0.757,10.296
12/11/2019 13.00,12/11/2019 14.00,0.788,10.629
12/11/2019 14.00,12/11/2019 15.00,0.791,10.651
12/11/2019 15.00,12/11/2019 16.00,0.795,10.712
12/11/2019 16.00,12/11/2019 17.00,0.809,10.867
12/11/2019 17.00,12/11/2019 18.00,0.796,10.722
12/11/2019 18.00,12/11/2019 19.00,0.733,10.054
12/11/2019 19.00,12/11/2019 20.00,0.658,9.385
12/11/2019 20.00,12/11/2019 21.00,0.618,9.054
12/11/2019 21.00,12/11/2019 22.00,0.564,8.642
12/11/2019 22.00,12/11/2019 23.00,0.528,8.379
12/11/2019 23.00,13/11/2019 00.00,0.501,8.17
13/11/2019 00.00,13/11/2019 01.00,0.493,8.118
13/11/2019 01.00,13/11/2019 02.00,0.506,8.215
13/11/2019 02.00,13/11/2019 03.00,0.51,8.237
13/11/2019 03.00,13/11/2019 04.00,0.498,8.154
13/11/2019 04.00,13/11/2019 05.00,0.496,8.145
13/11/2019 05.00,13/11/2019 06.00,0.488,8.078
13/11/2019 06.00,13/11/2019 07.00,0.533,8.414
13/11/2019 07.00,13/11/2019 08.00,0.566,8.662
13/11/2019 08.00,13/11/2019 09.00,0.597,8.893
13/11/2019 09.00,13/11/2019 10.00,0.608,8.983
13/11/2019 10.00,13/11/2019 11.00,0.653,9.34
13/11/2019 11.00,13/11/2019 12.00,0.674,9.515
13/11/2019 12.00,13/11/2019 13.00,0.685,9.613
13/11/2019 13.00,13/11/2019 14.00,0.704,9.782
13/11/2019 14.00,13/11/2019 15.00,0.745,10.168
13/11/2019 15.00,13/11/2019 16.00,0.782,10.557
13/11/2019 16.00,13/11/2019 17.00,0.768,10.411
13/11/2019 17.00,13/11/2019 18.00,0.774,10.471
13/11/2019 18.00,13/11/2019 19.00,0.735,10.07
13/11/2019 19.00,13/11/2019 20.00,0.707,9.813
13/11/2019 20.00,13/11/2019 21.00,0.655,9.36
13/11/2019 21.00,13/11/2019 22.00,0.59,8.844
13/11/2019 22.00,13/11/2019 23.00,0.545,8.501
13/11/2019 23.00,14/11/2019 00.00,0.51,8.245
14/11/2019 00.00,14/11/2019 01.00,0.473,7.977
14/11/2019 01.00,14/11/2019 02.00,0.435,7.703
14/11/2019 02.00,14/11/2019 03.00,0.41,7.517
14/11/2019 03.00,14/11/2019 04.00,0.391,7.373
14/11/2019 04.00,14/11/2019 05.00,0.362,7.15
14/11/2019 05.00,14/11/2019 06.00,0.326,6.882
14/11/2019 06.00,14/11/2019 07.00,0.297,6.658
14/11/2019 07.00,14/11/2019 08.00,0.276,6.479
14/11/2019 08.00,14/11/2019 09.00,0.257,6.32
14/11/2019 09.00,14/11/2019 10.00,0.24,6.168
14/11/2019 10.00,14/11/2019 11.00,0.24,6.168
14/11/2019 11.00,14/11/2019 12.00,0.249,6.244
14/11/2019 12.00,14/11/2019 13.00,0.245,6.219
14/11/2019 13.00,14/11/2019 14.00,0.245,6.216
14/11/2019 14.00,14/11/2019 15.00,0.257,6.321
14/11/2019 15.00,14/11/2019 16.00,0.281,6.521
14/11/2019 16.00,14/11/2019 17.00,0.301,6.682
14/11/2019 17.00,14/11/2019 18.00,0.308,6.731
14/11/2019 18.00,14/11/2019 19.00,0.328,6.904
14/11/2019 19.00,14/11/2019 20.00,0.334,6.939
14/11/2019 20.00,14/11/2019 21.00,0.304,6.706
14/11/2019 21.00,14/11/2019 22.00,0.312,6.772
14/11/2019 22.00,14/11/2019 23.00,0.361,7.148
14/11/2019 23.00,15/11/2019 00.00,0.415,7.557
15/11/2019 00.00,15/11/2019 01.00,0.425,7.63
15/11/2019 01.00,15/11/2019 02.00,0.45,7.811
15/11/2019 02.00,15/11/2019 03.00,0.502,8.19
15/11/2019 03.00,15/11/2019 04.00,0.58,8.765
15/11/2019 04.00,15/11/2019 05.00,0.655,9.356
15/11/2019 05.00,15/11/2019 06.00,0.729,10.014
15/11/2019 06.00,15/11/2019 07.00,0.743,10.144
15/11/2019 07.00,15/11/2019 08.00,0.772,10.444
15/11/2019 08.00,15/11/2019 09.00,0.8,10.768
15/11/2019 09.00,15/11/2019 10.00,0.838,11.255
15/11/2019 10.00,15/11/2019 11.00,0.847,11.387
15/11/2019 11.00,15/11/2019 12.00,0.894,12.185
15/11/2019 12.00,15/11/2019 13.00,0.899,12.295
15/11/2019 13.00,15/11/2019 14.00,0.897,12.24
15/11/2019 14.00,15/11/2019 15.00,0.9,12.308
15/11/2019 15.00,15/11/2019 16.00,0.912,12.572
15/11/2019 16.00,15/11/2019 17.00,0.893,12.156
15/11/2019 17.00,15/11/2019 18.00,0.88,11.918
15/11/2019 18.00,15/11/2019 19.00,0.886,12.042
15/11/2019 19.00,15/11/2019 20.00,0.873,11.793
15/11/2019 20.00,15/11/2019 21.00,0.861,11.595
15/11/2019 21.00,15/11/2019 22.00,0.853,11.476
15/11/2019 22.00,15/11/2019 23.00,0.822,11.041
15/11/2019 23.00,16/11/2019 00.00,0.781,10.549
16/11/2019 00.00,16/11/2019 01.00,0.744,10.155
16/11/2019 01.00,16/11/2019 02.00,0.7,9.74
16/11/2019 02.00,16/11/2019 03.00,0.683,9.601
16/11/2019 03.00,16/11/2019 04.00,0.7,9.742
16/11/2019 04.00,16/11/2019 05.00,0.677,9.548
16/11/2019 05.00,16/11/2019 06.00,0.647,9.29
16/11/2019 06.00,16/11/2019 07.00,0.574,8.723
16/11/2019 07.00,16/11/2019 08.00,0.532,8.41
16/11/2019 08.00,16/11/2019 09.00,0.534,8.418
16/11/2019 09.00,16/11/2019 10.00,0.512,8.258
16/11/2019 10.00,16/11/2019 11.00,0.443,7.756
16/11/2019 11.00,16/11/2019 12.00,0.43,7.655
16/11/2019 12.00,16/11/2019 13.00,0.449,7.802
16/11/2019 13.00,16/11/2019 14.00,0.457,7.856
16/11/2019 14.00,16/11/2019 15.00,0.441,7.741
16/11/2019 15.00,16/11/2019 16.00,0.398,7.425
16/11/2019 16.00,16/11/2019 17.00,0.34,6.987
16/11/2019 17.00,16/11/2019 18.00,0.27,6.431
16/11/2019 18.00,16/11/2019 19.00,0.216,5.949
16/11/2019 19.00,16/11/2019 20.00,0.192,5.71
16/11/2019 20.00,16/11/2019 21.00,0.194,5.745
16/11/2019 21.00,16/11/2019 22.00,0.221,5.997
16/11/2019 22.00,16/11/2019 23.00,0.235,6.125
16/11/2019 23.00,17/11/2019 00.00,0.232,6.098
17/11/2019 00.00,17/11/2019 01.00,0.223,6.018
17/11/2019 01.00,17/11/2019 02.00,0.205,5.854
17/11/2019 02.00,17/11/2019 03.00,0.185,5.652
17/11/2019 03.00,17/11/2019 04.00,0.165,5.444
17/11/2019 04.00,17/11/2019 05.00,0.162,5.413
17/11/2019 05.00,17/11/2019 06.00,0.184,5.644
17/11/2019 06.00,17/11/2019 07.00,0.226,6.044
17/11/2019 07.00,17/11/2019 08.00,0.283,6.541
17/11/2019 08.00,17/11/2019 09.00,0.302,6.686
17/11/2019 09.00,17/11/2019 10.00,0.314,6.79
17/11/2019 10.00,17/11/2019 11.00,0.286,6.567
17/11/2019 11.00,17/11/2019 12.00,0.264,6.374
17/11/2019 12.00,17/11/2019 13.00,0.249,6.239
17/11/2019 13.00,17/11/2019 14.00,0.278,6.491
17/11/2019 14.00,17/11/2019 15.00,0.287,6.573
17/11/2019 15.00,17/11/2019 16.00,0.325,6.881
17/11/2019 16.00,17/11/2019 17.00,0.311,6.763
17/11/2019 17.00,17/11/2019 18.00,0.26,6.342
17/11/2019 18.00,17/11/2019 19.00,0.211,5.905
17/11/2019 19.00,17/11/2019 20.00,0.194,5.744
17/11/2019 20.00,17/11/2019 21.00,0.177,5.564
17/11/2019 21.00,17/11/2019 22.00,0.206,5.858
17/11/2019 22.00,17/11/2019 23.00,0.295,6.643
17/11/2019 23.00,18/11/2019 00.00,0.36,7.138
18/11/2019 00.00,18/11/2019 01.00,0.379,7.281
18/11/2019 01.00,18/11/2019 02.00,0.401,7.456
18/11/2019 02.00,18/11/2019 03.00,0.428,7.641
18/11/2019 03.00,18/11/2019 04.00,0.519,8.301
18/11/2019 04.00,18/11/2019 05.00,0.669,9.48
18/11/2019 05.00,18/11/2019 06.00,0.769,10.412
18/11/2019 06.00,18/11/2019 07.00,0.782,10.56
18/11/2019 07.00,18/11/2019 08.00,0.748,10.19
18/11/2019 08.00,18/11/2019 09.00,0.694,9.685
18/11/2019 09.00,18/11/2019 10.00,0.574,8.712
18/11/2019 10.00,18/11/2019 11.00,0.444,7.769
18/11/2019 11.00,18/11/2019 12.00,0.362,7.153
18/11/2019 12.00,18/11/2019 13.00,0.302,6.696
18/11/2019 13.00,18/11/2019 14.00,0.267,6.409
18/11/2019 14.00,18/11/2019 15.00,0.249,6.242
18/11/2019 15.00,18/11/2019 16.00,0.231,6.08
18/11/2019 16.00,18/11/2019 17.00,0.201,5.804
18/11/2019 17.00,18/11/2019 18.00,0.182,5.618
18/11/2019 18.00,18/11/2019 19.00,0.178,5.576
18/11/2019 19.00,18/11/2019 20.00,0.177,5.558
18/11/2019 20.00,18/11/2019 21.00,0.183,5.634
18/11/2019 21.00,18/11/2019 22.00,0.207,5.869
18/11/2019 22.00,18/11/2019 23.00,0.219,5.972
18/11/2019 23.00,19/11/2019 00.00,0.2,5.792
19/11/2019 00.00,19/11/2019 01.00,0.177,5.557
19/11/2019 01.00,19/11/2019 02.00,0.203,5.835
19/11/2019 02.00,19/11/2019 03.00,0.302,6.691
19/11/2019 03.00,19/11/2019 04.00,0.397,7.419
19/11/2019 04.00,19/11/2019 05.00,0.413,7.54
19/11/2019 05.00,19/11/2019 06.00,0.425,7.632
19/11/2019 06.00,19/11/2019 07.00,0.391,7.376
19/11/2019 07.00,19/11/2019 08.00,0.346,7.04
19/11/2019 08.00,19/11/2019 09.00,0.294,6.621
19/11/2019 09.00,19/11/2019 10.00,0.231,6.091
19/11/2019 10.00,19/11/2019 11.00,0.19,5.697
19/11/2019 11.00,19/11/2019 12.00,0.14,5.168
19/11/2019 12.00,19/11/2019 13.00,0.1,4.648
19/11/2019 13.00,19/11/2019 14.00,0.085,4.426
19/11/2019 14.00,19/11/2019 15.00,0.089,4.495
19/11/2019 15.00,19/11/2019 16.00,0.106,4.736
19/11/2019 16.00,19/11/2019 17.00,0.125,4.984
19/11/2019 17.00,19/11/2019 18.00,0.151,5.285
19/11/2019 18.00,19/11/2019 19.00,0.183,5.632
19/11/2019 19.00,19/11/2019 20.00,0.221,5.999
19/11/2019 20.00,19/11/2019 21.00,0.258,6.327
19/11/2019 21.00,19/11/2019 22.00,0.281,6.526
19/11/2019 22.00,19/11/2019 23.00,0.289,6.592
19/11/2019 23.00,20/11/2019 00.00,0.266,6.396
20/11/2019 00.00,20/11/2019 01.00,0.22,5.996
20/11/2019 01.00,20/11/2019 02.00,0.17,5.5
20/11/2019 02.00,20/11/2019 03.00,0.135,5.109
20/11/2019 03.00,20/11/2019 04.00,0.105,4.721
20/11/2019 04.00,20/11/2019 05.00,0.078,4.321
20/11/2019 05.00,20/11/2019 06.00,0.051,3.857
20/11/2019 06.00,20/11/2019 07.00,0.024,3.213
20/11/2019 07.00,20/11/2019 08.00,0.017,2.987
20/11/2019 08.00,20/11/2019 09.00,0.039,3.593
20/11/2019 09.00,20/11/2019 10.00,0.065,4.101
20/11/2019 10.00,20/11/2019 11.00,0.063,4.066
20/11/2019 11.00,20/11/2019 12.00,0.041,3.634
20/11/2019 12.00,20/11/2019 13.00,0.03,3.387
20/11/2019 13.00,20/11/2019 14.00,0.045,3.716
20/11/2019 14.00,20/11/2019 15.00,0.094,4.568
20/11/2019 15.00,20/11/2019 16.00,0.188,5.683
20/11/2019 16.00,20/11/2019 17.00,0.302,6.697
20/11/2019 17.00,20/11/2019 18.00,0.377,7.271
20/11/2019 18.00,20/11/2019 19.00,0.413,7.535
20/11/2019 19.00,20/11/2019 20.00,0.459,7.876
20/11/2019 20.00,20/11/2019 21.00,0.513,8.27
20/11/2019 21.00,20/11/2019 22.00,0.53,8.394
20/11/2019 22.00,20/11/2019 23.00,0.505,8.209
20/11/2019 23.00,21/11/2019 00.00,0.5,8.166
21/11/2019 00.00,21/11/2019 01.00,0.528,8.378
21/11/2019 01.00,21/11/2019 02.00,0.544,8.491
21/11/2019 02.00,21/11/2019 03.00,0.525,8.356
21/11/2019 03.00,21/11/2019 04.00,0.488,8.09
21/11/2019 04.00,21/11/2019 05.00,0.476,8.001
21/11/2019 05.00,21/11/2019 06.00,0.472,7.972
21/11/2019 06.00,21/11/2019 07.00,0.449,7.808
21/11/2019 07.00,21/11/2019 08.00,0.419,7.579
21/11/2019 08.00,21/11/2019 09.00,0.358,7.12
21/11/2019 09.00,21/11/2019 10.00,0.274,6.469
21/11/2019 10.00,21/11/2019 11.00,0.233,6.114
21/11/2019 11.00,21/11/2019 12.00,0.191,5.701
21/11/2019 12.00,21/11/2019 13.00,0.148,5.254
21/11/2019 13.00,21/11/2019 14.00,0.139,5.156
21/11/2019 14.00,21/11/2019 15.00,0.203,5.826
21/11/2019 15.00,21/11/2019 16.00,0.306,6.722
21/11/2019 16.00,21/11/2019 17.00,0.392,7.383
21/11/2019 17.00,21/11/2019 18.00,0.466,7.928
21/11/2019 18.00,21/11/2019 19.00,0.525,8.358
21/11/2019 19.00,21/11/2019 20.00,0.599,8.91
21/11/2019 20.00,21/11/2019 21.00,0.654,9.355
21/11/2019 21.00,21/11/2019 22.00,0.638,9.22
21/11/2019 22.00,21/11/2019 23.00,0.627,9.13
21/11/2019 23.00,22/11/2019 00.00,0.65,9.321
22/11/2019 00.00,22/11/2019 01.00,0.655,9.363
22/11/2019 01.00,22/11/2019 02.00,0.686,9.625
22/11/2019 02.00,22/11/2019 03.00,0.682,9.589
22/11/2019 03.00,22/11/2019 04.00,0.686,9.622
22/11/2019 04.00,22/11/2019 05.00,0.698,9.727
22/11/2019 05.00,22/11/2019 06.00,0.697,9.72
22/11/2019 06.00,22/11/2019 07.00,0.686,9.621
22/11/2019 07.00,22/11/2019 08.00,0.655,9.364
22/11/2019 08.00,22/11/2019 09.00,0.601,8.929
22/11/2019 09.00,22/11/2019 10.00,0.535,8.42
22/11/2019 10.00,22/11/2019 11.00,0.46,7.885
22/11/2019 11.00,22/11/2019 12.00,0.43,7.656
22/11/2019 12.00,22/11/2019 13.00,0.414,7.552
22/11/2019 13.00,22/11/2019 14.00,0.432,7.673
22/11/2019 14.00,22/11/2019 15.00,0.464,7.912
22/11/2019 15.00,22/11/2019 16.00,0.521,8.321
22/11/2019 16.00,22/11/2019 17.00,0.541,8.475
22/11/2019 17.00,22/11/2019 18.00,0.525,8.361
22/11/2019 18.00,22/11/2019 19.00,0.49,8.097
22/11/2019 19.00,22/11/2019 20.00,0.476,7.992
22/11/2019 20.00,22/11/2019 21.00,0.511,8.254
22/11/2019 21.00,22/11/2019 22.00,0.578,8.75
22/11/2019 22.00,22/11/2019 23.00,0.626,9.127
22/11/2019 23.00,23/11/2019 00.00,0.648,9.303
23/11/2019 00.00,23/11/2019 01.00,0.658,9.382
23/11/2019 01.00,23/11/2019 02.00,0.679,9.559
23/11/2019 02.00,23/11/2019 03.00,0.7,9.751
23/11/2019 03.00,23/11/2019 04.00,0.702,9.763
23/11/2019 04.00,23/11/2019 05.00,0.725,9.979
23/11/2019 05.00,23/11/2019 06.00,0.768,10.397
23/11/2019 06.00,23/11/2019 07.00,0.808,10.853
23/11/2019 07.00,23/11/2019 08.00,0.804,10.818
23/11/2019 08.00,23/11/2019 09.00,0.791,10.66
23/11/2019 09.00,23/11/2019 10.00,0.772,10.439
23/11/2019 10.00,23/11/2019 11.00,0.747,10.185
23/11/2019 11.00,23/11/2019 12.00,0.734,10.064
23/11/2019 12.00,23/11/2019 13.00,0.714,9.872
23/11/2019 13.00,23/11/2019 14.00,0.719,9.915
23/11/2019 14.00,23/11/2019 15.00,0.747,10.184
23/11/2019 15.00,23/11/2019 16.00,0.786,10.595
23/11/2019 16.00,23/11/2019 17.00,0.814,10.943
23/11/2019 17.00,23/11/2019 18.00,0.834,11.204
23/11/2019 18.00,23/11/2019 19.00,0.84,11.29
23/11/2019 19.00,23/11/2019 20.00,0.834,11.208
23/11/2019 20.00,23/11/2019 21.00,0.821,11.032
23/11/2019 21.00,23/11/2019 22.00,0.813,10.928
23/11/2019 22.00,23/11/2019 23.00,0.812,10.909
23/11/2019 23.00,24/11/2019 00.00,0.815,10.946
24/11/2019 00.00,24/11/2019 01.00,0.812,10.914
24/11/2019 01.00,24/11/2019 02.00,0.799,10.753
24/11/2019 02.00,24/11/2019 03.00,0.799,10.741
24/11/2019 03.00,24/11/2019 04.00,0.807,10.845
24/11/2019 04.00,24/11/2019 05.00,0.824,11.067
24/11/2019 05.00,24/11/2019 06.00,0.841,11.302
24/11/2019 06.00,24/11/2019 07.00,0.856,11.512
24/11/2019 07.00,24/11/2019 08.00,0.858,11.553
24/11/2019 08.00,24/11/2019 09.00,0.85,11.436
24/11/2019 09.00,24/11/2019 10.00,0.831,11.156
24/11/2019 10.00,24/11/2019 11.00,0.812,10.899
24/11/2019 11.00,24/11/2019 12.00,0.785,10.588
24/11/2019 12.00,24/11/2019 13.00,0.753,10.257
24/11/2019 13.00,24/11/2019 14.00,0.739,10.107
24/11/2019 14.00,24/11/2019 15.00,0.732,10.042
24/11/2019 15.00,24/11/2019 16.00,0.746,10.172
24/11/2019 16.00,24/11/2019 17.00,0.757,10.293
24/11/2019 17.00,24/11/2019 18.00,0.751,10.23
24/11/2019 18.00,24/11/2019 19.00,0.722,9.95
24/11/2019 19.00,24/11/2019 20.00,0.691,9.665
24/11/2019 20.00,24/11/2019 21.00,0.664,9.431
24/11/2019 21.00,24/11/2019 22.00,0.639,9.229
24/11/2019 22.00,24/11/2019 23.00,0.619,9.068
24/11/2019 23.00,25/11/2019 00.00,0.569,8.683
25/11/2019 00.00,25/11/2019 01.00,0.516,8.289
25/11/2019 01.00,25/11/2019 02.00,0.482,8.041
25/11/2019 02.00,25/11/2019 03.00,0.444,7.766
25/11/2019 03.00,25/11/2019 04.00,0.425,7.62
25/11/2019 04.00,25/11/2019 05.00,0.422,7.599
25/11/2019 05.00,25/11/2019 06.00,0.435,7.704
25/11/2019 06.00,25/11/2019 07.00,0.454,7.842
25/11/2019 07.00,25/11/2019 08.00,0.47,7.957
25/11/2019 08.00,25/11/2019 09.00,0.455,7.844
25/11/2019 09.00,25/11/2019 10.00,0.413,7.532
25/11/2019 10.00,25/11/2019 11.00,0.373,7.236
25/11/2019 11.00,25/11/2019 12.00,0.346,7.043
25/11/2019 12.00,25/11/2019 13.00,0.336,6.956
25/11/2019 13.00,25/11/2019 14.00,0.336,6.956
25/11/2019 14.00,25/11/2019 15.00,0.363,7.165
25/11/2019 15.00,25/11/2019 16.00,0.395,7.411
25/11/2019 16.00,25/11/2019 17.00,0.399,7.435
25/11/2019 17.00,25/11/2019 18.00,0.397,7.417
25/11/2019 18.00,25/11/2019 19.00,0.398,7.424
25/11/2019 19.00,25/11/2019 20.00,0.398,7.423
25/11/2019 20.00,25/11/2019 21.00,0.379,7.283
25/11/2019 21.00,25/11/2019 22.00,0.359,7.134
25/11/2019 22.00,25/11/2019 23.00,0.355,7.107
25/11/2019 23.00,26/11/2019 00.00,0.358,7.13
26/11/2019 00.00,26/11/2019 01.00,0.335,6.953
26/11/2019 01.00,26/11/2019 02.00,0.312,6.779
26/11/2019 02.00,26/11/2019 03.00,0.304,6.704
26/11/2019 03.00,26/11/2019 04.00,0.294,6.635
26/11/2019 04.00,26/11/2019 05.00,0.3,6.675
26/11/2019 05.00,26/11/2019 06.00,0.325,6.872
26/11/2019 06.00,26/11/2019 07.00,0.341,7.003
26/11/2019 07.00,26/11/2019 08.00,0.348,7.054
26/11/2019 08.00,26/11/2019 09.00,0.35,7.071
26/11/2019 09.00,26/11/2019 10.00,0.311,6.762
26/11/2019 10.00,26/11/2019 11.00,0.274,6.464
26/11/2019 11.00,26/11/2019 12.00,0.251,6.271
26/11/2019 12.00,26/11/2019 13.00,0.235,6.126
26/11/2019 13.00,26/11/2019 14.00,0.232,6.097
26/11/2019 14.00,26/11/2019 15.00,0.245,6.216
26/11/2019 15.00,26/11/2019 16.00,0.294,6.621
26/11/2019 16.00,26/11/2019 17.00,0.328,6.895
26/11/2019 17.00,26/11/2019 18.00,0.345,7.033
26/11/2019 18.00,26/11/2019 19.00,0.355,7.111
26/11/2019 19.00,26/11/2019 20.00,0.362,7.153
26/11/2019 20.00,26/11/2019 21.00,0.371,7.228
26/11/2019 21.00,26/11/2019 22.00,0.377,7.273
26/11/2019 22.00,26/11/2019 23.00,0.362,7.156
26/11/2019 23.00,27/11/2019 00.00,0.352,7.08
27/11/2019 00.00,27/11/2019 01.00,0.344,7.028
27/11/2019 01.00,27/11/2019 02.00,0.343,7.011
27/11/2019 02.00,27/11/2019 03.00,0.368,7.206
27/11/2019 03.00,27/11/2019 04.00,0.388,7.353
27/11/2019 04.00,27/11/2019 05.00,0.413,7.532
27/11/2019 05.00,27/11/2019 06.00,0.428,7.642
27/11/2019 06.00,27/11/2019 07.00,0.441,7.741
27/11/2019 07.00,27/11/2019 08.00,0.464,7.911
27/11/2019 08.00,27/11/2019 09.00,0.498,8.156
27/11/2019 09.00,27/11/2019 10.00,0.542,8.482
27/11/2019 10.00,27/11/2019 11.00,0.494,8.129
27/11/2019 11.00,27/11/2019 12.00,0.466,7.921
27/11/2019 12.00,27/11/2019 13.00,0.495,8.14
27/11/2019 13.00,27/11/2019 14.00,0.571,8.693
27/11/2019 14.00,27/11/2019 15.00,0.645,9.278
27/11/2019 15.00,27/11/2019 16.00,0.703,9.778
27/11/2019 16.00,27/11/2019 17.00,0.7,9.747
27/11/2019 17.00,27/11/2019 18.00,0.663,9.43
27/11/2019 18.00,27/11/2019 19.00,0.605,8.961
27/11/2019 19.00,27/11/2019 20.00,0.574,8.717
27/11/2019 20.00,27/11/2019 21.00,0.501,8.181
27/11/2019 21.00,27/11/2019 22.00,0.41,7.518
27/11/2019 22.00,27/11/2019 23.00,0.358,7.124
27/11/2019 23.00,28/11/2019 00.00,0.323,6.859
28/11/2019 00.00,28/11/2019 01.00,0.295,6.637
28/11/2019 01.00,28/11/2019 02.00,0.254,6.296
28/11/2019 02.00,28/11/2019 03.00,0.214,5.939
28/11/2019 03.00,28/11/2019 04.00,0.193,5.731
28/11/2019 04.00,28/11/2019 05.00,0.193,5.737
28/11/2019 05.00,28/11/2019 06.00,0.195,5.749
28/11/2019 06.00,28/11/2019 07.00,0.192,5.726
28/11/2019 07.00,28/11/2019 08.00,0.175,5.541
28/11/2019 08.00,28/11/2019 09.00,0.129,5.023
28/11/2019 09.00,28/11/2019 10.00,0.082,4.38
28/11/2019 10.00,28/11/2019 11.00,0.069,4.181
28/11/2019 11.00,28/11/2019 12.00,0.115,4.854
28/11/2019 12.00,28/11/2019 13.00,0.2,5.795
28/11/2019 13.00,28/11/2019 14.00,0.331,6.917
28/11/2019 14.00,28/11/2019 15.00,0.452,7.822
28/11/2019 15.00,28/11/2019 16.00,0.544,8.495
28/11/2019 16.00,28/11/2019 17.00,0.574,8.719
28/11/2019 17.00,28/11/2019 18.00,0.584,8.795
28/11/2019 18.00,28/11/2019 19.00,0.58,8.758
28/11/2019 19.00,28/11/2019 20.00,0.591,8.848
28/11/2019 20.00,28/11/2019 21.00,0.605,8.959
28/11/2019 21.00,28/11/2019 22.00,0.667,9.456
28/11/2019 22.00,28/11/2019 23.00,0.75,10.221
28/11/2019 23.00,29/11/2019 00.00,0.786,10.606
29/11/2019 00.00,29/11/2019 01.00,0.833,11.183
29/11/2019 01.00,29/11/2019 02.00,0.877,11.873
29/11/2019 02.00,29/11/2019 03.00,0.912,12.568
29/11/2019 03.00,29/11/2019 04.00,0.934,13.145
29/11/2019 04.00,29/11/2019 05.00,0.937,13.223
29/11/2019 05.00,29/11/2019 06.00,0.938,13.243
29/11/2019 06.00,29/11/2019 07.00,0.936,13.209
29/11/2019 07.00,29/11/2019 08.00,0.926,12.899
29/11/2019 08.00,29/11/2019 09.00,0.872,11.776
29/11/2019 09.00,29/11/2019 10.00,0.775,10.478
29/11/2019 10.00,29/11/2019 11.00,0.697,9.715
29/11/2019 11.00,29/11/2019 12.00,0.635,9.188
29/11/2019 12.00,29/11/2019 13.00,0.597,8.894
29/11/2019 13.00,29/11/2019 14.00,0.594,8.872
29/11/2019 14.00,29/11/2019 15.00,0.63,9.152
29/11/2019 15.00,29/11/2019 16.00,0.652,9.332
29/11/2019 16.00,29/11/2019 17.00,0.651,9.328
29/11/2019 17.00,29/11/2019 18.00,0.649,9.31
29/11/2019 18.00,29/11/2019 19.00,0.657,9.374
29/11/2019 19.00,29/11/2019 20.00,0.66,9.397
29/11/2019 20.00,29/11/2019 21.00,0.653,9.346
29/11/2019 21.00,29/11/2019 22.00,0.657,9.373
29/11/2019 22.00,29/11/2019 23.00,0.669,9.478
29/11/2019 23.00,30/11/2019 00.00,0.687,9.634
30/11/2019 00.00,30/11/2019 01.00,0.707,9.807
30/11/2019 01.00,30/11/2019 02.00,0.728,10.002
30/11/2019 02.00,30/11/2019 03.00,0.75,10.216
30/11/2019 03.00,30/11/2019 04.00,0.73,10.023
30/11/2019 04.00,30/11/2019 05.00,0.703,9.77
30/11/2019 05.00,30/11/2019 06.00,0.684,9.606
30/11/2019 06.00,30/11/2019 07.00,0.661,9.4
30/11/2019 07.00,30/11/2019 08.00,0.639,9.229
30/11/2019 08.00,30/11/2019 09.00,0.613,9.022
30/11/2019 09.00,30/11/2019 10.00,0.588,8.822
30/11/2019 10.00,30/11/2019 11.00,0.539,8.461
30/11/2019 11.00,30/11/2019 12.00,0.501,8.173
30/11/2019 12.00,30/11/2019 13.00,0.48,8.024
30/11/2019 13.00,30/11/2019 14.00,0.484,8.051
30/11/2019 14.00,30/11/2019 15.00,0.492,8.113
30/11/2019 15.00,30/11/2019 16.00,0.459,7.874
30/11/2019 16.00,30/11/2019 17.00,0.404,7.473
30/11/2019 17.00,30/11/2019 18.00,0.344,7.024
30/11/2019 18.00,30/11/2019 19.00,0.293,6.615
30/11/2019 19.00,30/11/2019 20.00,0.256,6.309
30/11/2019 20.00,30/11/2019 21.00,0.233,6.104
30/11/2019 21.00,30/11/2019 22.00,0.222,6.006
30/11/2019 22.00,30/11/2019 23.00,0.228,6.064
30/11/2019 23.00,01/12/2019 00.00,0.249,6.239
01/12/2019 00.00,01/12/2019 01.00,0.276,6.479
01/12/2019 01.00,01/12/2019 02.00,0.305,6.717
01/12/2019 02.00,01/12/2019 03.00,0.324,6.867
01/12/2019 03.00,01/12/2019 04.00,0.329,6.91
01/12/2019 04.00,01/12/2019 05.00,0.323,6.852
01/12/2019 05.00,01/12/2019 06.00,0.32,6.834
01/12/2019 06.00,01/12/2019 07.00,0.317,6.817
01/12/2019 07.00,01/12/2019 08.00,0.313,6.783
01/12/2019 08.00,01/12/2019 09.00,0.312,6.772
01/12/2019 09.00,01/12/2019 10.00,0.321,6.843
01/12/2019 10.00,01/12/2019 11.00,0.371,7.228
01/12/2019 11.00,01/12/2019 12.00,0.468,7.944
01/12/2019 12.00,01/12/2019 13.00,0.591,8.85
01/12/2019 13.00,01/12/2019 14.00,0.676,9.533
01/12/2019 14.00,01/12/2019 15.00,0.711,9.846
01/12/2019 15.00,01/12/2019 16.00,0.731,10.038
01/12/2019 16.00,01/12/2019 17.00,0.743,10.144
01/12/2019 17.00,01/12/2019 18.00,0.705,9.79
01/12/2019 18.00,01/12/2019 19.00,0.695,9.7
01/12/2019 19.00,01/12/2019 20.00,0.701,9.752
01/12/2019 20.00,01/12/2019 21.00,0.687,9.636
01/12/2019 21.00,01/12/2019 22.00,0.718,9.906
01/12/2019 22.00,01/12/2019 23.00,0.746,10.179
01/12/2019 23.00,02/12/2019 00.00,0.765,10.366
02/12/2019 00.00,02/12/2019 01.00,0.765,10.367
02/12/2019 01.00,02/12/2019 02.00,0.756,10.283
02/12/2019 02.00,02/12/2019 03.00,0.731,10.039
02/12/2019 03.00,02/12/2019 04.00,0.712,9.853
02/12/2019 04.00,02/12/2019 05.00,0.697,9.711
02/12/2019 05.00,02/12/2019 06.00,0.695,9.701
02/12/2019 06.00,02/12/2019 07.00,0.714,9.873
02/12/2019 07.00,02/12/2019 08.00,0.725,9.978
02/12/2019 08.00,02/12/2019 09.00,0.731,10.033
02/12/2019 09.00,02/12/2019 10.00,0.701,9.757
02/12/2019 10.00,02/12/2019 11.00,0.673,9.504
02/12/2019 11.00,02/12/2019 12.00,0.649,9.307
02/12/2019 12.00,02/12/2019 13.00,0.61,8.987
02/12/2019 13.00,02/12/2019 14.00,0.566,8.651
02/12/2019 14.00,02/12/2019 15.00,0.556,8.589
02/12/2019 15.00,02/12/2019 16.00,0.554,8.567
02/12/2019 16.00,02/12/2019 17.00,0.515,8.276
02/12/2019 17.00,02/12/2019 18.00,0.434,7.696
02/12/2019 18.00,02/12/2019 19.00,0.359,7.135
02/12/2019 19.00,02/12/2019 20.00,0.289,6.58
02/12/2019 20.00,02/12/2019 21.00,0.226,6.042
02/12/2019 21.00,02/12/2019 22.00,0.201,5.815
02/12/2019 22.00,02/12/2019 23.00,0.184,5.647
02/12/2019 23.00,03/12/2019 00.00,0.188,5.685
03/12/2019 00.00,03/12/2019 01.00,0.219,5.974
03/12/2019 01.00,03/12/2019 02.00,0.201,5.799
03/12/2019 02.00,03/12/2019 03.00,0.206,5.859
03/12/2019 03.00,03/12/2019 04.00,0.274,6.461
03/12/2019 04.00,03/12/2019 05.00,0.401,7.45
03/12/2019 05.00,03/12/2019 06.00,0.501,8.178
03/12/2019 06.00,03/12/2019 07.00,0.603,8.944
03/12/2019 07.00,03/12/2019 08.00,0.663,9.425
03/12/2019 08.00,03/12/2019 09.00,0.636,9.203
03/12/2019 09.00,03/12/2019 10.00,0.673,9.506
03/12/2019 10.00,03/12/2019 11.00,0.686,9.624
03/12/2019 11.00,03/12/2019 12.00,0.77,10.426
03/12/2019 12.00,03/12/2019 13.00,0.849,11.424
03/12/2019 13.00,03/12/2019 14.00,0.82,11.014
03/12/2019 14.00,03/12/2019 15.00,0.812,10.916
03/12/2019 15.00,03/12/2019 16.00,0.82,11.018
03/12/2019 16.00,03/12/2019 17.00,0.801,10.777
03/12/2019 17.00,03/12/2019 18.00,0.788,10.624
03/12/2019 18.00,03/12/2019 19.00,0.772,10.453
03/12/2019 19.00,03/12/2019 20.00,0.766,10.385
03/12/2019 20.00,03/12/2019 21.00,0.74,10.12
03/12/2019 21.00,03/12/2019 22.00,0.715,9.881
03/12/2019 22.00,03/12/2019 23.00,0.702,9.763
03/12/2019 23.00,04/12/2019 00.00,0.684,9.606
04/12/2019 00.00,04/12/2019 01.00,0.667,9.454
04/12/2019 01.00,04/12/2019 02.00,0.662,9.414
04/12/2019 02.00,04/12/2019 03.00,0.664,9.431
04/12/2019 03.00,04/12/2019 04.00,0.666,9.442
04/12/2019 04.00,04/12/2019 05.00,0.653,9.342
04/12/2019 05.00,04/12/2019 06.00,0.645,9.275
04/12/2019 06.00,04/12/2019 07.00,0.657,9.38
04/12/2019 07.00,04/12/2019 08.00,0.669,9.475
04/12/2019 08.00,04/12/2019 09.00,0.672,9.496
04/12/2019 09.00,04/12/2019 10.00,0.672,9.5
04/12/2019 10.00,04/12/2019 11.00,0.689,9.646
04/12/2019 11.00,04/12/2019 12.00,0.722,9.939
04/12/2019 12.00,04/12/2019 13.00,0.74,10.127
04/12/2019 13.00,04/12/2019 14.00,0.751,10.232
04/12/2019 14.00,04/12/2019 15.00,0.74,10.118
04/12/2019 15.00,04/12/2019 16.00,0.717,9.894
04/12/2019 16.00,04/12/2019 17.00,0.726,9.983
04/12/2019 17.00,04/12/2019 18.00,0.737,10.087
04/12/2019 18.00,04/12/2019 19.00,0.729,10.017
04/12/2019 19.00,04/12/2019 20.00,0.737,10.08
04/12/2019 20.00,04/12/2019 21.00,0.748,10.189
04/12/2019 21.00,04/12/2019 22.00,0.759,10.309
04/12/2019 22.00,04/12/2019 23.00,0.771,10.435
04/12/2019 23.00,05/12/2019 00.00,0.804,10.815
05/12/2019 00.00,05/12/2019 01.00,0.832,11.171
05/12/2019 01.00,05/12/2019 02.00,0.835,11.222
05/12/2019 02.00,05/12/2019 03.00,0.87,11.746
05/12/2019 03.00,05/12/2019 04.00,0.877,11.867
05/12/2019 04.00,05/12/2019 05.00,0.873,11.802
05/12/2019 05.00,05/12/2019 06.00,0.878,11.884
05/12/2019 06.00,05/12/2019 07.00,0.891,12.124
05/12/2019 07.00,05/12/2019 08.00,0.897,12.259
05/12/2019 08.00,05/12/2019 09.00,0.892,12.142
05/12/2019 09.00,05/12/2019 10.00,0.912,12.564
05/12/2019 10.00,05/12/2019 11.00,0.929,12.996
05/12/2019 11.00,05/12/2019 12.00,0.937,13.22
05/12/2019 12.00,05/12/2019 13.00,0.938,13.272
05/12/2019 13.00,05/12/2019 14.00,0.932,13.084
05/12/2019 14.00,05/12/2019 15.00,0.935,13.176
05/12/2019 15.00,05/12/2019 16.00,0.939,13.276
05/12/2019 16.00,05/12/2019 17.00,0.95,13.65
05/12/2019 17.00,05/12/2019 18.00,0.963,14.177
05/12/2019 18.00,05/12/2019 19.00,0.97,14.538
05/12/2019 19.00,05/12/2019 20.00,0.979,15.128
05/12/2019 20.00,05/12/2019 21.00,0.986,15.827
05/12/2019 21.00,05/12/2019 22.00,0.991,16.875
05/12/2019 22.00,05/12/2019 23.00,0.99,17.632
05/12/2019 23.00,06/12/2019 00.00,0.986,18.265
06/12/2019 00.00,06/12/2019 01.00,0.982,18.646
06/12/2019 01.00,06/12/2019 02.00,0.984,18.469
06/12/2019 02.00,06/12/2019 03.00,0.989,17.881
06/12/2019 03.00,06/12/2019 04.00,0.991,16.993
06/12/2019 04.00,06/12/2019 05.00,0.986,15.809
06/12/2019 05.00,06/12/2019 06.00,0.97,14.537
06/12/2019 06.00,06/12/2019 07.00,0.94,13.325
06/12/2019 07.00,06/12/2019 08.00,0.906,12.428
06/12/2019 08.00,06/12/2019 09.00,0.868,11.715
06/12/2019 09.00,06/12/2019 10.00,0.814,10.933
06/12/2019 10.00,06/12/2019 11.00,0.763,10.348
06/12/2019 11.00,06/12/2019 12.00,0.662,9.416
06/12/2019 12.00,06/12/2019 13.00,0.702,9.765
06/12/2019 13.00,06/12/2019 14.00,0.744,10.157
06/12/2019 14.00,06/12/2019 15.00,0.759,10.31
06/12/2019 15.00,06/12/2019 16.00,0.76,10.319
06/12/2019 16.00,06/12/2019 17.00,0.745,10.168
06/12/2019 17.00,06/12/2019 18.00,0.756,10.286
06/12/2019 18.00,06/12/2019 19.00,0.814,10.937
06/12/2019 19.00,06/12/2019 20.00,0.859,11.573
06/12/2019 20.00,06/12/2019 21.00,0.837,11.239
06/12/2019 21.00,06/12/2019 22.00,0.808,10.853
06/12/2019 22.00,06/12/2019 23.00,0.774,10.47
06/12/2019 23.00,07/12/2019 00.00,0.718,9.908
07/12/2019 00.00,07/12/2019 01.00,0.701,9.756
07/12/2019 01.00,07/12/2019 02.00,0.737,10.084
07/12/2019 02.00,07/12/2019 03.00,0.805,10.825
07/12/2019 03.00,07/12/2019 04.00,0.89,12.107
07/12/2019 04.00,07/12/2019 05.00,0.91,12.521
07/12/2019 05.00,07/12/2019 06.00,0.886,12.026
07/12/2019 06.00,07/12/2019 07.00,0.855,11.502
07/12/2019 07.00,07/12/2019 08.00,0.854,11.489
07/12/2019 08.00,07/12/2019 09.00,0.852,11.456
07/12/2019 09.00,07/12/2019 10.00,0.849,11.42
07/12/2019 10.00,07/12/2019 11.00,0.844,11.34
07/12/2019 11.00,07/12/2019 12.00,0.874,11.821
07/12/2019 12.00,07/12/2019 13.00,0.88,11.921
07/12/2019 13.00,07/12/2019 14.00,0.871,11.765
07/12/2019 14.00,07/12/2019 15.00,0.833,11.186
07/12/2019 15.00,07/12/2019 16.00,0.772,10.447
07/12/2019 16.00,07/12/2019 17.00,0.695,9.703
07/12/2019 17.00,07/12/2019 18.00,0.656,9.365
07/12/2019 18.00,07/12/2019 19.00,0.588,8.824
07/12/2019 19.00,07/12/2019 20.00,0.532,8.403
07/12/2019 20.00,07/12/2019 21.00,0.461,7.89
07/12/2019 21.00,07/12/2019 22.00,0.414,7.553
07/12/2019 22.00,07/12/2019 23.00,0.467,7.934
07/12/2019 23.00,08/12/2019 00.00,0.557,8.594
08/12/2019 00.00,08/12/2019 01.00,0.695,9.697
08/12/2019 01.00,08/12/2019 02.00,0.797,10.731
08/12/2019 02.00,08/12/2019 03.00,0.863,11.627
08/12/2019 03.00,08/12/2019 04.00,0.915,12.645
08/12/2019 04.00,08/12/2019 05.00,0.955,13.853
08/12/2019 05.00,08/12/2019 06.00,0.976,14.904
08/12/2019 06.00,08/12/2019 07.00,0.991,17.381
08/12/2019 07.00,08/12/2019 08.00,0.983,18.611
08/12/2019 08.00,08/12/2019 09.00,0.99,17.724
08/12/2019 09.00,08/12/2019 10.00,0.991,17.051
08/12/2019 10.00,08/12/2019 11.00,0.989,16.31
08/12/2019 11.00,08/12/2019 12.00,0.978,15.066
08/12/2019 12.00,08/12/2019 13.00,0.964,14.235
08/12/2019 13.00,08/12/2019 14.00,0.952,13.747
08/12/2019 14.00,08/12/2019 15.00,0.936,13.192
08/12/2019 15.00,08/12/2019 16.00,0.917,12.689
08/12/2019 16.00,08/12/2019 17.00,0.921,12.785
08/12/2019 17.00,08/12/2019 18.00,0.926,12.901
08/12/2019 18.00,08/12/2019 19.00,0.919,12.734
08/12/2019 19.00,08/12/2019 20.00,0.922,12.821
08/12/2019 20.00,08/12/2019 21.00,0.931,13.049
08/12/2019 21.00,08/12/2019 22.00,0.93,13.037
08/12/2019 22.00,08/12/2019 23.00,0.917,12.671
08/12/2019 23.00,09/12/2019 00.00,0.916,12.668
09/12/2019 00.00,09/12/2019 01.00,0.918,12.718
09/12/2019 01.00,09/12/2019 02.00,0.912,12.57
09/12/2019 02.00,09/12/2019 03.00,0.902,12.349
09/12/2019 03.00,09/12/2019 04.00,0.891,12.121
09/12/2019 04.00,09/12/2019 05.00,0.877,11.865
09/12/2019 05.00,09/12/2019 06.00,0.867,11.693
09/12/2019 06.00,09/12/2019 07.00,0.86,11.581
09/12/2019 07.00,09/12/2019 08.00,0.86,11.584
09/12/2019 08.00,09/12/2019 09.00,0.849,11.418
09/12/2019 09.00,09/12/2019 10.00,0.845,11.351
09/12/2019 10.00,09/12/2019 11.00,0.867,11.704
09/12/2019 11.00,09/12/2019 12.00,0.918,12.71
09/12/2019 12.00,09/12/2019 13.00,0.965,14.295
09/12/2019 13.00,09/12/2019 14.00,0.984,15.584
09/12/2019 14.00,09/12/2019 15.00,0.989,16.291
09/12/2019 15.00,09/12/2019 16.00,0.988,16.011
09/12/2019 16.00,09/12/2019 17.00,0.977,14.998
09/12/2019 17.00,09/12/2019 18.00,0.946,13.515
09/12/2019 18.00,09/12/2019 19.00,0.949,13.635
09/12/2019 19.00,09/12/2019 20.00,0.941,13.362
09/12/2019 20.00,09/12/2019 21.00,0.917,12.703
09/12/2019 21.00,09/12/2019 22.00,0.877,11.876
09/12/2019 22.00,09/12/2019 23.00,0.823,11.059
09/12/2019 23.00,10/12/2019 00.00,0.772,10.44
10/12/2019 00.00,10/12/2019 01.00,0.683,9.6
10/12/2019 01.00,10/12/2019 02.00,0.613,9.022
10/12/2019 02.00,10/12/2019 03.00,0.526,8.364
10/12/2019 03.00,10/12/2019 04.00,0.416,7.567
10/12/2019 04.00,10/12/2019 05.00,0.292,6.613
10/12/2019 05.00,10/12/2019 06.00,0.192,5.713
10/12/2019 06.00,10/12/2019 07.00,0.171,5.511
10/12/2019 07.00,10/12/2019 08.00,0.245,6.21
10/12/2019 08.00,10/12/2019 09.00,0.337,6.973
10/12/2019 09.00,10/12/2019 10.00,0.451,7.82
10/12/2019 10.00,10/12/2019 11.00,0.525,8.358
10/12/2019 11.00,10/12/2019 12.00,0.637,9.214
10/12/2019 12.00,10/12/2019 13.00,0.736,10.077
10/12/2019 13.00,10/12/2019 14.00,0.793,10.685
10/12/2019 14.00,10/12/2019 15.00,0.853,11.482
10/12/2019 15.00,10/12/2019 16.00,0.885,12.009
10/12/2019 16.00,10/12/2019 17.00,0.919,12.747
10/12/2019 17.00,10/12/2019 18.00,0.955,13.868
10/12/2019 18.00,10/12/2019 19.00,0.986,15.777
10/12/2019 19.00,10/12/2019 20.00,0.991,16.766
10/12/2019 20.00,10/12/2019 21.00,0.988,18.112
10/12/2019 21.00,10/12/2019 22.00,0.98,18.82
10/12/2019 22.00,10/12/2019 23.00,0.982,18.68
10/12/2019 23.00,11/12/2019 00.00,0.983,18.563
11/12/2019 00.00,11/12/2019 01.00,0.985,18.443
11/12/2019 01.00,11/12/2019 02.00,0.99,17.712
11/12/2019 02.00,11/12/2019 03.00,0.987,15.985
11/12/2019 03.00,11/12/2019 04.00,0.962,14.15
11/12/2019 04.00,11/12/2019 05.00,0.914,12.625
11/12/2019 05.00,11/12/2019 06.00,0.852,11.461
11/12/2019 06.00,11/12/2019 07.00,0.759,10.315
11/12/2019 07.00,11/12/2019 08.00,0.683,9.6
11/12/2019 08.00,11/12/2019 09.00,0.665,9.435
11/12/2019 09.00,11/12/2019 10.00,0.611,9.002
11/12/2019 10.00,11/12/2019 11.00,0.595,8.885
11/12/2019 11.00,11/12/2019 12.00,0.567,8.665
11/12/2019 12.00,11/12/2019 13.00,0.521,8.319
11/12/2019 13.00,11/12/2019 14.00,0.519,8.308
11/12/2019 14.00,11/12/2019 15.00,0.569,8.683
11/12/2019 15.00,11/12/2019 16.00,0.603,8.942
11/12/2019 16.00,11/12/2019 17.00,0.586,8.808
11/12/2019 17.00,11/12/2019 18.00,0.566,8.655
11/12/2019 18.00,11/12/2019 19.00,0.55,8.53
11/12/2019 19.00,11/12/2019 20.00,0.529,8.385
11/12/2019 20.00,11/12/2019 21.00,0.513,8.26
11/12/2019 21.00,11/12/2019 22.00,0.519,8.301
11/12/2019 22.00,11/12/2019 23.00,0.536,8.433
11/12/2019 23.00,12/12/2019 00.00,0.553,8.561
12/12/2019 00.00,12/12/2019 01.00,0.56,8.615
12/12/2019 01.00,12/12/2019 02.00,0.563,8.638
12/12/2019 02.00,12/12/2019 03.00,0.574,8.712
12/12/2019 03.00,12/12/2019 04.00,0.586,8.807
12/12/2019 04.00,12/12/2019 05.00,0.591,8.855
12/12/2019 05.00,12/12/2019 06.00,0.586,8.81
12/12/2019 06.00,12/12/2019 07.00,0.578,8.748
12/12/2019 07.00,12/12/2019 08.00,0.578,8.74
12/12/2019 08.00,12/12/2019 09.00,0.588,8.824
12/12/2019 09.00,12/12/2019 10.00,0.597,8.895
12/12/2019 10.00,12/12/2019 11.00,0.601,8.929
12/12/2019 11.00,12/12/2019 12.00,0.595,8.884
12/12/2019 12.00,12/12/2019 13.00,0.624,9.109
12/12/2019 13.00,12/12/2019 14.00,0.607,8.978
12/12/2019 14.00,12/12/2019 15.00,0.618,9.055
12/12/2019 15.00,12/12/2019 16.00,0.631,9.163
12/12/2019 16.00,12/12/2019 17.00,0.644,9.27
12/12/2019 17.00,12/12/2019 18.00,0.66,9.395
12/12/2019 18.00,12/12/2019 19.00,0.682,9.588
12/12/2019 19.00,12/12/2019 20.00,0.667,9.454
12/12/2019 20.00,12/12/2019 21.00,0.651,9.324
12/12/2019 21.00,12/12/2019 22.00,0.677,9.549
12/12/2019 22.00,12/12/2019 23.00,0.65,9.319
12/12/2019 23.00,13/12/2019 00.00,0.683,9.597
13/12/2019 00.00,13/12/2019 01.00,0.768,10.398
13/12/2019 01.00,13/12/2019 02.00,0.806,10.83
13/12/2019 02.00,13/12/2019 03.00,0.845,11.364
13/12/2019 03.00,13/12/2019 04.00,0.867,11.702
13/12/2019 04.00,13/12/2019 05.00,0.891,12.122
13/12/2019 05.00,13/12/2019 06.00,0.905,12.414
13/12/2019 06.00,13/12/2019 07.00,0.917,12.68
13/12/2019 07.00,13/12/2019 08.00,0.922,12.813
13/12/2019 08.00,13/12/2019 09.00,0.926,12.913
13/12/2019 09.00,13/12/2019 10.00,0.921,12.779
13/12/2019 10.00,13/12/2019 11.00,0.907,12.457
13/12/2019 11.00,13/12/2019 12.00,0.889,12.1
13/12/2019 12.00,13/12/2019 13.00,0.874,11.819
13/12/2019 13.00,13/12/2019 14.00,0.866,11.681
13/12/2019 14.00,13/12/2019 15.00,0.862,11.601
13/12/2019 15.00,13/12/2019 16.00,0.844,11.328
13/12/2019 16.00,13/12/2019 17.00,0.828,11.113
13/12/2019 17.00,13/12/2019 18.00,0.779,10.529
13/12/2019 18.00,13/12/2019 19.00,0.725,9.979
13/12/2019 19.00,13/12/2019 20.00,0.692,9.668
13/12/2019 20.00,13/12/2019 21.00,0.638,9.218
13/12/2019 21.00,13/12/2019 22.00,0.58,8.77
13/12/2019 22.00,13/12/2019 23.00,0.511,8.251
13/12/2019 23.00,14/12/2019 00.00,0.479,8.014
14/12/2019 00.00,14/12/2019 01.00,0.461,7.89
14/12/2019 01.00,14/12/2019 02.00,0.465,7.915
14/12/2019 02.00,14/12/2019 03.00,0.477,8.004
14/12/2019 03.00,14/12/2019 04.00,0.499,8.164
14/12/2019 04.00,14/12/2019 05.00,0.527,8.375
14/12/2019 05.00,14/12/2019 06.00,0.569,8.68
14/12/2019 06.00,14/12/2019 07.00,0.608,8.982
14/12/2019 07.00,14/12/2019 08.00,0.633,9.173
14/12/2019 08.00,14/12/2019 09.00,0.623,9.101
14/12/2019 09.00,14/12/2019 10.00,0.593,8.864
14/12/2019 10.00,14/12/2019 11.00,0.529,8.386
14/12/2019 11.00,14/12/2019 12.00,0.481,8.029
14/12/2019 12.00,14/12/2019 13.00,0.42,7.589
14/12/2019 13.00,14/12/2019 14.00,0.377,7.273
14/12/2019 14.00,14/12/2019 15.00,0.351,7.075
14/12/2019 15.00,14/12/2019 16.00,0.348,7.059
14/12/2019 16.00,14/12/2019 17.00,0.382,7.313
14/12/2019 17.00,14/12/2019 18.00,0.439,7.729
14/12/2019 18.00,14/12/2019 19.00,0.497,8.146
14/12/2019 19.00,14/12/2019 20.00,0.582,8.777
14/12/2019 20.00,14/12/2019 21.00,0.707,9.814
14/12/2019 21.00,14/12/2019 22.00,0.806,10.837
14/12/2019 22.00,14/12/2019 23.00,0.851,11.445
14/12/2019 23.00,15/12/2019 00.00,0.877,11.874
15/12/2019 00.00,15/12/2019 01.00,0.923,12.842
15/12/2019 01.00,15/12/2019 02.00,0.922,12.804
15/12/2019 02.00,15/12/2019 03.00,0.91,12.514
15/12/2019 03.00,15/12/2019 04.00,0.848,11.393
15/12/2019 04.00,15/12/2019 05.00,0.722,9.947
15/12/2019 05.00,15/12/2019 06.00,0.657,9.375
15/12/2019 06.00,15/12/2019 07.00,0.69,9.649
15/12/2019 07.00,15/12/2019 08.00,0.76,10.322
15/12/2019 08.00,15/12/2019 09.00,0.852,11.46
15/12/2019 09.00,15/12/2019 10.00,0.84,11.292
15/12/2019 10.00,15/12/2019 11.00,0.8,10.767
15/12/2019 11.00,15/12/2019 12.00,0.798,10.749
15/12/2019 12.00,15/12/2019 13.00,0.72,9.928
15/12/2019 13.00,15/12/2019 14.00,0.653,9.339
15/12/2019 14.00,15/12/2019 15.00,0.754,10.259
15/12/2019 15.00,15/12/2019 16.00,0.911,12.562
15/12/2019 16.00,15/12/2019 17.00,0.936,13.198
15/12/2019 17.00,15/12/2019 18.00,0.906,12.447
15/12/2019 18.00,15/12/2019 19.00,0.815,10.957
15/12/2019 19.00,15/12/2019 20.00,0.744,10.163
15/12/2019 20.00,15/12/2019 21.00,0.77,10.428
15/12/2019 21.00,15/12/2019 22.00,0.808,10.854
15/12/2019 22.00,15/12/2019 23.00,0.841,11.298
15/12/2019 23.00,16/12/2019 00.00,0.857,11.533
16/12/2019 00.00,16/12/2019 01.00,0.839,11.259
16/12/2019 01.00,16/12/2019 02.00,0.807,10.848
16/12/2019 02.00,16/12/2019 03.00,0.802,10.794
16/12/2019 03.00,16/12/2019 04.00,0.776,10.486
16/12/2019 04.00,16/12/2019 05.00,0.735,10.074
16/12/2019 05.00,16/12/2019 06.00,0.687,9.631
16/12/2019 06.00,16/12/2019 07.00,0.739,10.101
16/12/2019 07.00,16/12/2019 08.00,0.797,10.732
16/12/2019 08.00,16/12/2019 09.00,0.801,10.777
16/12/2019 09.00,16/12/2019 10.00,0.792,10.676
16/12/2019 10.00,16/12/2019 11.00,0.82,11.007
16/12/2019 11.00,16/12/2019 12.00,0.821,11.028
16/12/2019 12.00,16/12/2019 13.00,0.798,10.737
16/12/2019 13.00,16/12/2019 14.00,0.817,10.979
16/12/2019 14.00,16/12/2019 15.00,0.826,11.082
16/12/2019 15.00,16/12/2019 16.00,0.819,11.004
16/12/2019 16.00,16/12/2019 17.00,0.815,10.953
16/12/2019 17.00,16/12/2019 18.00,0.803,10.804
16/12/2019 18.00,16/12/2019 19.00,0.791,10.657
16/12/2019 19.00,16/12/2019 20.00,0.774,10.473
16/12/2019 20.00,16/12/2019 21.00,0.739,10.115
16/12/2019 21.00,16/12/2019 22.00,0.687,9.633
16/12/2019 22.00,16/12/2019 23.00,0.615,9.038
16/12/2019 23.00,17/12/2019 00.00,0.544,8.496
17/12/2019 00.00,17/12/2019 01.00,0.49,8.096
17/12/2019 01.00,17/12/2019 02.00,0.429,7.646
17/12/2019 02.00,17/12/2019 03.00,0.395,7.411
17/12/2019 03.00,17/12/2019 04.00,0.395,7.396
17/12/2019 04.00,17/12/2019 05.00,0.4,7.438
17/12/2019 05.00,17/12/2019 06.00,0.391,7.369
17/12/2019 06.00,17/12/2019 07.00,0.375,7.255
17/12/2019 07.00,17/12/2019 08.00,0.337,6.964
17/12/2019 08.00,17/12/2019 09.00,0.294,6.622
17/12/2019 09.00,17/12/2019 10.00,0.248,6.231
17/12/2019 10.00,17/12/2019 11.00,0.228,6.061
17/12/2019 11.00,17/12/2019 12.00,0.23,6.078
17/12/2019 12.00,17/12/2019 13.00,0.259,6.338
17/12/2019 13.00,17/12/2019 14.00,0.245,6.21
17/12/2019 14.00,17/12/2019 15.00,0.212,5.915
17/12/2019 15.00,17/12/2019 16.00,0.243,6.194
17/12/2019 16.00,17/12/2019 17.00,0.252,6.278
17/12/2019 17.00,17/12/2019 18.00,0.241,6.175
17/12/2019 18.00,17/12/2019 19.00,0.233,6.109
17/12/2019 19.00,17/12/2019 20.00,0.22,5.988
17/12/2019 20.00,17/12/2019 21.00,0.209,5.89
17/12/2019 21.00,17/12/2019 22.00,0.212,5.916
17/12/2019 22.00,17/12/2019 23.00,0.263,6.369
17/12/2019 23.00,18/12/2019 00.00,0.412,7.526
18/12/2019 00.00,18/12/2019 01.00,0.615,9.03
18/12/2019 01.00,18/12/2019 02.00,0.765,10.367
18/12/2019 02.00,18/12/2019 03.00,0.773,10.463
18/12/2019 03.00,18/12/2019 04.00,0.631,9.163
18/12/2019 04.00,18/12/2019 05.00,0.439,7.73
18/12/2019 05.00,18/12/2019 06.00,0.459,7.87
18/12/2019 06.00,18/12/2019 07.00,0.613,9.016
18/12/2019 07.00,18/12/2019 08.00,0.688,9.638
18/12/2019 08.00,18/12/2019 09.00,0.729,10.017
18/12/2019 09.00,18/12/2019 10.00,0.751,10.232
18/12/2019 10.00,18/12/2019 11.00,0.768,10.411
18/12/2019 11.00,18/12/2019 12.00,0.792,10.677
18/12/2019 12.00,18/12/2019 13.00,0.812,10.918
18/12/2019 13.00,18/12/2019 14.00,0.8,10.763
18/12/2019 14.00,18/12/2019 15.00,0.773,10.465
18/12/2019 15.00,18/12/2019 16.00,0.75,10.218
18/12/2019 16.00,18/12/2019 17.00,0.697,9.713
18/12/2019 17.00,18/12/2019 18.00,0.583,8.785
18/12/2019 18.00,18/12/2019 19.00,0.477,8.004
18/12/2019 19.00,18/12/2019 20.00,0.395,7.397
18/12/2019 20.00,18/12/2019 21.00,0.431,7.666
18/12/2019 21.00,18/12/2019 22.00,0.516,8.29
18/12/2019 22.00,18/12/2019 23.00,0.552,8.554
18/12/2019 23.00,19/12/2019 00.00,0.568,8.675
19/12/2019 00.00,19/12/2019 01.00,0.55,8.533
19/12/2019 01.00,19/12/2019 02.00,0.488,8.086
19/12/2019 02.00,19/12/2019 03.00,0.482,8.042
19/12/2019 03.00,19/12/2019 04.00,0.501,8.182
19/12/2019 04.00,19/12/2019 05.00,0.552,8.557
19/12/2019 05.00,19/12/2019 06.00,0.654,9.35
19/12/2019 06.00,19/12/2019 07.00,0.772,10.443
19/12/2019 07.00,19/12/2019 08.00,0.812,10.901
19/12/2019 08.00,19/12/2019 09.00,0.834,11.204
19/12/2019 09.00,19/12/2019 10.00,0.842,11.31
19/12/2019 10.00,19/12/2019 11.00,0.823,11.057
19/12/2019 11.00,19/12/2019 12.00,0.788,10.633
19/12/2019 12.00,19/12/2019 13.00,0.746,10.182
19/12/2019 13.00,19/12/2019 14.00,0.719,9.917
19/12/2019 14.00,19/12/2019 15.00,0.711,9.847
19/12/2019 15.00,19/12/2019 16.00,0.709,9.824
19/12/2019 16.00,19/12/2019 17.00,0.695,9.69
19/12/2019 17.00,19/12/2019 18.00,0.675,9.525
19/12/2019 18.00,19/12/2019 19.00,0.67,9.483
19/12/2019 19.00,19/12/2019 20.00,0.652,9.332
19/12/2019 20.00,19/12/2019 21.00,0.629,9.143
19/12/2019 21.00,19/12/2019 22.00,0.601,8.931
19/12/2019 22.00,19/12/2019 23.00,0.596,8.891
19/12/2019 23.00,20/12/2019 00.00,0.581,8.773
20/12/2019 00.00,20/12/2019 01.00,0.58,8.761
20/12/2019 01.00,20/12/2019 02.00,0.566,8.654
20/12/2019 02.00,20/12/2019 03.00,0.563,8.641
20/12/2019 03.00,20/12/2019 04.00,0.583,8.783
20/12/2019 04.00,20/12/2019 05.00,0.622,9.097
20/12/2019 05.00,20/12/2019 06.00,0.652,9.333
20/12/2019 06.00,20/12/2019 07.00,0.675,9.525
20/12/2019 07.00,20/12/2019 08.00,0.732,10.043
20/12/2019 08.00,20/12/2019 09.00,0.762,10.34
20/12/2019 09.00,20/12/2019 10.00,0.804,10.815
20/12/2019 10.00,20/12/2019 11.00,0.809,10.881
20/12/2019 11.00,20/12/2019 12.00,0.839,11.273
20/12/2019 12.00,20/12/2019 13.00,0.827,11.101
20/12/2019 13.00,20/12/2019 14.00,0.803,10.798
20/12/2019 14.00,20/12/2019 15.00,0.834,11.199
20/12/2019 15.00,20/12/2019 16.00,0.844,11.329
20/12/2019 16.00,20/12/2019 17.00,0.86,11.579
20/12/2019 17.00,20/12/2019 18.00,0.854,11.484
20/12/2019 18.00,20/12/2019 19.00,0.837,11.244
20/12/2019 19.00,20/12/2019 20.00,0.827,11.103
20/12/2019 20.00,20/12/2019 21.00,0.8,10.756
20/12/2019 21.00,20/12/2019 22.00,0.731,10.039
20/12/2019 22.00,20/12/2019 23.00,0.646,9.289
20/12/2019 23.00,21/12/2019 00.00,0.613,9.019
21/12/2019 00.00,21/12/2019 01.00,0.594,8.876
21/12/2019 01.00,21/12/2019 02.00,0.581,8.771
21/12/2019 02.00,21/12/2019 03.00,0.642,9.253
21/12/2019 03.00,21/12/2019 04.00,0.691,9.665
21/12/2019 04.00,21/12/2019 05.00,0.702,9.768
21/12/2019 05.00,21/12/2019 06.00,0.701,9.754
21/12/2019 06.00,21/12/2019 07.00,0.682,9.581
21/12/2019 07.00,21/12/2019 08.00,0.64,9.234
21/12/2019 08.00,21/12/2019 09.00,0.617,9.047
21/12/2019 09.00,21/12/2019 10.00,0.55,8.535
21/12/2019 10.00,21/12/2019 11.00,0.471,7.965
21/12/2019 11.00,21/12/2019 12.00,0.403,7.471
21/12/2019 12.00,21/12/2019 13.00,0.349,7.066
21/12/2019 13.00,21/12/2019 14.00,0.341,6.992
21/12/2019 14.00,21/12/2019 15.00,0.343,7.01
21/12/2019 15.00,21/12/2019 16.00,0.374,7.241
21/12/2019 16.00,21/12/2019 17.00,0.399,7.434
21/12/2019 17.00,21/12/2019 18.00,0.432,7.678
21/12/2019 18.00,21/12/2019 19.00,0.494,8.134
21/12/2019 19.00,21/12/2019 20.00,0.535,8.424
21/12/2019 20.00,21/12/2019 21.00,0.579,8.754
21/12/2019 21.00,21/12/2019 22.00,0.56,8.617
21/12/2019 22.00,21/12/2019 23.00,0.552,8.55
21/12/2019 23.00,22/12/2019 00.00,0.524,8.346
22/12/2019 00.00,22/12/2019 01.00,0.513,8.262
22/12/2019 01.00,22/12/2019 02.00,0.503,8.196
22/12/2019 02.00,22/12/2019 03.00,0.501,8.181
22/12/2019 03.00,22/12/2019 04.00,0.49,8.095
22/12/2019 04.00,22/12/2019 05.00,0.422,7.61
22/12/2019 05.00,22/12/2019 06.00,0.385,7.33
22/12/2019 06.00,22/12/2019 07.00,0.401,7.447
22/12/2019 07.00,22/12/2019 08.00,0.403,7.47
22/12/2019 08.00,22/12/2019 09.00,0.397,7.417
22/12/2019 09.00,22/12/2019 10.00,0.428,7.641
22/12/2019 10.00,22/12/2019 11.00,0.444,7.765
22/12/2019 11.00,22/12/2019 12.00,0.466,7.922
22/12/2019 12.00,22/12/2019 13.00,0.49,8.094
22/12/2019 13.00,22/12/2019 14.00,0.498,8.151
22/12/2019 14.00,22/12/2019 15.00,0.466,7.929
22/12/2019 15.00,22/12/2019 16.00,0.49,8.096
22/12/2019 16.00,22/12/2019 17.00,0.517,8.295
22/12/2019 17.00,22/12/2019 18.00,0.54,8.466
22/12/2019 18.00,22/12/2019 19.00,0.561,8.622
22/12/2019 19.00,22/12/2019 20.00,0.565,8.648
22/12/2019 20.00,22/12/2019 21.00,0.552,8.555
22/12/2019 21.00,22/12/2019 22.00,0.532,8.4
22/12/2019 22.00,22/12/2019 23.00,0.514,8.274
22/12/2019 23.00,23/12/2019 00.00,0.504,8.202
23/12/2019 00.00,23/12/2019 01.00,0.494,8.126
23/12/2019 01.00,23/12/2019 02.00,0.47,7.959
23/12/2019 02.00,23/12/2019 03.00,0.447,7.78
23/12/2019 03.00,23/12/2019 04.00,0.441,7.743
23/12/2019 04.00,23/12/2019 05.00,0.438,7.725
23/12/2019 05.00,23/12/2019 06.00,0.42,7.584
23/12/2019 06.00,23/12/2019 07.00,0.388,7.355
23/12/2019 07.00,23/12/2019 08.00,0.356,7.113
23/12/2019 08.00,23/12/2019 09.00,0.306,6.724
23/12/2019 09.00,23/12/2019 10.00,0.206,5.856
23/12/2019 10.00,23/12/2019 11.00,0.126,4.996
23/12/2019 11.00,23/12/2019 12.00,0.104,4.703
23/12/2019 12.00,23/12/2019 13.00,0.127,5.011
23/12/2019 13.00,23/12/2019 14.00,0.184,5.642
23/12/2019 14.00,23/12/2019 15.00,0.274,6.461
23/12/2019 15.00,23/12/2019 16.00,0.358,7.125
23/12/2019 16.00,23/12/2019 17.00,0.432,7.67
23/12/2019 17.00,23/12/2019 18.00,0.488,8.084
23/12/2019 18.00,23/12/2019 19.00,0.507,8.223
23/12/2019 19.00,23/12/2019 20.00,0.501,8.171
23/12/2019 20.00,23/12/2019 21.00,0.492,8.113
23/12/2019 21.00,23/12/2019 22.00,0.477,8.005
23/12/2019 22.00,23/12/2019 23.00,0.464,7.906
23/12/2019 23.00,24/12/2019 00.00,0.447,7.787
24/12/2019 00.00,24/12/2019 01.00,0.458,7.865
24/12/2019 01.00,24/12/2019 02.00,0.479,8.016
24/12/2019 02.00,24/12/2019 03.00,0.494,8.126
24/12/2019 03.00,24/12/2019 04.00,0.491,8.098
24/12/2019 04.00,24/12/2019 05.00,0.523,8.332
24/12/2019 05.00,24/12/2019 06.00,0.557,8.592
24/12/2019 06.00,24/12/2019 07.00,0.569,8.681
24/12/2019 07.00,24/12/2019 08.00,0.58,8.769
24/12/2019 08.00,24/12/2019 09.00,0.593,8.865
24/12/2019 09.00,24/12/2019 10.00,0.578,8.745
24/12/2019 10.00,24/12/2019 11.00,0.58,8.759
24/12/2019 11.00,24/12/2019 12.00,0.535,8.429
24/12/2019 12.00,24/12/2019 13.00,0.501,8.174
24/12/2019 13.00,24/12/2019 14.00,0.454,7.833
24/12/2019 14.00,24/12/2019 15.00,0.395,7.399
24/12/2019 15.00,24/12/2019 16.00,0.369,7.218
24/12/2019 16.00,24/12/2019 17.00,0.338,6.976
24/12/2019 17.00,24/12/2019 18.00,0.331,6.919
24/12/2019 18.00,24/12/2019 19.00,0.321,6.843
24/12/2019 19.00,24/12/2019 20.00,0.315,6.803
24/12/2019 20.00,24/12/2019 21.00,0.299,6.665
24/12/2019 21.00,24/12/2019 22.00,0.274,6.457
24/12/2019 22.00,24/12/2019 23.00,0.245,6.216
24/12/2019 23.00,25/12/2019 00.00,0.225,6.027
25/12/2019 00.00,25/12/2019 01.00,0.21,5.894
25/12/2019 01.00,25/12/2019 02.00,0.201,5.807
25/12/2019 02.00,25/12/2019 03.00,0.201,5.801
25/12/2019 03.00,25/12/2019 04.00,0.199,5.786
25/12/2019 04.00,25/12/2019 05.00,0.201,5.805
25/12/2019 05.00,25/12/2019 06.00,0.214,5.937
25/12/2019 06.00,25/12/2019 07.00,0.234,6.118
25/12/2019 07.00,25/12/2019 08.00,0.249,6.241
25/12/2019 08.00,25/12/2019 09.00,0.264,6.372
25/12/2019 09.00,25/12/2019 10.00,0.278,6.492
25/12/2019 10.00,25/12/2019 11.00,0.314,6.792
25/12/2019 11.00,25/12/2019 12.00,0.368,7.211
25/12/2019 12.00,25/12/2019 13.00,0.427,7.639
25/12/2019 13.00,25/12/2019 14.00,0.494,8.119
25/12/2019 14.00,25/12/2019 15.00,0.557,8.593
25/12/2019 15.00,25/12/2019 16.00,0.61,8.994
25/12/2019 16.00,25/12/2019 17.00,0.649,9.307
25/12/2019 17.00,25/12/2019 18.00,0.683,9.596
25/12/2019 18.00,25/12/2019 19.00,0.701,9.754
25/12/2019 19.00,25/12/2019 20.00,0.693,9.672
25/12/2019 20.00,25/12/2019 21.00,0.682,9.583
25/12/2019 21.00,25/12/2019 22.00,0.678,9.552
25/12/2019 22.00,25/12/2019 23.00,0.658,9.383
25/12/2019 23.00,26/12/2019 00.00,0.625,9.114
26/12/2019 00.00,26/12/2019 01.00,0.574,8.711
26/12/2019 01.00,26/12/2019 02.00,0.513,8.27
26/12/2019 02.00,26/12/2019 03.00,0.448,7.798
26/12/2019 03.00,26/12/2019 04.00,0.376,7.266
26/12/2019 04.00,26/12/2019 05.00,0.289,6.588
26/12/2019 05.00,26/12/2019 06.00,0.208,5.881
26/12/2019 06.00,26/12/2019 07.00,0.146,5.233
26/12/2019 07.00,26/12/2019 08.00,0.097,4.607
26/12/2019 08.00,26/12/2019 09.00,0.062,4.059
26/12/2019 09.00,26/12/2019 10.00,0.041,3.632
26/12/2019 10.00,26/12/2019 11.00,0.025,3.238
26/12/2019 11.00,26/12/2019 12.00,0.016,2.937
26/12/2019 12.00,26/12/2019 13.00,0.014,2.873
26/12/2019 13.00,26/12/2019 14.00,0.018,3.016
26/12/2019 14.00,26/12/2019 15.00,0.03,3.374
26/12/2019 15.00,26/12/2019 16.00,0.06,4.02
26/12/2019 16.00,26/12/2019 17.00,0.106,4.733
26/12/2019 17.00,26/12/2019 18.00,0.138,5.145
26/12/2019 18.00,26/12/2019 19.00,0.142,5.189
26/12/2019 19.00,26/12/2019 20.00,0.126,4.992
26/12/2019 20.00,26/12/2019 21.00,0.11,4.777
26/12/2019 21.00,26/12/2019 22.00,0.101,4.664
26/12/2019 22.00,26/12/2019 23.00,0.102,4.684
26/12/2019 23.00,27/12/2019 00.00,0.115,4.857
27/12/2019 00.00,27/12/2019 01.00,0.141,5.169
27/12/2019 01.00,27/12/2019 02.00,0.173,5.523
27/12/2019 02.00,27/12/2019 03.00,0.203,5.828
27/12/2019 03.00,27/12/2019 04.00,0.225,6.03
27/12/2019 04.00,27/12/2019 05.00,0.249,6.247
27/12/2019 05.00,27/12/2019 06.00,0.274,6.47
27/12/2019 06.00,27/12/2019 07.00,0.292,6.613
27/12/2019 07.00,27/12/2019 08.00,0.294,6.624
27/12/2019 08.00,27/12/2019 09.00,0.278,6.491
27/12/2019 09.00,27/12/2019 10.00,0.233,6.103
27/12/2019 10.00,27/12/2019 11.00,0.179,5.583
27/12/2019 11.00,27/12/2019 12.00,0.151,5.28
27/12/2019 12.00,27/12/2019 13.00,0.165,5.442
27/12/2019 13.00,27/12/2019 14.00,0.204,5.841
27/12/2019 14.00,27/12/2019 15.00,0.241,6.182
27/12/2019 15.00,27/12/2019 16.00,0.244,6.205
27/12/2019 16.00,27/12/2019 17.00,0.227,6.058
27/12/2019 17.00,27/12/2019 18.00,0.214,5.931
27/12/2019 18.00,27/12/2019 19.00,0.218,5.959
27/12/2019 19.00,27/12/2019 20.00,0.225,6.04
27/12/2019 20.00,27/12/2019 21.00,0.22,5.992
27/12/2019 21.00,27/12/2019 22.00,0.203,5.832
27/12/2019 22.00,27/12/2019 23.00,0.179,5.583
27/12/2019 23.00,28/12/2019 00.00,0.155,5.325
28/12/2019 00.00,28/12/2019 01.00,0.183,5.628
28/12/2019 01.00,28/12/2019 02.00,0.205,5.854
28/12/2019 02.00,28/12/2019 03.00,0.2,5.792
28/12/2019 03.00,28/12/2019 04.00,0.211,5.903
28/12/2019 04.00,28/12/2019 05.00,0.23,6.075
28/12/2019 05.00,28/12/2019 06.00,0.256,6.311
28/12/2019 06.00,28/12/2019 07.00,0.303,6.7
28/12/2019 07.00,28/12/2019 08.00,0.369,7.216
28/12/2019 08.00,28/12/2019 09.00,0.442,7.75
28/12/2019 09.00,28/12/2019 10.00,0.471,7.967
28/12/2019 10.00,28/12/2019 11.00,0.496,8.144
28/12/2019 11.00,28/12/2019 12.00,0.556,8.583
28/12/2019 12.00,28/12/2019 13.00,0.61,8.994
28/12/2019 13.00,28/12/2019 14.00,0.599,8.902
28/12/2019 14.00,28/12/2019 15.00,0.588,8.823
28/12/2019 15.00,28/12/2019 16.00,0.595,8.879
28/12/2019 16.00,28/12/2019 17.00,0.635,9.2
28/12/2019 17.00,28/12/2019 18.00,0.675,9.532
28/12/2019 18.00,28/12/2019 19.00,0.729,10.019
28/12/2019 19.00,28/12/2019 20.00,0.756,10.286
28/12/2019 20.00,28/12/2019 21.00,0.727,10.001
28/12/2019 21.00,28/12/2019 22.00,0.692,9.677
28/12/2019 22.00,28/12/2019 23.00,0.668,9.466
28/12/2019 23.00,29/12/2019 00.00,0.717,9.895
29/12/2019 00.00,29/12/2019 01.00,0.714,9.877
29/12/2019 01.00,29/12/2019 02.00,0.705,9.791
29/12/2019 02.00,29/12/2019 03.00,0.726,9.991
29/12/2019 03.00,29/12/2019 04.00,0.77,10.427
29/12/2019 04.00,29/12/2019 05.00,0.75,10.21
29/12/2019 05.00,29/12/2019 06.00,0.784,10.578
29/12/2019 06.00,29/12/2019 07.00,0.827,11.096
29/12/2019 07.00,29/12/2019 08.00,0.845,11.356
29/12/2019 08.00,29/12/2019 09.00,0.856,11.51
29/12/2019 09.00,29/12/2019 10.00,0.841,11.303
29/12/2019 10.00,29/12/2019 11.00,0.874,11.823
29/12/2019 11.00,29/12/2019 12.00,0.912,12.573
29/12/2019 12.00,29/12/2019 13.00,0.916,12.657
29/12/2019 13.00,29/12/2019 14.00,0.906,12.443
29/12/2019 14.00,29/12/2019 15.00,0.933,13.116
29/12/2019 15.00,29/12/2019 16.00,0.921,12.784
29/12/2019 16.00,29/12/2019 17.00,0.871,11.769
29/12/2019 17.00,29/12/2019 18.00,0.891,12.123
29/12/2019 18.00,29/12/2019 19.00,0.905,12.399
29/12/2019 19.00,29/12/2019 20.00,0.905,12.404
29/12/2019 20.00,29/12/2019 21.00,0.922,12.819
29/12/2019 21.00,29/12/2019 22.00,0.933,13.118
29/12/2019 22.00,29/12/2019 23.00,0.935,13.148
29/12/2019 23.00,30/12/2019 00.00,0.939,13.277
30/12/2019 00.00,30/12/2019 01.00,0.932,13.086
30/12/2019 01.00,30/12/2019 02.00,0.925,12.881
30/12/2019 02.00,30/12/2019 03.00,0.921,12.787
30/12/2019 03.00,30/12/2019 04.00,0.927,12.955
30/12/2019 04.00,30/12/2019 05.00,0.93,13.017
30/12/2019 05.00,30/12/2019 06.00,0.92,12.759
30/12/2019 06.00,30/12/2019 07.00,0.91,12.508
30/12/2019 07.00,30/12/2019 08.00,0.9,12.317
30/12/2019 08.00,30/12/2019 09.00,0.893,12.161
30/12/2019 09.00,30/12/2019 10.00,0.885,12.008
30/12/2019 10.00,30/12/2019 11.00,0.878,11.891
30/12/2019 11.00,30/12/2019 12.00,0.875,11.831
30/12/2019 12.00,30/12/2019 13.00,0.867,11.706
30/12/2019 13.00,30/12/2019 14.00,0.857,11.53
30/12/2019 14.00,30/12/2019 15.00,0.818,10.984
30/12/2019 15.00,30/12/2019 16.00,0.785,10.593
30/12/2019 16.00,30/12/2019 17.00,0.771,10.437
30/12/2019 17.00,30/12/2019 18.00,0.75,10.225
30/12/2019 18.00,30/12/2019 19.00,0.762,10.335
30/12/2019 19.00,30/12/2019 20.00,0.8,10.763
30/12/2019 20.00,30/12/2019 21.00,0.841,11.297
30/12/2019 21.00,30/12/2019 22.00,0.89,12.107
30/12/2019 22.00,30/12/2019 23.00,0.931,13.051
30/12/2019 23.00,31/12/2019 00.00,0.951,13.7
31/12/2019 00.00,31/12/2019 01.00,0.965,14.263
31/12/2019 01.00,31/12/2019 02.00,0.977,15.002
31/12/2019 02.00,31/12/2019 03.00,0.986,15.778
31/12/2019 03.00,31/12/2019 04.00,0.987,15.942
31/12/2019 04.00,31/12/2019 05.00,0.984,15.529
31/12/2019 05.00,31/12/2019 06.00,0.972,14.645
31/12/2019 06.00,31/12/2019 07.00,0.957,13.939
31/12/2019 07.00,31/12/2019 08.00,0.944,13.445
31/12/2019 08.00,31/12/2019 09.00,0.931,13.054
31/12/2019 09.00,31/12/2019 10.00,0.911,12.55
31/12/2019 10.00,31/12/2019 11.00,0.881,11.945
31/12/2019 11.00,31/12/2019 12.00,0.856,11.524
31/12/2019 12.00,31/12/2019 13.00,0.841,11.302
31/12/2019 13.00,31/12/2019 14.00,0.824,11.062
31/12/2019 14.00,31/12/2019 15.00,0.814,10.935
31/12/2019 15.00,31/12/2019 16.00,0.796,10.726
31/12/2019 16.00,31/12/2019 17.00,0.775,10.483
31/12/2019 17.00,31/12/2019 18.00,0.765,10.372
31/12/2019 18.00,31/12/2019 19.00,0.722,9.941
31/12/2019 19.00,31/12/2019 20.00,0.668,9.466
31/12/2019 20.00,31/12/2019 21.00,0.636,9.201
31/12/2019 21.00,31/12/2019 22.00,0.645,9.282
31/12/2019 22.00,31/12/2019 23.00,0.695,9.695
31/12/2019 23.00,01/01/2020 00.00,0.745,10.167
