time,local_time,electricity,irradiance_direct,irradiance_diffuse,temperature
01/01/2019 00.00,01/01/2019 01.00,0,0,0,7.73
01/01/2019 01.00,01/01/2019 02.00,0,0,0,7.904
01/01/2019 02.00,01/01/2019 03.00,0,0,0,7.37
01/01/2019 03.00,01/01/2019 04.00,0,0,0,6.42
01/01/2019 04.00,01/01/2019 05.00,0,0,0,6.094
01/01/2019 05.00,01/01/2019 06.00,0,0,0,6.02
01/01/2019 06.00,01/01/2019 07.00,0,0,0,6.033
01/01/2019 07.00,01/01/2019 08.00,0,0,0,6.163
01/01/2019 08.00,01/01/2019 09.00,0.002,0.007,0.011,5.879
01/01/2019 09.00,01/01/2019 10.00,0.054,0.031,0.045,5.626
01/01/2019 10.00,01/01/2019 11.00,0.14,0.091,0.074,5.371
01/01/2019 11.00,01/01/2019 12.00,0.15,0.095,0.079,5.141
01/01/2019 12.00,01/01/2019 13.00,0.115,0.07,0.069,4.95
01/01/2019 13.00,01/01/2019 14.00,0.054,0.034,0.042,4.636
01/01/2019 14.00,01/01/2019 15.00,0,0.007,0.008,4.311
01/01/2019 15.00,01/01/2019 16.00,0,0,0,4.349
01/01/2019 16.00,01/01/2019 17.00,0,0,0,4.813
01/01/2019 17.00,01/01/2019 18.00,0,0,0,5.344
01/01/2019 18.00,01/01/2019 19.00,0,0,0,5.665
01/01/2019 19.00,01/01/2019 20.00,0,0,0,5.519
01/01/2019 20.00,01/01/2019 21.00,0,0,0,5.137
01/01/2019 21.00,01/01/2019 22.00,0,0,0,4.755
01/01/2019 22.00,01/01/2019 23.00,0,0,0,4.359
01/01/2019 23.00,02/01/2019 00.00,0,0,0,4.033
02/01/2019 00.00,02/01/2019 01.00,0,0,0,3.74
02/01/2019 01.00,02/01/2019 02.00,0,0,0,3.492
02/01/2019 02.00,02/01/2019 03.00,0,0,0,3.239
02/01/2019 03.00,02/01/2019 04.00,0,0,0,3.123
02/01/2019 04.00,02/01/2019 05.00,0,0,0,2.991
02/01/2019 05.00,02/01/2019 06.00,0,0,0,2.832
02/01/2019 06.00,02/01/2019 07.00,0,0,0,2.663
02/01/2019 07.00,02/01/2019 08.00,0,0,0,2.332
02/01/2019 08.00,02/01/2019 09.00,0.057,0.061,0.017,2.162
02/01/2019 09.00,02/01/2019 10.00,0.223,0.201,0.046,2.717
02/01/2019 10.00,02/01/2019 11.00,0.345,0.32,0.056,3.278
02/01/2019 11.00,02/01/2019 12.00,0.389,0.367,0.057,3.635
02/01/2019 12.00,02/01/2019 13.00,0.343,0.321,0.053,3.578
02/01/2019 13.00,02/01/2019 14.00,0.206,0.189,0.041,2.781
02/01/2019 14.00,02/01/2019 15.00,0.032,0.042,0.01,1.328
02/01/2019 15.00,02/01/2019 16.00,0,0,0,0.519
02/01/2019 16.00,02/01/2019 17.00,0,0,0,0.133
02/01/2019 17.00,02/01/2019 18.00,0,0,0,-0.08
02/01/2019 18.00,02/01/2019 19.00,0,0,0,-0.02
02/01/2019 19.00,02/01/2019 20.00,0,0,0,0.167
02/01/2019 20.00,02/01/2019 21.00,0,0,0,0.273
02/01/2019 21.00,02/01/2019 22.00,0,0,0,0.075
02/01/2019 22.00,02/01/2019 23.00,0,0,0,-0.262
02/01/2019 23.00,03/01/2019 00.00,0,0,0,-0.483
03/01/2019 00.00,03/01/2019 01.00,0,0,0,-0.542
03/01/2019 01.00,03/01/2019 02.00,0,0,0,-0.532
03/01/2019 02.00,03/01/2019 03.00,0,0,0,-0.525
03/01/2019 03.00,03/01/2019 04.00,0,0,0,-0.542
03/01/2019 04.00,03/01/2019 05.00,0,0,0,-0.556
03/01/2019 05.00,03/01/2019 06.00,0,0,0,-0.541
03/01/2019 06.00,03/01/2019 07.00,0,0,0,-0.49
03/01/2019 07.00,03/01/2019 08.00,0,0,0,-0.382
03/01/2019 08.00,03/01/2019 09.00,0.04,0.043,0.017,0.129
03/01/2019 09.00,03/01/2019 10.00,0.102,0.074,0.05,1.371
03/01/2019 10.00,03/01/2019 11.00,0.158,0.11,0.071,2.371
03/01/2019 11.00,03/01/2019 12.00,0.224,0.172,0.076,2.925
03/01/2019 12.00,03/01/2019 13.00,0.238,0.197,0.066,2.916
03/01/2019 13.00,03/01/2019 14.00,0.173,0.151,0.045,2.289
03/01/2019 14.00,03/01/2019 15.00,0.032,0.041,0.011,1.24
03/01/2019 15.00,03/01/2019 16.00,0,0,0,0.856
03/01/2019 16.00,03/01/2019 17.00,0,0,0,0.985
03/01/2019 17.00,03/01/2019 18.00,0,0,0,1.387
03/01/2019 18.00,03/01/2019 19.00,0,0,0,2.132
03/01/2019 19.00,03/01/2019 20.00,0,0,0,2.671
03/01/2019 20.00,03/01/2019 21.00,0,0,0,3.015
03/01/2019 21.00,03/01/2019 22.00,0,0,0,3.11
03/01/2019 22.00,03/01/2019 23.00,0,0,0,3.496
03/01/2019 23.00,04/01/2019 00.00,0,0,0,3.705
04/01/2019 00.00,04/01/2019 01.00,0,0,0,3.841
04/01/2019 01.00,04/01/2019 02.00,0,0,0,3.979
04/01/2019 02.00,04/01/2019 03.00,0,0,0,4.115
04/01/2019 03.00,04/01/2019 04.00,0,0,0,3.916
04/01/2019 04.00,04/01/2019 05.00,0,0,0,3.801
04/01/2019 05.00,04/01/2019 06.00,0,0,0,4.019
04/01/2019 06.00,04/01/2019 07.00,0,0,0,4.229
04/01/2019 07.00,04/01/2019 08.00,0,0,0,4.422
04/01/2019 08.00,04/01/2019 09.00,0.006,0.01,0.013,4.563
04/01/2019 09.00,04/01/2019 10.00,0.087,0.058,0.053,5.129
04/01/2019 10.00,04/01/2019 11.00,0.168,0.117,0.077,5.917
04/01/2019 11.00,04/01/2019 12.00,0.139,0.083,0.081,6.503
04/01/2019 12.00,04/01/2019 13.00,0.072,0.033,0.063,6.719
04/01/2019 13.00,04/01/2019 14.00,0.026,0.012,0.034,6.754
04/01/2019 14.00,04/01/2019 15.00,0,0.003,0.007,6.686
04/01/2019 15.00,04/01/2019 16.00,0,0,0,6.751
04/01/2019 16.00,04/01/2019 17.00,0,0,0,6.812
04/01/2019 17.00,04/01/2019 18.00,0,0,0,6.84
04/01/2019 18.00,04/01/2019 19.00,0,0,0,6.847
04/01/2019 19.00,04/01/2019 20.00,0,0,0,6.815
04/01/2019 20.00,04/01/2019 21.00,0,0,0,6.822
04/01/2019 21.00,04/01/2019 22.00,0,0,0,6.909
04/01/2019 22.00,04/01/2019 23.00,0,0,0,6.986
04/01/2019 23.00,05/01/2019 00.00,0,0,0,7.103
05/01/2019 00.00,05/01/2019 01.00,0,0,0,7.081
05/01/2019 01.00,05/01/2019 02.00,0,0,0,7.032
05/01/2019 02.00,05/01/2019 03.00,0,0,0,6.815
05/01/2019 03.00,05/01/2019 04.00,0,0,0,6.53
05/01/2019 04.00,05/01/2019 05.00,0,0,0,6.28
05/01/2019 05.00,05/01/2019 06.00,0,0,0,6.082
05/01/2019 06.00,05/01/2019 07.00,0,0,0,5.927
05/01/2019 07.00,05/01/2019 08.00,0,0,0,5.776
05/01/2019 08.00,05/01/2019 09.00,0.015,0.018,0.016,5.577
05/01/2019 09.00,05/01/2019 10.00,0.091,0.063,0.053,6.034
05/01/2019 10.00,05/01/2019 11.00,0.158,0.109,0.076,6.586
05/01/2019 11.00,05/01/2019 12.00,0.169,0.113,0.082,7.021
05/01/2019 12.00,05/01/2019 13.00,0.123,0.077,0.072,7.11
05/01/2019 13.00,05/01/2019 14.00,0.052,0.031,0.043,6.718
05/01/2019 14.00,05/01/2019 15.00,0.001,0.007,0.009,6.097
05/01/2019 15.00,05/01/2019 16.00,0,0,0,5.632
05/01/2019 16.00,05/01/2019 17.00,0,0,0,5.286
05/01/2019 17.00,05/01/2019 18.00,0,0,0,4.997
05/01/2019 18.00,05/01/2019 19.00,0,0,0,4.797
05/01/2019 19.00,05/01/2019 20.00,0,0,0,4.759
05/01/2019 20.00,05/01/2019 21.00,0,0,0,4.697
05/01/2019 21.00,05/01/2019 22.00,0,0,0,4.518
05/01/2019 22.00,05/01/2019 23.00,0,0,0,4.293
05/01/2019 23.00,06/01/2019 00.00,0,0,0,4.056
06/01/2019 00.00,06/01/2019 01.00,0,0,0,3.937
06/01/2019 01.00,06/01/2019 02.00,0,0,0,3.852
06/01/2019 02.00,06/01/2019 03.00,0,0,0,3.763
06/01/2019 03.00,06/01/2019 04.00,0,0,0,3.699
06/01/2019 04.00,06/01/2019 05.00,0,0,0,3.699
06/01/2019 05.00,06/01/2019 06.00,0,0,0,3.765
06/01/2019 06.00,06/01/2019 07.00,0,0,0,3.892
06/01/2019 07.00,06/01/2019 08.00,0,0,0,4.072
06/01/2019 08.00,06/01/2019 09.00,0,0,0.004,4.351
06/01/2019 09.00,06/01/2019 10.00,0.001,0.001,0.015,4.795
06/01/2019 10.00,06/01/2019 11.00,0.011,0.002,0.027,5.224
06/01/2019 11.00,06/01/2019 12.00,0.017,0.002,0.034,5.513
06/01/2019 12.00,06/01/2019 13.00,0.016,0.003,0.033,5.673
06/01/2019 13.00,06/01/2019 14.00,0.005,0.002,0.02,5.718
06/01/2019 14.00,06/01/2019 15.00,0,0.001,0.004,5.692
06/01/2019 15.00,06/01/2019 16.00,0,0,0,5.747
06/01/2019 16.00,06/01/2019 17.00,0,0,0,5.723
06/01/2019 17.00,06/01/2019 18.00,0,0,0,5.382
06/01/2019 18.00,06/01/2019 19.00,0,0,0,5.092
06/01/2019 19.00,06/01/2019 20.00,0,0,0,5.307
06/01/2019 20.00,06/01/2019 21.00,0,0,0,5.387
06/01/2019 21.00,06/01/2019 22.00,0,0,0,5.143
06/01/2019 22.00,06/01/2019 23.00,0,0,0,5.348
06/01/2019 23.00,07/01/2019 00.00,0,0,0,5.436
07/01/2019 00.00,07/01/2019 01.00,0,0,0,5.53
07/01/2019 01.00,07/01/2019 02.00,0,0,0,5.515
07/01/2019 02.00,07/01/2019 03.00,0,0,0,5.315
07/01/2019 03.00,07/01/2019 04.00,0,0,0,5.043
07/01/2019 04.00,07/01/2019 05.00,0,0,0,4.746
07/01/2019 05.00,07/01/2019 06.00,0,0,0,4.435
07/01/2019 06.00,07/01/2019 07.00,0,0,0,4.272
07/01/2019 07.00,07/01/2019 08.00,0,0,0,4.143
07/01/2019 08.00,07/01/2019 09.00,0.005,0.007,0.014,4.217
07/01/2019 09.00,07/01/2019 10.00,0.043,0.019,0.046,4.68
07/01/2019 10.00,07/01/2019 11.00,0.075,0.029,0.07,4.976
07/01/2019 11.00,07/01/2019 12.00,0.057,0.016,0.064,5.128
07/01/2019 12.00,07/01/2019 13.00,0.031,0.007,0.045,5.076
07/01/2019 13.00,07/01/2019 14.00,0,0.001,0.013,5.021
07/01/2019 14.00,07/01/2019 15.00,0,0,0.001,5.362
07/01/2019 15.00,07/01/2019 16.00,0,0,0,5.797
07/01/2019 16.00,07/01/2019 17.00,0,0,0,6.216
07/01/2019 17.00,07/01/2019 18.00,0,0,0,6.736
07/01/2019 18.00,07/01/2019 19.00,0,0,0,6.99
07/01/2019 19.00,07/01/2019 20.00,0,0,0,6.732
07/01/2019 20.00,07/01/2019 21.00,0,0,0,6.123
07/01/2019 21.00,07/01/2019 22.00,0,0,0,5.599
07/01/2019 22.00,07/01/2019 23.00,0,0,0,5.487
07/01/2019 23.00,08/01/2019 00.00,0,0,0,5.705
08/01/2019 00.00,08/01/2019 01.00,0,0,0,5.986
08/01/2019 01.00,08/01/2019 02.00,0,0,0,5.96
08/01/2019 02.00,08/01/2019 03.00,0,0,0,5.841
08/01/2019 03.00,08/01/2019 04.00,0,0,0,5.841
08/01/2019 04.00,08/01/2019 05.00,0,0,0,5.927
08/01/2019 05.00,08/01/2019 06.00,0,0,0,5.642
08/01/2019 06.00,08/01/2019 07.00,0,0,0,5.051
08/01/2019 07.00,08/01/2019 08.00,0,0,0,4.23
08/01/2019 08.00,08/01/2019 09.00,0.05,0.05,0.022,3.799
08/01/2019 09.00,08/01/2019 10.00,0.153,0.119,0.057,3.933
08/01/2019 10.00,08/01/2019 11.00,0.163,0.11,0.077,4.009
08/01/2019 11.00,08/01/2019 12.00,0.181,0.119,0.086,3.953
08/01/2019 12.00,08/01/2019 13.00,0.087,0.043,0.068,3.689
08/01/2019 13.00,08/01/2019 14.00,0.038,0.018,0.04,3.443
08/01/2019 14.00,08/01/2019 15.00,0,0.005,0.009,3.493
08/01/2019 15.00,08/01/2019 16.00,0,0,0,3.799
08/01/2019 16.00,08/01/2019 17.00,0,0,0,3.974
08/01/2019 17.00,08/01/2019 18.00,0,0,0,3.901
08/01/2019 18.00,08/01/2019 19.00,0,0,0,3.644
08/01/2019 19.00,08/01/2019 20.00,0,0,0,3.343
08/01/2019 20.00,08/01/2019 21.00,0,0,0,3.147
08/01/2019 21.00,08/01/2019 22.00,0,0,0,3.046
08/01/2019 22.00,08/01/2019 23.00,0,0,0,3.1
08/01/2019 23.00,09/01/2019 00.00,0,0,0,3.237
09/01/2019 00.00,09/01/2019 01.00,0,0,0,3.236
09/01/2019 01.00,09/01/2019 02.00,0,0,0,3.117
09/01/2019 02.00,09/01/2019 03.00,0,0,0,2.867
09/01/2019 03.00,09/01/2019 04.00,0,0,0,2.469
09/01/2019 04.00,09/01/2019 05.00,0,0,0,2.193
09/01/2019 05.00,09/01/2019 06.00,0,0,0,2.032
09/01/2019 06.00,09/01/2019 07.00,0,0,0,1.931
09/01/2019 07.00,09/01/2019 08.00,0,0,0,1.822
09/01/2019 08.00,09/01/2019 09.00,0.092,0.092,0.022,1.881
09/01/2019 09.00,09/01/2019 10.00,0.278,0.257,0.047,2.422
09/01/2019 10.00,09/01/2019 11.00,0.396,0.377,0.055,3.019
09/01/2019 11.00,09/01/2019 12.00,0.426,0.408,0.057,3.408
09/01/2019 12.00,09/01/2019 13.00,0.364,0.342,0.056,3.494
09/01/2019 13.00,09/01/2019 14.00,0.206,0.184,0.046,3.096
09/01/2019 14.00,09/01/2019 15.00,0.04,0.046,0.014,2.141
09/01/2019 15.00,09/01/2019 16.00,0,0,0,1.245
09/01/2019 16.00,09/01/2019 17.00,0,0,0,0.676
09/01/2019 17.00,09/01/2019 18.00,0,0,0,0.321
09/01/2019 18.00,09/01/2019 19.00,0,0,0,0.263
09/01/2019 19.00,09/01/2019 20.00,0,0,0,0.805
09/01/2019 20.00,09/01/2019 21.00,0,0,0,0.74
09/01/2019 21.00,09/01/2019 22.00,0,0,0,0.413
09/01/2019 22.00,09/01/2019 23.00,0,0,0,0.491
09/01/2019 23.00,10/01/2019 00.00,0,0,0,0.388
10/01/2019 00.00,10/01/2019 01.00,0,0,0,0.672
10/01/2019 01.00,10/01/2019 02.00,0,0,0,0.78
10/01/2019 02.00,10/01/2019 03.00,0,0,0,0.863
10/01/2019 03.00,10/01/2019 04.00,0,0,0,0.85
10/01/2019 04.00,10/01/2019 05.00,0,0,0,0.84
10/01/2019 05.00,10/01/2019 06.00,0,0,0,0.811
10/01/2019 06.00,10/01/2019 07.00,0,0,0,0.596
10/01/2019 07.00,10/01/2019 08.00,0,0,0,0.488
10/01/2019 08.00,10/01/2019 09.00,0.005,0.006,0.015,0.779
10/01/2019 09.00,10/01/2019 10.00,0.035,0.012,0.044,1.767
10/01/2019 10.00,10/01/2019 11.00,0.043,0.01,0.054,2.485
10/01/2019 11.00,10/01/2019 12.00,0.035,0.006,0.049,2.835
10/01/2019 12.00,10/01/2019 13.00,0.017,0.003,0.033,3.008
10/01/2019 13.00,10/01/2019 14.00,0.005,0.002,0.02,3.085
10/01/2019 14.00,10/01/2019 15.00,0,0.001,0.004,3.097
10/01/2019 15.00,10/01/2019 16.00,0,0,0,3.346
10/01/2019 16.00,10/01/2019 17.00,0,0,0,3.659
10/01/2019 17.00,10/01/2019 18.00,0,0,0,3.925
10/01/2019 18.00,10/01/2019 19.00,0,0,0,4.304
10/01/2019 19.00,10/01/2019 20.00,0,0,0,4.76
10/01/2019 20.00,10/01/2019 21.00,0,0,0,5.151
10/01/2019 21.00,10/01/2019 22.00,0,0,0,5.462
10/01/2019 22.00,10/01/2019 23.00,0,0,0,5.628
10/01/2019 23.00,11/01/2019 00.00,0,0,0,5.652
11/01/2019 00.00,11/01/2019 01.00,0,0,0,5.674
11/01/2019 01.00,11/01/2019 02.00,0,0,0,5.784
11/01/2019 02.00,11/01/2019 03.00,0,0,0,6.126
11/01/2019 03.00,11/01/2019 04.00,0,0,0,6.514
11/01/2019 04.00,11/01/2019 05.00,0,0,0,6.749
11/01/2019 05.00,11/01/2019 06.00,0,0,0,6.781
11/01/2019 06.00,11/01/2019 07.00,0,0,0,6.716
11/01/2019 07.00,11/01/2019 08.00,0,0,0,6.576
11/01/2019 08.00,11/01/2019 09.00,0.033,0.032,0.022,6.405
11/01/2019 09.00,11/01/2019 10.00,0.193,0.164,0.056,6.393
11/01/2019 10.00,11/01/2019 11.00,0.35,0.324,0.064,6.42
11/01/2019 11.00,11/01/2019 12.00,0.401,0.381,0.064,6.415
11/01/2019 12.00,11/01/2019 13.00,0.344,0.319,0.061,6.31
11/01/2019 13.00,11/01/2019 14.00,0.19,0.167,0.05,5.926
11/01/2019 14.00,11/01/2019 15.00,0.029,0.034,0.016,5.251
11/01/2019 15.00,11/01/2019 16.00,0,0,0,4.755
11/01/2019 16.00,11/01/2019 17.00,0,0,0,4.502
11/01/2019 17.00,11/01/2019 18.00,0,0,0,4.187
11/01/2019 18.00,11/01/2019 19.00,0,0,0,3.759
11/01/2019 19.00,11/01/2019 20.00,0,0,0,3.253
11/01/2019 20.00,11/01/2019 21.00,0,0,0,2.999
11/01/2019 21.00,11/01/2019 22.00,0,0,0,2.737
11/01/2019 22.00,11/01/2019 23.00,0,0,0,2.461
11/01/2019 23.00,12/01/2019 00.00,0,0,0,2.251
12/01/2019 00.00,12/01/2019 01.00,0,0,0,2.147
12/01/2019 01.00,12/01/2019 02.00,0,0,0,2.262
12/01/2019 02.00,12/01/2019 03.00,0,0,0,2.482
12/01/2019 03.00,12/01/2019 04.00,0,0,0,2.566
12/01/2019 04.00,12/01/2019 05.00,0,0,0,2.869
12/01/2019 05.00,12/01/2019 06.00,0,0,0,3.315
12/01/2019 06.00,12/01/2019 07.00,0,0,0,3.942
12/01/2019 07.00,12/01/2019 08.00,0,0,0,4.47
12/01/2019 08.00,12/01/2019 09.00,0,0.001,0.009,4.805
12/01/2019 09.00,12/01/2019 10.00,0.007,0.002,0.022,5.189
12/01/2019 10.00,12/01/2019 11.00,0.017,0.002,0.033,5.549
12/01/2019 11.00,12/01/2019 12.00,0.035,0.006,0.051,5.896
12/01/2019 12.00,12/01/2019 13.00,0.025,0.004,0.041,5.867
12/01/2019 13.00,12/01/2019 14.00,0.009,0.002,0.025,5.649
12/01/2019 14.00,12/01/2019 15.00,0,0,0.005,5.305
12/01/2019 15.00,12/01/2019 16.00,0,0,0,5.102
12/01/2019 16.00,12/01/2019 17.00,0,0,0,5.213
12/01/2019 17.00,12/01/2019 18.00,0,0,0,5.335
12/01/2019 18.00,12/01/2019 19.00,0,0,0,5.378
12/01/2019 19.00,12/01/2019 20.00,0,0,0,5.393
12/01/2019 20.00,12/01/2019 21.00,0,0,0,5.367
12/01/2019 21.00,12/01/2019 22.00,0,0,0,5.273
12/01/2019 22.00,12/01/2019 23.00,0,0,0,5.153
12/01/2019 23.00,13/01/2019 00.00,0,0,0,5.114
13/01/2019 00.00,13/01/2019 01.00,0,0,0,5.206
13/01/2019 01.00,13/01/2019 02.00,0,0,0,5.411
13/01/2019 02.00,13/01/2019 03.00,0,0,0,5.467
13/01/2019 03.00,13/01/2019 04.00,0,0,0,5.472
13/01/2019 04.00,13/01/2019 05.00,0,0,0,5.277
13/01/2019 05.00,13/01/2019 06.00,0,0,0,5.265
13/01/2019 06.00,13/01/2019 07.00,0,0,0,5.687
13/01/2019 07.00,13/01/2019 08.00,0,0,0,6.618
13/01/2019 08.00,13/01/2019 09.00,0,0.001,0.007,7.184
13/01/2019 09.00,13/01/2019 10.00,0.018,0.004,0.034,7.23
13/01/2019 10.00,13/01/2019 11.00,0.019,0.003,0.036,7.13
13/01/2019 11.00,13/01/2019 12.00,0.011,0.001,0.028,7.082
13/01/2019 12.00,13/01/2019 13.00,0.016,0.002,0.033,6.945
13/01/2019 13.00,13/01/2019 14.00,0.007,0.002,0.023,6.719
13/01/2019 14.00,13/01/2019 15.00,0,0.001,0.006,6.474
13/01/2019 15.00,13/01/2019 16.00,0,0,0,6.247
13/01/2019 16.00,13/01/2019 17.00,0,0,0,5.831
13/01/2019 17.00,13/01/2019 18.00,0,0,0,5.22
13/01/2019 18.00,13/01/2019 19.00,0,0,0,4.746
13/01/2019 19.00,13/01/2019 20.00,0,0,0,4.236
13/01/2019 20.00,13/01/2019 21.00,0,0,0,3.718
13/01/2019 21.00,13/01/2019 22.00,0,0,0,3.07
13/01/2019 22.00,13/01/2019 23.00,0,0,0,2.305
13/01/2019 23.00,14/01/2019 00.00,0,0,0,1.687
14/01/2019 00.00,14/01/2019 01.00,0,0,0,1.275
14/01/2019 01.00,14/01/2019 02.00,0,0,0,0.966
14/01/2019 02.00,14/01/2019 03.00,0,0,0,0.73
14/01/2019 03.00,14/01/2019 04.00,0,0,0,0.545
14/01/2019 04.00,14/01/2019 05.00,0,0,0,0.415
14/01/2019 05.00,14/01/2019 06.00,0,0,0,0.403
14/01/2019 06.00,14/01/2019 07.00,0,0,0,0.512
14/01/2019 07.00,14/01/2019 08.00,0,0,0,0.528
14/01/2019 08.00,14/01/2019 09.00,0.042,0.037,0.025,0.663
14/01/2019 09.00,14/01/2019 10.00,0.169,0.13,0.061,1.027
14/01/2019 10.00,14/01/2019 11.00,0.328,0.282,0.072,1.491
14/01/2019 11.00,14/01/2019 12.00,0.395,0.358,0.07,1.93
14/01/2019 12.00,14/01/2019 13.00,0.35,0.314,0.066,2.17
14/01/2019 13.00,14/01/2019 14.00,0.204,0.174,0.054,2.161
14/01/2019 14.00,14/01/2019 15.00,0.036,0.037,0.02,1.985
14/01/2019 15.00,14/01/2019 16.00,0,0,0,1.867
14/01/2019 16.00,14/01/2019 17.00,0,0,0,1.895
14/01/2019 17.00,14/01/2019 18.00,0,0,0,1.901
14/01/2019 18.00,14/01/2019 19.00,0,0,0,1.9
14/01/2019 19.00,14/01/2019 20.00,0,0,0,1.866
14/01/2019 20.00,14/01/2019 21.00,0,0,0,1.829
14/01/2019 21.00,14/01/2019 22.00,0,0,0,1.853
14/01/2019 22.00,14/01/2019 23.00,0,0,0,1.897
14/01/2019 23.00,15/01/2019 00.00,0,0,0,1.778
15/01/2019 00.00,15/01/2019 01.00,0,0,0,1.732
15/01/2019 01.00,15/01/2019 02.00,0,0,0,1.699
15/01/2019 02.00,15/01/2019 03.00,0,0,0,1.716
15/01/2019 03.00,15/01/2019 04.00,0,0,0,1.908
15/01/2019 04.00,15/01/2019 05.00,0,0,0,2.008
15/01/2019 05.00,15/01/2019 06.00,0,0,0,1.932
15/01/2019 06.00,15/01/2019 07.00,0,0,0,2.079
15/01/2019 07.00,15/01/2019 08.00,0,0,0,2.643
15/01/2019 08.00,15/01/2019 09.00,0,0,0.004,3.651
15/01/2019 09.00,15/01/2019 10.00,0,0,0.008,5.017
15/01/2019 10.00,15/01/2019 11.00,0.001,0.001,0.015,6.579
15/01/2019 11.00,15/01/2019 12.00,0.057,0.013,0.067,7.206
15/01/2019 12.00,15/01/2019 13.00,0.111,0.052,0.085,7.287
15/01/2019 13.00,15/01/2019 14.00,0.093,0.055,0.062,6.935
15/01/2019 14.00,15/01/2019 15.00,0.014,0.013,0.019,6.354
15/01/2019 15.00,15/01/2019 16.00,0,0,0,5.931
15/01/2019 16.00,15/01/2019 17.00,0,0,0,5.601
15/01/2019 17.00,15/01/2019 18.00,0,0,0,5.257
15/01/2019 18.00,15/01/2019 19.00,0,0,0,5.049
15/01/2019 19.00,15/01/2019 20.00,0,0,0,5.144
15/01/2019 20.00,15/01/2019 21.00,0,0,0,5.253
15/01/2019 21.00,15/01/2019 22.00,0,0,0,5.23
15/01/2019 22.00,15/01/2019 23.00,0,0,0,5.139
15/01/2019 23.00,16/01/2019 00.00,0,0,0,5.068
16/01/2019 00.00,16/01/2019 01.00,0,0,0,5.107
16/01/2019 01.00,16/01/2019 02.00,0,0,0,5.4
16/01/2019 02.00,16/01/2019 03.00,0,0,0,5.771
16/01/2019 03.00,16/01/2019 04.00,0,0,0,5.997
16/01/2019 04.00,16/01/2019 05.00,0,0,0,6.02
16/01/2019 05.00,16/01/2019 06.00,0,0,0,6.004
16/01/2019 06.00,16/01/2019 07.00,0,0,0,6.088
16/01/2019 07.00,16/01/2019 08.00,0,0,0,6.304
16/01/2019 08.00,16/01/2019 09.00,0,0,0.006,6.455
16/01/2019 09.00,16/01/2019 10.00,0,0.001,0.014,6.592
16/01/2019 10.00,16/01/2019 11.00,0.004,0.001,0.02,6.695
16/01/2019 11.00,16/01/2019 12.00,0.009,0.001,0.025,6.809
16/01/2019 12.00,16/01/2019 13.00,0.013,0.002,0.03,6.889
16/01/2019 13.00,16/01/2019 14.00,0.01,0.002,0.026,6.842
16/01/2019 14.00,16/01/2019 15.00,0,0.001,0.008,6.699
16/01/2019 15.00,16/01/2019 16.00,0,0,0,6.605
16/01/2019 16.00,16/01/2019 17.00,0,0,0,6.594
16/01/2019 17.00,16/01/2019 18.00,0,0,0,6.485
16/01/2019 18.00,16/01/2019 19.00,0,0,0,6.202
16/01/2019 19.00,16/01/2019 20.00,0,0,0,5.838
16/01/2019 20.00,16/01/2019 21.00,0,0,0,5.582
16/01/2019 21.00,16/01/2019 22.00,0,0,0,5.43
16/01/2019 22.00,16/01/2019 23.00,0,0,0,5.214
16/01/2019 23.00,17/01/2019 00.00,0,0,0,4.879
17/01/2019 00.00,17/01/2019 01.00,0,0,0,4.553
17/01/2019 01.00,17/01/2019 02.00,0,0,0,4.283
17/01/2019 02.00,17/01/2019 03.00,0,0,0,4.005
17/01/2019 03.00,17/01/2019 04.00,0,0,0,3.618
17/01/2019 04.00,17/01/2019 05.00,0,0,0,3.224
17/01/2019 05.00,17/01/2019 06.00,0,0,0,2.867
17/01/2019 06.00,17/01/2019 07.00,0,0,0,2.441
17/01/2019 07.00,17/01/2019 08.00,0,0,0,2.083
17/01/2019 08.00,17/01/2019 09.00,0.002,0.003,0.015,1.679
17/01/2019 09.00,17/01/2019 10.00,0.024,0.005,0.038,1.218
17/01/2019 10.00,17/01/2019 11.00,0.047,0.009,0.059,1.016
17/01/2019 11.00,17/01/2019 12.00,0.051,0.009,0.063,1.14
17/01/2019 12.00,17/01/2019 13.00,0.033,0.005,0.048,1.209
17/01/2019 13.00,17/01/2019 14.00,0.013,0.003,0.028,1.147
17/01/2019 14.00,17/01/2019 15.00,0,0.001,0.009,0.901
17/01/2019 15.00,17/01/2019 16.00,0,0,0,0.59
17/01/2019 16.00,17/01/2019 17.00,0,0,0,0.101
17/01/2019 17.00,17/01/2019 18.00,0,0,0,-0.559
17/01/2019 18.00,17/01/2019 19.00,0,0,0,-1.308
17/01/2019 19.00,17/01/2019 20.00,0,0,0,-1.961
17/01/2019 20.00,17/01/2019 21.00,0,0,0,-2.254
17/01/2019 21.00,17/01/2019 22.00,0,0,0,-2.179
17/01/2019 22.00,17/01/2019 23.00,0,0,0,-1.885
17/01/2019 23.00,18/01/2019 00.00,0,0,0,-1.515
18/01/2019 00.00,18/01/2019 01.00,0,0,0,-1.098
18/01/2019 01.00,18/01/2019 02.00,0,0,0,-0.67
18/01/2019 02.00,18/01/2019 03.00,0,0,0,-0.553
18/01/2019 03.00,18/01/2019 04.00,0,0,0,-0.867
18/01/2019 04.00,18/01/2019 05.00,0,0,0,-1.32
18/01/2019 05.00,18/01/2019 06.00,0,0,0,-1.638
18/01/2019 06.00,18/01/2019 07.00,0,0,0,-1.824
18/01/2019 07.00,18/01/2019 08.00,0,0.002,0.001,-1.918
18/01/2019 08.00,18/01/2019 09.00,0.139,0.127,0.032,-1.096
18/01/2019 09.00,18/01/2019 10.00,0.302,0.27,0.056,0.415
18/01/2019 10.00,18/01/2019 11.00,0.385,0.347,0.068,1.457
18/01/2019 11.00,18/01/2019 12.00,0.397,0.357,0.073,1.996
18/01/2019 12.00,18/01/2019 13.00,0.363,0.327,0.067,2.147
18/01/2019 13.00,18/01/2019 14.00,0.238,0.206,0.055,1.654
18/01/2019 14.00,18/01/2019 15.00,0.054,0.05,0.025,0.458
18/01/2019 15.00,18/01/2019 16.00,0,0,0,-0.284
18/01/2019 16.00,18/01/2019 17.00,0,0,0,-0.25
18/01/2019 17.00,18/01/2019 18.00,0,0,0,-0.244
18/01/2019 18.00,18/01/2019 19.00,0,0,0,-0.3
18/01/2019 19.00,18/01/2019 20.00,0,0,0,-0.283
18/01/2019 20.00,18/01/2019 21.00,0,0,0,-0.217
18/01/2019 21.00,18/01/2019 22.00,0,0,0,-0.154
18/01/2019 22.00,18/01/2019 23.00,0,0,0,-0.112
18/01/2019 23.00,19/01/2019 00.00,0,0,0,-0.072
19/01/2019 00.00,19/01/2019 01.00,0,0,0,-0.039
19/01/2019 01.00,19/01/2019 02.00,0,0,0,0.043
19/01/2019 02.00,19/01/2019 03.00,0,0,0,0.188
19/01/2019 03.00,19/01/2019 04.00,0,0,0,0.222
19/01/2019 04.00,19/01/2019 05.00,0,0,0,0.104
19/01/2019 05.00,19/01/2019 06.00,0,0,0,-0.001
19/01/2019 06.00,19/01/2019 07.00,0,0,0,-0.037
19/01/2019 07.00,19/01/2019 08.00,0,0.001,0.001,0.054
19/01/2019 08.00,19/01/2019 09.00,0.018,0.01,0.026,0.901
19/01/2019 09.00,19/01/2019 10.00,0.039,0.011,0.049,1.683
19/01/2019 10.00,19/01/2019 11.00,0.046,0.009,0.059,2.228
19/01/2019 11.00,19/01/2019 12.00,0.05,0.009,0.063,2.482
19/01/2019 12.00,19/01/2019 13.00,0.038,0.006,0.052,2.438
19/01/2019 13.00,19/01/2019 14.00,0.019,0.004,0.034,2.184
19/01/2019 14.00,19/01/2019 15.00,0,0.002,0.013,1.749
19/01/2019 15.00,19/01/2019 16.00,0,0,0,1.275
19/01/2019 16.00,19/01/2019 17.00,0,0,0,1.038
19/01/2019 17.00,19/01/2019 18.00,0,0,0,0.838
19/01/2019 18.00,19/01/2019 19.00,0,0,0,0.678
19/01/2019 19.00,19/01/2019 20.00,0,0,0,0.581
19/01/2019 20.00,19/01/2019 21.00,0,0,0,0.646
19/01/2019 21.00,19/01/2019 22.00,0,0,0,0.675
19/01/2019 22.00,19/01/2019 23.00,0,0,0,0.68
19/01/2019 23.00,20/01/2019 00.00,0,0,0,0.564
20/01/2019 00.00,20/01/2019 01.00,0,0,0,0.44
20/01/2019 01.00,20/01/2019 02.00,0,0,0,0.365
20/01/2019 02.00,20/01/2019 03.00,0,0,0,0.329
20/01/2019 03.00,20/01/2019 04.00,0,0,0,0.181
20/01/2019 04.00,20/01/2019 05.00,0,0,0,-0.013
20/01/2019 05.00,20/01/2019 06.00,0,0,0,-0.199
20/01/2019 06.00,20/01/2019 07.00,0,0,0,-0.369
20/01/2019 07.00,20/01/2019 08.00,0,0.002,0.002,-0.4
20/01/2019 08.00,20/01/2019 09.00,0.083,0.069,0.036,0.266
20/01/2019 09.00,20/01/2019 10.00,0.201,0.154,0.069,1.521
20/01/2019 10.00,20/01/2019 11.00,0.261,0.198,0.088,2.344
20/01/2019 11.00,20/01/2019 12.00,0.279,0.212,0.093,2.732
20/01/2019 12.00,20/01/2019 13.00,0.245,0.183,0.086,2.78
20/01/2019 13.00,20/01/2019 14.00,0.142,0.1,0.065,2.189
20/01/2019 14.00,20/01/2019 15.00,0.032,0.026,0.026,1.039
20/01/2019 15.00,20/01/2019 16.00,0,0,0,0.308
20/01/2019 16.00,20/01/2019 17.00,0,0,0,0.353
20/01/2019 17.00,20/01/2019 18.00,0,0,0,0.422
20/01/2019 18.00,20/01/2019 19.00,0,0,0,0.525
20/01/2019 19.00,20/01/2019 20.00,0,0,0,0.63
20/01/2019 20.00,20/01/2019 21.00,0,0,0,0.8
20/01/2019 21.00,20/01/2019 22.00,0,0,0,1.023
20/01/2019 22.00,20/01/2019 23.00,0,0,0,1.237
20/01/2019 23.00,21/01/2019 00.00,0,0,0,1.512
21/01/2019 00.00,21/01/2019 01.00,0,0,0,1.626
21/01/2019 01.00,21/01/2019 02.00,0,0,0,1.865
21/01/2019 02.00,21/01/2019 03.00,0,0,0,1.953
21/01/2019 03.00,21/01/2019 04.00,0,0,0,2.221
21/01/2019 04.00,21/01/2019 05.00,0,0,0,2.52
21/01/2019 05.00,21/01/2019 06.00,0,0,0,2.304
21/01/2019 06.00,21/01/2019 07.00,0,0,0,2.417
21/01/2019 07.00,21/01/2019 08.00,0,0.001,0.001,2.716
21/01/2019 08.00,21/01/2019 09.00,0.028,0.019,0.029,2.994
21/01/2019 09.00,21/01/2019 10.00,0.114,0.068,0.069,3.324
21/01/2019 10.00,21/01/2019 11.00,0.238,0.173,0.091,3.738
21/01/2019 11.00,21/01/2019 12.00,0.355,0.302,0.086,3.97
21/01/2019 12.00,21/01/2019 13.00,0.358,0.316,0.075,3.847
21/01/2019 13.00,21/01/2019 14.00,0.248,0.213,0.061,3.267
21/01/2019 14.00,21/01/2019 15.00,0.072,0.063,0.03,1.789
21/01/2019 15.00,21/01/2019 16.00,0,0,0,0.338
21/01/2019 16.00,21/01/2019 17.00,0,0,0,-0.042
21/01/2019 17.00,21/01/2019 18.00,0,0,0,-0.192
21/01/2019 18.00,21/01/2019 19.00,0,0,0,0.098
21/01/2019 19.00,21/01/2019 20.00,0,0,0,0.726
21/01/2019 20.00,21/01/2019 21.00,0,0,0,1.126
21/01/2019 21.00,21/01/2019 22.00,0,0,0,0.742
21/01/2019 22.00,21/01/2019 23.00,0,0,0,0.092
21/01/2019 23.00,22/01/2019 00.00,0,0,0,-0.575
22/01/2019 00.00,22/01/2019 01.00,0,0,0,-0.868
22/01/2019 01.00,22/01/2019 02.00,0,0,0,-0.691
22/01/2019 02.00,22/01/2019 03.00,0,0,0,-0.189
22/01/2019 03.00,22/01/2019 04.00,0,0,0,0.119
22/01/2019 04.00,22/01/2019 05.00,0,0,0,0.239
22/01/2019 05.00,22/01/2019 06.00,0,0,0,0.311
22/01/2019 06.00,22/01/2019 07.00,0,0,0,0.321
22/01/2019 07.00,22/01/2019 08.00,0,0,0.001,0.325
22/01/2019 08.00,22/01/2019 09.00,0.005,0.003,0.018,0.465
22/01/2019 09.00,22/01/2019 10.00,0.028,0.006,0.042,0.717
22/01/2019 10.00,22/01/2019 11.00,0.05,0.009,0.061,0.948
22/01/2019 11.00,22/01/2019 12.00,0.077,0.018,0.08,1.122
22/01/2019 12.00,22/01/2019 13.00,0.08,0.023,0.079,1.2
22/01/2019 13.00,22/01/2019 14.00,0.067,0.026,0.063,1.056
22/01/2019 14.00,22/01/2019 15.00,0.015,0.009,0.025,0.652
22/01/2019 15.00,22/01/2019 16.00,0,0,0,0.057
22/01/2019 16.00,22/01/2019 17.00,0,0,0,-0.313
22/01/2019 17.00,22/01/2019 18.00,0,0,0,-0.512
22/01/2019 18.00,22/01/2019 19.00,0,0,0,-0.692
22/01/2019 19.00,22/01/2019 20.00,0,0,0,-0.781
22/01/2019 20.00,22/01/2019 21.00,0,0,0,-0.86
22/01/2019 21.00,22/01/2019 22.00,0,0,0,-1.006
22/01/2019 22.00,22/01/2019 23.00,0,0,0,-1.172
22/01/2019 23.00,23/01/2019 00.00,0,0,0,-1.352
23/01/2019 00.00,23/01/2019 01.00,0,0,0,-1.532
23/01/2019 01.00,23/01/2019 02.00,0,0,0,-1.694
23/01/2019 02.00,23/01/2019 03.00,0,0,0,-1.792
23/01/2019 03.00,23/01/2019 04.00,0,0,0,-1.912
23/01/2019 04.00,23/01/2019 05.00,0,0,0,-2.071
23/01/2019 05.00,23/01/2019 06.00,0,0,0,-2.22
23/01/2019 06.00,23/01/2019 07.00,0,0,0,-2.398
23/01/2019 07.00,23/01/2019 08.00,0,0.002,0.003,-2.477
23/01/2019 08.00,23/01/2019 09.00,0.041,0.025,0.036,-2.138
23/01/2019 09.00,23/01/2019 10.00,0.098,0.047,0.072,-1.621
23/01/2019 10.00,23/01/2019 11.00,0.122,0.051,0.092,-1.199
23/01/2019 11.00,23/01/2019 12.00,0.126,0.049,0.097,-0.9
23/01/2019 12.00,23/01/2019 13.00,0.108,0.042,0.087,-0.775
23/01/2019 13.00,23/01/2019 14.00,0.07,0.028,0.062,-0.864
23/01/2019 14.00,23/01/2019 15.00,0.02,0.012,0.027,-1.324
23/01/2019 15.00,23/01/2019 16.00,0,0,0.001,-2.134
23/01/2019 16.00,23/01/2019 17.00,0,0,0,-2.534
23/01/2019 17.00,23/01/2019 18.00,0,0,0,-2.81
23/01/2019 18.00,23/01/2019 19.00,0,0,0,-2.988
23/01/2019 19.00,23/01/2019 20.00,0,0,0,-3.105
23/01/2019 20.00,23/01/2019 21.00,0,0,0,-3.237
23/01/2019 21.00,23/01/2019 22.00,0,0,0,-3.279
23/01/2019 22.00,23/01/2019 23.00,0,0,0,-3.271
23/01/2019 23.00,24/01/2019 00.00,0,0,0,-3.245
24/01/2019 00.00,24/01/2019 01.00,0,0,0,-3.254
24/01/2019 01.00,24/01/2019 02.00,0,0,0,-3.317
24/01/2019 02.00,24/01/2019 03.00,0,0,0,-3.445
24/01/2019 03.00,24/01/2019 04.00,0,0,0,-3.578
24/01/2019 04.00,24/01/2019 05.00,0,0,0,-3.741
24/01/2019 05.00,24/01/2019 06.00,0,0,0,-3.907
24/01/2019 06.00,24/01/2019 07.00,0,0,0,-4.101
24/01/2019 07.00,24/01/2019 08.00,0,0.001,0.003,-4.208
24/01/2019 08.00,24/01/2019 09.00,0.022,0.011,0.03,-3.939
24/01/2019 09.00,24/01/2019 10.00,0.066,0.022,0.064,-3.493
24/01/2019 10.00,24/01/2019 11.00,0.106,0.037,0.089,-3.061
24/01/2019 11.00,24/01/2019 12.00,0.124,0.045,0.099,-2.798
24/01/2019 12.00,24/01/2019 13.00,0.112,0.042,0.09,-2.681
24/01/2019 13.00,24/01/2019 14.00,0.071,0.027,0.064,-2.795
24/01/2019 14.00,24/01/2019 15.00,0.017,0.009,0.026,-3.192
24/01/2019 15.00,24/01/2019 16.00,0,0,0.001,-3.825
24/01/2019 16.00,24/01/2019 17.00,0,0,0,-4.11
24/01/2019 17.00,24/01/2019 18.00,0,0,0,-4.327
24/01/2019 18.00,24/01/2019 19.00,0,0,0,-4.532
24/01/2019 19.00,24/01/2019 20.00,0,0,0,-4.746
24/01/2019 20.00,24/01/2019 21.00,0,0,0,-5.007
24/01/2019 21.00,24/01/2019 22.00,0,0,0,-5.255
24/01/2019 22.00,24/01/2019 23.00,0,0,0,-5.751
24/01/2019 23.00,25/01/2019 00.00,0,0,0,-6.228
25/01/2019 00.00,25/01/2019 01.00,0,0,0,-6.55
25/01/2019 01.00,25/01/2019 02.00,0,0,0,-6.783
25/01/2019 02.00,25/01/2019 03.00,0,0,0,-6.941
25/01/2019 03.00,25/01/2019 04.00,0,0,0,-7.104
25/01/2019 04.00,25/01/2019 05.00,0,0,0,-7.235
25/01/2019 05.00,25/01/2019 06.00,0,0,0,-7.279
25/01/2019 06.00,25/01/2019 07.00,0,0,0,-7.219
25/01/2019 07.00,25/01/2019 08.00,0,0.002,0.004,-7.016
25/01/2019 08.00,25/01/2019 09.00,0.022,0.009,0.031,-6.236
25/01/2019 09.00,25/01/2019 10.00,0.041,0.008,0.051,-5.529
25/01/2019 10.00,25/01/2019 11.00,0.044,0.006,0.057,-4.879
25/01/2019 11.00,25/01/2019 12.00,0.043,0.005,0.057,-4.332
25/01/2019 12.00,25/01/2019 13.00,0.041,0.006,0.054,-3.873
25/01/2019 13.00,25/01/2019 14.00,0.028,0.005,0.042,-3.56
25/01/2019 14.00,25/01/2019 15.00,0.007,0.003,0.02,-3.49
25/01/2019 15.00,25/01/2019 16.00,0,0,0.001,-3.684
25/01/2019 16.00,25/01/2019 17.00,0,0,0,-3.718
25/01/2019 17.00,25/01/2019 18.00,0,0,0,-3.643
25/01/2019 18.00,25/01/2019 19.00,0,0,0,-3.57
25/01/2019 19.00,25/01/2019 20.00,0,0,0,-3.558
25/01/2019 20.00,25/01/2019 21.00,0,0,0,-3.616
25/01/2019 21.00,25/01/2019 22.00,0,0,0,-3.646
25/01/2019 22.00,25/01/2019 23.00,0,0,0,-3.514
25/01/2019 23.00,26/01/2019 00.00,0,0,0,-3.304
26/01/2019 00.00,26/01/2019 01.00,0,0,0,-3.006
26/01/2019 01.00,26/01/2019 02.00,0,0,0,-2.66
26/01/2019 02.00,26/01/2019 03.00,0,0,0,-2.238
26/01/2019 03.00,26/01/2019 04.00,0,0,0,-1.772
26/01/2019 04.00,26/01/2019 05.00,0,0,0,-1.305
26/01/2019 05.00,26/01/2019 06.00,0,0,0,-0.88
26/01/2019 06.00,26/01/2019 07.00,0,0,0,-0.569
26/01/2019 07.00,26/01/2019 08.00,0,0,0.001,-0.207
26/01/2019 08.00,26/01/2019 09.00,0.001,0.001,0.015,0.138
26/01/2019 09.00,26/01/2019 10.00,0.022,0.003,0.038,0.538
26/01/2019 10.00,26/01/2019 11.00,0.035,0.004,0.051,0.893
26/01/2019 11.00,26/01/2019 12.00,0.038,0.004,0.054,1.149
26/01/2019 12.00,26/01/2019 13.00,0.029,0.003,0.046,1.377
26/01/2019 13.00,26/01/2019 14.00,0.013,0.002,0.03,1.504
26/01/2019 14.00,26/01/2019 15.00,0,0.001,0.012,1.372
26/01/2019 15.00,26/01/2019 16.00,0,0,0,1.116
26/01/2019 16.00,26/01/2019 17.00,0,0,0,1.088
26/01/2019 17.00,26/01/2019 18.00,0,0,0,1.194
26/01/2019 18.00,26/01/2019 19.00,0,0,0,1.224
26/01/2019 19.00,26/01/2019 20.00,0,0,0,1.024
26/01/2019 20.00,26/01/2019 21.00,0,0,0,0.808
26/01/2019 21.00,26/01/2019 22.00,0,0,0,0.701
26/01/2019 22.00,26/01/2019 23.00,0,0,0,0.697
26/01/2019 23.00,27/01/2019 00.00,0,0,0,0.786
27/01/2019 00.00,27/01/2019 01.00,0,0,0,0.925
27/01/2019 01.00,27/01/2019 02.00,0,0,0,0.985
27/01/2019 02.00,27/01/2019 03.00,0,0,0,0.979
27/01/2019 03.00,27/01/2019 04.00,0,0,0,0.996
27/01/2019 04.00,27/01/2019 05.00,0,0,0,0.974
27/01/2019 05.00,27/01/2019 06.00,0,0,0,0.883
27/01/2019 06.00,27/01/2019 07.00,0,0,0,0.745
27/01/2019 07.00,27/01/2019 08.00,0,0,0.001,0.729
27/01/2019 08.00,27/01/2019 09.00,0,0.001,0.014,0.791
27/01/2019 09.00,27/01/2019 10.00,0.015,0.002,0.032,0.881
27/01/2019 10.00,27/01/2019 11.00,0.028,0.003,0.045,0.962
27/01/2019 11.00,27/01/2019 12.00,0.026,0.002,0.043,1.018
27/01/2019 12.00,27/01/2019 13.00,0.021,0.002,0.038,1.09
27/01/2019 13.00,27/01/2019 14.00,0.01,0.001,0.026,1.088
27/01/2019 14.00,27/01/2019 15.00,0,0.001,0.011,1.028
27/01/2019 15.00,27/01/2019 16.00,0,0,0.001,0.894
27/01/2019 16.00,27/01/2019 17.00,0,0,0,0.857
27/01/2019 17.00,27/01/2019 18.00,0,0,0,0.875
27/01/2019 18.00,27/01/2019 19.00,0,0,0,0.928
27/01/2019 19.00,27/01/2019 20.00,0,0,0,0.997
27/01/2019 20.00,27/01/2019 21.00,0,0,0,1.03
27/01/2019 21.00,27/01/2019 22.00,0,0,0,1.052
27/01/2019 22.00,27/01/2019 23.00,0,0,0,1.086
27/01/2019 23.00,28/01/2019 00.00,0,0,0,1.103
28/01/2019 00.00,28/01/2019 01.00,0,0,0,1.05
28/01/2019 01.00,28/01/2019 02.00,0,0,0,0.961
28/01/2019 02.00,28/01/2019 03.00,0,0,0,0.892
28/01/2019 03.00,28/01/2019 04.00,0,0,0,0.77
28/01/2019 04.00,28/01/2019 05.00,0,0,0,0.616
28/01/2019 05.00,28/01/2019 06.00,0,0,0,0.434
28/01/2019 06.00,28/01/2019 07.00,0,0,0,0.26
28/01/2019 07.00,28/01/2019 08.00,0,0.001,0.003,0.122
28/01/2019 08.00,28/01/2019 09.00,0.017,0.006,0.03,0.117
28/01/2019 09.00,28/01/2019 10.00,0.063,0.017,0.067,0.323
28/01/2019 10.00,28/01/2019 11.00,0.095,0.026,0.091,0.587
28/01/2019 11.00,28/01/2019 12.00,0.086,0.019,0.089,0.65
28/01/2019 12.00,28/01/2019 13.00,0.062,0.011,0.072,0.54
28/01/2019 13.00,28/01/2019 14.00,0.034,0.006,0.048,0.297
28/01/2019 14.00,28/01/2019 15.00,0.011,0.004,0.025,-0.05
28/01/2019 15.00,28/01/2019 16.00,0,0.001,0.002,-0.514
28/01/2019 16.00,28/01/2019 17.00,0,0,0,-0.998
28/01/2019 17.00,28/01/2019 18.00,0,0,0,-1.462
28/01/2019 18.00,28/01/2019 19.00,0,0,0,-1.927
28/01/2019 19.00,28/01/2019 20.00,0,0,0,-2.485
28/01/2019 20.00,28/01/2019 21.00,0,0,0,-3.108
28/01/2019 21.00,28/01/2019 22.00,0,0,0,-3.737
28/01/2019 22.00,28/01/2019 23.00,0,0,0,-4.204
28/01/2019 23.00,29/01/2019 00.00,0,0,0,-4.375
29/01/2019 00.00,29/01/2019 01.00,0,0,0,-4.247
29/01/2019 01.00,29/01/2019 02.00,0,0,0,-3.953
29/01/2019 02.00,29/01/2019 03.00,0,0,0,-3.62
29/01/2019 03.00,29/01/2019 04.00,0,0,0,-3.466
29/01/2019 04.00,29/01/2019 05.00,0,0,0,-3.377
29/01/2019 05.00,29/01/2019 06.00,0,0,0,-3.258
29/01/2019 06.00,29/01/2019 07.00,0,0,0,-3.163
29/01/2019 07.00,29/01/2019 08.00,0,0.004,0.007,-3.066
29/01/2019 08.00,29/01/2019 09.00,0.065,0.037,0.048,-2.313
29/01/2019 09.00,29/01/2019 10.00,0.12,0.057,0.084,-0.855
29/01/2019 10.00,29/01/2019 11.00,0.15,0.066,0.106,0.342
29/01/2019 11.00,29/01/2019 12.00,0.149,0.06,0.111,0.786
29/01/2019 12.00,29/01/2019 13.00,0.127,0.048,0.1,1.056
29/01/2019 13.00,29/01/2019 14.00,0.065,0.02,0.066,1.091
29/01/2019 14.00,29/01/2019 15.00,0.015,0.006,0.028,0.781
29/01/2019 15.00,29/01/2019 16.00,0,0,0.002,0.378
29/01/2019 16.00,29/01/2019 17.00,0,0,0,0.49
29/01/2019 17.00,29/01/2019 18.00,0,0,0,0.655
29/01/2019 18.00,29/01/2019 19.00,0,0,0,0.667
29/01/2019 19.00,29/01/2019 20.00,0,0,0,0.658
29/01/2019 20.00,29/01/2019 21.00,0,0,0,0.624
29/01/2019 21.00,29/01/2019 22.00,0,0,0,0.71
29/01/2019 22.00,29/01/2019 23.00,0,0,0,0.768
29/01/2019 23.00,30/01/2019 00.00,0,0,0,0.755
30/01/2019 00.00,30/01/2019 01.00,0,0,0,0.53
30/01/2019 01.00,30/01/2019 02.00,0,0,0,0.161
30/01/2019 02.00,30/01/2019 03.00,0,0,0,-0.434
30/01/2019 03.00,30/01/2019 04.00,0,0,0,-1.219
30/01/2019 04.00,30/01/2019 05.00,0,0,0,-1.823
30/01/2019 05.00,30/01/2019 06.00,0,0,0,-2.195
30/01/2019 06.00,30/01/2019 07.00,0,0,0,-2.242
30/01/2019 07.00,30/01/2019 08.00,0,0.002,0.006,-2.07
30/01/2019 08.00,30/01/2019 09.00,0.027,0.01,0.036,-1.527
30/01/2019 09.00,30/01/2019 10.00,0.072,0.021,0.071,-0.703
30/01/2019 10.00,30/01/2019 11.00,0.12,0.041,0.101,0.178
30/01/2019 11.00,30/01/2019 12.00,0.159,0.065,0.116,0.791
30/01/2019 12.00,30/01/2019 13.00,0.141,0.057,0.106,1.054
30/01/2019 13.00,30/01/2019 14.00,0.075,0.025,0.072,1.075
30/01/2019 14.00,30/01/2019 15.00,0.017,0.006,0.03,0.888
30/01/2019 15.00,30/01/2019 16.00,0,0,0.002,0.468
30/01/2019 16.00,30/01/2019 17.00,0,0,0,0.24
30/01/2019 17.00,30/01/2019 18.00,0,0,0,0.145
30/01/2019 18.00,30/01/2019 19.00,0,0,0,0.091
30/01/2019 19.00,30/01/2019 20.00,0,0,0,0.049
30/01/2019 20.00,30/01/2019 21.00,0,0,0,-0.014
30/01/2019 21.00,30/01/2019 22.00,0,0,0,-0.09
30/01/2019 22.00,30/01/2019 23.00,0,0,0,-0.198
30/01/2019 23.00,31/01/2019 00.00,0,0,0,-0.293
31/01/2019 00.00,31/01/2019 01.00,0,0,0,-0.366
31/01/2019 01.00,31/01/2019 02.00,0,0,0,-0.432
31/01/2019 02.00,31/01/2019 03.00,0,0,0,-0.49
31/01/2019 03.00,31/01/2019 04.00,0,0,0,-0.487
31/01/2019 04.00,31/01/2019 05.00,0,0,0,-0.405
31/01/2019 05.00,31/01/2019 06.00,0,0,0,-0.292
31/01/2019 06.00,31/01/2019 07.00,0,0,0,-0.176
31/01/2019 07.00,31/01/2019 08.00,0,0.001,0.004,-0.072
31/01/2019 08.00,31/01/2019 09.00,0.013,0.004,0.028,0.161
31/01/2019 09.00,31/01/2019 10.00,0.045,0.008,0.057,0.53
31/01/2019 10.00,31/01/2019 11.00,0.069,0.012,0.078,0.803
31/01/2019 11.00,31/01/2019 12.00,0.086,0.017,0.09,0.954
31/01/2019 12.00,31/01/2019 13.00,0.08,0.017,0.084,1.038
31/01/2019 13.00,31/01/2019 14.00,0.068,0.018,0.071,0.988
31/01/2019 14.00,31/01/2019 15.00,0.029,0.011,0.038,0.692
31/01/2019 15.00,31/01/2019 16.00,0,0.001,0.004,0.075
31/01/2019 16.00,31/01/2019 17.00,0,0,0,-0.26
31/01/2019 17.00,31/01/2019 18.00,0,0,0,-0.486
31/01/2019 18.00,31/01/2019 19.00,0,0,0,-0.926
31/01/2019 19.00,31/01/2019 20.00,0,0,0,-1.269
31/01/2019 20.00,31/01/2019 21.00,0,0,0,-1.635
31/01/2019 21.00,31/01/2019 22.00,0,0,0,-1.961
31/01/2019 22.00,31/01/2019 23.00,0,0,0,-2.264
31/01/2019 23.00,01/02/2019 00.00,0,0,0,-2.424
01/02/2019 00.00,01/02/2019 01.00,0,0,0,-2.519
01/02/2019 01.00,01/02/2019 02.00,0,0,0,-2.616
01/02/2019 02.00,01/02/2019 03.00,0,0,0,-2.594
01/02/2019 03.00,01/02/2019 04.00,0,0,0,-2.394
01/02/2019 04.00,01/02/2019 05.00,0,0,0,-2.179
01/02/2019 05.00,01/02/2019 06.00,0,0,0,-1.96
01/02/2019 06.00,01/02/2019 07.00,0,0,0,-1.547
01/02/2019 07.00,01/02/2019 08.00,0,0.004,0.008,-1.077
01/02/2019 08.00,01/02/2019 09.00,0.05,0.023,0.047,-0.409
01/02/2019 09.00,01/02/2019 10.00,0.108,0.045,0.084,0.317
01/02/2019 10.00,01/02/2019 11.00,0.165,0.076,0.111,0.822
01/02/2019 11.00,01/02/2019 12.00,0.208,0.11,0.121,1.095
01/02/2019 12.00,01/02/2019 13.00,0.212,0.122,0.112,1.153
01/02/2019 13.00,01/02/2019 14.00,0.167,0.1,0.088,1.023
01/02/2019 14.00,01/02/2019 15.00,0.066,0.039,0.048,0.52
01/02/2019 15.00,01/02/2019 16.00,0,0.003,0.005,-0.265
01/02/2019 16.00,01/02/2019 17.00,0,0,0,-0.623
01/02/2019 17.00,01/02/2019 18.00,0,0,0,-0.754
01/02/2019 18.00,01/02/2019 19.00,0,0,0,-0.991
01/02/2019 19.00,01/02/2019 20.00,0,0,0,-1.281
01/02/2019 20.00,01/02/2019 21.00,0,0,0,-1.344
01/02/2019 21.00,01/02/2019 22.00,0,0,0,-1.163
01/02/2019 22.00,01/02/2019 23.00,0,0,0,-0.903
01/02/2019 23.00,02/02/2019 00.00,0,0,0,-0.754
02/02/2019 00.00,02/02/2019 01.00,0,0,0,-0.809
02/02/2019 01.00,02/02/2019 02.00,0,0,0,-0.948
02/02/2019 02.00,02/02/2019 03.00,0,0,0,-1.039
02/02/2019 03.00,02/02/2019 04.00,0,0,0,-1.023
02/02/2019 04.00,02/02/2019 05.00,0,0,0,-1.002
02/02/2019 05.00,02/02/2019 06.00,0,0,0,-1.037
02/02/2019 06.00,02/02/2019 07.00,0,0,0,-1.205
02/02/2019 07.00,02/02/2019 08.00,0,0.004,0.009,-1.132
02/02/2019 08.00,02/02/2019 09.00,0.048,0.021,0.047,-0.364
02/02/2019 09.00,02/02/2019 10.00,0.115,0.05,0.087,0.384
02/02/2019 10.00,02/02/2019 11.00,0.203,0.109,0.116,0.882
02/02/2019 11.00,02/02/2019 12.00,0.279,0.181,0.122,1.287
02/02/2019 12.00,02/02/2019 13.00,0.278,0.19,0.112,1.492
02/02/2019 13.00,02/02/2019 14.00,0.162,0.094,0.09,1.385
02/02/2019 14.00,02/02/2019 15.00,0.048,0.024,0.045,0.977
02/02/2019 15.00,02/02/2019 16.00,0,0.002,0.005,0.145
02/02/2019 16.00,02/02/2019 17.00,0,0,0,-0.185
02/02/2019 17.00,02/02/2019 18.00,0,0,0,-0.195
02/02/2019 18.00,02/02/2019 19.00,0,0,0,-0.263
02/02/2019 19.00,02/02/2019 20.00,0,0,0,-0.351
02/02/2019 20.00,02/02/2019 21.00,0,0,0,-0.385
02/02/2019 21.00,02/02/2019 22.00,0,0,0,-0.349
02/02/2019 22.00,02/02/2019 23.00,0,0,0,-0.298
02/02/2019 23.00,03/02/2019 00.00,0,0,0,-0.307
03/02/2019 00.00,03/02/2019 01.00,0,0,0,-0.359
03/02/2019 01.00,03/02/2019 02.00,0,0,0,-0.435
03/02/2019 02.00,03/02/2019 03.00,0,0,0,-0.635
03/02/2019 03.00,03/02/2019 04.00,0,0,0,-1.005
03/02/2019 04.00,03/02/2019 05.00,0,0,0,-1.273
03/02/2019 05.00,03/02/2019 06.00,0,0,0,-1.434
03/02/2019 06.00,03/02/2019 07.00,0,0,0,-1.882
03/02/2019 07.00,03/02/2019 08.00,0.014,0.018,0.013,-2.353
03/02/2019 08.00,03/02/2019 09.00,0.148,0.11,0.059,-1.438
03/02/2019 09.00,03/02/2019 10.00,0.327,0.269,0.083,-0.003
03/02/2019 10.00,03/02/2019 11.00,0.4,0.336,0.096,0.821
03/02/2019 11.00,03/02/2019 12.00,0.392,0.319,0.104,1.224
03/02/2019 12.00,03/02/2019 13.00,0.317,0.239,0.104,1.43
03/02/2019 13.00,03/02/2019 14.00,0.186,0.12,0.088,1.366
03/02/2019 14.00,03/02/2019 15.00,0.066,0.038,0.049,0.588
03/02/2019 15.00,03/02/2019 16.00,0,0.004,0.006,-0.485
03/02/2019 16.00,03/02/2019 17.00,0,0,0,-0.843
03/02/2019 17.00,03/02/2019 18.00,0,0,0,-0.937
03/02/2019 18.00,03/02/2019 19.00,0,0,0,-1.161
03/02/2019 19.00,03/02/2019 20.00,0,0,0,-1.704
03/02/2019 20.00,03/02/2019 21.00,0,0,0,-2.196
03/02/2019 21.00,03/02/2019 22.00,0,0,0,-2.51
03/02/2019 22.00,03/02/2019 23.00,0,0,0,-2.552
03/02/2019 23.00,04/02/2019 00.00,0,0,0,-2.406
04/02/2019 00.00,04/02/2019 01.00,0,0,0,-2.196
04/02/2019 01.00,04/02/2019 02.00,0,0,0,-2.004
04/02/2019 02.00,04/02/2019 03.00,0,0,0,-1.623
04/02/2019 03.00,04/02/2019 04.00,0,0,0,-0.738
04/02/2019 04.00,04/02/2019 05.00,0,0,0,0.061
04/02/2019 05.00,04/02/2019 06.00,0,0,0,0.642
04/02/2019 06.00,04/02/2019 07.00,0,0,0,1.05
04/02/2019 07.00,04/02/2019 08.00,0,0,0.003,1.351
04/02/2019 08.00,04/02/2019 09.00,0,0,0.012,1.45
04/02/2019 09.00,04/02/2019 10.00,0.005,0.001,0.02,1.566
04/02/2019 10.00,04/02/2019 11.00,0.01,0.001,0.027,1.974
04/02/2019 11.00,04/02/2019 12.00,0.01,0.001,0.027,2.331
04/02/2019 12.00,04/02/2019 13.00,0.008,0.001,0.024,2.357
04/02/2019 13.00,04/02/2019 14.00,0.002,0,0.017,1.91
04/02/2019 14.00,04/02/2019 15.00,0,0,0.011,1.428
04/02/2019 15.00,04/02/2019 16.00,0,0,0.002,1.251
04/02/2019 16.00,04/02/2019 17.00,0,0,0,1.241
04/02/2019 17.00,04/02/2019 18.00,0,0,0,1.527
04/02/2019 18.00,04/02/2019 19.00,0,0,0,2.084
04/02/2019 19.00,04/02/2019 20.00,0,0,0,2.774
04/02/2019 20.00,04/02/2019 21.00,0,0,0,3.107
04/02/2019 21.00,04/02/2019 22.00,0,0,0,3.24
04/02/2019 22.00,04/02/2019 23.00,0,0,0,3.28
04/02/2019 23.00,05/02/2019 00.00,0,0,0,3.374
05/02/2019 00.00,05/02/2019 01.00,0,0,0,3.506
05/02/2019 01.00,05/02/2019 02.00,0,0,0,3.594
05/02/2019 02.00,05/02/2019 03.00,0,0,0,3.688
05/02/2019 03.00,05/02/2019 04.00,0,0,0,3.77
05/02/2019 04.00,05/02/2019 05.00,0,0,0,3.866
05/02/2019 05.00,05/02/2019 06.00,0,0,0,3.88
05/02/2019 06.00,05/02/2019 07.00,0,0,0,3.743
05/02/2019 07.00,05/02/2019 08.00,0.005,0.008,0.013,3.699
05/02/2019 08.00,05/02/2019 09.00,0.066,0.032,0.057,3.947
05/02/2019 09.00,05/02/2019 10.00,0.127,0.058,0.093,4.349
05/02/2019 10.00,05/02/2019 11.00,0.197,0.104,0.119,4.645
05/02/2019 11.00,05/02/2019 12.00,0.275,0.178,0.126,4.798
05/02/2019 12.00,05/02/2019 13.00,0.298,0.215,0.114,4.781
05/02/2019 13.00,05/02/2019 14.00,0.241,0.176,0.092,4.543
05/02/2019 14.00,05/02/2019 15.00,0.104,0.07,0.057,3.977
05/02/2019 15.00,05/02/2019 16.00,0.004,0.01,0.01,3.12
05/02/2019 16.00,05/02/2019 17.00,0,0,0,2.446
05/02/2019 17.00,05/02/2019 18.00,0,0,0,2.028
05/02/2019 18.00,05/02/2019 19.00,0,0,0,1.637
05/02/2019 19.00,05/02/2019 20.00,0,0,0,1.319
05/02/2019 20.00,05/02/2019 21.00,0,0,0,1.071
05/02/2019 21.00,05/02/2019 22.00,0,0,0,0.901
05/02/2019 22.00,05/02/2019 23.00,0,0,0,0.87
05/02/2019 23.00,06/02/2019 00.00,0,0,0,0.782
06/02/2019 00.00,06/02/2019 01.00,0,0,0,1.01
06/02/2019 01.00,06/02/2019 02.00,0,0,0,1.31
06/02/2019 02.00,06/02/2019 03.00,0,0,0,1.865
06/02/2019 03.00,06/02/2019 04.00,0,0,0,1.945
06/02/2019 04.00,06/02/2019 05.00,0,0,0,1.666
06/02/2019 05.00,06/02/2019 06.00,0,0,0,1.071
06/02/2019 06.00,06/02/2019 07.00,0,0,0,0.842
06/02/2019 07.00,06/02/2019 08.00,0,0,0.005,0.845
06/02/2019 08.00,06/02/2019 09.00,0.005,0.001,0.02,1.09
06/02/2019 09.00,06/02/2019 10.00,0.016,0.001,0.033,1.49
06/02/2019 10.00,06/02/2019 11.00,0.014,0.001,0.031,1.748
06/02/2019 11.00,06/02/2019 12.00,0.008,0.001,0.025,2.256
06/02/2019 12.00,06/02/2019 13.00,0.006,0.001,0.022,2.936
06/02/2019 13.00,06/02/2019 14.00,0.005,0.001,0.02,3.531
06/02/2019 14.00,06/02/2019 15.00,0,0,0.013,3.73
06/02/2019 15.00,06/02/2019 16.00,0,0,0.003,3.615
06/02/2019 16.00,06/02/2019 17.00,0,0,0,3.46
06/02/2019 17.00,06/02/2019 18.00,0,0,0,3.383
06/02/2019 18.00,06/02/2019 19.00,0,0,0,3.375
06/02/2019 19.00,06/02/2019 20.00,0,0,0,3.343
06/02/2019 20.00,06/02/2019 21.00,0,0,0,3.195
06/02/2019 21.00,06/02/2019 22.00,0,0,0,2.92
06/02/2019 22.00,06/02/2019 23.00,0,0,0,2.68
06/02/2019 23.00,07/02/2019 00.00,0,0,0,2.476
07/02/2019 00.00,07/02/2019 01.00,0,0,0,2.321
07/02/2019 01.00,07/02/2019 02.00,0,0,0,2.132
07/02/2019 02.00,07/02/2019 03.00,0,0,0,2.167
07/02/2019 03.00,07/02/2019 04.00,0,0,0,2.136
07/02/2019 04.00,07/02/2019 05.00,0,0,0,2.077
07/02/2019 05.00,07/02/2019 06.00,0,0,0,1.992
07/02/2019 06.00,07/02/2019 07.00,0,0,0,1.937
07/02/2019 07.00,07/02/2019 08.00,0,0,0.004,1.744
07/02/2019 08.00,07/02/2019 09.00,0.001,0.001,0.016,1.462
07/02/2019 09.00,07/02/2019 10.00,0.012,0.001,0.029,1.255
07/02/2019 10.00,07/02/2019 11.00,0.021,0.001,0.039,1.157
07/02/2019 11.00,07/02/2019 12.00,0.016,0.001,0.033,1.481
07/02/2019 12.00,07/02/2019 13.00,0.006,0.001,0.022,2.152
07/02/2019 13.00,07/02/2019 14.00,0,0,0.015,2.991
07/02/2019 14.00,07/02/2019 15.00,0.005,0.001,0.02,3.585
07/02/2019 15.00,07/02/2019 16.00,0,0.001,0.008,3.759
07/02/2019 16.00,07/02/2019 17.00,0,0,0,3.567
07/02/2019 17.00,07/02/2019 18.00,0,0,0,3.523
07/02/2019 18.00,07/02/2019 19.00,0,0,0,3.465
07/02/2019 19.00,07/02/2019 20.00,0,0,0,3.57
07/02/2019 20.00,07/02/2019 21.00,0,0,0,3.863
07/02/2019 21.00,07/02/2019 22.00,0,0,0,3.97
07/02/2019 22.00,07/02/2019 23.00,0,0,0,4.227
07/02/2019 23.00,08/02/2019 00.00,0,0,0,4.576
08/02/2019 00.00,08/02/2019 01.00,0,0,0,4.74
08/02/2019 01.00,08/02/2019 02.00,0,0,0,4.704
08/02/2019 02.00,08/02/2019 03.00,0,0,0,4.564
08/02/2019 03.00,08/02/2019 04.00,0,0,0,4.404
08/02/2019 04.00,08/02/2019 05.00,0,0,0,4.321
08/02/2019 05.00,08/02/2019 06.00,0,0,0,4.279
08/02/2019 06.00,08/02/2019 07.00,0,0,0,4.157
08/02/2019 07.00,08/02/2019 08.00,0.002,0.003,0.014,4.017
08/02/2019 08.00,08/02/2019 09.00,0.044,0.011,0.055,4.237
08/02/2019 09.00,08/02/2019 10.00,0.064,0.011,0.076,4.46
08/02/2019 10.00,08/02/2019 11.00,0.064,0.007,0.079,4.558
08/02/2019 11.00,08/02/2019 12.00,0.046,0.004,0.064,4.414
08/02/2019 12.00,08/02/2019 13.00,0.029,0.002,0.048,4.175
08/02/2019 13.00,08/02/2019 14.00,0.01,0.001,0.027,4.013
08/02/2019 14.00,08/02/2019 15.00,0,0,0.011,4.028
08/02/2019 15.00,08/02/2019 16.00,0,0,0.002,4.095
08/02/2019 16.00,08/02/2019 17.00,0,0,0,4.148
08/02/2019 17.00,08/02/2019 18.00,0,0,0,4.395
08/02/2019 18.00,08/02/2019 19.00,0,0,0,4.914
08/02/2019 19.00,08/02/2019 20.00,0,0,0,5.286
08/02/2019 20.00,08/02/2019 21.00,0,0,0,5.249
08/02/2019 21.00,08/02/2019 22.00,0,0,0,5.047
08/02/2019 22.00,08/02/2019 23.00,0,0,0,4.966
08/02/2019 23.00,09/02/2019 00.00,0,0,0,5.023
09/02/2019 00.00,09/02/2019 01.00,0,0,0,5.022
09/02/2019 01.00,09/02/2019 02.00,0,0,0,5.203
09/02/2019 02.00,09/02/2019 03.00,0,0,0,5.421
09/02/2019 03.00,09/02/2019 04.00,0,0,0,5.473
09/02/2019 04.00,09/02/2019 05.00,0,0,0,5.414
09/02/2019 05.00,09/02/2019 06.00,0,0,0,5.348
09/02/2019 06.00,09/02/2019 07.00,0,0,0,5.279
09/02/2019 07.00,09/02/2019 08.00,0,0.002,0.011,5.184
09/02/2019 08.00,09/02/2019 09.00,0.055,0.018,0.06,5.228
09/02/2019 09.00,09/02/2019 10.00,0.239,0.151,0.115,5.599
09/02/2019 10.00,09/02/2019 11.00,0.427,0.355,0.118,6.047
09/02/2019 11.00,09/02/2019 12.00,0.373,0.273,0.14,6.105
09/02/2019 12.00,09/02/2019 13.00,0.075,0.013,0.086,5.216
09/02/2019 13.00,09/02/2019 14.00,0.011,0.001,0.028,4.489
09/02/2019 14.00,09/02/2019 15.00,0,0,0.011,4.656
09/02/2019 15.00,09/02/2019 16.00,0,0,0.002,5.122
09/02/2019 16.00,09/02/2019 17.00,0,0,0,5.567
09/02/2019 17.00,09/02/2019 18.00,0,0,0,5.791
09/02/2019 18.00,09/02/2019 19.00,0,0,0,5.991
09/02/2019 19.00,09/02/2019 20.00,0,0,0,6.136
09/02/2019 20.00,09/02/2019 21.00,0,0,0,6.22
09/02/2019 21.00,09/02/2019 22.00,0,0,0,6.126
09/02/2019 22.00,09/02/2019 23.00,0,0,0,5.758
09/02/2019 23.00,10/02/2019 00.00,0,0,0,5.318
10/02/2019 00.00,10/02/2019 01.00,0,0,0,5.014
10/02/2019 01.00,10/02/2019 02.00,0,0,0,4.793
10/02/2019 02.00,10/02/2019 03.00,0,0,0,4.611
10/02/2019 03.00,10/02/2019 04.00,0,0,0,4.564
10/02/2019 04.00,10/02/2019 05.00,0,0,0,4.635
10/02/2019 05.00,10/02/2019 06.00,0,0,0,4.747
10/02/2019 06.00,10/02/2019 07.00,0,0,0,4.741
10/02/2019 07.00,10/02/2019 08.00,0.006,0.005,0.017,4.711
10/02/2019 08.00,10/02/2019 09.00,0.052,0.015,0.059,4.917
10/02/2019 09.00,10/02/2019 10.00,0.085,0.02,0.089,5.181
10/02/2019 10.00,10/02/2019 11.00,0.091,0.017,0.098,5.299
10/02/2019 11.00,10/02/2019 12.00,0.115,0.025,0.114,5.346
10/02/2019 12.00,10/02/2019 13.00,0.148,0.047,0.126,5.421
10/02/2019 13.00,10/02/2019 14.00,0.101,0.029,0.096,5.409
10/02/2019 14.00,10/02/2019 15.00,0.039,0.01,0.05,5.04
10/02/2019 15.00,10/02/2019 16.00,0,0.002,0.011,4.268
10/02/2019 16.00,10/02/2019 17.00,0,0,0,3.606
10/02/2019 17.00,10/02/2019 18.00,0,0,0,3.169
10/02/2019 18.00,10/02/2019 19.00,0,0,0,2.692
10/02/2019 19.00,10/02/2019 20.00,0,0,0,2.105
10/02/2019 20.00,10/02/2019 21.00,0,0,0,1.894
10/02/2019 21.00,10/02/2019 22.00,0,0,0,2.589
10/02/2019 22.00,10/02/2019 23.00,0,0,0,3.602
10/02/2019 23.00,11/02/2019 00.00,0,0,0,3.812
11/02/2019 00.00,11/02/2019 01.00,0,0,0,3.331
11/02/2019 01.00,11/02/2019 02.00,0,0,0,2.82
11/02/2019 02.00,11/02/2019 03.00,0,0,0,2.629
11/02/2019 03.00,11/02/2019 04.00,0,0,0,2.406
11/02/2019 04.00,11/02/2019 05.00,0,0,0,2.233
11/02/2019 05.00,11/02/2019 06.00,0,0,0,2.18
11/02/2019 06.00,11/02/2019 07.00,0,0,0,2.158
11/02/2019 07.00,11/02/2019 08.00,0.111,0.108,0.026,2.537
11/02/2019 08.00,11/02/2019 09.00,0.351,0.331,0.051,3.211
11/02/2019 09.00,11/02/2019 10.00,0.523,0.523,0.056,4.047
11/02/2019 10.00,11/02/2019 11.00,0.612,0.631,0.06,4.693
11/02/2019 11.00,11/02/2019 12.00,0.633,0.656,0.061,4.839
11/02/2019 12.00,11/02/2019 13.00,0.584,0.595,0.061,4.674
11/02/2019 13.00,11/02/2019 14.00,0.464,0.452,0.059,4.258
11/02/2019 14.00,11/02/2019 15.00,0.263,0.238,0.052,3.658
11/02/2019 15.00,11/02/2019 16.00,0.043,0.045,0.019,2.917
11/02/2019 16.00,11/02/2019 17.00,0,0,0,2.428
11/02/2019 17.00,11/02/2019 18.00,0,0,0,2.309
11/02/2019 18.00,11/02/2019 19.00,0,0,0,2.194
11/02/2019 19.00,11/02/2019 20.00,0,0,0,2.051
11/02/2019 20.00,11/02/2019 21.00,0,0,0,1.886
11/02/2019 21.00,11/02/2019 22.00,0,0,0,1.761
11/02/2019 22.00,11/02/2019 23.00,0,0,0,1.734
11/02/2019 23.00,12/02/2019 00.00,0,0,0,1.309
12/02/2019 00.00,12/02/2019 01.00,0,0,0,1.008
12/02/2019 01.00,12/02/2019 02.00,0,0,0,0.7
12/02/2019 02.00,12/02/2019 03.00,0,0,0,0.535
12/02/2019 03.00,12/02/2019 04.00,0,0,0,0.279
12/02/2019 04.00,12/02/2019 05.00,0,0,0,-0.301
12/02/2019 05.00,12/02/2019 06.00,0,0,0,-0.771
12/02/2019 06.00,12/02/2019 07.00,0,0,0,-1.046
12/02/2019 07.00,12/02/2019 08.00,0.09,0.077,0.034,-0.245
12/02/2019 08.00,12/02/2019 09.00,0.256,0.204,0.076,1.638
12/02/2019 09.00,12/02/2019 10.00,0.333,0.254,0.108,2.831
12/02/2019 10.00,12/02/2019 11.00,0.304,0.195,0.138,3.753
12/02/2019 11.00,12/02/2019 12.00,0.202,0.084,0.143,4.173
12/02/2019 12.00,12/02/2019 13.00,0.102,0.022,0.103,4.174
12/02/2019 13.00,12/02/2019 14.00,0.066,0.013,0.076,3.921
12/02/2019 14.00,12/02/2019 15.00,0.042,0.011,0.053,3.595
12/02/2019 15.00,12/02/2019 16.00,0.003,0.003,0.015,3.249
12/02/2019 16.00,12/02/2019 17.00,0,0,0,3.143
12/02/2019 17.00,12/02/2019 18.00,0,0,0,3.437
12/02/2019 18.00,12/02/2019 19.00,0,0,0,3.838
12/02/2019 19.00,12/02/2019 20.00,0,0,0,4.419
12/02/2019 20.00,12/02/2019 21.00,0,0,0,5.095
12/02/2019 21.00,12/02/2019 22.00,0,0,0,5.373
12/02/2019 22.00,12/02/2019 23.00,0,0,0,5.533
12/02/2019 23.00,13/02/2019 00.00,0,0,0,5.81
13/02/2019 00.00,13/02/2019 01.00,0,0,0,5.965
13/02/2019 01.00,13/02/2019 02.00,0,0,0,5.61
13/02/2019 02.00,13/02/2019 03.00,0,0,0,5.303
13/02/2019 03.00,13/02/2019 04.00,0,0,0,5.207
13/02/2019 04.00,13/02/2019 05.00,0,0,0,5.15
13/02/2019 05.00,13/02/2019 06.00,0,0,0,5.101
13/02/2019 06.00,13/02/2019 07.00,0,0,0,5.073
13/02/2019 07.00,13/02/2019 08.00,0.006,0.004,0.019,5.184
13/02/2019 08.00,13/02/2019 09.00,0.051,0.013,0.061,5.578
13/02/2019 09.00,13/02/2019 10.00,0.161,0.066,0.121,6.304
13/02/2019 10.00,13/02/2019 11.00,0.227,0.106,0.15,6.856
13/02/2019 11.00,13/02/2019 12.00,0.139,0.036,0.129,6.965
13/02/2019 12.00,13/02/2019 13.00,0.121,0.028,0.118,6.754
13/02/2019 13.00,13/02/2019 14.00,0.097,0.024,0.098,6.365
13/02/2019 14.00,13/02/2019 15.00,0.041,0.009,0.054,5.808
13/02/2019 15.00,13/02/2019 16.00,0,0.001,0.01,5.311
13/02/2019 16.00,13/02/2019 17.00,0,0,0,5.239
13/02/2019 17.00,13/02/2019 18.00,0,0,0,5.459
13/02/2019 18.00,13/02/2019 19.00,0,0,0,5.7
13/02/2019 19.00,13/02/2019 20.00,0,0,0,5.667
13/02/2019 20.00,13/02/2019 21.00,0,0,0,5.487
13/02/2019 21.00,13/02/2019 22.00,0,0,0,5.324
13/02/2019 22.00,13/02/2019 23.00,0,0,0,5.164
13/02/2019 23.00,14/02/2019 00.00,0,0,0,5.097
14/02/2019 00.00,14/02/2019 01.00,0,0,0,5.089
14/02/2019 01.00,14/02/2019 02.00,0,0,0,5.057
14/02/2019 02.00,14/02/2019 03.00,0,0,0,4.943
14/02/2019 03.00,14/02/2019 04.00,0,0,0,4.863
14/02/2019 04.00,14/02/2019 05.00,0,0,0,4.775
14/02/2019 05.00,14/02/2019 06.00,0,0,0,4.696
14/02/2019 06.00,14/02/2019 07.00,0,0,0,4.692
14/02/2019 07.00,14/02/2019 08.00,0,0.001,0.011,4.81
14/02/2019 08.00,14/02/2019 09.00,0.023,0.003,0.04,5.109
14/02/2019 09.00,14/02/2019 10.00,0.061,0.008,0.077,5.369
14/02/2019 10.00,14/02/2019 11.00,0.088,0.012,0.1,5.714
14/02/2019 11.00,14/02/2019 12.00,0.108,0.016,0.116,6.062
14/02/2019 12.00,14/02/2019 13.00,0.088,0.012,0.1,6.217
14/02/2019 13.00,14/02/2019 14.00,0.053,0.006,0.069,6.135
14/02/2019 14.00,14/02/2019 15.00,0.014,0.002,0.032,5.871
14/02/2019 15.00,14/02/2019 16.00,0,0,0.007,5.596
14/02/2019 16.00,14/02/2019 17.00,0,0,0,5.429
14/02/2019 17.00,14/02/2019 18.00,0,0,0,5.383
14/02/2019 18.00,14/02/2019 19.00,0,0,0,5.384
14/02/2019 19.00,14/02/2019 20.00,0,0,0,5.331
14/02/2019 20.00,14/02/2019 21.00,0,0,0,5.17
14/02/2019 21.00,14/02/2019 22.00,0,0,0,4.984
14/02/2019 22.00,14/02/2019 23.00,0,0,0,4.767
14/02/2019 23.00,15/02/2019 00.00,0,0,0,4.461
15/02/2019 00.00,15/02/2019 01.00,0,0,0,4.169
15/02/2019 01.00,15/02/2019 02.00,0,0,0,3.834
15/02/2019 02.00,15/02/2019 03.00,0,0,0,3.622
15/02/2019 03.00,15/02/2019 04.00,0,0,0,3.561
15/02/2019 04.00,15/02/2019 05.00,0,0,0,3.537
15/02/2019 05.00,15/02/2019 06.00,0,0,0,3.647
15/02/2019 06.00,15/02/2019 07.00,0,0,0.001,3.548
15/02/2019 07.00,15/02/2019 08.00,0.018,0.011,0.026,3.699
15/02/2019 08.00,15/02/2019 09.00,0.137,0.081,0.08,4.372
15/02/2019 09.00,15/02/2019 10.00,0.459,0.425,0.083,5.327
15/02/2019 10.00,15/02/2019 11.00,0.576,0.574,0.078,6.672
15/02/2019 11.00,15/02/2019 12.00,0.608,0.622,0.076,7.907
15/02/2019 12.00,15/02/2019 13.00,0.571,0.58,0.073,8.751
15/02/2019 13.00,15/02/2019 14.00,0.468,0.461,0.067,8.973
15/02/2019 14.00,15/02/2019 15.00,0.295,0.273,0.057,8.33
15/02/2019 15.00,15/02/2019 16.00,0.074,0.069,0.029,6.687
15/02/2019 16.00,15/02/2019 17.00,0,0,0,5.216
15/02/2019 17.00,15/02/2019 18.00,0,0,0,4.455
15/02/2019 18.00,15/02/2019 19.00,0,0,0,3.723
15/02/2019 19.00,15/02/2019 20.00,0,0,0,3.216
15/02/2019 20.00,15/02/2019 21.00,0,0,0,2.945
15/02/2019 21.00,15/02/2019 22.00,0,0,0,2.862
15/02/2019 22.00,15/02/2019 23.00,0,0,0,2.927
15/02/2019 23.00,16/02/2019 00.00,0,0,0,3.058
16/02/2019 00.00,16/02/2019 01.00,0,0,0,3.173
16/02/2019 01.00,16/02/2019 02.00,0,0,0,3.213
16/02/2019 02.00,16/02/2019 03.00,0,0,0,3.179
16/02/2019 03.00,16/02/2019 04.00,0,0,0,3.172
16/02/2019 04.00,16/02/2019 05.00,0,0,0,3.172
16/02/2019 05.00,16/02/2019 06.00,0,0,0,3.141
16/02/2019 06.00,16/02/2019 07.00,0,0,0.001,3.282
16/02/2019 07.00,16/02/2019 08.00,0.056,0.04,0.038,3.724
16/02/2019 08.00,16/02/2019 09.00,0.261,0.211,0.079,4.764
16/02/2019 09.00,16/02/2019 10.00,0.412,0.361,0.094,5.974
16/02/2019 10.00,16/02/2019 11.00,0.498,0.458,0.101,7.14
16/02/2019 11.00,16/02/2019 12.00,0.528,0.496,0.101,7.97
16/02/2019 12.00,16/02/2019 13.00,0.462,0.413,0.105,8.186
16/02/2019 13.00,16/02/2019 14.00,0.32,0.255,0.103,7.9
16/02/2019 14.00,16/02/2019 15.00,0.178,0.128,0.078,7.248
16/02/2019 15.00,16/02/2019 16.00,0.036,0.027,0.031,6.23
16/02/2019 16.00,16/02/2019 17.00,0,0,0,5.31
16/02/2019 17.00,16/02/2019 18.00,0,0,0,5.009
16/02/2019 18.00,16/02/2019 19.00,0,0,0,4.833
16/02/2019 19.00,16/02/2019 20.00,0,0,0,4.725
16/02/2019 20.00,16/02/2019 21.00,0,0,0,4.749
16/02/2019 21.00,16/02/2019 22.00,0,0,0,4.82
16/02/2019 22.00,16/02/2019 23.00,0,0,0,4.862
16/02/2019 23.00,17/02/2019 00.00,0,0,0,4.841
17/02/2019 00.00,17/02/2019 01.00,0,0,0,4.678
17/02/2019 01.00,17/02/2019 02.00,0,0,0,4.43
17/02/2019 02.00,17/02/2019 03.00,0,0,0,4.176
17/02/2019 03.00,17/02/2019 04.00,0,0,0,4.031
17/02/2019 04.00,17/02/2019 05.00,0,0,0,4.072
17/02/2019 05.00,17/02/2019 06.00,0,0,0,4.197
17/02/2019 06.00,17/02/2019 07.00,0,0,0,4.45
17/02/2019 07.00,17/02/2019 08.00,0,0,0.008,4.911
17/02/2019 08.00,17/02/2019 09.00,0.022,0.003,0.039,5.521
17/02/2019 09.00,17/02/2019 10.00,0.093,0.018,0.1,6.358
17/02/2019 10.00,17/02/2019 11.00,0.165,0.048,0.145,7.332
17/02/2019 11.00,17/02/2019 12.00,0.148,0.036,0.14,7.996
17/02/2019 12.00,17/02/2019 13.00,0.115,0.023,0.119,8.256
17/02/2019 13.00,17/02/2019 14.00,0.09,0.018,0.097,8.295
17/02/2019 14.00,17/02/2019 15.00,0.075,0.023,0.077,8.134
17/02/2019 15.00,17/02/2019 16.00,0.021,0.01,0.03,7.282
17/02/2019 16.00,17/02/2019 17.00,0,0,0,5.916
17/02/2019 17.00,17/02/2019 18.00,0,0,0,5.583
17/02/2019 18.00,17/02/2019 19.00,0,0,0,5.212
17/02/2019 19.00,17/02/2019 20.00,0,0,0,4.844
17/02/2019 20.00,17/02/2019 21.00,0,0,0,4.484
17/02/2019 21.00,17/02/2019 22.00,0,0,0,4.445
17/02/2019 22.00,17/02/2019 23.00,0,0,0,4.11
17/02/2019 23.00,18/02/2019 00.00,0,0,0,4.093
18/02/2019 00.00,18/02/2019 01.00,0,0,0,3.761
18/02/2019 01.00,18/02/2019 02.00,0,0,0,3.485
18/02/2019 02.00,18/02/2019 03.00,0,0,0,3.495
18/02/2019 03.00,18/02/2019 04.00,0,0,0,3.464
18/02/2019 04.00,18/02/2019 05.00,0,0,0,3.297
18/02/2019 05.00,18/02/2019 06.00,0,0,0,3.452
18/02/2019 06.00,18/02/2019 07.00,0,0,0.001,3.589
18/02/2019 07.00,18/02/2019 08.00,0.005,0.002,0.019,3.772
18/02/2019 08.00,18/02/2019 09.00,0.032,0.005,0.048,4.313
18/02/2019 09.00,18/02/2019 10.00,0.079,0.013,0.089,5.171
18/02/2019 10.00,18/02/2019 11.00,0.163,0.048,0.141,6.37
18/02/2019 11.00,18/02/2019 12.00,0.266,0.131,0.166,7.634
18/02/2019 12.00,18/02/2019 13.00,0.282,0.159,0.158,8.369
18/02/2019 13.00,18/02/2019 14.00,0.161,0.064,0.125,8.304
18/02/2019 14.00,18/02/2019 15.00,0.073,0.022,0.075,7.79
18/02/2019 15.00,18/02/2019 16.00,0.013,0.005,0.026,6.953
18/02/2019 16.00,18/02/2019 17.00,0,0,0,6.068
18/02/2019 17.00,18/02/2019 18.00,0,0,0,5.442
18/02/2019 18.00,18/02/2019 19.00,0,0,0,4.872
18/02/2019 19.00,18/02/2019 20.00,0,0,0,4.511
18/02/2019 20.00,18/02/2019 21.00,0,0,0,4.368
18/02/2019 21.00,18/02/2019 22.00,0,0,0,4.482
18/02/2019 22.00,18/02/2019 23.00,0,0,0,4.672
18/02/2019 23.00,19/02/2019 00.00,0,0,0,4.92
19/02/2019 00.00,19/02/2019 01.00,0,0,0,5.107
19/02/2019 01.00,19/02/2019 02.00,0,0,0,5.263
19/02/2019 02.00,19/02/2019 03.00,0,0,0,5.275
19/02/2019 03.00,19/02/2019 04.00,0,0,0,5.169
19/02/2019 04.00,19/02/2019 05.00,0,0,0,5.066
19/02/2019 05.00,19/02/2019 06.00,0,0,0,5.074
19/02/2019 06.00,19/02/2019 07.00,0,0,0.001,5.227
19/02/2019 07.00,19/02/2019 08.00,0,0,0.009,5.466
19/02/2019 08.00,19/02/2019 09.00,0.012,0.001,0.029,5.757
19/02/2019 09.00,19/02/2019 10.00,0.039,0.004,0.057,6.072
19/02/2019 10.00,19/02/2019 11.00,0.084,0.01,0.098,6.348
19/02/2019 11.00,19/02/2019 12.00,0.13,0.025,0.13,6.437
19/02/2019 12.00,19/02/2019 13.00,0.226,0.096,0.159,6.533
19/02/2019 13.00,19/02/2019 14.00,0.262,0.158,0.135,6.514
19/02/2019 14.00,19/02/2019 15.00,0.144,0.075,0.094,6.18
19/02/2019 15.00,19/02/2019 16.00,0.032,0.016,0.037,5.689
19/02/2019 16.00,19/02/2019 17.00,0,0,0.001,5.25
19/02/2019 17.00,19/02/2019 18.00,0,0,0,5.061
19/02/2019 18.00,19/02/2019 19.00,0,0,0,4.923
19/02/2019 19.00,19/02/2019 20.00,0,0,0,4.761
19/02/2019 20.00,19/02/2019 21.00,0,0,0,4.604
19/02/2019 21.00,19/02/2019 22.00,0,0,0,4.444
19/02/2019 22.00,19/02/2019 23.00,0,0,0,4.374
19/02/2019 23.00,20/02/2019 00.00,0,0,0,4.272
20/02/2019 00.00,20/02/2019 01.00,0,0,0,4.18
20/02/2019 01.00,20/02/2019 02.00,0,0,0,4.114
20/02/2019 02.00,20/02/2019 03.00,0,0,0,4.205
20/02/2019 03.00,20/02/2019 04.00,0,0,0,4.21
20/02/2019 04.00,20/02/2019 05.00,0,0,0,4.285
20/02/2019 05.00,20/02/2019 06.00,0,0,0,4.08
20/02/2019 06.00,20/02/2019 07.00,0,0,0.003,3.944
20/02/2019 07.00,20/02/2019 08.00,0.011,0.003,0.026,4.503
20/02/2019 08.00,20/02/2019 09.00,0.035,0.004,0.051,4.966
20/02/2019 09.00,20/02/2019 10.00,0.086,0.013,0.097,5.468
20/02/2019 10.00,20/02/2019 11.00,0.147,0.034,0.139,6.113
20/02/2019 11.00,20/02/2019 12.00,0.264,0.117,0.178,6.793
20/02/2019 12.00,20/02/2019 13.00,0.208,0.074,0.162,6.997
20/02/2019 13.00,20/02/2019 14.00,0.077,0.011,0.09,6.612
20/02/2019 14.00,20/02/2019 15.00,0.011,0.001,0.028,6.026
20/02/2019 15.00,20/02/2019 16.00,0,0,0.007,5.587
20/02/2019 16.00,20/02/2019 17.00,0,0,0,5.335
20/02/2019 17.00,20/02/2019 18.00,0,0,0,5.242
20/02/2019 18.00,20/02/2019 19.00,0,0,0,5.238
20/02/2019 19.00,20/02/2019 20.00,0,0,0,5.3
20/02/2019 20.00,20/02/2019 21.00,0,0,0,5.392
20/02/2019 21.00,20/02/2019 22.00,0,0,0,5.493
20/02/2019 22.00,20/02/2019 23.00,0,0,0,5.584
20/02/2019 23.00,21/02/2019 00.00,0,0,0,5.656
21/02/2019 00.00,21/02/2019 01.00,0,0,0,5.698
21/02/2019 01.00,21/02/2019 02.00,0,0,0,5.678
21/02/2019 02.00,21/02/2019 03.00,0,0,0,5.637
21/02/2019 03.00,21/02/2019 04.00,0,0,0,5.602
21/02/2019 04.00,21/02/2019 05.00,0,0,0,5.788
21/02/2019 05.00,21/02/2019 06.00,0,0,0,6.055
21/02/2019 06.00,21/02/2019 07.00,0,0,0,6.227
21/02/2019 07.00,21/02/2019 08.00,0,0.001,0.014,6.327
21/02/2019 08.00,21/02/2019 09.00,0.026,0.002,0.044,6.547
21/02/2019 09.00,21/02/2019 10.00,0.056,0.005,0.074,6.86
21/02/2019 10.00,21/02/2019 11.00,0.067,0.006,0.085,7.098
21/02/2019 11.00,21/02/2019 12.00,0.087,0.009,0.103,7.263
21/02/2019 12.00,21/02/2019 13.00,0.095,0.011,0.109,7.322
21/02/2019 13.00,21/02/2019 14.00,0.091,0.014,0.102,7.276
21/02/2019 14.00,21/02/2019 15.00,0.052,0.008,0.067,7.014
21/02/2019 15.00,21/02/2019 16.00,0.005,0.001,0.02,6.494
21/02/2019 16.00,21/02/2019 17.00,0,0,0.001,5.937
21/02/2019 17.00,21/02/2019 18.00,0,0,0,5.491
21/02/2019 18.00,21/02/2019 19.00,0,0,0,4.983
21/02/2019 19.00,21/02/2019 20.00,0,0,0,4.374
21/02/2019 20.00,21/02/2019 21.00,0,0,0,3.787
21/02/2019 21.00,21/02/2019 22.00,0,0,0,3.294
21/02/2019 22.00,21/02/2019 23.00,0,0,0,2.814
21/02/2019 23.00,22/02/2019 00.00,0,0,0,2.662
22/02/2019 00.00,22/02/2019 01.00,0,0,0,2.784
22/02/2019 01.00,22/02/2019 02.00,0,0,0,2.938
22/02/2019 02.00,22/02/2019 03.00,0,0,0,2.879
22/02/2019 03.00,22/02/2019 04.00,0,0,0,2.687
22/02/2019 04.00,22/02/2019 05.00,0,0,0,2.348
22/02/2019 05.00,22/02/2019 06.00,0,0,0,1.92
22/02/2019 06.00,22/02/2019 07.00,0,0.002,0.005,1.634
22/02/2019 07.00,22/02/2019 08.00,0.06,0.031,0.051,1.951
22/02/2019 08.00,22/02/2019 09.00,0.165,0.087,0.102,2.635
22/02/2019 09.00,22/02/2019 10.00,0.272,0.16,0.139,3.359
22/02/2019 10.00,22/02/2019 11.00,0.249,0.117,0.159,3.872
22/02/2019 11.00,22/02/2019 12.00,0.215,0.082,0.158,4.227
22/02/2019 12.00,22/02/2019 13.00,0.249,0.119,0.157,4.533
22/02/2019 13.00,22/02/2019 14.00,0.243,0.136,0.134,4.734
22/02/2019 14.00,22/02/2019 15.00,0.154,0.083,0.095,4.657
22/02/2019 15.00,22/02/2019 16.00,0.059,0.035,0.046,4.164
22/02/2019 16.00,22/02/2019 17.00,0,0.001,0.002,2.752
22/02/2019 17.00,22/02/2019 18.00,0,0,0,1.958
22/02/2019 18.00,22/02/2019 19.00,0,0,0,1.517
22/02/2019 19.00,22/02/2019 20.00,0,0,0,1.368
22/02/2019 20.00,22/02/2019 21.00,0,0,0,1.079
22/02/2019 21.00,22/02/2019 22.00,0,0,0,0.809
22/02/2019 22.00,22/02/2019 23.00,0,0,0,0.565
22/02/2019 23.00,23/02/2019 00.00,0,0,0,0.355
23/02/2019 00.00,23/02/2019 01.00,0,0,0,0.568
23/02/2019 01.00,23/02/2019 02.00,0,0,0,0.468
23/02/2019 02.00,23/02/2019 03.00,0,0,0,0.366
23/02/2019 03.00,23/02/2019 04.00,0,0,0,0.578
23/02/2019 04.00,23/02/2019 05.00,0,0,0,0.698
23/02/2019 05.00,23/02/2019 06.00,0,0,0,0.707
23/02/2019 06.00,23/02/2019 07.00,0,0.003,0.006,0.868
23/02/2019 07.00,23/02/2019 08.00,0.079,0.047,0.053,1.747
23/02/2019 08.00,23/02/2019 09.00,0.243,0.172,0.096,2.908
23/02/2019 09.00,23/02/2019 10.00,0.418,0.35,0.108,4.228
23/02/2019 10.00,23/02/2019 11.00,0.527,0.48,0.109,5.379
23/02/2019 11.00,23/02/2019 12.00,0.553,0.513,0.109,6.271
23/02/2019 12.00,23/02/2019 13.00,0.501,0.451,0.11,6.756
23/02/2019 13.00,23/02/2019 14.00,0.395,0.334,0.104,6.902
23/02/2019 14.00,23/02/2019 15.00,0.249,0.194,0.085,6.632
23/02/2019 15.00,23/02/2019 16.00,0.083,0.06,0.047,5.546
23/02/2019 16.00,23/02/2019 17.00,0,0.002,0.003,3.93
23/02/2019 17.00,23/02/2019 18.00,0,0,0,3.53
23/02/2019 18.00,23/02/2019 19.00,0,0,0,3.3
23/02/2019 19.00,23/02/2019 20.00,0,0,0,3.009
23/02/2019 20.00,23/02/2019 21.00,0,0,0,2.694
23/02/2019 21.00,23/02/2019 22.00,0,0,0,2.477
23/02/2019 22.00,23/02/2019 23.00,0,0,0,2.492
23/02/2019 23.00,24/02/2019 00.00,0,0,0,2.46
24/02/2019 00.00,24/02/2019 01.00,0,0,0,2.515
24/02/2019 01.00,24/02/2019 02.00,0,0,0,2.497
24/02/2019 02.00,24/02/2019 03.00,0,0,0,2.493
24/02/2019 03.00,24/02/2019 04.00,0,0,0,2.526
24/02/2019 04.00,24/02/2019 05.00,0,0,0,2.572
24/02/2019 05.00,24/02/2019 06.00,0,0,0,2.686
24/02/2019 06.00,24/02/2019 07.00,0,0.004,0.009,3.068
24/02/2019 07.00,24/02/2019 08.00,0.068,0.031,0.059,4.278
24/02/2019 08.00,24/02/2019 09.00,0.111,0.035,0.1,5.211
24/02/2019 09.00,24/02/2019 10.00,0.163,0.049,0.14,6.06
24/02/2019 10.00,24/02/2019 11.00,0.153,0.034,0.145,6.603
24/02/2019 11.00,24/02/2019 12.00,0.124,0.019,0.13,6.606
24/02/2019 12.00,24/02/2019 13.00,0.1,0.013,0.112,6.394
24/02/2019 13.00,24/02/2019 14.00,0.073,0.009,0.088,6.069
24/02/2019 14.00,24/02/2019 15.00,0.045,0.006,0.061,5.567
24/02/2019 15.00,24/02/2019 16.00,0.005,0.001,0.021,5.003
24/02/2019 16.00,24/02/2019 17.00,0,0,0.001,4.695
24/02/2019 17.00,24/02/2019 18.00,0,0,0,4.536
24/02/2019 18.00,24/02/2019 19.00,0,0,0,4.422
24/02/2019 19.00,24/02/2019 20.00,0,0,0,4.235
24/02/2019 20.00,24/02/2019 21.00,0,0,0,4.075
24/02/2019 21.00,24/02/2019 22.00,0,0,0,3.906
24/02/2019 22.00,24/02/2019 23.00,0,0,0,3.778
24/02/2019 23.00,25/02/2019 00.00,0,0,0,3.638
25/02/2019 00.00,25/02/2019 01.00,0,0,0,3.464
25/02/2019 01.00,25/02/2019 02.00,0,0,0,3.324
25/02/2019 02.00,25/02/2019 03.00,0,0,0,3.137
25/02/2019 03.00,25/02/2019 04.00,0,0,0,2.936
25/02/2019 04.00,25/02/2019 05.00,0,0,0,2.933
25/02/2019 05.00,25/02/2019 06.00,0,0,0,3.02
25/02/2019 06.00,25/02/2019 07.00,0,0,0.004,3.152
25/02/2019 07.00,25/02/2019 08.00,0.02,0.004,0.035,3.485
25/02/2019 08.00,25/02/2019 09.00,0.075,0.014,0.083,3.989
25/02/2019 09.00,25/02/2019 10.00,0.167,0.049,0.143,4.801
25/02/2019 10.00,25/02/2019 11.00,0.187,0.052,0.161,5.415
25/02/2019 11.00,25/02/2019 12.00,0.17,0.038,0.157,5.738
25/02/2019 12.00,25/02/2019 13.00,0.13,0.022,0.133,5.74
25/02/2019 13.00,25/02/2019 14.00,0.064,0.007,0.08,5.446
25/02/2019 14.00,25/02/2019 15.00,0.044,0.006,0.06,5.324
25/02/2019 15.00,25/02/2019 16.00,0.029,0.008,0.042,5.285
25/02/2019 16.00,25/02/2019 17.00,0,0.001,0.004,4.608
25/02/2019 17.00,25/02/2019 18.00,0,0,0,4.213
25/02/2019 18.00,25/02/2019 19.00,0,0,0,4.219
25/02/2019 19.00,25/02/2019 20.00,0,0,0,4.228
25/02/2019 20.00,25/02/2019 21.00,0,0,0,4.154
25/02/2019 21.00,25/02/2019 22.00,0,0,0,4.094
25/02/2019 22.00,25/02/2019 23.00,0,0,0,4.212
25/02/2019 23.00,26/02/2019 00.00,0,0,0,4.371
26/02/2019 00.00,26/02/2019 01.00,0,0,0,4.519
26/02/2019 01.00,26/02/2019 02.00,0,0,0,4.619
26/02/2019 02.00,26/02/2019 03.00,0,0,0,4.734
26/02/2019 03.00,26/02/2019 04.00,0,0,0,4.841
26/02/2019 04.00,26/02/2019 05.00,0,0,0,4.852
26/02/2019 05.00,26/02/2019 06.00,0,0,0,4.763
26/02/2019 06.00,26/02/2019 07.00,0,0.001,0.004,4.731
26/02/2019 07.00,26/02/2019 08.00,0.014,0.003,0.029,5.022
26/02/2019 08.00,26/02/2019 09.00,0.065,0.014,0.074,5.634
26/02/2019 09.00,26/02/2019 10.00,0.204,0.092,0.14,6.633
26/02/2019 10.00,26/02/2019 11.00,0.482,0.407,0.134,7.868
26/02/2019 11.00,26/02/2019 12.00,0.595,0.578,0.106,8.881
26/02/2019 12.00,26/02/2019 13.00,0.58,0.571,0.096,9.433
26/02/2019 13.00,26/02/2019 14.00,0.498,0.478,0.087,9.493
26/02/2019 14.00,26/02/2019 15.00,0.341,0.306,0.076,9.003
26/02/2019 15.00,26/02/2019 16.00,0.119,0.092,0.053,7.439
26/02/2019 16.00,26/02/2019 17.00,0,0.005,0.006,5.12
26/02/2019 17.00,26/02/2019 18.00,0,0,0,4.37
26/02/2019 18.00,26/02/2019 19.00,0,0,0,4.182
26/02/2019 19.00,26/02/2019 20.00,0,0,0,4.004
26/02/2019 20.00,26/02/2019 21.00,0,0,0,3.754
26/02/2019 21.00,26/02/2019 22.00,0,0,0,3.374
26/02/2019 22.00,26/02/2019 23.00,0,0,0,3.474
26/02/2019 23.00,27/02/2019 00.00,0,0,0,3.588
27/02/2019 00.00,27/02/2019 01.00,0,0,0,3.469
27/02/2019 01.00,27/02/2019 02.00,0,0,0,3.622
27/02/2019 02.00,27/02/2019 03.00,0,0,0,3.531
27/02/2019 03.00,27/02/2019 04.00,0,0,0,3.715
27/02/2019 04.00,27/02/2019 05.00,0,0,0,3.723
27/02/2019 05.00,27/02/2019 06.00,0,0,0,3.795
27/02/2019 06.00,27/02/2019 07.00,0,0.001,0.006,3.838
27/02/2019 07.00,27/02/2019 08.00,0.038,0.013,0.047,4.393
27/02/2019 08.00,27/02/2019 09.00,0.264,0.188,0.105,5.311
27/02/2019 09.00,27/02/2019 10.00,0.487,0.444,0.1,6.59
27/02/2019 10.00,27/02/2019 11.00,0.609,0.607,0.092,7.981
27/02/2019 11.00,27/02/2019 12.00,0.651,0.671,0.086,9.024
27/02/2019 12.00,27/02/2019 13.00,0.626,0.646,0.081,9.589
27/02/2019 13.00,27/02/2019 14.00,0.523,0.515,0.081,9.611
27/02/2019 14.00,27/02/2019 15.00,0.239,0.175,0.095,8.91
27/02/2019 15.00,27/02/2019 16.00,0.074,0.043,0.055,7.719
27/02/2019 16.00,27/02/2019 17.00,0,0.003,0.006,6.281
27/02/2019 17.00,27/02/2019 18.00,0,0,0,5.631
27/02/2019 18.00,27/02/2019 19.00,0,0,0,5.31
27/02/2019 19.00,27/02/2019 20.00,0,0,0,5.177
27/02/2019 20.00,27/02/2019 21.00,0,0,0,4.997
27/02/2019 21.00,27/02/2019 22.00,0,0,0,4.772
27/02/2019 22.00,27/02/2019 23.00,0,0,0,4.654
27/02/2019 23.00,28/02/2019 00.00,0,0,0,4.78
28/02/2019 00.00,28/02/2019 01.00,0,0,0,4.987
28/02/2019 01.00,28/02/2019 02.00,0,0,0,5.064
28/02/2019 02.00,28/02/2019 03.00,0,0,0,4.901
28/02/2019 03.00,28/02/2019 04.00,0,0,0,4.546
28/02/2019 04.00,28/02/2019 05.00,0,0,0,4.325
28/02/2019 05.00,28/02/2019 06.00,0,0,0,4.041
28/02/2019 06.00,28/02/2019 07.00,0.004,0.009,0.012,3.881
28/02/2019 07.00,28/02/2019 08.00,0.174,0.14,0.059,4.448
28/02/2019 08.00,28/02/2019 09.00,0.446,0.432,0.061,5.552
28/02/2019 09.00,28/02/2019 10.00,0.609,0.632,0.061,6.716
28/02/2019 10.00,28/02/2019 11.00,0.687,0.735,0.064,7.633
28/02/2019 11.00,28/02/2019 12.00,0.706,0.762,0.066,8.288
28/02/2019 12.00,28/02/2019 13.00,0.667,0.713,0.065,8.665
28/02/2019 13.00,28/02/2019 14.00,0.57,0.589,0.062,8.616
28/02/2019 14.00,28/02/2019 15.00,0.41,0.402,0.056,8.191
28/02/2019 15.00,28/02/2019 16.00,0.189,0.173,0.044,6.955
28/02/2019 16.00,28/02/2019 17.00,0.007,0.015,0.008,4.688
28/02/2019 17.00,28/02/2019 18.00,0,0,0,3.651
28/02/2019 18.00,28/02/2019 19.00,0,0,0,3.107
28/02/2019 19.00,28/02/2019 20.00,0,0,0,2.694
28/02/2019 20.00,28/02/2019 21.00,0,0,0,2.39
28/02/2019 21.00,28/02/2019 22.00,0,0,0,2.146
28/02/2019 22.00,28/02/2019 23.00,0,0,0,1.874
28/02/2019 23.00,01/03/2019 00.00,0,0,0,1.553
01/03/2019 00.00,01/03/2019 01.00,0,0,0,1.192
01/03/2019 01.00,01/03/2019 02.00,0,0,0,1.192
01/03/2019 02.00,01/03/2019 03.00,0,0,0,1.369
01/03/2019 03.00,01/03/2019 04.00,0,0,0,1.449
01/03/2019 04.00,01/03/2019 05.00,0,0,0,1.43
01/03/2019 05.00,01/03/2019 06.00,0,0,0,1.393
01/03/2019 06.00,01/03/2019 07.00,0,0.002,0.009,1.681
01/03/2019 07.00,01/03/2019 08.00,0.037,0.011,0.048,2.386
01/03/2019 08.00,01/03/2019 09.00,0.16,0.072,0.111,3.079
01/03/2019 09.00,01/03/2019 10.00,0.406,0.318,0.127,3.835
01/03/2019 10.00,01/03/2019 11.00,0.636,0.628,0.094,4.983
01/03/2019 11.00,01/03/2019 12.00,0.663,0.671,0.091,6.019
01/03/2019 12.00,01/03/2019 13.00,0.588,0.566,0.1,6.535
01/03/2019 13.00,01/03/2019 14.00,0.427,0.364,0.111,6.602
01/03/2019 14.00,01/03/2019 15.00,0.298,0.239,0.092,6.334
01/03/2019 15.00,01/03/2019 16.00,0.137,0.102,0.059,5.351
01/03/2019 16.00,01/03/2019 17.00,0.002,0.008,0.009,3.252
01/03/2019 17.00,01/03/2019 18.00,0,0,0,2.392
01/03/2019 18.00,01/03/2019 19.00,0,0,0,1.832
01/03/2019 19.00,01/03/2019 20.00,0,0,0,1.208
01/03/2019 20.00,01/03/2019 21.00,0,0,0,0.585
01/03/2019 21.00,01/03/2019 22.00,0,0,0,0.156
01/03/2019 22.00,01/03/2019 23.00,0,0,0,-0.22
01/03/2019 23.00,02/03/2019 00.00,0,0,0,-0.51
02/03/2019 00.00,02/03/2019 01.00,0,0,0,-0.577
02/03/2019 01.00,02/03/2019 02.00,0,0,0,-0.365
02/03/2019 02.00,02/03/2019 03.00,0,0,0,-0.086
02/03/2019 03.00,02/03/2019 04.00,0,0,0,0.085
02/03/2019 04.00,02/03/2019 05.00,0,0,0,0.146
02/03/2019 05.00,02/03/2019 06.00,0,0,0,0.368
02/03/2019 06.00,02/03/2019 07.00,0.002,0.003,0.014,0.846
02/03/2019 07.00,02/03/2019 08.00,0.06,0.018,0.064,1.738
02/03/2019 08.00,02/03/2019 09.00,0.114,0.03,0.106,2.41
02/03/2019 09.00,02/03/2019 10.00,0.208,0.075,0.157,3.451
02/03/2019 10.00,02/03/2019 11.00,0.313,0.159,0.185,4.562
02/03/2019 11.00,02/03/2019 12.00,0.427,0.289,0.182,5.448
02/03/2019 12.00,02/03/2019 13.00,0.343,0.196,0.183,5.799
02/03/2019 13.00,02/03/2019 14.00,0.171,0.051,0.146,5.679
02/03/2019 14.00,02/03/2019 15.00,0.051,0.006,0.067,5.192
02/03/2019 15.00,02/03/2019 16.00,0.005,0.001,0.021,4.631
02/03/2019 16.00,02/03/2019 17.00,0,0,0.002,4.262
02/03/2019 17.00,02/03/2019 18.00,0,0,0,4.194
02/03/2019 18.00,02/03/2019 19.00,0,0,0,4.314
02/03/2019 19.00,02/03/2019 20.00,0,0,0,4.469
02/03/2019 20.00,02/03/2019 21.00,0,0,0,4.69
02/03/2019 21.00,02/03/2019 22.00,0,0,0,5.149
02/03/2019 22.00,02/03/2019 23.00,0,0,0,5.554
02/03/2019 23.00,03/03/2019 00.00,0,0,0,5.761
03/03/2019 00.00,03/03/2019 01.00,0,0,0,5.936
03/03/2019 01.00,03/03/2019 02.00,0,0,0,6.106
03/03/2019 02.00,03/03/2019 03.00,0,0,0,5.794
03/03/2019 03.00,03/03/2019 04.00,0,0,0,5.776
03/03/2019 04.00,03/03/2019 05.00,0,0,0,6.382
03/03/2019 05.00,03/03/2019 06.00,0,0,0,6.363
03/03/2019 06.00,03/03/2019 07.00,0.007,0.008,0.017,6.07
03/03/2019 07.00,03/03/2019 08.00,0.126,0.077,0.074,6.051
03/03/2019 08.00,03/03/2019 09.00,0.341,0.279,0.099,6.455
03/03/2019 09.00,03/03/2019 10.00,0.546,0.522,0.094,7.186
03/03/2019 10.00,03/03/2019 11.00,0.574,0.538,0.116,7.68
03/03/2019 11.00,03/03/2019 12.00,0.428,0.319,0.159,7.663
03/03/2019 12.00,03/03/2019 13.00,0.475,0.392,0.141,7.667
03/03/2019 13.00,03/03/2019 14.00,0.423,0.349,0.123,7.561
03/03/2019 14.00,03/03/2019 15.00,0.193,0.108,0.113,7.115
03/03/2019 15.00,03/03/2019 16.00,0.048,0.016,0.054,6.411
03/03/2019 16.00,03/03/2019 17.00,0,0.002,0.008,5.608
03/03/2019 17.00,03/03/2019 18.00,0,0,0,5.158
03/03/2019 18.00,03/03/2019 19.00,0,0,0,5.04
03/03/2019 19.00,03/03/2019 20.00,0,0,0,5.017
03/03/2019 20.00,03/03/2019 21.00,0,0,0,4.995
03/03/2019 21.00,03/03/2019 22.00,0,0,0,4.863
03/03/2019 22.00,03/03/2019 23.00,0,0,0,4.611
03/03/2019 23.00,04/03/2019 00.00,0,0,0,4.342
04/03/2019 00.00,04/03/2019 01.00,0,0,0,4.215
04/03/2019 01.00,04/03/2019 02.00,0,0,0,4.376
04/03/2019 02.00,04/03/2019 03.00,0,0,0,4.998
04/03/2019 03.00,04/03/2019 04.00,0,0,0,6.077
04/03/2019 04.00,04/03/2019 05.00,0,0,0,6.824
04/03/2019 05.00,04/03/2019 06.00,0,0,0,6.672
04/03/2019 06.00,04/03/2019 07.00,0.005,0.005,0.017,6.505
04/03/2019 07.00,04/03/2019 08.00,0.091,0.037,0.078,6.89
04/03/2019 08.00,04/03/2019 09.00,0.204,0.098,0.134,7.252
04/03/2019 09.00,04/03/2019 10.00,0.199,0.066,0.16,7.071
04/03/2019 10.00,04/03/2019 11.00,0.177,0.04,0.163,6.59
04/03/2019 11.00,04/03/2019 12.00,0.175,0.036,0.165,6.147
04/03/2019 12.00,04/03/2019 13.00,0.179,0.04,0.165,5.986
04/03/2019 13.00,04/03/2019 14.00,0.127,0.024,0.129,5.843
04/03/2019 14.00,04/03/2019 15.00,0.086,0.015,0.094,5.651
04/03/2019 15.00,04/03/2019 16.00,0.024,0.004,0.04,5.355
04/03/2019 16.00,04/03/2019 17.00,0,0,0.005,4.993
04/03/2019 17.00,04/03/2019 18.00,0,0,0,4.833
04/03/2019 18.00,04/03/2019 19.00,0,0,0,4.725
04/03/2019 19.00,04/03/2019 20.00,0,0,0,4.61
04/03/2019 20.00,04/03/2019 21.00,0,0,0,4.549
04/03/2019 21.00,04/03/2019 22.00,0,0,0,4.541
04/03/2019 22.00,04/03/2019 23.00,0,0,0,4.523
04/03/2019 23.00,05/03/2019 00.00,0,0,0,4.502
05/03/2019 00.00,05/03/2019 01.00,0,0,0,4.33
05/03/2019 01.00,05/03/2019 02.00,0,0,0,4.048
05/03/2019 02.00,05/03/2019 03.00,0,0,0,3.875
05/03/2019 03.00,05/03/2019 04.00,0,0,0,3.769
05/03/2019 04.00,05/03/2019 05.00,0,0,0,3.679
05/03/2019 05.00,05/03/2019 06.00,0,0,0,3.507
05/03/2019 06.00,05/03/2019 07.00,0,0,0.004,3.385
05/03/2019 07.00,05/03/2019 08.00,0.006,0.001,0.022,3.54
05/03/2019 08.00,05/03/2019 09.00,0.031,0.002,0.049,3.763
05/03/2019 09.00,05/03/2019 10.00,0.071,0.005,0.088,4.12
05/03/2019 10.00,05/03/2019 11.00,0.104,0.009,0.118,4.572
05/03/2019 11.00,05/03/2019 12.00,0.137,0.016,0.146,5.039
05/03/2019 12.00,05/03/2019 13.00,0.131,0.015,0.14,5.294
05/03/2019 13.00,05/03/2019 14.00,0.103,0.012,0.115,5.386
05/03/2019 14.00,05/03/2019 15.00,0.075,0.009,0.089,5.351
05/03/2019 15.00,05/03/2019 16.00,0.03,0.004,0.046,5.065
05/03/2019 16.00,05/03/2019 17.00,0,0.001,0.008,4.493
05/03/2019 17.00,05/03/2019 18.00,0,0,0,4.021
05/03/2019 18.00,05/03/2019 19.00,0,0,0,3.936
05/03/2019 19.00,05/03/2019 20.00,0,0,0,3.935
05/03/2019 20.00,05/03/2019 21.00,0,0,0,3.914
05/03/2019 21.00,05/03/2019 22.00,0,0,0,3.89
05/03/2019 22.00,05/03/2019 23.00,0,0,0,3.742
05/03/2019 23.00,06/03/2019 00.00,0,0,0,3.653
06/03/2019 00.00,06/03/2019 01.00,0,0,0,3.685
06/03/2019 01.00,06/03/2019 02.00,0,0,0,3.906
06/03/2019 02.00,06/03/2019 03.00,0,0,0,4.073
06/03/2019 03.00,06/03/2019 04.00,0,0,0,4.111
06/03/2019 04.00,06/03/2019 05.00,0,0,0,3.975
06/03/2019 05.00,06/03/2019 06.00,0,0,0,3.849
06/03/2019 06.00,06/03/2019 07.00,0.002,0.002,0.016,3.996
06/03/2019 07.00,06/03/2019 08.00,0.033,0.004,0.05,4.409
06/03/2019 08.00,06/03/2019 09.00,0.074,0.008,0.089,4.925
06/03/2019 09.00,06/03/2019 10.00,0.117,0.014,0.128,5.538
06/03/2019 10.00,06/03/2019 11.00,0.093,0.007,0.11,5.868
06/03/2019 11.00,06/03/2019 12.00,0.077,0.004,0.096,5.843
06/03/2019 12.00,06/03/2019 13.00,0.058,0.003,0.078,5.472
06/03/2019 13.00,06/03/2019 14.00,0.033,0.002,0.053,4.938
06/03/2019 14.00,06/03/2019 15.00,0.016,0.001,0.034,4.574
06/03/2019 15.00,06/03/2019 16.00,0.002,0,0.017,4.377
06/03/2019 16.00,06/03/2019 17.00,0,0,0.003,4.2
06/03/2019 17.00,06/03/2019 18.00,0,0,0,4.154
06/03/2019 18.00,06/03/2019 19.00,0,0,0,4.389
06/03/2019 19.00,06/03/2019 20.00,0,0,0,5.026
06/03/2019 20.00,06/03/2019 21.00,0,0,0,5.775
06/03/2019 21.00,06/03/2019 22.00,0,0,0,6.17
06/03/2019 22.00,06/03/2019 23.00,0,0,0,6.299
06/03/2019 23.00,07/03/2019 00.00,0,0,0,6.311
07/03/2019 00.00,07/03/2019 01.00,0,0,0,6.266
07/03/2019 01.00,07/03/2019 02.00,0,0,0,6.393
07/03/2019 02.00,07/03/2019 03.00,0,0,0,6.344
07/03/2019 03.00,07/03/2019 04.00,0,0,0,6.251
07/03/2019 04.00,07/03/2019 05.00,0,0,0,6.245
07/03/2019 05.00,07/03/2019 06.00,0,0,0,6.359
07/03/2019 06.00,07/03/2019 07.00,0,0.001,0.011,6.696
07/03/2019 07.00,07/03/2019 08.00,0.014,0.001,0.031,7.08
07/03/2019 08.00,07/03/2019 09.00,0.026,0.001,0.046,7.416
07/03/2019 09.00,07/03/2019 10.00,0.036,0.002,0.057,7.733
07/03/2019 10.00,07/03/2019 11.00,0.044,0.002,0.064,8.022
07/03/2019 11.00,07/03/2019 12.00,0.073,0.004,0.094,8.41
07/03/2019 12.00,07/03/2019 13.00,0.101,0.007,0.119,8.783
07/03/2019 13.00,07/03/2019 14.00,0.055,0.003,0.075,8.347
07/03/2019 14.00,07/03/2019 15.00,0.024,0.001,0.043,6.83
07/03/2019 15.00,07/03/2019 16.00,0.003,0,0.018,5.307
07/03/2019 16.00,07/03/2019 17.00,0,0,0.003,5.025
07/03/2019 17.00,07/03/2019 18.00,0,0,0,5.31
07/03/2019 18.00,07/03/2019 19.00,0,0,0,5.508
07/03/2019 19.00,07/03/2019 20.00,0,0,0,5.584
07/03/2019 20.00,07/03/2019 21.00,0,0,0,5.6
07/03/2019 21.00,07/03/2019 22.00,0,0,0,5.61
07/03/2019 22.00,07/03/2019 23.00,0,0,0,5.608
07/03/2019 23.00,08/03/2019 00.00,0,0,0,5.583
08/03/2019 00.00,08/03/2019 01.00,0,0,0,5.5
08/03/2019 01.00,08/03/2019 02.00,0,0,0,5.404
08/03/2019 02.00,08/03/2019 03.00,0,0,0,5.307
08/03/2019 03.00,08/03/2019 04.00,0,0,0,5.264
08/03/2019 04.00,08/03/2019 05.00,0,0,0,5.126
08/03/2019 05.00,08/03/2019 06.00,0,0,0,4.616
08/03/2019 06.00,08/03/2019 07.00,0.057,0.048,0.031,4.22
08/03/2019 07.00,08/03/2019 08.00,0.293,0.266,0.057,4.585
08/03/2019 08.00,08/03/2019 09.00,0.496,0.486,0.064,5.084
08/03/2019 09.00,08/03/2019 10.00,0.636,0.654,0.069,5.428
08/03/2019 10.00,08/03/2019 11.00,0.716,0.758,0.073,5.702
08/03/2019 11.00,08/03/2019 12.00,0.726,0.767,0.078,5.825
08/03/2019 12.00,08/03/2019 13.00,0.657,0.665,0.087,5.809
08/03/2019 13.00,08/03/2019 14.00,0.537,0.511,0.09,5.734
08/03/2019 14.00,08/03/2019 15.00,0.391,0.35,0.082,5.543
08/03/2019 15.00,08/03/2019 16.00,0.2,0.162,0.064,5.099
08/03/2019 16.00,08/03/2019 17.00,0.024,0.023,0.021,4.329
08/03/2019 17.00,08/03/2019 18.00,0,0,0,3.654
08/03/2019 18.00,08/03/2019 19.00,0,0,0,3.829
08/03/2019 19.00,08/03/2019 20.00,0,0,0,3.864
08/03/2019 20.00,08/03/2019 21.00,0,0,0,3.735
08/03/2019 21.00,08/03/2019 22.00,0,0,0,3.297
08/03/2019 22.00,08/03/2019 23.00,0,0,0,3.092
08/03/2019 23.00,09/03/2019 00.00,0,0,0,3.242
09/03/2019 00.00,09/03/2019 01.00,0,0,0,3.45
09/03/2019 01.00,09/03/2019 02.00,0,0,0,3.495
09/03/2019 02.00,09/03/2019 03.00,0,0,0,3.439
09/03/2019 03.00,09/03/2019 04.00,0,0,0,3.369
09/03/2019 04.00,09/03/2019 05.00,0,0,0,3.264
09/03/2019 05.00,09/03/2019 06.00,0,0,0,3.558
09/03/2019 06.00,09/03/2019 07.00,0,0,0.008,4.545
09/03/2019 07.00,09/03/2019 08.00,0.04,0.005,0.056,5.417
09/03/2019 08.00,09/03/2019 09.00,0.088,0.013,0.1,5.604
09/03/2019 09.00,09/03/2019 10.00,0.182,0.043,0.166,5.734
09/03/2019 10.00,09/03/2019 11.00,0.213,0.054,0.187,6.126
09/03/2019 11.00,09/03/2019 12.00,0.259,0.082,0.208,6.755
09/03/2019 12.00,09/03/2019 13.00,0.25,0.082,0.199,6.946
09/03/2019 13.00,09/03/2019 14.00,0.222,0.075,0.176,6.734
09/03/2019 14.00,09/03/2019 15.00,0.133,0.034,0.125,6.375
09/03/2019 15.00,09/03/2019 16.00,0.059,0.013,0.069,5.865
09/03/2019 16.00,09/03/2019 17.00,0.002,0.002,0.016,5.361
09/03/2019 17.00,09/03/2019 18.00,0,0,0,5.092
09/03/2019 18.00,09/03/2019 19.00,0,0,0,4.971
09/03/2019 19.00,09/03/2019 20.00,0,0,0,4.8
09/03/2019 20.00,09/03/2019 21.00,0,0,0,4.626
09/03/2019 21.00,09/03/2019 22.00,0,0,0,4.564
09/03/2019 22.00,09/03/2019 23.00,0,0,0,4.529
09/03/2019 23.00,10/03/2019 00.00,0,0,0,4.3
10/03/2019 00.00,10/03/2019 01.00,0,0,0,4.124
10/03/2019 01.00,10/03/2019 02.00,0,0,0,3.994
10/03/2019 02.00,10/03/2019 03.00,0,0,0,3.568
10/03/2019 03.00,10/03/2019 04.00,0,0,0,3.121
10/03/2019 04.00,10/03/2019 05.00,0,0,0,2.784
10/03/2019 05.00,10/03/2019 06.00,0,0,0,2.469
10/03/2019 06.00,10/03/2019 07.00,0.049,0.035,0.036,2.769
10/03/2019 07.00,10/03/2019 08.00,0.222,0.169,0.078,3.761
10/03/2019 08.00,10/03/2019 09.00,0.399,0.34,0.098,4.466
10/03/2019 09.00,10/03/2019 10.00,0.554,0.516,0.103,4.91
10/03/2019 10.00,10/03/2019 11.00,0.591,0.548,0.118,5.114
10/03/2019 11.00,10/03/2019 12.00,0.667,0.659,0.104,5.236
10/03/2019 12.00,10/03/2019 13.00,0.646,0.638,0.097,5.134
10/03/2019 13.00,10/03/2019 14.00,0.582,0.568,0.085,4.828
10/03/2019 14.00,10/03/2019 15.00,0.457,0.432,0.07,4.313
10/03/2019 15.00,10/03/2019 16.00,0.265,0.237,0.055,3.456
10/03/2019 16.00,10/03/2019 17.00,0.049,0.044,0.026,1.601
10/03/2019 17.00,10/03/2019 18.00,0,0,0,-0.094
10/03/2019 18.00,10/03/2019 19.00,0,0,0,-0.502
10/03/2019 19.00,10/03/2019 20.00,0,0,0,-0.292
10/03/2019 20.00,10/03/2019 21.00,0,0,0,-0.032
10/03/2019 21.00,10/03/2019 22.00,0,0,0,-0.635
10/03/2019 22.00,10/03/2019 23.00,0,0,0,-1.119
10/03/2019 23.00,11/03/2019 00.00,0,0,0,-0.853
11/03/2019 00.00,11/03/2019 01.00,0,0,0,-0.342
11/03/2019 01.00,11/03/2019 02.00,0,0,0,0.02
11/03/2019 02.00,11/03/2019 03.00,0,0,0,0.181
11/03/2019 03.00,11/03/2019 04.00,0,0,0,0.289
11/03/2019 04.00,11/03/2019 05.00,0,0,0,0.374
11/03/2019 05.00,11/03/2019 06.00,0,0,0.001,0.463
11/03/2019 06.00,11/03/2019 07.00,0.019,0.008,0.031,0.971
11/03/2019 07.00,11/03/2019 08.00,0.089,0.028,0.083,1.593
11/03/2019 08.00,11/03/2019 09.00,0.171,0.061,0.132,2.469
11/03/2019 09.00,11/03/2019 10.00,0.288,0.142,0.173,3.337
11/03/2019 10.00,11/03/2019 11.00,0.418,0.275,0.183,4.131
11/03/2019 11.00,11/03/2019 12.00,0.52,0.413,0.164,4.757
11/03/2019 12.00,11/03/2019 13.00,0.594,0.544,0.126,5.132
11/03/2019 13.00,11/03/2019 14.00,0.586,0.567,0.093,5.223
11/03/2019 14.00,11/03/2019 15.00,0.47,0.445,0.074,4.95
11/03/2019 15.00,11/03/2019 16.00,0.261,0.226,0.062,4.189
11/03/2019 16.00,11/03/2019 17.00,0.046,0.037,0.03,2.262
11/03/2019 17.00,11/03/2019 18.00,0,0,0,0.852
11/03/2019 18.00,11/03/2019 19.00,0,0,0,0.808
11/03/2019 19.00,11/03/2019 20.00,0,0,0,0.913
11/03/2019 20.00,11/03/2019 21.00,0,0,0,0.973
11/03/2019 21.00,11/03/2019 22.00,0,0,0,0.945
11/03/2019 22.00,11/03/2019 23.00,0,0,0,1.026
11/03/2019 23.00,12/03/2019 00.00,0,0,0,1.454
12/03/2019 00.00,12/03/2019 01.00,0,0,0,1.961
12/03/2019 01.00,12/03/2019 02.00,0,0,0,2.082
12/03/2019 02.00,12/03/2019 03.00,0,0,0,1.93
12/03/2019 03.00,12/03/2019 04.00,0,0,0,1.871
12/03/2019 04.00,12/03/2019 05.00,0,0,0,2.163
12/03/2019 05.00,12/03/2019 06.00,0,0,0,2.628
12/03/2019 06.00,12/03/2019 07.00,0,0.001,0.015,2.901
12/03/2019 07.00,12/03/2019 08.00,0.02,0.001,0.038,3.155
12/03/2019 08.00,12/03/2019 09.00,0.044,0.002,0.063,3.446
12/03/2019 09.00,12/03/2019 10.00,0.048,0.002,0.068,3.554
12/03/2019 10.00,12/03/2019 11.00,0.051,0.002,0.071,3.392
12/03/2019 11.00,12/03/2019 12.00,0.053,0.002,0.073,3.173
12/03/2019 12.00,12/03/2019 13.00,0.044,0.002,0.064,2.681
12/03/2019 13.00,12/03/2019 14.00,0.028,0.001,0.047,1.999
12/03/2019 14.00,12/03/2019 15.00,0.013,0.001,0.03,1.756
12/03/2019 15.00,12/03/2019 16.00,0,0,0.015,2.252
12/03/2019 16.00,12/03/2019 17.00,0,0,0.003,2.824
12/03/2019 17.00,12/03/2019 18.00,0,0,0,3.073
12/03/2019 18.00,12/03/2019 19.00,0,0,0,3.101
12/03/2019 19.00,12/03/2019 20.00,0,0,0,3.156
12/03/2019 20.00,12/03/2019 21.00,0,0,0,3.326
12/03/2019 21.00,12/03/2019 22.00,0,0,0,3.356
12/03/2019 22.00,12/03/2019 23.00,0,0,0,3.2
12/03/2019 23.00,13/03/2019 00.00,0,0,0,3.279
13/03/2019 00.00,13/03/2019 01.00,0,0,0,3.707
13/03/2019 01.00,13/03/2019 02.00,0,0,0,4.185
13/03/2019 02.00,13/03/2019 03.00,0,0,0,4.204
13/03/2019 03.00,13/03/2019 04.00,0,0,0,3.708
13/03/2019 04.00,13/03/2019 05.00,0,0,0,3.408
13/03/2019 05.00,13/03/2019 06.00,0,0,0.001,3.441
13/03/2019 06.00,13/03/2019 07.00,0,0,0.011,3.646
13/03/2019 07.00,13/03/2019 08.00,0.015,0.001,0.033,4.356
13/03/2019 08.00,13/03/2019 09.00,0.029,0.001,0.048,5.131
13/03/2019 09.00,13/03/2019 10.00,0.046,0.002,0.066,5.645
13/03/2019 10.00,13/03/2019 11.00,0.07,0.004,0.089,5.987
13/03/2019 11.00,13/03/2019 12.00,0.102,0.007,0.12,6.142
13/03/2019 12.00,13/03/2019 13.00,0.117,0.01,0.132,6.229
13/03/2019 13.00,13/03/2019 14.00,0.133,0.016,0.142,6.365
13/03/2019 14.00,13/03/2019 15.00,0.1,0.013,0.112,6.461
13/03/2019 15.00,13/03/2019 16.00,0.052,0.007,0.068,6.195
13/03/2019 16.00,13/03/2019 17.00,0.007,0.002,0.023,5.315
13/03/2019 17.00,13/03/2019 18.00,0,0,0,4.596
13/03/2019 18.00,13/03/2019 19.00,0,0,0,4.742
13/03/2019 19.00,13/03/2019 20.00,0,0,0,4.817
13/03/2019 20.00,13/03/2019 21.00,0,0,0,4.686
13/03/2019 21.00,13/03/2019 22.00,0,0,0,4.271
13/03/2019 22.00,13/03/2019 23.00,0,0,0,3.757
13/03/2019 23.00,14/03/2019 00.00,0,0,0,3.337
14/03/2019 00.00,14/03/2019 01.00,0,0,0,3.069
14/03/2019 01.00,14/03/2019 02.00,0,0,0,2.99
14/03/2019 02.00,14/03/2019 03.00,0,0,0,3.09
14/03/2019 03.00,14/03/2019 04.00,0,0,0,3.165
14/03/2019 04.00,14/03/2019 05.00,0,0,0,3.388
14/03/2019 05.00,14/03/2019 06.00,0,0,0.001,3.725
14/03/2019 06.00,14/03/2019 07.00,0,0,0.013,4.092
14/03/2019 07.00,14/03/2019 08.00,0.016,0.001,0.033,4.511
14/03/2019 08.00,14/03/2019 09.00,0.035,0.002,0.055,4.851
14/03/2019 09.00,14/03/2019 10.00,0.047,0.002,0.068,4.886
14/03/2019 10.00,14/03/2019 11.00,0.048,0.002,0.069,4.69
14/03/2019 11.00,14/03/2019 12.00,0.045,0.002,0.066,4.493
14/03/2019 12.00,14/03/2019 13.00,0.04,0.001,0.06,4.425
14/03/2019 13.00,14/03/2019 14.00,0.034,0.001,0.054,4.367
14/03/2019 14.00,14/03/2019 15.00,0.023,0.001,0.042,4.252
14/03/2019 15.00,14/03/2019 16.00,0.008,0.001,0.025,4.168
14/03/2019 16.00,14/03/2019 17.00,0,0,0.007,4.162
14/03/2019 17.00,14/03/2019 18.00,0,0,0,4.183
14/03/2019 18.00,14/03/2019 19.00,0,0,0,4.316
14/03/2019 19.00,14/03/2019 20.00,0,0,0,4.358
14/03/2019 20.00,14/03/2019 21.00,0,0,0,4.346
14/03/2019 21.00,14/03/2019 22.00,0,0,0,4.239
14/03/2019 22.00,14/03/2019 23.00,0,0,0,4.131
14/03/2019 23.00,15/03/2019 00.00,0,0,0,3.958
15/03/2019 00.00,15/03/2019 01.00,0,0,0,3.869
15/03/2019 01.00,15/03/2019 02.00,0,0,0,3.92
15/03/2019 02.00,15/03/2019 03.00,0,0,0,3.861
15/03/2019 03.00,15/03/2019 04.00,0,0,0,3.64
15/03/2019 04.00,15/03/2019 05.00,0,0,0,3.559
15/03/2019 05.00,15/03/2019 06.00,0,0,0.002,3.541
15/03/2019 06.00,15/03/2019 07.00,0.017,0.003,0.033,4.249
15/03/2019 07.00,15/03/2019 08.00,0.041,0.004,0.059,4.793
15/03/2019 08.00,15/03/2019 09.00,0.065,0.005,0.083,5.129
15/03/2019 09.00,15/03/2019 10.00,0.112,0.01,0.126,5.448
15/03/2019 10.00,15/03/2019 11.00,0.136,0.012,0.148,5.546
15/03/2019 11.00,15/03/2019 12.00,0.118,0.009,0.134,5.42
15/03/2019 12.00,15/03/2019 13.00,0.085,0.005,0.104,5.042
15/03/2019 13.00,15/03/2019 14.00,0.075,0.004,0.093,4.733
15/03/2019 14.00,15/03/2019 15.00,0.042,0.002,0.061,4.741
15/03/2019 15.00,15/03/2019 16.00,0.017,0.001,0.035,4.834
15/03/2019 16.00,15/03/2019 17.00,0,0,0.014,4.649
15/03/2019 17.00,15/03/2019 18.00,0,0,0,4.315
15/03/2019 18.00,15/03/2019 19.00,0,0,0,4.068
15/03/2019 19.00,15/03/2019 20.00,0,0,0,3.904
15/03/2019 20.00,15/03/2019 21.00,0,0,0,3.865
15/03/2019 21.00,15/03/2019 22.00,0,0,0,4.051
15/03/2019 22.00,15/03/2019 23.00,0,0,0,4.343
15/03/2019 23.00,16/03/2019 00.00,0,0,0,4.493
16/03/2019 00.00,16/03/2019 01.00,0,0,0,4.458
16/03/2019 01.00,16/03/2019 02.00,0,0,0,4.443
16/03/2019 02.00,16/03/2019 03.00,0,0,0,4.411
16/03/2019 03.00,16/03/2019 04.00,0,0,0,4.379
16/03/2019 04.00,16/03/2019 05.00,0,0,0,4.309
16/03/2019 05.00,16/03/2019 06.00,0,0,0.003,4.258
16/03/2019 06.00,16/03/2019 07.00,0.037,0.01,0.048,4.576
16/03/2019 07.00,16/03/2019 08.00,0.095,0.02,0.099,5.141
16/03/2019 08.00,16/03/2019 09.00,0.137,0.024,0.138,5.595
16/03/2019 09.00,16/03/2019 10.00,0.153,0.022,0.157,5.919
16/03/2019 10.00,16/03/2019 11.00,0.147,0.016,0.156,6.051
16/03/2019 11.00,16/03/2019 12.00,0.135,0.012,0.148,6.026
16/03/2019 12.00,16/03/2019 13.00,0.104,0.007,0.121,5.839
16/03/2019 13.00,16/03/2019 14.00,0.079,0.005,0.097,5.499
16/03/2019 14.00,16/03/2019 15.00,0.05,0.003,0.069,4.973
16/03/2019 15.00,16/03/2019 16.00,0.021,0.001,0.039,4.27
16/03/2019 16.00,16/03/2019 17.00,0,0,0.011,3.508
16/03/2019 17.00,16/03/2019 18.00,0,0,0,2.758
16/03/2019 18.00,16/03/2019 19.00,0,0,0,2.193
16/03/2019 19.00,16/03/2019 20.00,0,0,0,2.275
16/03/2019 20.00,16/03/2019 21.00,0,0,0,3.148
16/03/2019 21.00,16/03/2019 22.00,0,0,0,4.56
16/03/2019 22.00,16/03/2019 23.00,0,0,0,6.181
16/03/2019 23.00,17/03/2019 00.00,0,0,0,6.918
17/03/2019 00.00,17/03/2019 01.00,0,0,0,6.932
17/03/2019 01.00,17/03/2019 02.00,0,0,0,6.878
17/03/2019 02.00,17/03/2019 03.00,0,0,0,6.845
17/03/2019 03.00,17/03/2019 04.00,0,0,0,6.529
17/03/2019 04.00,17/03/2019 05.00,0,0,0,5.71
17/03/2019 05.00,17/03/2019 06.00,0,0,0.003,4.893
17/03/2019 06.00,17/03/2019 07.00,0.044,0.013,0.052,4.674
17/03/2019 07.00,17/03/2019 08.00,0.138,0.048,0.115,4.987
17/03/2019 08.00,17/03/2019 09.00,0.198,0.062,0.162,5.367
17/03/2019 09.00,17/03/2019 10.00,0.198,0.043,0.181,5.622
17/03/2019 10.00,17/03/2019 11.00,0.189,0.031,0.184,5.771
17/03/2019 11.00,17/03/2019 12.00,0.152,0.017,0.16,5.732
17/03/2019 12.00,17/03/2019 13.00,0.117,0.01,0.132,5.556
17/03/2019 13.00,17/03/2019 14.00,0.078,0.005,0.096,5.406
17/03/2019 14.00,17/03/2019 15.00,0.068,0.006,0.086,5.442
17/03/2019 15.00,17/03/2019 16.00,0.046,0.005,0.064,5.466
17/03/2019 16.00,17/03/2019 17.00,0.01,0.002,0.026,5.335
17/03/2019 17.00,17/03/2019 18.00,0,0,0.001,5.134
17/03/2019 18.00,17/03/2019 19.00,0,0,0,4.961
17/03/2019 19.00,17/03/2019 20.00,0,0,0,4.819
17/03/2019 20.00,17/03/2019 21.00,0,0,0,4.686
17/03/2019 21.00,17/03/2019 22.00,0,0,0,4.584
17/03/2019 22.00,17/03/2019 23.00,0,0,0,4.417
17/03/2019 23.00,18/03/2019 00.00,0,0,0,4.227
18/03/2019 00.00,18/03/2019 01.00,0,0,0,4.11
18/03/2019 01.00,18/03/2019 02.00,0,0,0,4.079
18/03/2019 02.00,18/03/2019 03.00,0,0,0,4.024
18/03/2019 03.00,18/03/2019 04.00,0,0,0,3.883
18/03/2019 04.00,18/03/2019 05.00,0,0,0,3.723
18/03/2019 05.00,18/03/2019 06.00,0,0.001,0.005,3.479
18/03/2019 06.00,18/03/2019 07.00,0.105,0.079,0.049,3.942
18/03/2019 07.00,18/03/2019 08.00,0.306,0.264,0.072,4.781
18/03/2019 08.00,18/03/2019 09.00,0.515,0.5,0.074,5.439
18/03/2019 09.00,18/03/2019 10.00,0.653,0.668,0.078,5.802
18/03/2019 10.00,18/03/2019 11.00,0.718,0.749,0.085,6.056
18/03/2019 11.00,18/03/2019 12.00,0.754,0.804,0.082,6.341
18/03/2019 12.00,18/03/2019 13.00,0.726,0.77,0.079,6.584
18/03/2019 13.00,18/03/2019 14.00,0.637,0.655,0.075,6.727
18/03/2019 14.00,18/03/2019 15.00,0.501,0.494,0.068,6.718
18/03/2019 15.00,18/03/2019 16.00,0.31,0.285,0.058,6.441
18/03/2019 16.00,18/03/2019 17.00,0.091,0.075,0.039,5.458
18/03/2019 17.00,18/03/2019 18.00,0,0,0.002,3.837
18/03/2019 18.00,18/03/2019 19.00,0,0,0,3.313
18/03/2019 19.00,18/03/2019 20.00,0,0,0,2.911
18/03/2019 20.00,18/03/2019 21.00,0,0,0,2.55
18/03/2019 21.00,18/03/2019 22.00,0,0,0,2.175
18/03/2019 22.00,18/03/2019 23.00,0,0,0,1.934
18/03/2019 23.00,19/03/2019 00.00,0,0,0,1.821
19/03/2019 00.00,19/03/2019 01.00,0,0,0,1.943
19/03/2019 01.00,19/03/2019 02.00,0,0,0,1.848
19/03/2019 02.00,19/03/2019 03.00,0,0,0,1.466
19/03/2019 03.00,19/03/2019 04.00,0,0,0,0.941
19/03/2019 04.00,19/03/2019 05.00,0,0,0,0.627
19/03/2019 05.00,19/03/2019 06.00,0,0.002,0.006,0.37
19/03/2019 06.00,19/03/2019 07.00,0.129,0.106,0.045,1.454
19/03/2019 07.00,19/03/2019 08.00,0.363,0.339,0.056,3.011
19/03/2019 08.00,19/03/2019 09.00,0.566,0.575,0.059,4.706
19/03/2019 09.00,19/03/2019 10.00,0.697,0.742,0.064,5.961
19/03/2019 10.00,19/03/2019 11.00,0.77,0.843,0.068,6.662
19/03/2019 11.00,19/03/2019 12.00,0.789,0.871,0.069,7.116
19/03/2019 12.00,19/03/2019 13.00,0.755,0.825,0.068,7.34
19/03/2019 13.00,19/03/2019 14.00,0.667,0.707,0.065,7.344
19/03/2019 14.00,19/03/2019 15.00,0.52,0.524,0.061,7.097
19/03/2019 15.00,19/03/2019 16.00,0.317,0.296,0.056,6.485
19/03/2019 16.00,19/03/2019 17.00,0.101,0.086,0.039,5.164
19/03/2019 17.00,19/03/2019 18.00,0,0.001,0.003,3.228
19/03/2019 18.00,19/03/2019 19.00,0,0,0,2.856
19/03/2019 19.00,19/03/2019 20.00,0,0,0,3.112
19/03/2019 20.00,19/03/2019 21.00,0,0,0,3.231
19/03/2019 21.00,19/03/2019 22.00,0,0,0,3.51
19/03/2019 22.00,19/03/2019 23.00,0,0,0,3.532
19/03/2019 23.00,20/03/2019 00.00,0,0,0,3.851
20/03/2019 00.00,20/03/2019 01.00,0,0,0,4.151
20/03/2019 01.00,20/03/2019 02.00,0,0,0,4.438
20/03/2019 02.00,20/03/2019 03.00,0,0,0,4.718
20/03/2019 03.00,20/03/2019 04.00,0,0,0,5.055
20/03/2019 04.00,20/03/2019 05.00,0,0,0,5.449
20/03/2019 05.00,20/03/2019 06.00,0,0,0.001,5.897
20/03/2019 06.00,20/03/2019 07.00,0,0,0.007,6.422
20/03/2019 07.00,20/03/2019 08.00,0.009,0.001,0.026,6.78
20/03/2019 08.00,20/03/2019 09.00,0.085,0.009,0.101,7.225
20/03/2019 09.00,20/03/2019 10.00,0.238,0.072,0.197,8.024
20/03/2019 10.00,20/03/2019 11.00,0.428,0.258,0.223,8.986
20/03/2019 11.00,20/03/2019 12.00,0.462,0.303,0.219,9.57
20/03/2019 12.00,20/03/2019 13.00,0.464,0.316,0.209,9.663
20/03/2019 13.00,20/03/2019 14.00,0.325,0.163,0.202,9.365
20/03/2019 14.00,20/03/2019 15.00,0.167,0.048,0.148,8.738
20/03/2019 15.00,20/03/2019 16.00,0.14,0.054,0.112,8.215
20/03/2019 16.00,20/03/2019 17.00,0.055,0.024,0.054,7.368
20/03/2019 17.00,20/03/2019 18.00,0,0,0.003,5.705
20/03/2019 18.00,20/03/2019 19.00,0,0,0,5.257
20/03/2019 19.00,20/03/2019 20.00,0,0,0,5.362
20/03/2019 20.00,20/03/2019 21.00,0,0,0,5.259
20/03/2019 21.00,20/03/2019 22.00,0,0,0,5.248
20/03/2019 22.00,20/03/2019 23.00,0,0,0,5.457
20/03/2019 23.00,21/03/2019 00.00,0,0,0,5.915
21/03/2019 00.00,21/03/2019 01.00,0,0,0,6.271
21/03/2019 01.00,21/03/2019 02.00,0,0,0,6.396
21/03/2019 02.00,21/03/2019 03.00,0,0,0,6.654
21/03/2019 03.00,21/03/2019 04.00,0,0,0,6.749
21/03/2019 04.00,21/03/2019 05.00,0,0,0,6.728
21/03/2019 05.00,21/03/2019 06.00,0,0,0.005,6.82
21/03/2019 06.00,21/03/2019 07.00,0.036,0.008,0.05,7.068
21/03/2019 07.00,21/03/2019 08.00,0.121,0.037,0.111,7.729
21/03/2019 08.00,21/03/2019 09.00,0.286,0.155,0.166,8.619
21/03/2019 09.00,21/03/2019 10.00,0.435,0.31,0.181,9.534
21/03/2019 10.00,21/03/2019 11.00,0.522,0.41,0.186,10.101
21/03/2019 11.00,21/03/2019 12.00,0.499,0.364,0.204,10.263
21/03/2019 12.00,21/03/2019 13.00,0.411,0.25,0.214,10.058
21/03/2019 13.00,21/03/2019 14.00,0.316,0.157,0.198,9.602
21/03/2019 14.00,21/03/2019 15.00,0.215,0.086,0.16,8.986
21/03/2019 15.00,21/03/2019 16.00,0.11,0.031,0.104,8.315
21/03/2019 16.00,21/03/2019 17.00,0.022,0.004,0.038,7.637
21/03/2019 17.00,21/03/2019 18.00,0,0,0.002,7.108
21/03/2019 18.00,21/03/2019 19.00,0,0,0,6.865
21/03/2019 19.00,21/03/2019 20.00,0,0,0,6.651
21/03/2019 20.00,21/03/2019 21.00,0,0,0,6.358
21/03/2019 21.00,21/03/2019 22.00,0,0,0,5.869
21/03/2019 22.00,21/03/2019 23.00,0,0,0,5.212
21/03/2019 23.00,22/03/2019 00.00,0,0,0,4.954
22/03/2019 00.00,22/03/2019 01.00,0,0,0,4.813
22/03/2019 01.00,22/03/2019 02.00,0,0,0,4.421
22/03/2019 02.00,22/03/2019 03.00,0,0,0,4.058
22/03/2019 03.00,22/03/2019 04.00,0,0,0,3.609
22/03/2019 04.00,22/03/2019 05.00,0,0,0,3.38
22/03/2019 05.00,22/03/2019 06.00,0,0,0.006,3.21
22/03/2019 06.00,22/03/2019 07.00,0.028,0.004,0.045,3.542
22/03/2019 07.00,22/03/2019 08.00,0.119,0.026,0.117,4.324
22/03/2019 08.00,22/03/2019 09.00,0.275,0.118,0.187,5.394
22/03/2019 09.00,22/03/2019 10.00,0.304,0.112,0.225,6.37
22/03/2019 10.00,22/03/2019 11.00,0.191,0.028,0.191,7.008
22/03/2019 11.00,22/03/2019 12.00,0.098,0.006,0.117,7.28
22/03/2019 12.00,22/03/2019 13.00,0.081,0.004,0.101,7.46
22/03/2019 13.00,22/03/2019 14.00,0.065,0.003,0.086,7.437
22/03/2019 14.00,22/03/2019 15.00,0.043,0.002,0.063,7.33
22/03/2019 15.00,22/03/2019 16.00,0.023,0.001,0.042,7.165
22/03/2019 16.00,22/03/2019 17.00,0,0,0.012,6.98
22/03/2019 17.00,22/03/2019 18.00,0,0,0.001,6.85
22/03/2019 18.00,22/03/2019 19.00,0,0,0,6.816
22/03/2019 19.00,22/03/2019 20.00,0,0,0,6.827
22/03/2019 20.00,22/03/2019 21.00,0,0,0,6.855
22/03/2019 21.00,22/03/2019 22.00,0,0,0,6.752
22/03/2019 22.00,22/03/2019 23.00,0,0,0,6.448
22/03/2019 23.00,23/03/2019 00.00,0,0,0,6.091
23/03/2019 00.00,23/03/2019 01.00,0,0,0,5.945
23/03/2019 01.00,23/03/2019 02.00,0,0,0,6.073
23/03/2019 02.00,23/03/2019 03.00,0,0,0,6.317
23/03/2019 03.00,23/03/2019 04.00,0,0,0,6.476
23/03/2019 04.00,23/03/2019 05.00,0,0,0,6.387
23/03/2019 05.00,23/03/2019 06.00,0,0.001,0.008,6.219
23/03/2019 06.00,23/03/2019 07.00,0.052,0.016,0.059,6.355
23/03/2019 07.00,23/03/2019 08.00,0.09,0.024,0.09,6.623
23/03/2019 08.00,23/03/2019 09.00,0.531,0.51,0.09,7.625
23/03/2019 09.00,23/03/2019 10.00,0.647,0.661,0.089,8.224
23/03/2019 10.00,23/03/2019 11.00,0.74,0.788,0.088,8.409
23/03/2019 11.00,23/03/2019 12.00,0.744,0.787,0.095,8.344
23/03/2019 12.00,23/03/2019 13.00,0.693,0.709,0.101,8.219
23/03/2019 13.00,23/03/2019 14.00,0.606,0.596,0.099,8.019
23/03/2019 14.00,23/03/2019 15.00,0.47,0.435,0.091,7.676
23/03/2019 15.00,23/03/2019 16.00,0.295,0.251,0.077,7.137
23/03/2019 16.00,23/03/2019 17.00,0.1,0.072,0.052,6.344
23/03/2019 17.00,23/03/2019 18.00,0,0.001,0.006,5.331
23/03/2019 18.00,23/03/2019 19.00,0,0,0,4.843
23/03/2019 19.00,23/03/2019 20.00,0,0,0,4.476
23/03/2019 20.00,23/03/2019 21.00,0,0,0,4.254
23/03/2019 21.00,23/03/2019 22.00,0,0,0,4.162
23/03/2019 22.00,23/03/2019 23.00,0,0,0,4.394
23/03/2019 23.00,24/03/2019 00.00,0,0,0,4.386
24/03/2019 00.00,24/03/2019 01.00,0,0,0,4.258
24/03/2019 01.00,24/03/2019 02.00,0,0,0,4.206
24/03/2019 02.00,24/03/2019 03.00,0,0,0,4.202
24/03/2019 03.00,24/03/2019 04.00,0,0,0,4.341
24/03/2019 04.00,24/03/2019 05.00,0,0,0,4.494
24/03/2019 05.00,24/03/2019 06.00,0,0,0.005,4.624
24/03/2019 06.00,24/03/2019 07.00,0.023,0.003,0.04,5.06
24/03/2019 07.00,24/03/2019 08.00,0.22,0.122,0.125,5.848
24/03/2019 08.00,24/03/2019 09.00,0.512,0.469,0.106,7.005
24/03/2019 09.00,24/03/2019 10.00,0.602,0.562,0.127,7.627
24/03/2019 10.00,24/03/2019 11.00,0.516,0.386,0.196,7.765
24/03/2019 11.00,24/03/2019 12.00,0.346,0.151,0.234,7.541
24/03/2019 12.00,24/03/2019 13.00,0.285,0.097,0.222,7.299
24/03/2019 13.00,24/03/2019 14.00,0.248,0.08,0.198,7.067
24/03/2019 14.00,24/03/2019 15.00,0.196,0.062,0.162,6.81
24/03/2019 15.00,24/03/2019 16.00,0.112,0.029,0.107,6.424
24/03/2019 16.00,24/03/2019 17.00,0.051,0.016,0.058,5.893
24/03/2019 17.00,24/03/2019 18.00,0,0,0.006,5.235
24/03/2019 18.00,24/03/2019 19.00,0,0,0,5.019
24/03/2019 19.00,24/03/2019 20.00,0,0,0,4.908
24/03/2019 20.00,24/03/2019 21.00,0,0,0,4.706
24/03/2019 21.00,24/03/2019 22.00,0,0,0,4.573
24/03/2019 22.00,24/03/2019 23.00,0,0,0,4.571
24/03/2019 23.00,25/03/2019 00.00,0,0,0,4.423
25/03/2019 00.00,25/03/2019 01.00,0,0,0,4.109
25/03/2019 01.00,25/03/2019 02.00,0,0,0,3.839
25/03/2019 02.00,25/03/2019 03.00,0,0,0,3.567
25/03/2019 03.00,25/03/2019 04.00,0,0,0,3.438
25/03/2019 04.00,25/03/2019 05.00,0,0,0,3.379
25/03/2019 05.00,25/03/2019 06.00,0,0.002,0.013,3.464
25/03/2019 06.00,25/03/2019 07.00,0.105,0.06,0.068,4.273
25/03/2019 07.00,25/03/2019 08.00,0.272,0.199,0.102,5.205
25/03/2019 08.00,25/03/2019 09.00,0.406,0.321,0.128,5.855
25/03/2019 09.00,25/03/2019 10.00,0.546,0.48,0.134,6.457
25/03/2019 10.00,25/03/2019 11.00,0.608,0.551,0.141,6.922
25/03/2019 11.00,25/03/2019 12.00,0.65,0.613,0.135,7.236
25/03/2019 12.00,25/03/2019 13.00,0.643,0.618,0.123,7.334
25/03/2019 13.00,25/03/2019 14.00,0.63,0.629,0.093,7.309
25/03/2019 14.00,25/03/2019 15.00,0.524,0.514,0.076,7.113
25/03/2019 15.00,25/03/2019 16.00,0.341,0.313,0.065,6.727
25/03/2019 16.00,25/03/2019 17.00,0.128,0.104,0.049,5.955
25/03/2019 17.00,25/03/2019 18.00,0,0.003,0.009,4.164
25/03/2019 18.00,25/03/2019 19.00,0,0,0,3.723
25/03/2019 19.00,25/03/2019 20.00,0,0,0,4.153
25/03/2019 20.00,25/03/2019 21.00,0,0,0,4.195
25/03/2019 21.00,25/03/2019 22.00,0,0,0,4.055
25/03/2019 22.00,25/03/2019 23.00,0,0,0,3.914
25/03/2019 23.00,26/03/2019 00.00,0,0,0,3.846
26/03/2019 00.00,26/03/2019 01.00,0,0,0,3.803
26/03/2019 01.00,26/03/2019 02.00,0,0,0,3.724
26/03/2019 02.00,26/03/2019 03.00,0,0,0,3.568
26/03/2019 03.00,26/03/2019 04.00,0,0,0,3.474
26/03/2019 04.00,26/03/2019 05.00,0,0,0,3.454
26/03/2019 05.00,26/03/2019 06.00,0.005,0.004,0.017,3.523
26/03/2019 06.00,26/03/2019 07.00,0.121,0.072,0.073,4.318
26/03/2019 07.00,26/03/2019 08.00,0.228,0.132,0.123,5.267
26/03/2019 08.00,26/03/2019 09.00,0.297,0.161,0.168,5.901
26/03/2019 09.00,26/03/2019 10.00,0.421,0.278,0.189,6.448
26/03/2019 10.00,26/03/2019 11.00,0.627,0.565,0.153,7.088
26/03/2019 11.00,26/03/2019 12.00,0.687,0.66,0.139,7.551
26/03/2019 12.00,26/03/2019 13.00,0.532,0.416,0.185,7.603
26/03/2019 13.00,26/03/2019 14.00,0.335,0.173,0.2,7.377
26/03/2019 14.00,26/03/2019 15.00,0.224,0.088,0.164,7.113
26/03/2019 15.00,26/03/2019 16.00,0.16,0.064,0.122,6.828
26/03/2019 16.00,26/03/2019 17.00,0.037,0.008,0.051,6.314
26/03/2019 17.00,26/03/2019 18.00,0,0,0.004,5.834
26/03/2019 18.00,26/03/2019 19.00,0,0,0,5.754
26/03/2019 19.00,26/03/2019 20.00,0,0,0,5.843
26/03/2019 20.00,26/03/2019 21.00,0,0,0,5.984
26/03/2019 21.00,26/03/2019 22.00,0,0,0,6.115
26/03/2019 22.00,26/03/2019 23.00,0,0,0,6.209
26/03/2019 23.00,27/03/2019 00.00,0,0,0,6.344
27/03/2019 00.00,27/03/2019 01.00,0,0,0,6.43
27/03/2019 01.00,27/03/2019 02.00,0,0,0,6.536
27/03/2019 02.00,27/03/2019 03.00,0,0,0,6.647
27/03/2019 03.00,27/03/2019 04.00,0,0,0,6.768
27/03/2019 04.00,27/03/2019 05.00,0,0,0,6.829
27/03/2019 05.00,27/03/2019 06.00,0,0,0.006,6.883
27/03/2019 06.00,27/03/2019 07.00,0.024,0.002,0.042,7.085
27/03/2019 07.00,27/03/2019 08.00,0.081,0.01,0.095,7.497
27/03/2019 08.00,27/03/2019 09.00,0.13,0.019,0.138,7.974
27/03/2019 09.00,27/03/2019 10.00,0.281,0.094,0.222,8.554
27/03/2019 10.00,27/03/2019 11.00,0.387,0.187,0.246,9.028
27/03/2019 11.00,27/03/2019 12.00,0.433,0.24,0.248,9.316
27/03/2019 12.00,27/03/2019 13.00,0.43,0.248,0.236,9.477
27/03/2019 13.00,27/03/2019 14.00,0.367,0.194,0.218,9.433
27/03/2019 14.00,27/03/2019 15.00,0.216,0.07,0.177,9.063
27/03/2019 15.00,27/03/2019 16.00,0.082,0.012,0.096,8.429
27/03/2019 16.00,27/03/2019 17.00,0.019,0.002,0.037,7.786
27/03/2019 17.00,27/03/2019 18.00,0,0,0.005,7.311
27/03/2019 18.00,27/03/2019 19.00,0,0,0,7.087
27/03/2019 19.00,27/03/2019 20.00,0,0,0,6.969
27/03/2019 20.00,27/03/2019 21.00,0,0,0,6.853
27/03/2019 21.00,27/03/2019 22.00,0,0,0,6.812
27/03/2019 22.00,27/03/2019 23.00,0,0,0,6.916
27/03/2019 23.00,28/03/2019 00.00,0,0,0,7.063
28/03/2019 00.00,28/03/2019 01.00,0,0,0,7.22
28/03/2019 01.00,28/03/2019 02.00,0,0,0,7.279
28/03/2019 02.00,28/03/2019 03.00,0,0,0,7.311
28/03/2019 03.00,28/03/2019 04.00,0,0,0,7.279
28/03/2019 04.00,28/03/2019 05.00,0,0,0,7.238
28/03/2019 05.00,28/03/2019 06.00,0,0.001,0.014,7.174
28/03/2019 06.00,28/03/2019 07.00,0.093,0.042,0.076,7.514
28/03/2019 07.00,28/03/2019 08.00,0.247,0.164,0.116,8.325
28/03/2019 08.00,28/03/2019 09.00,0.498,0.462,0.104,9.554
28/03/2019 09.00,28/03/2019 10.00,0.628,0.628,0.105,10.502
28/03/2019 10.00,28/03/2019 11.00,0.665,0.663,0.123,11.07
28/03/2019 11.00,28/03/2019 12.00,0.616,0.565,0.155,11.289
28/03/2019 12.00,28/03/2019 13.00,0.501,0.39,0.184,11.228
28/03/2019 13.00,28/03/2019 14.00,0.426,0.31,0.173,11.03
28/03/2019 14.00,28/03/2019 15.00,0.409,0.338,0.125,10.83
28/03/2019 15.00,28/03/2019 16.00,0.306,0.26,0.086,10.366
28/03/2019 16.00,28/03/2019 17.00,0.128,0.097,0.058,9.374
28/03/2019 17.00,28/03/2019 18.00,0.001,0.003,0.013,7.784
28/03/2019 18.00,28/03/2019 19.00,0,0,0,6.778
28/03/2019 19.00,28/03/2019 20.00,0,0,0,6.328
28/03/2019 20.00,28/03/2019 21.00,0,0,0,6.047
28/03/2019 21.00,28/03/2019 22.00,0,0,0,5.851
28/03/2019 22.00,28/03/2019 23.00,0,0,0,5.615
28/03/2019 23.00,29/03/2019 00.00,0,0,0,5.496
29/03/2019 00.00,29/03/2019 01.00,0,0,0,5.453
29/03/2019 01.00,29/03/2019 02.00,0,0,0,5.56
29/03/2019 02.00,29/03/2019 03.00,0,0,0,5.569
29/03/2019 03.00,29/03/2019 04.00,0,0,0,5.7
29/03/2019 04.00,29/03/2019 05.00,0,0,0,5.83
29/03/2019 05.00,29/03/2019 06.00,0.007,0.004,0.02,6.046
29/03/2019 06.00,29/03/2019 07.00,0.144,0.105,0.064,6.801
29/03/2019 07.00,29/03/2019 08.00,0.389,0.369,0.064,7.978
29/03/2019 08.00,29/03/2019 09.00,0.571,0.587,0.068,9.161
29/03/2019 09.00,29/03/2019 10.00,0.699,0.756,0.071,10.006
29/03/2019 10.00,29/03/2019 11.00,0.772,0.86,0.074,10.601
29/03/2019 11.00,29/03/2019 12.00,0.792,0.891,0.075,10.931
29/03/2019 12.00,29/03/2019 13.00,0.76,0.844,0.075,10.999
29/03/2019 13.00,29/03/2019 14.00,0.677,0.728,0.072,10.783
29/03/2019 14.00,29/03/2019 15.00,0.541,0.553,0.068,10.307
29/03/2019 15.00,29/03/2019 16.00,0.355,0.337,0.062,9.591
29/03/2019 16.00,29/03/2019 17.00,0.144,0.12,0.051,8.602
29/03/2019 17.00,29/03/2019 18.00,0.002,0.004,0.014,7.332
29/03/2019 18.00,29/03/2019 19.00,0,0,0,6.455
29/03/2019 19.00,29/03/2019 20.00,0,0,0,6.109
29/03/2019 20.00,29/03/2019 21.00,0,0,0,6.033
29/03/2019 21.00,29/03/2019 22.00,0,0,0,5.929
29/03/2019 22.00,29/03/2019 23.00,0,0,0,5.824
29/03/2019 23.00,30/03/2019 00.00,0,0,0,5.727
30/03/2019 00.00,30/03/2019 01.00,0,0,0,5.721
30/03/2019 01.00,30/03/2019 02.00,0,0,0,5.612
30/03/2019 02.00,30/03/2019 03.00,0,0,0,5.605
30/03/2019 03.00,30/03/2019 04.00,0,0,0,5.559
30/03/2019 04.00,30/03/2019 05.00,0,0,0,5.474
30/03/2019 05.00,30/03/2019 06.00,0,0,0.011,5.443
30/03/2019 06.00,30/03/2019 07.00,0.026,0.003,0.044,5.578
30/03/2019 07.00,30/03/2019 08.00,0.076,0.009,0.091,6.008
30/03/2019 08.00,30/03/2019 09.00,0.208,0.063,0.174,7.154
30/03/2019 09.00,30/03/2019 10.00,0.573,0.499,0.157,9.022
30/03/2019 10.00,30/03/2019 11.00,0.709,0.718,0.125,10.32
30/03/2019 11.00,30/03/2019 12.00,0.737,0.763,0.121,10.629
30/03/2019 12.00,30/03/2019 13.00,0.699,0.705,0.123,10.376
30/03/2019 13.00,30/03/2019 14.00,0.614,0.588,0.123,9.936
30/03/2019 14.00,30/03/2019 15.00,0.415,0.322,0.145,9.416
30/03/2019 15.00,30/03/2019 16.00,0.15,0.05,0.128,8.735
30/03/2019 16.00,30/03/2019 17.00,0.031,0.004,0.048,8.064
30/03/2019 17.00,30/03/2019 18.00,0,0,0.008,7.511
30/03/2019 18.00,30/03/2019 19.00,0,0,0,7.042
30/03/2019 19.00,30/03/2019 20.00,0,0,0,6.561
30/03/2019 20.00,30/03/2019 21.00,0,0,0,6.018
30/03/2019 21.00,30/03/2019 22.00,0,0,0,5.586
30/03/2019 22.00,30/03/2019 23.00,0,0,0,5.389
30/03/2019 23.00,31/03/2019 00.00,0,0,0,5.238
31/03/2019 00.00,31/03/2019 01.00,0,0,0,5.033
31/03/2019 01.00,31/03/2019 03.00,0,0,0,4.963
31/03/2019 02.00,31/03/2019 04.00,0,0,0,4.544
31/03/2019 03.00,31/03/2019 05.00,0,0,0,3.788
31/03/2019 04.00,31/03/2019 06.00,0,0,0,3.017
31/03/2019 05.00,31/03/2019 07.00,0.017,0.01,0.026,2.824
31/03/2019 06.00,31/03/2019 08.00,0.19,0.158,0.056,3.55
31/03/2019 07.00,31/03/2019 09.00,0.398,0.368,0.068,4.306
31/03/2019 08.00,31/03/2019 10.00,0.574,0.568,0.076,4.942
31/03/2019 09.00,31/03/2019 11.00,0.701,0.729,0.081,5.497
31/03/2019 10.00,31/03/2019 12.00,0.766,0.813,0.087,5.876
31/03/2019 11.00,31/03/2019 13.00,0.771,0.814,0.094,6.052
31/03/2019 12.00,31/03/2019 14.00,0.733,0.76,0.095,6.057
31/03/2019 13.00,31/03/2019 15.00,0.66,0.667,0.089,5.953
31/03/2019 14.00,31/03/2019 16.00,0.532,0.514,0.081,5.722
31/03/2019 15.00,31/03/2019 17.00,0.356,0.322,0.07,5.319
31/03/2019 16.00,31/03/2019 18.00,0.15,0.118,0.056,4.659
31/03/2019 17.00,31/03/2019 19.00,0.004,0.004,0.017,3.251
31/03/2019 18.00,31/03/2019 20.00,0,0,0,2.188
31/03/2019 19.00,31/03/2019 21.00,0,0,0,1.82
31/03/2019 20.00,31/03/2019 22.00,0,0,0,1.496
31/03/2019 21.00,31/03/2019 23.00,0,0,0,1.213
31/03/2019 22.00,01/04/2019 00.00,0,0,0,0.986
31/03/2019 23.00,01/04/2019 01.00,0,0,0,0.911
01/04/2019 00.00,01/04/2019 02.00,0,0,0,1.076
01/04/2019 01.00,01/04/2019 03.00,0,0,0,1.385
01/04/2019 02.00,01/04/2019 04.00,0,0,0,1.59
01/04/2019 03.00,01/04/2019 05.00,0,0,0,1.633
01/04/2019 04.00,01/04/2019 06.00,0,0,0,1.098
01/04/2019 05.00,01/04/2019 07.00,0.02,0.012,0.027,0.653
01/04/2019 06.00,01/04/2019 08.00,0.205,0.176,0.051,1.882
01/04/2019 07.00,01/04/2019 09.00,0.424,0.403,0.06,3.106
01/04/2019 08.00,01/04/2019 10.00,0.603,0.612,0.066,4.414
01/04/2019 09.00,01/04/2019 11.00,0.729,0.776,0.071,5.444
01/04/2019 10.00,01/04/2019 12.00,0.799,0.875,0.075,6.194
01/04/2019 11.00,01/04/2019 13.00,0.816,0.902,0.076,6.769
01/04/2019 12.00,01/04/2019 14.00,0.783,0.855,0.076,7.186
01/04/2019 13.00,01/04/2019 15.00,0.697,0.738,0.074,7.425
01/04/2019 14.00,01/04/2019 16.00,0.558,0.562,0.07,7.467
01/04/2019 15.00,01/04/2019 17.00,0.369,0.346,0.064,7.219
01/04/2019 16.00,01/04/2019 18.00,0.157,0.129,0.054,6.477
01/04/2019 17.00,01/04/2019 19.00,0.006,0.004,0.018,4.461
01/04/2019 18.00,01/04/2019 20.00,0,0,0,3.237
01/04/2019 19.00,01/04/2019 21.00,0,0,0,2.883
01/04/2019 20.00,01/04/2019 22.00,0,0,0,2.455
01/04/2019 21.00,01/04/2019 23.00,0,0,0,1.955
01/04/2019 22.00,02/04/2019 00.00,0,0,0,1.467
01/04/2019 23.00,02/04/2019 01.00,0,0,0,1.235
02/04/2019 00.00,02/04/2019 02.00,0,0,0,1.242
02/04/2019 01.00,02/04/2019 03.00,0,0,0,1.348
02/04/2019 02.00,02/04/2019 04.00,0,0,0,1.589
02/04/2019 03.00,02/04/2019 05.00,0,0,0,1.755
02/04/2019 04.00,02/04/2019 06.00,0,0,0,1.798
02/04/2019 05.00,02/04/2019 07.00,0.014,0.004,0.029,1.925
02/04/2019 06.00,02/04/2019 08.00,0.18,0.134,0.07,2.814
02/04/2019 07.00,02/04/2019 09.00,0.401,0.365,0.075,4.579
02/04/2019 08.00,02/04/2019 10.00,0.579,0.574,0.08,6.307
02/04/2019 09.00,02/04/2019 11.00,0.699,0.731,0.086,7.849
02/04/2019 10.00,02/04/2019 12.00,0.768,0.831,0.089,9.094
02/04/2019 11.00,02/04/2019 13.00,0.789,0.866,0.09,9.95
02/04/2019 12.00,02/04/2019 14.00,0.758,0.823,0.089,10.384
02/04/2019 13.00,02/04/2019 15.00,0.651,0.667,0.097,10.355
02/04/2019 14.00,02/04/2019 16.00,0.449,0.387,0.12,9.929
02/04/2019 15.00,02/04/2019 17.00,0.218,0.123,0.126,8.946
02/04/2019 16.00,02/04/2019 18.00,0.064,0.017,0.07,7.589
02/04/2019 17.00,02/04/2019 19.00,0,0,0.014,6.477
02/04/2019 18.00,02/04/2019 20.00,0,0,0,5.809
02/04/2019 19.00,02/04/2019 21.00,0,0,0,5.482
02/04/2019 20.00,02/04/2019 22.00,0,0,0,5.296
02/04/2019 21.00,02/04/2019 23.00,0,0,0,5.199
02/04/2019 22.00,03/04/2019 00.00,0,0,0,5.12
02/04/2019 23.00,03/04/2019 01.00,0,0,0,5.119
03/04/2019 00.00,03/04/2019 02.00,0,0,0,5.298
03/04/2019 01.00,03/04/2019 03.00,0,0,0,5.676
03/04/2019 02.00,03/04/2019 04.00,0,0,0,5.751
03/04/2019 03.00,03/04/2019 05.00,0,0,0,5.614
03/04/2019 04.00,03/04/2019 06.00,0,0,0,5.386
03/04/2019 05.00,03/04/2019 07.00,0.001,0,0.016,5.475
03/04/2019 06.00,03/04/2019 08.00,0.029,0.002,0.049,5.949
03/04/2019 07.00,03/04/2019 09.00,0.063,0.004,0.083,6.566
03/04/2019 08.00,03/04/2019 10.00,0.125,0.011,0.14,7.471
03/04/2019 09.00,03/04/2019 11.00,0.196,0.026,0.2,8.666
03/04/2019 10.00,03/04/2019 12.00,0.262,0.048,0.249,9.816
03/04/2019 11.00,03/04/2019 13.00,0.217,0.028,0.222,10.482
03/04/2019 12.00,03/04/2019 14.00,0.152,0.012,0.169,10.706
03/04/2019 13.00,03/04/2019 15.00,0.101,0.005,0.122,10.699
03/04/2019 14.00,03/04/2019 16.00,0.064,0.003,0.086,10.472
03/04/2019 15.00,03/04/2019 17.00,0.033,0.001,0.053,9.95
03/04/2019 16.00,03/04/2019 18.00,0.007,0,0.024,9.282
03/04/2019 17.00,03/04/2019 19.00,0,0,0.005,8.687
03/04/2019 18.00,03/04/2019 20.00,0,0,0,8.152
03/04/2019 19.00,03/04/2019 21.00,0,0,0,7.554
03/04/2019 20.00,03/04/2019 22.00,0,0,0,6.966
03/04/2019 21.00,03/04/2019 23.00,0,0,0,6.336
03/04/2019 22.00,04/04/2019 00.00,0,0,0,5.781
03/04/2019 23.00,04/04/2019 01.00,0,0,0,5.461
04/04/2019 00.00,04/04/2019 02.00,0,0,0,5.346
04/04/2019 01.00,04/04/2019 03.00,0,0,0,5.237
04/04/2019 02.00,04/04/2019 04.00,0,0,0,5.104
04/04/2019 03.00,04/04/2019 05.00,0,0,0,4.994
04/04/2019 04.00,04/04/2019 06.00,0,0,0,4.838
04/04/2019 05.00,04/04/2019 07.00,0.019,0.004,0.034,5.047
04/04/2019 06.00,04/04/2019 08.00,0.144,0.079,0.09,6.02
04/04/2019 07.00,04/04/2019 09.00,0.331,0.255,0.113,7.498
04/04/2019 08.00,04/04/2019 10.00,0.491,0.43,0.126,9.177
04/04/2019 09.00,04/04/2019 11.00,0.602,0.565,0.135,10.6
04/04/2019 10.00,04/04/2019 12.00,0.674,0.663,0.138,11.715
04/04/2019 11.00,04/04/2019 13.00,0.692,0.689,0.141,12.535
04/04/2019 12.00,04/04/2019 14.00,0.613,0.561,0.162,12.959
04/04/2019 13.00,04/04/2019 15.00,0.471,0.357,0.186,13.031
04/04/2019 14.00,04/04/2019 16.00,0.277,0.135,0.183,12.761
04/04/2019 15.00,04/04/2019 17.00,0.157,0.053,0.135,12.259
04/04/2019 16.00,04/04/2019 18.00,0.076,0.021,0.08,11.375
04/04/2019 17.00,04/04/2019 19.00,0.008,0.001,0.025,9.809
04/04/2019 18.00,04/04/2019 20.00,0,0,0,8.44
04/04/2019 19.00,04/04/2019 21.00,0,0,0,7.784
04/04/2019 20.00,04/04/2019 22.00,0,0,0,7.114
04/04/2019 21.00,04/04/2019 23.00,0,0,0,6.628
04/04/2019 22.00,05/04/2019 00.00,0,0,0,6.286
04/04/2019 23.00,05/04/2019 01.00,0,0,0,5.77
05/04/2019 00.00,05/04/2019 02.00,0,0,0,5.239
05/04/2019 01.00,05/04/2019 03.00,0,0,0,4.803
05/04/2019 02.00,05/04/2019 04.00,0,0,0,4.59
05/04/2019 03.00,05/04/2019 05.00,0,0,0,4.706
05/04/2019 04.00,05/04/2019 06.00,0,0,0.001,4.885
05/04/2019 05.00,05/04/2019 07.00,0.014,0.002,0.031,5.389
05/04/2019 06.00,05/04/2019 08.00,0.108,0.038,0.095,6.483
05/04/2019 07.00,05/04/2019 09.00,0.276,0.171,0.138,7.971
05/04/2019 08.00,05/04/2019 10.00,0.413,0.303,0.162,9.61
05/04/2019 09.00,05/04/2019 11.00,0.513,0.409,0.179,11.054
05/04/2019 10.00,05/04/2019 12.00,0.577,0.486,0.186,12.132
05/04/2019 11.00,05/04/2019 13.00,0.61,0.538,0.181,13.025
05/04/2019 12.00,05/04/2019 14.00,0.609,0.555,0.166,13.629
05/04/2019 13.00,05/04/2019 15.00,0.55,0.493,0.151,13.895
05/04/2019 14.00,05/04/2019 16.00,0.434,0.36,0.139,13.852
05/04/2019 15.00,05/04/2019 17.00,0.275,0.193,0.123,13.437
05/04/2019 16.00,05/04/2019 18.00,0.105,0.045,0.088,12.514
05/04/2019 17.00,05/04/2019 19.00,0.008,0.001,0.025,11.14
05/04/2019 18.00,05/04/2019 20.00,0,0,0,10.12
05/04/2019 19.00,05/04/2019 21.00,0,0,0,9.566
05/04/2019 20.00,05/04/2019 22.00,0,0,0,8.978
05/04/2019 21.00,05/04/2019 23.00,0,0,0,8.487
05/04/2019 22.00,06/04/2019 00.00,0,0,0,8.134
05/04/2019 23.00,06/04/2019 01.00,0,0,0,7.905
06/04/2019 00.00,06/04/2019 02.00,0,0,0,7.558
06/04/2019 01.00,06/04/2019 03.00,0,0,0,7.278
06/04/2019 02.00,06/04/2019 04.00,0,0,0,7.034
06/04/2019 03.00,06/04/2019 05.00,0,0,0,6.731
06/04/2019 04.00,06/04/2019 06.00,0,0,0.001,6.354
06/04/2019 05.00,06/04/2019 07.00,0.015,0.002,0.032,6.467
06/04/2019 06.00,06/04/2019 08.00,0.105,0.033,0.097,7.221
06/04/2019 07.00,06/04/2019 09.00,0.229,0.109,0.151,8.338
06/04/2019 08.00,06/04/2019 10.00,0.326,0.175,0.191,9.551
06/04/2019 09.00,06/04/2019 11.00,0.409,0.244,0.219,10.629
06/04/2019 10.00,06/04/2019 12.00,0.493,0.341,0.225,11.677
06/04/2019 11.00,06/04/2019 13.00,0.571,0.462,0.204,12.693
06/04/2019 12.00,06/04/2019 14.00,0.599,0.532,0.175,13.42
06/04/2019 13.00,06/04/2019 15.00,0.563,0.512,0.149,13.966
06/04/2019 14.00,06/04/2019 16.00,0.454,0.392,0.133,14.084
06/04/2019 15.00,06/04/2019 17.00,0.299,0.227,0.116,13.787
06/04/2019 16.00,06/04/2019 18.00,0.13,0.073,0.087,12.907
06/04/2019 17.00,06/04/2019 19.00,0.014,0.002,0.031,10.978
06/04/2019 18.00,06/04/2019 20.00,0,0,0,9.392
06/04/2019 19.00,06/04/2019 21.00,0,0,0,8.72
06/04/2019 20.00,06/04/2019 22.00,0,0,0,8.13
06/04/2019 21.00,06/04/2019 23.00,0,0,0,7.633
06/04/2019 22.00,07/04/2019 00.00,0,0,0,7.325
06/04/2019 23.00,07/04/2019 01.00,0,0,0,7.353
07/04/2019 00.00,07/04/2019 02.00,0,0,0,7.415
07/04/2019 01.00,07/04/2019 03.00,0,0,0,7.348
07/04/2019 02.00,07/04/2019 04.00,0,0,0,6.776
07/04/2019 03.00,07/04/2019 05.00,0,0,0,6.124
07/04/2019 04.00,07/04/2019 06.00,0,0,0.001,5.55
07/04/2019 05.00,07/04/2019 07.00,0.027,0.006,0.041,6.123
07/04/2019 06.00,07/04/2019 08.00,0.157,0.093,0.091,7.56
07/04/2019 07.00,07/04/2019 09.00,0.337,0.264,0.112,8.661
07/04/2019 08.00,07/04/2019 10.00,0.493,0.436,0.124,10.033
07/04/2019 09.00,07/04/2019 11.00,0.614,0.588,0.129,11.123
07/04/2019 10.00,07/04/2019 12.00,0.682,0.681,0.132,11.963
07/04/2019 11.00,07/04/2019 13.00,0.696,0.701,0.135,12.572
07/04/2019 12.00,07/04/2019 14.00,0.669,0.665,0.133,12.866
07/04/2019 13.00,07/04/2019 15.00,0.598,0.576,0.126,12.847
07/04/2019 14.00,07/04/2019 16.00,0.471,0.421,0.12,12.409
07/04/2019 15.00,07/04/2019 17.00,0.308,0.241,0.109,11.59
07/04/2019 16.00,07/04/2019 18.00,0.142,0.089,0.082,10.361
07/04/2019 17.00,07/04/2019 19.00,0.017,0.004,0.033,8.612
07/04/2019 18.00,07/04/2019 20.00,0,0,0,6.897
07/04/2019 19.00,07/04/2019 21.00,0,0,0,5.987
07/04/2019 20.00,07/04/2019 22.00,0,0,0,5.386
07/04/2019 21.00,07/04/2019 23.00,0,0,0,5.009
07/04/2019 22.00,08/04/2019 00.00,0,0,0,4.734
07/04/2019 23.00,08/04/2019 01.00,0,0,0,4.521
08/04/2019 00.00,08/04/2019 02.00,0,0,0,4.327
08/04/2019 01.00,08/04/2019 03.00,0,0,0,4.188
08/04/2019 02.00,08/04/2019 04.00,0,0,0,4.063
08/04/2019 03.00,08/04/2019 05.00,0,0,0,3.962
08/04/2019 04.00,08/04/2019 06.00,0,0,0.002,3.694
08/04/2019 05.00,08/04/2019 07.00,0.033,0.012,0.042,3.975
08/04/2019 06.00,08/04/2019 08.00,0.219,0.182,0.063,4.802
08/04/2019 07.00,08/04/2019 09.00,0.429,0.405,0.07,5.851
08/04/2019 08.00,08/04/2019 10.00,0.597,0.602,0.077,6.626
08/04/2019 09.00,08/04/2019 11.00,0.727,0.774,0.079,7.289
08/04/2019 10.00,08/04/2019 12.00,0.802,0.883,0.081,7.867
08/04/2019 11.00,08/04/2019 13.00,0.821,0.912,0.082,8.263
08/04/2019 12.00,08/04/2019 14.00,0.789,0.866,0.081,8.451
08/04/2019 13.00,08/04/2019 15.00,0.708,0.753,0.079,8.415
08/04/2019 14.00,08/04/2019 16.00,0.574,0.58,0.075,8.176
08/04/2019 15.00,08/04/2019 17.00,0.393,0.369,0.069,7.713
08/04/2019 16.00,08/04/2019 18.00,0.185,0.152,0.06,6.966
08/04/2019 17.00,08/04/2019 19.00,0.021,0.008,0.033,5.615
08/04/2019 18.00,08/04/2019 20.00,0,0,0,4.063
08/04/2019 19.00,08/04/2019 21.00,0,0,0,3.566
08/04/2019 20.00,08/04/2019 22.00,0,0,0,3.225
08/04/2019 21.00,08/04/2019 23.00,0,0,0,3.025
08/04/2019 22.00,09/04/2019 00.00,0,0,0,2.969
08/04/2019 23.00,09/04/2019 01.00,0,0,0,2.954
09/04/2019 00.00,09/04/2019 02.00,0,0,0,2.681
09/04/2019 01.00,09/04/2019 03.00,0,0,0,2.22
09/04/2019 02.00,09/04/2019 04.00,0,0,0,1.714
09/04/2019 03.00,09/04/2019 05.00,0,0,0,1.203
09/04/2019 04.00,09/04/2019 06.00,0,0,0.003,0.669
09/04/2019 05.00,09/04/2019 07.00,0.044,0.029,0.036,1.123
09/04/2019 06.00,09/04/2019 08.00,0.246,0.22,0.051,2.275
09/04/2019 07.00,09/04/2019 09.00,0.462,0.449,0.058,3.313
09/04/2019 08.00,09/04/2019 10.00,0.638,0.657,0.064,4.029
09/04/2019 09.00,09/04/2019 11.00,0.762,0.819,0.069,4.689
09/04/2019 10.00,09/04/2019 12.00,0.833,0.921,0.072,5.287
09/04/2019 11.00,09/04/2019 13.00,0.851,0.95,0.073,5.746
09/04/2019 12.00,09/04/2019 14.00,0.819,0.904,0.073,5.96
09/04/2019 13.00,09/04/2019 15.00,0.737,0.789,0.07,5.912
09/04/2019 14.00,09/04/2019 16.00,0.603,0.616,0.066,5.62
09/04/2019 15.00,09/04/2019 17.00,0.419,0.402,0.06,5.129
09/04/2019 16.00,09/04/2019 18.00,0.203,0.177,0.052,4.443
09/04/2019 17.00,09/04/2019 19.00,0.024,0.011,0.032,3.106
09/04/2019 18.00,09/04/2019 20.00,0,0,0.001,1.49
09/04/2019 19.00,09/04/2019 21.00,0,0,0,1.085
09/04/2019 20.00,09/04/2019 22.00,0,0,0,0.868
09/04/2019 21.00,09/04/2019 23.00,0,0,0,0.725
09/04/2019 22.00,10/04/2019 00.00,0,0,0,0.579
09/04/2019 23.00,10/04/2019 01.00,0,0,0,0.417
10/04/2019 00.00,10/04/2019 02.00,0,0,0,0.205
10/04/2019 01.00,10/04/2019 03.00,0,0,0,0.014
10/04/2019 02.00,10/04/2019 04.00,0,0,0,-0.048
10/04/2019 03.00,10/04/2019 05.00,0,0,0,-0.172
10/04/2019 04.00,10/04/2019 06.00,0,0,0.003,-0.157
10/04/2019 05.00,10/04/2019 07.00,0.043,0.015,0.049,1.04
10/04/2019 06.00,10/04/2019 08.00,0.202,0.139,0.087,1.974
10/04/2019 07.00,10/04/2019 09.00,0.329,0.228,0.129,2.348
10/04/2019 08.00,10/04/2019 10.00,0.436,0.309,0.165,2.684
10/04/2019 09.00,10/04/2019 11.00,0.526,0.392,0.188,3.107
10/04/2019 10.00,10/04/2019 12.00,0.588,0.457,0.199,3.49
10/04/2019 11.00,10/04/2019 13.00,0.586,0.447,0.208,3.838
10/04/2019 12.00,10/04/2019 14.00,0.614,0.506,0.184,4.168
10/04/2019 13.00,10/04/2019 15.00,0.547,0.436,0.172,4.261
10/04/2019 14.00,10/04/2019 16.00,0.408,0.281,0.166,3.997
10/04/2019 15.00,10/04/2019 17.00,0.26,0.146,0.14,3.576
10/04/2019 16.00,10/04/2019 18.00,0.135,0.062,0.096,3.06
10/04/2019 17.00,10/04/2019 19.00,0.023,0.003,0.039,2.163
10/04/2019 18.00,10/04/2019 20.00,0,0,0.001,0.8
10/04/2019 19.00,10/04/2019 21.00,0,0,0,0.302
10/04/2019 20.00,10/04/2019 22.00,0,0,0,-0.025
10/04/2019 21.00,10/04/2019 23.00,0,0,0,-0.256
10/04/2019 22.00,11/04/2019 00.00,0,0,0,-0.425
10/04/2019 23.00,11/04/2019 01.00,0,0,0,-0.54
11/04/2019 00.00,11/04/2019 02.00,0,0,0,-0.563
11/04/2019 01.00,11/04/2019 03.00,0,0,0,-0.539
11/04/2019 02.00,11/04/2019 04.00,0,0,0,-0.516
11/04/2019 03.00,11/04/2019 05.00,0,0,0,-0.527
11/04/2019 04.00,11/04/2019 06.00,0,0,0.004,-0.52
11/04/2019 05.00,11/04/2019 07.00,0.043,0.011,0.052,0.661
11/04/2019 06.00,11/04/2019 08.00,0.185,0.108,0.1,2.121
11/04/2019 07.00,11/04/2019 09.00,0.336,0.231,0.135,2.675
11/04/2019 08.00,11/04/2019 10.00,0.439,0.309,0.171,3.146
11/04/2019 09.00,11/04/2019 11.00,0.539,0.405,0.192,3.55
11/04/2019 10.00,11/04/2019 12.00,0.574,0.427,0.213,3.87
11/04/2019 11.00,11/04/2019 13.00,0.577,0.419,0.226,4.128
11/04/2019 12.00,11/04/2019 14.00,0.468,0.271,0.245,4.208
11/04/2019 13.00,11/04/2019 15.00,0.395,0.2,0.232,4.178
11/04/2019 14.00,11/04/2019 16.00,0.307,0.137,0.2,4.07
11/04/2019 15.00,11/04/2019 17.00,0.214,0.084,0.155,3.888
11/04/2019 16.00,11/04/2019 18.00,0.103,0.027,0.098,3.519
11/04/2019 17.00,11/04/2019 19.00,0.019,0.001,0.036,2.703
11/04/2019 18.00,11/04/2019 20.00,0,0,0.001,1.524
11/04/2019 19.00,11/04/2019 21.00,0,0,0,1.237
11/04/2019 20.00,11/04/2019 22.00,0,0,0,0.945
11/04/2019 21.00,11/04/2019 23.00,0,0,0,0.769
11/04/2019 22.00,12/04/2019 00.00,0,0,0,0.613
11/04/2019 23.00,12/04/2019 01.00,0,0,0,0.351
12/04/2019 00.00,12/04/2019 02.00,0,0,0,0.255
12/04/2019 01.00,12/04/2019 03.00,0,0,0,0.144
12/04/2019 02.00,12/04/2019 04.00,0,0,0,0.089
12/04/2019 03.00,12/04/2019 05.00,0,0,0,-0.004
12/04/2019 04.00,12/04/2019 06.00,0,0,0.005,-0.161
12/04/2019 05.00,12/04/2019 07.00,0.05,0.02,0.05,1.161
12/04/2019 06.00,12/04/2019 08.00,0.232,0.185,0.072,3.011
12/04/2019 07.00,12/04/2019 09.00,0.435,0.395,0.082,4.137
12/04/2019 08.00,12/04/2019 10.00,0.554,0.508,0.111,4.794
12/04/2019 09.00,12/04/2019 11.00,0.599,0.526,0.15,5.184
12/04/2019 10.00,12/04/2019 12.00,0.613,0.515,0.18,5.469
12/04/2019 11.00,12/04/2019 13.00,0.625,0.523,0.187,5.719
12/04/2019 12.00,12/04/2019 14.00,0.598,0.492,0.184,5.883
12/04/2019 13.00,12/04/2019 15.00,0.544,0.442,0.168,5.934
12/04/2019 14.00,12/04/2019 16.00,0.447,0.347,0.147,5.822
12/04/2019 15.00,12/04/2019 17.00,0.321,0.236,0.118,5.55
12/04/2019 16.00,12/04/2019 18.00,0.163,0.1,0.088,5.046
12/04/2019 17.00,12/04/2019 19.00,0.03,0.007,0.044,3.721
12/04/2019 18.00,12/04/2019 20.00,0,0,0.002,2.042
12/04/2019 19.00,12/04/2019 21.00,0,0,0,1.546
12/04/2019 20.00,12/04/2019 22.00,0,0,0,1.299
12/04/2019 21.00,12/04/2019 23.00,0,0,0,1.024
12/04/2019 22.00,13/04/2019 00.00,0,0,0,0.861
12/04/2019 23.00,13/04/2019 01.00,0,0,0,0.65
13/04/2019 00.00,13/04/2019 02.00,0,0,0,0.392
13/04/2019 01.00,13/04/2019 03.00,0,0,0,0.231
13/04/2019 02.00,13/04/2019 04.00,0,0,0,0.139
13/04/2019 03.00,13/04/2019 05.00,0,0,0,0.058
13/04/2019 04.00,13/04/2019 06.00,0,0,0.006,0.111
13/04/2019 05.00,13/04/2019 07.00,0.054,0.029,0.046,1.827
13/04/2019 06.00,13/04/2019 08.00,0.24,0.203,0.062,3.755
13/04/2019 07.00,13/04/2019 09.00,0.45,0.429,0.068,5.01
13/04/2019 08.00,13/04/2019 10.00,0.618,0.627,0.075,5.689
13/04/2019 09.00,13/04/2019 11.00,0.742,0.789,0.079,6.165
13/04/2019 10.00,13/04/2019 12.00,0.817,0.897,0.08,6.633
13/04/2019 11.00,13/04/2019 13.00,0.838,0.931,0.08,6.982
13/04/2019 12.00,13/04/2019 14.00,0.806,0.885,0.08,7.198
13/04/2019 13.00,13/04/2019 15.00,0.726,0.775,0.077,7.26
13/04/2019 14.00,13/04/2019 16.00,0.595,0.606,0.072,7.138
13/04/2019 15.00,13/04/2019 17.00,0.416,0.395,0.067,6.797
13/04/2019 16.00,13/04/2019 18.00,0.207,0.175,0.059,6.196
13/04/2019 17.00,13/04/2019 19.00,0.032,0.013,0.04,4.743
13/04/2019 18.00,13/04/2019 20.00,0,0,0.002,2.853
13/04/2019 19.00,13/04/2019 21.00,0,0,0,2.232
13/04/2019 20.00,13/04/2019 22.00,0,0,0,1.838
13/04/2019 21.00,13/04/2019 23.00,0,0,0,1.534
13/04/2019 22.00,14/04/2019 00.00,0,0,0,1.271
13/04/2019 23.00,14/04/2019 01.00,0,0,0,0.981
14/04/2019 00.00,14/04/2019 02.00,0,0,0,0.689
14/04/2019 01.00,14/04/2019 03.00,0,0,0,0.382
14/04/2019 02.00,14/04/2019 04.00,0,0,0,0.011
14/04/2019 03.00,14/04/2019 05.00,0,0,0,-0.254
14/04/2019 04.00,14/04/2019 06.00,0,0,0.007,-0.245
14/04/2019 05.00,14/04/2019 07.00,0.058,0.033,0.046,1.424
14/04/2019 06.00,14/04/2019 08.00,0.247,0.209,0.063,2.991
14/04/2019 07.00,14/04/2019 09.00,0.452,0.427,0.07,4.237
14/04/2019 08.00,14/04/2019 10.00,0.629,0.639,0.074,5.097
14/04/2019 09.00,14/04/2019 11.00,0.752,0.803,0.078,5.989
14/04/2019 10.00,14/04/2019 12.00,0.813,0.891,0.083,6.859
14/04/2019 11.00,14/04/2019 13.00,0.824,0.908,0.087,7.627
14/04/2019 12.00,14/04/2019 14.00,0.781,0.843,0.09,8.134
14/04/2019 13.00,14/04/2019 15.00,0.689,0.714,0.092,8.377
14/04/2019 14.00,14/04/2019 16.00,0.558,0.546,0.088,8.345
14/04/2019 15.00,14/04/2019 17.00,0.384,0.345,0.083,8.028
14/04/2019 16.00,14/04/2019 18.00,0.188,0.142,0.073,7.357
14/04/2019 17.00,14/04/2019 19.00,0.033,0.009,0.045,5.841
14/04/2019 18.00,14/04/2019 20.00,0,0,0.003,3.931
14/04/2019 19.00,14/04/2019 21.00,0,0,0,3.214
14/04/2019 20.00,14/04/2019 22.00,0,0,0,2.718
14/04/2019 21.00,14/04/2019 23.00,0,0,0,2.329
14/04/2019 22.00,15/04/2019 00.00,0,0,0,1.999
14/04/2019 23.00,15/04/2019 01.00,0,0,0,1.653
15/04/2019 00.00,15/04/2019 02.00,0,0,0,1.297
15/04/2019 01.00,15/04/2019 03.00,0,0,0,0.924
15/04/2019 02.00,15/04/2019 04.00,0,0,0,0.513
15/04/2019 03.00,15/04/2019 05.00,0,0,0,0.09
15/04/2019 04.00,15/04/2019 06.00,0,0,0.008,-0.111
15/04/2019 05.00,15/04/2019 07.00,0.061,0.037,0.045,1.483
15/04/2019 06.00,15/04/2019 08.00,0.255,0.222,0.059,3.236
15/04/2019 07.00,15/04/2019 09.00,0.462,0.444,0.065,4.731
15/04/2019 08.00,15/04/2019 10.00,0.632,0.65,0.071,5.859
15/04/2019 09.00,15/04/2019 11.00,0.753,0.812,0.075,6.815
15/04/2019 10.00,15/04/2019 12.00,0.822,0.913,0.077,7.492
15/04/2019 11.00,15/04/2019 13.00,0.841,0.944,0.078,7.937
15/04/2019 12.00,15/04/2019 14.00,0.811,0.902,0.077,8.197
15/04/2019 13.00,15/04/2019 15.00,0.732,0.791,0.074,8.284
15/04/2019 14.00,15/04/2019 16.00,0.603,0.622,0.069,8.198
15/04/2019 15.00,15/04/2019 17.00,0.425,0.411,0.064,7.954
15/04/2019 16.00,15/04/2019 18.00,0.216,0.189,0.056,7.437
15/04/2019 17.00,15/04/2019 19.00,0.035,0.016,0.04,6.067
15/04/2019 18.00,15/04/2019 20.00,0,0,0.004,4.082
15/04/2019 19.00,15/04/2019 21.00,0,0,0,3.402
15/04/2019 20.00,15/04/2019 22.00,0,0,0,2.865
15/04/2019 21.00,15/04/2019 23.00,0,0,0,2.366
15/04/2019 22.00,16/04/2019 00.00,0,0,0,1.962
15/04/2019 23.00,16/04/2019 01.00,0,0,0,1.608
16/04/2019 00.00,16/04/2019 02.00,0,0,0,1.302
16/04/2019 01.00,16/04/2019 03.00,0,0,0,1.038
16/04/2019 02.00,16/04/2019 04.00,0,0,0,0.81
16/04/2019 03.00,16/04/2019 05.00,0,0,0,0.537
16/04/2019 04.00,16/04/2019 06.00,0,0,0.009,0.271
16/04/2019 05.00,16/04/2019 07.00,0.065,0.038,0.049,1.871
16/04/2019 06.00,16/04/2019 08.00,0.251,0.211,0.067,3.723
16/04/2019 07.00,16/04/2019 09.00,0.456,0.43,0.075,5.253
16/04/2019 08.00,16/04/2019 10.00,0.616,0.617,0.084,6.294
16/04/2019 09.00,16/04/2019 11.00,0.7,0.712,0.104,7.122
16/04/2019 10.00,16/04/2019 12.00,0.709,0.698,0.133,7.802
16/04/2019 11.00,16/04/2019 13.00,0.685,0.645,0.155,8.3
16/04/2019 12.00,16/04/2019 14.00,0.621,0.545,0.171,8.52
16/04/2019 13.00,16/04/2019 15.00,0.539,0.443,0.17,8.512
16/04/2019 14.00,16/04/2019 16.00,0.437,0.336,0.153,8.407
16/04/2019 15.00,16/04/2019 17.00,0.313,0.224,0.126,8.269
16/04/2019 16.00,16/04/2019 18.00,0.168,0.103,0.093,7.954
16/04/2019 17.00,16/04/2019 19.00,0.038,0.01,0.05,6.864
16/04/2019 18.00,16/04/2019 20.00,0,0,0.004,5.03
16/04/2019 19.00,16/04/2019 21.00,0,0,0,4.368
16/04/2019 20.00,16/04/2019 22.00,0,0,0,3.985
16/04/2019 21.00,16/04/2019 23.00,0,0,0,3.704
16/04/2019 22.00,17/04/2019 00.00,0,0,0,3.393
16/04/2019 23.00,17/04/2019 01.00,0,0,0,2.93
17/04/2019 00.00,17/04/2019 02.00,0,0,0,2.594
17/04/2019 01.00,17/04/2019 03.00,0,0,0,2.38
17/04/2019 02.00,17/04/2019 04.00,0,0,0,2.523
17/04/2019 03.00,17/04/2019 05.00,0,0,0,2.418
17/04/2019 04.00,17/04/2019 06.00,0,0,0.01,2.373
17/04/2019 05.00,17/04/2019 07.00,0.065,0.04,0.048,3.355
17/04/2019 06.00,17/04/2019 08.00,0.257,0.223,0.061,4.879
17/04/2019 07.00,17/04/2019 09.00,0.459,0.443,0.068,6.739
17/04/2019 08.00,17/04/2019 10.00,0.623,0.645,0.074,8.534
17/04/2019 09.00,17/04/2019 11.00,0.735,0.798,0.079,10.103
17/04/2019 10.00,17/04/2019 12.00,0.799,0.896,0.082,11.335
17/04/2019 11.00,17/04/2019 13.00,0.815,0.925,0.083,12.152
17/04/2019 12.00,17/04/2019 14.00,0.785,0.882,0.082,12.585
17/04/2019 13.00,17/04/2019 15.00,0.708,0.774,0.079,12.709
17/04/2019 14.00,17/04/2019 16.00,0.584,0.609,0.074,12.574
17/04/2019 15.00,17/04/2019 17.00,0.414,0.404,0.068,12.141
17/04/2019 16.00,17/04/2019 18.00,0.214,0.187,0.06,11.283
17/04/2019 17.00,17/04/2019 19.00,0.039,0.017,0.044,9.479
17/04/2019 18.00,17/04/2019 20.00,0,0,0.005,7.289
17/04/2019 19.00,17/04/2019 21.00,0,0,0,6.399
17/04/2019 20.00,17/04/2019 22.00,0,0,0,5.753
17/04/2019 21.00,17/04/2019 23.00,0,0,0,5.15
17/04/2019 22.00,18/04/2019 00.00,0,0,0,4.668
17/04/2019 23.00,18/04/2019 01.00,0,0,0,4.343
18/04/2019 00.00,18/04/2019 02.00,0,0,0,4.187
18/04/2019 01.00,18/04/2019 03.00,0,0,0,4.117
18/04/2019 02.00,18/04/2019 04.00,0,0,0,4.031
18/04/2019 03.00,18/04/2019 05.00,0,0,0,3.897
18/04/2019 04.00,18/04/2019 06.00,0,0,0.011,3.927
18/04/2019 05.00,18/04/2019 07.00,0.068,0.043,0.048,5.658
18/04/2019 06.00,18/04/2019 08.00,0.256,0.225,0.062,7.656
18/04/2019 07.00,18/04/2019 09.00,0.452,0.438,0.07,9.156
18/04/2019 08.00,18/04/2019 10.00,0.609,0.635,0.077,11.237
18/04/2019 09.00,18/04/2019 11.00,0.719,0.787,0.082,12.891
18/04/2019 10.00,18/04/2019 12.00,0.781,0.882,0.086,13.968
18/04/2019 11.00,18/04/2019 13.00,0.798,0.91,0.087,14.633
18/04/2019 12.00,18/04/2019 14.00,0.77,0.871,0.085,15.004
18/04/2019 13.00,18/04/2019 15.00,0.696,0.765,0.082,15.107
18/04/2019 14.00,18/04/2019 16.00,0.574,0.603,0.077,14.962
18/04/2019 15.00,18/04/2019 17.00,0.409,0.401,0.07,14.472
18/04/2019 16.00,18/04/2019 18.00,0.213,0.187,0.061,13.49
18/04/2019 17.00,18/04/2019 19.00,0.04,0.018,0.045,11.499
18/04/2019 18.00,18/04/2019 20.00,0,0,0.006,9.09
18/04/2019 19.00,18/04/2019 21.00,0,0,0,8.029
18/04/2019 20.00,18/04/2019 22.00,0,0,0,7.337
18/04/2019 21.00,18/04/2019 23.00,0,0,0,6.683
18/04/2019 22.00,19/04/2019 00.00,0,0,0,6.056
18/04/2019 23.00,19/04/2019 01.00,0,0,0,5.534
19/04/2019 00.00,19/04/2019 02.00,0,0,0,5.079
19/04/2019 01.00,19/04/2019 03.00,0,0,0,4.648
19/04/2019 02.00,19/04/2019 04.00,0,0,0,4.222
19/04/2019 03.00,19/04/2019 05.00,0,0,0,3.892
19/04/2019 04.00,19/04/2019 06.00,0,0,0.012,3.902
19/04/2019 05.00,19/04/2019 07.00,0.072,0.048,0.047,5.681
19/04/2019 06.00,19/04/2019 08.00,0.265,0.239,0.058,7.73
19/04/2019 07.00,19/04/2019 09.00,0.465,0.46,0.065,9.319
19/04/2019 08.00,19/04/2019 10.00,0.624,0.661,0.071,11.526
19/04/2019 09.00,19/04/2019 11.00,0.732,0.816,0.076,13.66
19/04/2019 10.00,19/04/2019 12.00,0.793,0.911,0.08,14.759
19/04/2019 11.00,19/04/2019 13.00,0.808,0.937,0.082,15.495
19/04/2019 12.00,19/04/2019 14.00,0.778,0.894,0.081,15.929
19/04/2019 13.00,19/04/2019 15.00,0.702,0.782,0.078,16.124
19/04/2019 14.00,19/04/2019 16.00,0.578,0.615,0.074,16.084
19/04/2019 15.00,19/04/2019 17.00,0.41,0.408,0.068,15.778
19/04/2019 16.00,19/04/2019 18.00,0.214,0.191,0.061,15.027
19/04/2019 17.00,19/04/2019 19.00,0.041,0.019,0.046,13.263
19/04/2019 18.00,19/04/2019 20.00,0,0,0.007,11.294
19/04/2019 19.00,19/04/2019 21.00,0,0,0,10.217
19/04/2019 20.00,19/04/2019 22.00,0,0,0,9.716
19/04/2019 21.00,19/04/2019 23.00,0,0,0,9.277
19/04/2019 22.00,20/04/2019 00.00,0,0,0,8.798
19/04/2019 23.00,20/04/2019 01.00,0,0,0,8.297
20/04/2019 00.00,20/04/2019 02.00,0,0,0,7.791
20/04/2019 01.00,20/04/2019 03.00,0,0,0,7.333
20/04/2019 02.00,20/04/2019 04.00,0,0,0,6.907
20/04/2019 03.00,20/04/2019 05.00,0,0,0,6.724
20/04/2019 04.00,20/04/2019 06.00,0,0,0.013,6.9
20/04/2019 05.00,20/04/2019 07.00,0.074,0.053,0.045,7.463
20/04/2019 06.00,20/04/2019 08.00,0.271,0.249,0.056,8.713
20/04/2019 07.00,20/04/2019 09.00,0.471,0.471,0.063,9.939
20/04/2019 08.00,20/04/2019 10.00,0.628,0.671,0.069,12.218
20/04/2019 09.00,20/04/2019 11.00,0.735,0.827,0.074,14.69
20/04/2019 10.00,20/04/2019 12.00,0.798,0.925,0.077,15.573
20/04/2019 11.00,20/04/2019 13.00,0.814,0.954,0.078,16.113
20/04/2019 12.00,20/04/2019 14.00,0.782,0.905,0.078,16.489
20/04/2019 13.00,20/04/2019 15.00,0.706,0.794,0.076,16.548
20/04/2019 14.00,20/04/2019 16.00,0.584,0.625,0.072,16.333
20/04/2019 15.00,20/04/2019 17.00,0.417,0.418,0.066,15.797
20/04/2019 16.00,20/04/2019 18.00,0.22,0.199,0.059,14.791
20/04/2019 17.00,20/04/2019 19.00,0.043,0.022,0.045,12.74
20/04/2019 18.00,20/04/2019 20.00,0,0,0.008,10.075
20/04/2019 19.00,20/04/2019 21.00,0,0,0,8.844
20/04/2019 20.00,20/04/2019 22.00,0,0,0,8.206
20/04/2019 21.00,20/04/2019 23.00,0,0,0,7.883
20/04/2019 22.00,21/04/2019 00.00,0,0,0,7.775
20/04/2019 23.00,21/04/2019 01.00,0,0,0,7.598
21/04/2019 00.00,21/04/2019 02.00,0,0,0,7.382
21/04/2019 01.00,21/04/2019 03.00,0,0,0,7.021
21/04/2019 02.00,21/04/2019 04.00,0,0,0,6.81
21/04/2019 03.00,21/04/2019 05.00,0,0,0,6.543
21/04/2019 04.00,21/04/2019 06.00,0,0,0.015,6.429
21/04/2019 05.00,21/04/2019 07.00,0.077,0.057,0.045,7.484
21/04/2019 06.00,21/04/2019 08.00,0.275,0.254,0.055,9.391
21/04/2019 07.00,21/04/2019 09.00,0.473,0.475,0.063,10.585
21/04/2019 08.00,21/04/2019 10.00,0.629,0.674,0.069,12.541
21/04/2019 09.00,21/04/2019 11.00,0.737,0.826,0.075,14.032
21/04/2019 10.00,21/04/2019 12.00,0.798,0.919,0.079,14.793
21/04/2019 11.00,21/04/2019 13.00,0.814,0.946,0.08,15.35
21/04/2019 12.00,21/04/2019 14.00,0.784,0.902,0.08,15.695
21/04/2019 13.00,21/04/2019 15.00,0.708,0.791,0.077,15.861
21/04/2019 14.00,21/04/2019 16.00,0.585,0.625,0.072,15.916
21/04/2019 15.00,21/04/2019 17.00,0.419,0.42,0.066,15.656
21/04/2019 16.00,21/04/2019 18.00,0.222,0.201,0.059,15.172
21/04/2019 17.00,21/04/2019 19.00,0.044,0.023,0.046,13.938
21/04/2019 18.00,21/04/2019 20.00,0,0,0.009,12.302
21/04/2019 19.00,21/04/2019 21.00,0,0,0,11.314
21/04/2019 20.00,21/04/2019 22.00,0,0,0,10.597
21/04/2019 21.00,21/04/2019 23.00,0,0,0,9.77
21/04/2019 22.00,22/04/2019 00.00,0,0,0,8.687
21/04/2019 23.00,22/04/2019 01.00,0,0,0,7.64
22/04/2019 00.00,22/04/2019 02.00,0,0,0,6.896
22/04/2019 01.00,22/04/2019 03.00,0,0,0,6.324
22/04/2019 02.00,22/04/2019 04.00,0,0,0,5.774
22/04/2019 03.00,22/04/2019 05.00,0,0,0,5.193
22/04/2019 04.00,22/04/2019 06.00,0.001,0,0.016,5.032
22/04/2019 05.00,22/04/2019 07.00,0.081,0.059,0.046,6.954
22/04/2019 06.00,22/04/2019 08.00,0.279,0.258,0.056,8.662
22/04/2019 07.00,22/04/2019 09.00,0.476,0.478,0.063,10.347
22/04/2019 08.00,22/04/2019 10.00,0.628,0.671,0.071,12.68
22/04/2019 09.00,22/04/2019 11.00,0.73,0.814,0.078,14.287
22/04/2019 10.00,22/04/2019 12.00,0.785,0.898,0.084,15.353
22/04/2019 11.00,22/04/2019 13.00,0.797,0.917,0.087,16.022
22/04/2019 12.00,22/04/2019 14.00,0.767,0.873,0.086,16.359
22/04/2019 13.00,22/04/2019 15.00,0.692,0.764,0.084,16.326
22/04/2019 14.00,22/04/2019 16.00,0.575,0.606,0.078,15.864
22/04/2019 15.00,22/04/2019 17.00,0.416,0.411,0.07,14.935
22/04/2019 16.00,22/04/2019 18.00,0.225,0.201,0.061,13.666
22/04/2019 17.00,22/04/2019 19.00,0.047,0.024,0.047,12.117
22/04/2019 18.00,22/04/2019 20.00,0,0,0.011,10.329
22/04/2019 19.00,22/04/2019 21.00,0,0,0,9.234
22/04/2019 20.00,22/04/2019 22.00,0,0,0,8.528
22/04/2019 21.00,22/04/2019 23.00,0,0,0,7.947
22/04/2019 22.00,23/04/2019 00.00,0,0,0,7.506
22/04/2019 23.00,23/04/2019 01.00,0,0,0,7.223
23/04/2019 00.00,23/04/2019 02.00,0,0,0,7.04
23/04/2019 01.00,23/04/2019 03.00,0,0,0,6.965
23/04/2019 02.00,23/04/2019 04.00,0,0,0,6.959
23/04/2019 03.00,23/04/2019 05.00,0,0,0,6.866
23/04/2019 04.00,23/04/2019 06.00,0.002,0,0.018,7.062
23/04/2019 05.00,23/04/2019 07.00,0.072,0.032,0.064,8.138
23/04/2019 06.00,23/04/2019 08.00,0.263,0.228,0.069,9.573
23/04/2019 07.00,23/04/2019 09.00,0.457,0.448,0.073,11.345
23/04/2019 08.00,23/04/2019 10.00,0.619,0.653,0.077,12.781
23/04/2019 09.00,23/04/2019 11.00,0.735,0.817,0.079,13.652
23/04/2019 10.00,23/04/2019 12.00,0.801,0.918,0.082,14.242
23/04/2019 11.00,23/04/2019 13.00,0.818,0.947,0.083,14.737
23/04/2019 12.00,23/04/2019 14.00,0.788,0.903,0.082,15.147
23/04/2019 13.00,23/04/2019 15.00,0.713,0.794,0.079,15.329
23/04/2019 14.00,23/04/2019 16.00,0.589,0.625,0.075,15.184
23/04/2019 15.00,23/04/2019 17.00,0.42,0.414,0.071,14.809
23/04/2019 16.00,23/04/2019 18.00,0.222,0.194,0.066,14.112
23/04/2019 17.00,23/04/2019 19.00,0.049,0.021,0.053,13.036
23/04/2019 18.00,23/04/2019 20.00,0,0,0.012,11.775
23/04/2019 19.00,23/04/2019 21.00,0,0,0,10.913
23/04/2019 20.00,23/04/2019 22.00,0,0,0,10.462
23/04/2019 21.00,23/04/2019 23.00,0,0,0,9.863
23/04/2019 22.00,24/04/2019 00.00,0,0,0,9.505
23/04/2019 23.00,24/04/2019 01.00,0,0,0,9.3
24/04/2019 00.00,24/04/2019 02.00,0,0,0,9.363
24/04/2019 01.00,24/04/2019 03.00,0,0,0,9.349
24/04/2019 02.00,24/04/2019 04.00,0,0,0,9.104
24/04/2019 03.00,24/04/2019 05.00,0,0,0,8.908
24/04/2019 04.00,24/04/2019 06.00,0,0,0.012,9.11
24/04/2019 05.00,24/04/2019 07.00,0.034,0.002,0.055,9.354
24/04/2019 06.00,24/04/2019 08.00,0.103,0.014,0.116,9.947
24/04/2019 07.00,24/04/2019 09.00,0.196,0.045,0.182,10.934
24/04/2019 08.00,24/04/2019 10.00,0.349,0.161,0.236,12.236
24/04/2019 09.00,24/04/2019 11.00,0.561,0.44,0.218,13.636
24/04/2019 10.00,24/04/2019 12.00,0.586,0.449,0.244,14.385
24/04/2019 11.00,24/04/2019 13.00,0.426,0.191,0.299,14.253
24/04/2019 12.00,24/04/2019 14.00,0.339,0.101,0.288,13.93
24/04/2019 13.00,24/04/2019 15.00,0.25,0.048,0.241,13.625
24/04/2019 14.00,24/04/2019 16.00,0.169,0.021,0.18,13.375
24/04/2019 15.00,24/04/2019 17.00,0.13,0.015,0.145,13.149
24/04/2019 16.00,24/04/2019 18.00,0.089,0.01,0.106,12.788
24/04/2019 17.00,24/04/2019 19.00,0.033,0.001,0.055,12.274
24/04/2019 18.00,24/04/2019 20.00,0,0,0.008,11.721
24/04/2019 19.00,24/04/2019 21.00,0,0,0,11.364
24/04/2019 20.00,24/04/2019 22.00,0,0,0,11.204
24/04/2019 21.00,24/04/2019 23.00,0,0,0,11.061
24/04/2019 22.00,25/04/2019 00.00,0,0,0,10.91
24/04/2019 23.00,25/04/2019 01.00,0,0,0,10.664
25/04/2019 00.00,25/04/2019 02.00,0,0,0,10.268
25/04/2019 01.00,25/04/2019 03.00,0,0,0,9.831
25/04/2019 02.00,25/04/2019 04.00,0,0,0,9.286
25/04/2019 03.00,25/04/2019 05.00,0,0,0,8.935
25/04/2019 04.00,25/04/2019 06.00,0.005,0,0.022,8.882
25/04/2019 05.00,25/04/2019 07.00,0.075,0.022,0.078,9.695
25/04/2019 06.00,25/04/2019 08.00,0.198,0.105,0.126,10.911
25/04/2019 07.00,25/04/2019 09.00,0.263,0.123,0.178,12.123
25/04/2019 08.00,25/04/2019 10.00,0.348,0.184,0.214,13.213
25/04/2019 09.00,25/04/2019 11.00,0.572,0.486,0.188,14.487
25/04/2019 10.00,25/04/2019 12.00,0.596,0.504,0.206,15.351
25/04/2019 11.00,25/04/2019 13.00,0.556,0.426,0.233,15.852
25/04/2019 12.00,25/04/2019 14.00,0.563,0.451,0.217,16.277
25/04/2019 13.00,25/04/2019 15.00,0.536,0.448,0.187,16.627
25/04/2019 14.00,25/04/2019 16.00,0.488,0.43,0.145,16.939
25/04/2019 15.00,25/04/2019 17.00,0.361,0.3,0.12,16.929
25/04/2019 16.00,25/04/2019 18.00,0.2,0.14,0.098,16.556
25/04/2019 17.00,25/04/2019 19.00,0.057,0.017,0.066,15.445
25/04/2019 18.00,25/04/2019 20.00,0,0,0.015,13.266
25/04/2019 19.00,25/04/2019 21.00,0,0,0,12.186
25/04/2019 20.00,25/04/2019 22.00,0,0,0,11.665
25/04/2019 21.00,25/04/2019 23.00,0,0,0,11.161
25/04/2019 22.00,26/04/2019 00.00,0,0,0,10.853
25/04/2019 23.00,26/04/2019 01.00,0,0,0,10.607
26/04/2019 00.00,26/04/2019 02.00,0,0,0,10.454
26/04/2019 01.00,26/04/2019 03.00,0,0,0,10.233
26/04/2019 02.00,26/04/2019 04.00,0,0,0,9.891
26/04/2019 03.00,26/04/2019 05.00,0,0,0,9.645
26/04/2019 04.00,26/04/2019 06.00,0.002,0,0.017,9.813
26/04/2019 05.00,26/04/2019 07.00,0.036,0.002,0.057,10.522
26/04/2019 06.00,26/04/2019 08.00,0.072,0.005,0.092,11.443
26/04/2019 07.00,26/04/2019 09.00,0.105,0.008,0.124,12.083
26/04/2019 08.00,26/04/2019 10.00,0.152,0.014,0.169,12.811
26/04/2019 09.00,26/04/2019 11.00,0.208,0.026,0.217,13.684
26/04/2019 10.00,26/04/2019 12.00,0.313,0.075,0.286,14.677
26/04/2019 11.00,26/04/2019 13.00,0.469,0.238,0.309,15.689
26/04/2019 12.00,26/04/2019 14.00,0.538,0.362,0.275,16.372
26/04/2019 13.00,26/04/2019 15.00,0.404,0.193,0.277,16.303
26/04/2019 14.00,26/04/2019 16.00,0.276,0.081,0.24,15.482
26/04/2019 15.00,26/04/2019 17.00,0.159,0.024,0.167,14.243
26/04/2019 16.00,26/04/2019 18.00,0.089,0.009,0.108,13.046
26/04/2019 17.00,26/04/2019 19.00,0.031,0.001,0.052,11.814
26/04/2019 18.00,26/04/2019 20.00,0,0,0.008,10.695
26/04/2019 19.00,26/04/2019 21.00,0,0,0,10.013
26/04/2019 20.00,26/04/2019 22.00,0,0,0,9.714
26/04/2019 21.00,26/04/2019 23.00,0,0,0,9.454
26/04/2019 22.00,27/04/2019 00.00,0,0,0,9.266
26/04/2019 23.00,27/04/2019 01.00,0,0,0,9.067
27/04/2019 00.00,27/04/2019 02.00,0,0,0,8.708
27/04/2019 01.00,27/04/2019 03.00,0,0,0,7.98
27/04/2019 02.00,27/04/2019 04.00,0,0,0,7.419
27/04/2019 03.00,27/04/2019 05.00,0,0,0,7.101
27/04/2019 04.00,27/04/2019 06.00,0.003,0,0.019,7.426
27/04/2019 05.00,27/04/2019 07.00,0.027,0.001,0.047,8.247
27/04/2019 06.00,27/04/2019 08.00,0.047,0.002,0.068,8.654
27/04/2019 07.00,27/04/2019 09.00,0.071,0.003,0.092,9.011
27/04/2019 08.00,27/04/2019 10.00,0.109,0.006,0.13,9.561
27/04/2019 09.00,27/04/2019 11.00,0.167,0.012,0.184,10.35
27/04/2019 10.00,27/04/2019 12.00,0.228,0.025,0.237,11.273
27/04/2019 11.00,27/04/2019 13.00,0.255,0.034,0.258,12.094
27/04/2019 12.00,27/04/2019 14.00,0.338,0.083,0.303,12.999
27/04/2019 13.00,27/04/2019 15.00,0.329,0.091,0.286,13.528
27/04/2019 14.00,27/04/2019 16.00,0.242,0.048,0.233,13.554
27/04/2019 15.00,27/04/2019 17.00,0.139,0.015,0.154,13.314
27/04/2019 16.00,27/04/2019 18.00,0.093,0.009,0.112,12.992
27/04/2019 17.00,27/04/2019 19.00,0.037,0.001,0.058,12.346
27/04/2019 18.00,27/04/2019 20.00,0,0,0.012,11.332
27/04/2019 19.00,27/04/2019 21.00,0,0,0,10.656
27/04/2019 20.00,27/04/2019 22.00,0,0,0,10.36
27/04/2019 21.00,27/04/2019 23.00,0,0,0,10.051
27/04/2019 22.00,28/04/2019 00.00,0,0,0,9.694
27/04/2019 23.00,28/04/2019 01.00,0,0,0,9.399
28/04/2019 00.00,28/04/2019 02.00,0,0,0,9.241
28/04/2019 01.00,28/04/2019 03.00,0,0,0,9.087
28/04/2019 02.00,28/04/2019 04.00,0,0,0,8.983
28/04/2019 03.00,28/04/2019 05.00,0,0,0,8.886
28/04/2019 04.00,28/04/2019 06.00,0,0,0.008,8.674
28/04/2019 05.00,28/04/2019 07.00,0.013,0,0.032,9.055
28/04/2019 06.00,28/04/2019 08.00,0.04,0.002,0.061,9.567
28/04/2019 07.00,28/04/2019 09.00,0.077,0.004,0.098,9.886
28/04/2019 08.00,28/04/2019 10.00,0.132,0.01,0.15,10.292
28/04/2019 09.00,28/04/2019 11.00,0.2,0.022,0.21,10.898
28/04/2019 10.00,28/04/2019 12.00,0.309,0.067,0.284,11.704
28/04/2019 11.00,28/04/2019 13.00,0.435,0.184,0.314,12.502
28/04/2019 12.00,28/04/2019 14.00,0.556,0.381,0.268,13.228
28/04/2019 13.00,28/04/2019 15.00,0.549,0.413,0.228,13.581
28/04/2019 14.00,28/04/2019 16.00,0.388,0.214,0.231,13.462
28/04/2019 15.00,28/04/2019 17.00,0.256,0.099,0.196,13.057
28/04/2019 16.00,28/04/2019 18.00,0.146,0.036,0.14,12.406
28/04/2019 17.00,28/04/2019 19.00,0.055,0.004,0.075,11.433
28/04/2019 18.00,28/04/2019 20.00,0.001,0,0.016,9.997
28/04/2019 19.00,28/04/2019 21.00,0,0,0,9.019
28/04/2019 20.00,28/04/2019 22.00,0,0,0,8.79
28/04/2019 21.00,28/04/2019 23.00,0,0,0,8.697
28/04/2019 22.00,29/04/2019 00.00,0,0,0,8.709
28/04/2019 23.00,29/04/2019 01.00,0,0,0,8.838
29/04/2019 00.00,29/04/2019 02.00,0,0,0,8.902
29/04/2019 01.00,29/04/2019 03.00,0,0,0,8.8
29/04/2019 02.00,29/04/2019 04.00,0,0,0,8.663
29/04/2019 03.00,29/04/2019 05.00,0,0,0,8.619
29/04/2019 04.00,29/04/2019 06.00,0.005,0,0.022,9.008
29/04/2019 05.00,29/04/2019 07.00,0.053,0.006,0.071,10.046
29/04/2019 06.00,29/04/2019 08.00,0.142,0.039,0.132,10.812
29/04/2019 07.00,29/04/2019 09.00,0.306,0.176,0.172,11.804
29/04/2019 08.00,29/04/2019 10.00,0.523,0.46,0.147,12.962
29/04/2019 09.00,29/04/2019 11.00,0.685,0.707,0.12,14.225
29/04/2019 10.00,29/04/2019 12.00,0.768,0.844,0.111,15.368
29/04/2019 11.00,29/04/2019 13.00,0.788,0.881,0.109,16.141
29/04/2019 12.00,29/04/2019 14.00,0.763,0.847,0.107,16.533
29/04/2019 13.00,29/04/2019 15.00,0.694,0.75,0.102,16.597
29/04/2019 14.00,29/04/2019 16.00,0.578,0.594,0.096,16.403
29/04/2019 15.00,29/04/2019 17.00,0.418,0.396,0.09,15.915
29/04/2019 16.00,29/04/2019 18.00,0.231,0.188,0.082,14.989
29/04/2019 17.00,29/04/2019 19.00,0.064,0.025,0.066,13.5
29/04/2019 18.00,29/04/2019 20.00,0.005,0,0.022,11.254
29/04/2019 19.00,29/04/2019 21.00,0,0,0,9.766
29/04/2019 20.00,29/04/2019 22.00,0,0,0,9.108
29/04/2019 21.00,29/04/2019 23.00,0,0,0,8.598
29/04/2019 22.00,30/04/2019 00.00,0,0,0,8.287
29/04/2019 23.00,30/04/2019 01.00,0,0,0,8.204
30/04/2019 00.00,30/04/2019 02.00,0,0,0,8.203
30/04/2019 01.00,30/04/2019 03.00,0,0,0,8.151
30/04/2019 02.00,30/04/2019 04.00,0,0,0,7.909
30/04/2019 03.00,30/04/2019 05.00,0,0,0,7.661
30/04/2019 04.00,30/04/2019 06.00,0.014,0,0.033,8.366
30/04/2019 05.00,30/04/2019 07.00,0.095,0.044,0.077,10.14
30/04/2019 06.00,30/04/2019 08.00,0.261,0.202,0.095,11.163
30/04/2019 07.00,30/04/2019 09.00,0.435,0.391,0.106,12.422
30/04/2019 08.00,30/04/2019 10.00,0.576,0.559,0.118,13.76
30/04/2019 09.00,30/04/2019 11.00,0.645,0.632,0.14,14.422
30/04/2019 10.00,30/04/2019 12.00,0.724,0.75,0.138,14.891
30/04/2019 11.00,30/04/2019 13.00,0.725,0.741,0.148,15.038
30/04/2019 12.00,30/04/2019 14.00,0.666,0.639,0.165,14.958
30/04/2019 13.00,30/04/2019 15.00,0.562,0.479,0.182,14.635
30/04/2019 14.00,30/04/2019 16.00,0.417,0.289,0.191,14.06
30/04/2019 15.00,30/04/2019 17.00,0.285,0.156,0.171,13.283
30/04/2019 16.00,30/04/2019 18.00,0.169,0.071,0.13,12.346
30/04/2019 17.00,30/04/2019 19.00,0.061,0.008,0.078,11.187
30/04/2019 18.00,30/04/2019 20.00,0.004,0,0.021,10.008
30/04/2019 19.00,30/04/2019 21.00,0,0,0,9.114
30/04/2019 20.00,30/04/2019 22.00,0,0,0,8.673
30/04/2019 21.00,30/04/2019 23.00,0,0,0,8.407
30/04/2019 22.00,01/05/2019 00.00,0,0,0,8.389
30/04/2019 23.00,01/05/2019 01.00,0,0,0,8.465
01/05/2019 00.00,01/05/2019 02.00,0,0,0,8.449
01/05/2019 01.00,01/05/2019 03.00,0,0,0,8.429
01/05/2019 02.00,01/05/2019 04.00,0,0,0,8.335
01/05/2019 03.00,01/05/2019 05.00,0,0,0,8.23
01/05/2019 04.00,01/05/2019 06.00,0,0,0.014,8.205
01/05/2019 05.00,01/05/2019 07.00,0.027,0.001,0.047,8.284
01/05/2019 06.00,01/05/2019 08.00,0.076,0.006,0.095,8.439
01/05/2019 07.00,01/05/2019 09.00,0.147,0.018,0.157,8.716
01/05/2019 08.00,01/05/2019 10.00,0.255,0.058,0.23,9.142
01/05/2019 09.00,01/05/2019 11.00,0.392,0.163,0.278,9.77
01/05/2019 10.00,01/05/2019 12.00,0.59,0.431,0.253,10.572
01/05/2019 11.00,01/05/2019 13.00,0.608,0.462,0.246,10.955
01/05/2019 12.00,01/05/2019 14.00,0.611,0.484,0.23,11.068
01/05/2019 13.00,01/05/2019 15.00,0.549,0.417,0.217,11.12
01/05/2019 14.00,01/05/2019 16.00,0.459,0.326,0.195,10.869
01/05/2019 15.00,01/05/2019 17.00,0.342,0.219,0.166,10.346
01/05/2019 16.00,01/05/2019 18.00,0.189,0.084,0.135,9.638
01/05/2019 17.00,01/05/2019 19.00,0.074,0.012,0.086,9.001
01/05/2019 18.00,01/05/2019 20.00,0.005,0,0.021,8.459
01/05/2019 19.00,01/05/2019 21.00,0,0,0,8.206
01/05/2019 20.00,01/05/2019 22.00,0,0,0,8.176
01/05/2019 21.00,01/05/2019 23.00,0,0,0,8.209
01/05/2019 22.00,02/05/2019 00.00,0,0,0,8.255
01/05/2019 23.00,02/05/2019 01.00,0,0,0,8.272
02/05/2019 00.00,02/05/2019 02.00,0,0,0,8.18
02/05/2019 01.00,02/05/2019 03.00,0,0,0,8.012
02/05/2019 02.00,02/05/2019 04.00,0,0,0,7.851
02/05/2019 03.00,02/05/2019 05.00,0,0,0.001,7.705
02/05/2019 04.00,02/05/2019 06.00,0.015,0,0.034,7.664
02/05/2019 05.00,02/05/2019 07.00,0.087,0.024,0.088,8.009
02/05/2019 06.00,02/05/2019 08.00,0.207,0.107,0.13,8.513
02/05/2019 07.00,02/05/2019 09.00,0.411,0.334,0.127,9.087
02/05/2019 08.00,02/05/2019 10.00,0.568,0.524,0.128,9.502
02/05/2019 09.00,02/05/2019 11.00,0.651,0.614,0.147,9.746
02/05/2019 10.00,02/05/2019 12.00,0.683,0.64,0.165,9.9
02/05/2019 11.00,02/05/2019 13.00,0.739,0.734,0.149,10.02
02/05/2019 12.00,02/05/2019 14.00,0.725,0.725,0.139,9.887
02/05/2019 13.00,02/05/2019 15.00,0.684,0.684,0.12,9.596
02/05/2019 14.00,02/05/2019 16.00,0.587,0.572,0.104,9.207
02/05/2019 15.00,02/05/2019 17.00,0.428,0.384,0.095,8.739
02/05/2019 16.00,02/05/2019 18.00,0.238,0.181,0.088,8.205
02/05/2019 17.00,02/05/2019 19.00,0.072,0.026,0.07,7.635
02/05/2019 18.00,02/05/2019 20.00,0.01,0,0.027,6.894
02/05/2019 19.00,02/05/2019 21.00,0,0,0,6.273
02/05/2019 20.00,02/05/2019 22.00,0,0,0,5.883
02/05/2019 21.00,02/05/2019 23.00,0,0,0,5.628
02/05/2019 22.00,03/05/2019 00.00,0,0,0,5.329
02/05/2019 23.00,03/05/2019 01.00,0,0,0,4.995
03/05/2019 00.00,03/05/2019 02.00,0,0,0,4.636
03/05/2019 01.00,03/05/2019 03.00,0,0,0,4.26
03/05/2019 02.00,03/05/2019 04.00,0,0,0,3.997
03/05/2019 03.00,03/05/2019 05.00,0,0,0.001,3.73
03/05/2019 04.00,03/05/2019 06.00,0.022,0,0.041,4.276
03/05/2019 05.00,03/05/2019 07.00,0.112,0.048,0.088,5.394
03/05/2019 06.00,03/05/2019 08.00,0.247,0.142,0.135,6.213
03/05/2019 07.00,03/05/2019 09.00,0.355,0.205,0.188,6.748
03/05/2019 08.00,03/05/2019 10.00,0.365,0.154,0.252,6.864
03/05/2019 09.00,03/05/2019 11.00,0.328,0.086,0.277,6.621
03/05/2019 10.00,03/05/2019 12.00,0.291,0.052,0.27,6.353
03/05/2019 11.00,03/05/2019 13.00,0.29,0.049,0.273,6.256
03/05/2019 12.00,03/05/2019 14.00,0.296,0.054,0.274,6.088
03/05/2019 13.00,03/05/2019 15.00,0.271,0.048,0.253,5.791
03/05/2019 14.00,03/05/2019 16.00,0.218,0.033,0.212,5.516
03/05/2019 15.00,03/05/2019 17.00,0.172,0.024,0.174,5.191
03/05/2019 16.00,03/05/2019 18.00,0.095,0.008,0.111,4.698
03/05/2019 17.00,03/05/2019 19.00,0.042,0.001,0.062,4.235
03/05/2019 18.00,03/05/2019 20.00,0.002,0,0.018,3.939
03/05/2019 19.00,03/05/2019 21.00,0,0,0,3.785
03/05/2019 20.00,03/05/2019 22.00,0,0,0,3.787
03/05/2019 21.00,03/05/2019 23.00,0,0,0,3.814
03/05/2019 22.00,04/05/2019 00.00,0,0,0,3.824
03/05/2019 23.00,04/05/2019 01.00,0,0,0,3.623
04/05/2019 00.00,04/05/2019 02.00,0,0,0,3.271
04/05/2019 01.00,04/05/2019 03.00,0,0,0,3.003
04/05/2019 02.00,04/05/2019 04.00,0,0,0,2.975
04/05/2019 03.00,04/05/2019 05.00,0,0,0.001,3.121
04/05/2019 04.00,04/05/2019 06.00,0.008,0,0.025,3.44
04/05/2019 05.00,04/05/2019 07.00,0.065,0.007,0.081,4.046
04/05/2019 06.00,04/05/2019 08.00,0.187,0.065,0.148,4.736
04/05/2019 07.00,04/05/2019 09.00,0.375,0.249,0.164,5.4
04/05/2019 08.00,04/05/2019 10.00,0.564,0.481,0.154,5.986
04/05/2019 09.00,04/05/2019 11.00,0.583,0.458,0.202,6.212
04/05/2019 10.00,04/05/2019 12.00,0.634,0.507,0.218,6.583
04/05/2019 11.00,04/05/2019 13.00,0.621,0.475,0.235,6.931
04/05/2019 12.00,04/05/2019 14.00,0.599,0.453,0.23,7.381
04/05/2019 13.00,04/05/2019 15.00,0.561,0.432,0.206,7.907
04/05/2019 14.00,04/05/2019 16.00,0.483,0.365,0.179,8.323
04/05/2019 15.00,04/05/2019 17.00,0.35,0.234,0.157,8.356
04/05/2019 16.00,04/05/2019 18.00,0.207,0.11,0.126,8.081
04/05/2019 17.00,04/05/2019 19.00,0.078,0.017,0.085,7.521
04/05/2019 18.00,04/05/2019 20.00,0.013,0,0.031,6.154
04/05/2019 19.00,04/05/2019 21.00,0,0,0,4.96
04/05/2019 20.00,04/05/2019 22.00,0,0,0,4.673
04/05/2019 21.00,04/05/2019 23.00,0,0,0,4.45
04/05/2019 22.00,05/05/2019 00.00,0,0,0,4.285
04/05/2019 23.00,05/05/2019 01.00,0,0,0,4.141
05/05/2019 00.00,05/05/2019 02.00,0,0,0,3.972
05/05/2019 01.00,05/05/2019 03.00,0,0,0,3.75
05/05/2019 02.00,05/05/2019 04.00,0,0,0,3.535
05/05/2019 03.00,05/05/2019 05.00,0,0,0.002,3.512
05/05/2019 04.00,05/05/2019 06.00,0.021,0,0.04,4.693
05/05/2019 05.00,05/05/2019 07.00,0.113,0.066,0.071,6.534
05/05/2019 06.00,05/05/2019 08.00,0.298,0.25,0.082,7.489
05/05/2019 07.00,05/05/2019 09.00,0.477,0.444,0.093,8.09
05/05/2019 08.00,05/05/2019 10.00,0.63,0.627,0.101,8.498
05/05/2019 09.00,05/05/2019 11.00,0.735,0.763,0.109,8.757
05/05/2019 10.00,05/05/2019 12.00,0.785,0.826,0.119,8.935
05/05/2019 11.00,05/05/2019 13.00,0.777,0.799,0.135,9.025
05/05/2019 12.00,05/05/2019 14.00,0.687,0.635,0.169,8.845
05/05/2019 13.00,05/05/2019 15.00,0.55,0.424,0.202,8.474
05/05/2019 14.00,05/05/2019 16.00,0.419,0.265,0.204,8.149
05/05/2019 15.00,05/05/2019 17.00,0.287,0.139,0.182,7.837
05/05/2019 16.00,05/05/2019 18.00,0.165,0.053,0.139,7.522
05/05/2019 17.00,05/05/2019 19.00,0.064,0.006,0.081,7.058
05/05/2019 18.00,05/05/2019 20.00,0.007,0,0.025,6.401
05/05/2019 19.00,05/05/2019 21.00,0,0,0,5.882
05/05/2019 20.00,05/05/2019 22.00,0,0,0,5.763
05/05/2019 21.00,05/05/2019 23.00,0,0,0,5.623
05/05/2019 22.00,06/05/2019 00.00,0,0,0,5.502
05/05/2019 23.00,06/05/2019 01.00,0,0,0,5.374
06/05/2019 00.00,06/05/2019 02.00,0,0,0,5.201
06/05/2019 01.00,06/05/2019 03.00,0,0,0,4.975
06/05/2019 02.00,06/05/2019 04.00,0,0,0,4.752
06/05/2019 03.00,06/05/2019 05.00,0,0,0.002,4.568
06/05/2019 04.00,06/05/2019 06.00,0.017,0,0.036,4.649
06/05/2019 05.00,06/05/2019 07.00,0.09,0.014,0.099,4.977
06/05/2019 06.00,06/05/2019 08.00,0.191,0.061,0.156,5.305
06/05/2019 07.00,06/05/2019 09.00,0.28,0.104,0.207,5.668
06/05/2019 08.00,06/05/2019 10.00,0.341,0.128,0.249,6.001
06/05/2019 09.00,06/05/2019 11.00,0.416,0.179,0.283,6.44
06/05/2019 10.00,06/05/2019 12.00,0.463,0.216,0.299,6.808
06/05/2019 11.00,06/05/2019 13.00,0.52,0.287,0.298,7.108
06/05/2019 12.00,06/05/2019 14.00,0.502,0.274,0.289,7.224
06/05/2019 13.00,06/05/2019 15.00,0.455,0.238,0.27,7.26
06/05/2019 14.00,06/05/2019 16.00,0.375,0.176,0.24,7.218
06/05/2019 15.00,06/05/2019 17.00,0.277,0.11,0.199,7.101
06/05/2019 16.00,06/05/2019 18.00,0.176,0.055,0.148,6.921
06/05/2019 17.00,06/05/2019 19.00,0.079,0.011,0.093,6.587
06/05/2019 18.00,06/05/2019 20.00,0.015,0,0.033,5.904
06/05/2019 19.00,06/05/2019 21.00,0,0,0,5.173
06/05/2019 20.00,06/05/2019 22.00,0,0,0,4.801
06/05/2019 21.00,06/05/2019 23.00,0,0,0,4.64
06/05/2019 22.00,07/05/2019 00.00,0,0,0,4.63
06/05/2019 23.00,07/05/2019 01.00,0,0,0,4.639
07/05/2019 00.00,07/05/2019 02.00,0,0,0,4.588
07/05/2019 01.00,07/05/2019 03.00,0,0,0,4.487
07/05/2019 02.00,07/05/2019 04.00,0,0,0,4.424
07/05/2019 03.00,07/05/2019 05.00,0,0,0.002,4.334
07/05/2019 04.00,07/05/2019 06.00,0.025,0,0.045,4.631
07/05/2019 05.00,07/05/2019 07.00,0.104,0.027,0.101,5.329
07/05/2019 06.00,07/05/2019 08.00,0.221,0.101,0.148,6.028
07/05/2019 07.00,07/05/2019 09.00,0.386,0.257,0.171,6.654
07/05/2019 08.00,07/05/2019 10.00,0.473,0.317,0.211,7.106
07/05/2019 09.00,07/05/2019 11.00,0.496,0.297,0.259,7.446
07/05/2019 10.00,07/05/2019 12.00,0.483,0.249,0.294,7.65
07/05/2019 11.00,07/05/2019 13.00,0.466,0.216,0.306,7.713
07/05/2019 12.00,07/05/2019 14.00,0.443,0.196,0.3,7.724
07/05/2019 13.00,07/05/2019 15.00,0.411,0.18,0.278,7.684
07/05/2019 14.00,07/05/2019 16.00,0.354,0.149,0.244,7.504
07/05/2019 15.00,07/05/2019 17.00,0.264,0.095,0.201,7.197
07/05/2019 16.00,07/05/2019 18.00,0.168,0.045,0.15,6.817
07/05/2019 17.00,07/05/2019 19.00,0.068,0.005,0.086,6.302
07/05/2019 18.00,07/05/2019 20.00,0.011,0,0.029,5.568
07/05/2019 19.00,07/05/2019 21.00,0,0,0.001,4.669
07/05/2019 20.00,07/05/2019 22.00,0,0,0,4.252
07/05/2019 21.00,07/05/2019 23.00,0,0,0,3.862
07/05/2019 22.00,08/05/2019 00.00,0,0,0,3.417
07/05/2019 23.00,08/05/2019 01.00,0,0,0,2.93
08/05/2019 00.00,08/05/2019 02.00,0,0,0,2.499
08/05/2019 01.00,08/05/2019 03.00,0,0,0,2.175
08/05/2019 02.00,08/05/2019 04.00,0,0,0,1.971
08/05/2019 03.00,08/05/2019 05.00,0,0,0.004,1.797
08/05/2019 04.00,08/05/2019 06.00,0.027,0,0.047,2.564
08/05/2019 05.00,08/05/2019 07.00,0.123,0.065,0.082,4.247
08/05/2019 06.00,08/05/2019 08.00,0.297,0.228,0.1,5.379
08/05/2019 07.00,08/05/2019 09.00,0.465,0.398,0.119,6.345
08/05/2019 08.00,08/05/2019 10.00,0.589,0.528,0.142,7.197
08/05/2019 09.00,08/05/2019 11.00,0.64,0.559,0.179,7.958
08/05/2019 10.00,08/05/2019 12.00,0.662,0.563,0.207,8.669
08/05/2019 11.00,08/05/2019 13.00,0.672,0.569,0.217,9.303
08/05/2019 12.00,08/05/2019 14.00,0.578,0.411,0.254,9.66
08/05/2019 13.00,08/05/2019 15.00,0.412,0.186,0.279,9.705
08/05/2019 14.00,08/05/2019 16.00,0.234,0.044,0.222,9.42
08/05/2019 15.00,08/05/2019 17.00,0.099,0.007,0.118,8.999
08/05/2019 16.00,08/05/2019 18.00,0.057,0.003,0.077,8.669
08/05/2019 17.00,08/05/2019 19.00,0.03,0.001,0.051,8.337
08/05/2019 18.00,08/05/2019 20.00,0.001,0,0.017,7.927
08/05/2019 19.00,08/05/2019 21.00,0,0,0,7.697
08/05/2019 20.00,08/05/2019 22.00,0,0,0,7.779
08/05/2019 21.00,08/05/2019 23.00,0,0,0,7.836
08/05/2019 22.00,09/05/2019 00.00,0,0,0,7.797
08/05/2019 23.00,09/05/2019 01.00,0,0,0,7.806
09/05/2019 00.00,09/05/2019 02.00,0,0,0,7.87
09/05/2019 01.00,09/05/2019 03.00,0,0,0,7.913
09/05/2019 02.00,09/05/2019 04.00,0,0,0,7.951
09/05/2019 03.00,09/05/2019 05.00,0,0,0,7.976
09/05/2019 04.00,09/05/2019 06.00,0,0,0.01,8.092
09/05/2019 05.00,09/05/2019 07.00,0.025,0.001,0.045,8.511
09/05/2019 06.00,09/05/2019 08.00,0.079,0.005,0.099,9.141
09/05/2019 07.00,09/05/2019 09.00,0.146,0.015,0.16,9.993
09/05/2019 08.00,09/05/2019 10.00,0.243,0.043,0.234,10.852
09/05/2019 09.00,09/05/2019 11.00,0.38,0.135,0.296,11.773
09/05/2019 10.00,09/05/2019 12.00,0.55,0.349,0.29,12.728
09/05/2019 11.00,09/05/2019 13.00,0.591,0.414,0.281,13.28
09/05/2019 12.00,09/05/2019 14.00,0.472,0.235,0.31,13.323
09/05/2019 13.00,09/05/2019 15.00,0.341,0.103,0.287,13.226
09/05/2019 14.00,09/05/2019 16.00,0.282,0.072,0.251,13.059
09/05/2019 15.00,09/05/2019 17.00,0.211,0.046,0.2,12.831
09/05/2019 16.00,09/05/2019 18.00,0.177,0.05,0.159,12.632
09/05/2019 17.00,09/05/2019 19.00,0.087,0.012,0.102,12.168
09/05/2019 18.00,09/05/2019 20.00,0.019,0,0.039,10.938
09/05/2019 19.00,09/05/2019 21.00,0,0,0.001,9.781
09/05/2019 20.00,09/05/2019 22.00,0,0,0,9.641
09/05/2019 21.00,09/05/2019 23.00,0,0,0,9.566
09/05/2019 22.00,10/05/2019 00.00,0,0,0,9.426
09/05/2019 23.00,10/05/2019 01.00,0,0,0,9.148
10/05/2019 00.00,10/05/2019 02.00,0,0,0,8.823
10/05/2019 01.00,10/05/2019 03.00,0,0,0,8.583
10/05/2019 02.00,10/05/2019 04.00,0,0,0,8.309
10/05/2019 03.00,10/05/2019 05.00,0,0,0.003,8.062
10/05/2019 04.00,10/05/2019 06.00,0.014,0,0.033,8.207
10/05/2019 05.00,10/05/2019 07.00,0.071,0.007,0.088,8.47
10/05/2019 06.00,10/05/2019 08.00,0.177,0.048,0.158,8.89
10/05/2019 07.00,10/05/2019 09.00,0.306,0.134,0.21,9.64
10/05/2019 08.00,10/05/2019 10.00,0.292,0.088,0.242,10.04
10/05/2019 09.00,10/05/2019 11.00,0.392,0.157,0.285,10.335
10/05/2019 10.00,10/05/2019 12.00,0.442,0.199,0.303,10.521
10/05/2019 11.00,10/05/2019 13.00,0.456,0.21,0.307,10.543
10/05/2019 12.00,10/05/2019 14.00,0.462,0.229,0.295,10.326
10/05/2019 13.00,10/05/2019 15.00,0.475,0.28,0.259,10.062
10/05/2019 14.00,10/05/2019 16.00,0.462,0.322,0.201,9.836
10/05/2019 15.00,10/05/2019 17.00,0.404,0.319,0.136,9.709
10/05/2019 16.00,10/05/2019 18.00,0.261,0.199,0.096,9.421
10/05/2019 17.00,10/05/2019 19.00,0.089,0.039,0.075,8.839
10/05/2019 18.00,10/05/2019 20.00,0.022,0,0.042,7.893
10/05/2019 19.00,10/05/2019 21.00,0,0,0.002,6.854
10/05/2019 20.00,10/05/2019 22.00,0,0,0,6.342
10/05/2019 21.00,10/05/2019 23.00,0,0,0,6.011
10/05/2019 22.00,11/05/2019 00.00,0,0,0,5.704
10/05/2019 23.00,11/05/2019 01.00,0,0,0,5.412
11/05/2019 00.00,11/05/2019 02.00,0,0,0,5.16
11/05/2019 01.00,11/05/2019 03.00,0,0,0,4.922
11/05/2019 02.00,11/05/2019 04.00,0,0,0,4.686
11/05/2019 03.00,11/05/2019 05.00,0,0,0.006,4.507
11/05/2019 04.00,11/05/2019 06.00,0.02,0,0.04,5.792
11/05/2019 05.00,11/05/2019 07.00,0.126,0.097,0.054,7.44
11/05/2019 06.00,11/05/2019 08.00,0.323,0.3,0.062,8.543
11/05/2019 07.00,11/05/2019 09.00,0.513,0.515,0.068,9.4
11/05/2019 08.00,11/05/2019 10.00,0.666,0.708,0.074,10.112
11/05/2019 09.00,11/05/2019 11.00,0.774,0.859,0.078,10.611
11/05/2019 10.00,11/05/2019 12.00,0.836,0.952,0.081,10.881
11/05/2019 11.00,11/05/2019 13.00,0.853,0.977,0.083,10.952
11/05/2019 12.00,11/05/2019 14.00,0.825,0.933,0.082,10.876
11/05/2019 13.00,11/05/2019 15.00,0.751,0.825,0.08,10.691
11/05/2019 14.00,11/05/2019 16.00,0.632,0.662,0.076,10.337
11/05/2019 15.00,11/05/2019 17.00,0.469,0.461,0.07,9.859
11/05/2019 16.00,11/05/2019 18.00,0.273,0.245,0.064,9.27
11/05/2019 17.00,11/05/2019 19.00,0.081,0.05,0.056,8.552
11/05/2019 18.00,11/05/2019 20.00,0.017,0,0.037,7.671
11/05/2019 19.00,11/05/2019 21.00,0,0,0.002,6.8
11/05/2019 20.00,11/05/2019 22.00,0,0,0,6.504
11/05/2019 21.00,11/05/2019 23.00,0,0,0,6.387
11/05/2019 22.00,12/05/2019 00.00,0,0,0,6.248
11/05/2019 23.00,12/05/2019 01.00,0,0,0,6.073
12/05/2019 00.00,12/05/2019 02.00,0,0,0,5.88
12/05/2019 01.00,12/05/2019 03.00,0,0,0,5.707
12/05/2019 02.00,12/05/2019 04.00,0,0,0,5.543
12/05/2019 03.00,12/05/2019 05.00,0,0,0.006,5.491
12/05/2019 04.00,12/05/2019 06.00,0.022,0,0.042,6.321
12/05/2019 05.00,12/05/2019 07.00,0.127,0.095,0.057,7.484
12/05/2019 06.00,12/05/2019 08.00,0.32,0.293,0.065,8.502
12/05/2019 07.00,12/05/2019 09.00,0.507,0.503,0.072,9.267
12/05/2019 08.00,12/05/2019 10.00,0.659,0.694,0.078,9.922
12/05/2019 09.00,12/05/2019 11.00,0.76,0.832,0.085,10.51
12/05/2019 10.00,12/05/2019 12.00,0.822,0.924,0.087,11.042
12/05/2019 11.00,12/05/2019 13.00,0.843,0.96,0.087,11.391
12/05/2019 12.00,12/05/2019 14.00,0.821,0.93,0.084,11.491
12/05/2019 13.00,12/05/2019 15.00,0.749,0.824,0.081,11.285
12/05/2019 14.00,12/05/2019 16.00,0.631,0.662,0.077,10.897
12/05/2019 15.00,12/05/2019 17.00,0.468,0.46,0.072,10.494
12/05/2019 16.00,12/05/2019 18.00,0.273,0.243,0.066,10.067
12/05/2019 17.00,12/05/2019 19.00,0.082,0.049,0.058,9.437
12/05/2019 18.00,12/05/2019 20.00,0.018,0,0.038,8.473
12/05/2019 19.00,12/05/2019 21.00,0,0,0.003,7.553
12/05/2019 20.00,12/05/2019 22.00,0,0,0,7.124
12/05/2019 21.00,12/05/2019 23.00,0,0,0,6.821
12/05/2019 22.00,13/05/2019 00.00,0,0,0,6.528
12/05/2019 23.00,13/05/2019 01.00,0,0,0,6.212
13/05/2019 00.00,13/05/2019 02.00,0,0,0,5.939
13/05/2019 01.00,13/05/2019 03.00,0,0,0,5.691
13/05/2019 02.00,13/05/2019 04.00,0,0,0,5.466
13/05/2019 03.00,13/05/2019 05.00,0,0,0.007,5.305
13/05/2019 04.00,13/05/2019 06.00,0.021,0,0.041,6.327
13/05/2019 05.00,13/05/2019 07.00,0.13,0.1,0.055,7.421
13/05/2019 06.00,13/05/2019 08.00,0.322,0.293,0.066,8.224
13/05/2019 07.00,13/05/2019 09.00,0.493,0.477,0.08,8.73
13/05/2019 08.00,13/05/2019 10.00,0.622,0.624,0.095,9.034
13/05/2019 09.00,13/05/2019 11.00,0.729,0.767,0.1,9.469
13/05/2019 10.00,13/05/2019 12.00,0.81,0.893,0.095,9.975
13/05/2019 11.00,13/05/2019 13.00,0.841,0.948,0.09,10.338
13/05/2019 12.00,13/05/2019 14.00,0.823,0.925,0.085,10.547
13/05/2019 13.00,13/05/2019 15.00,0.751,0.822,0.082,10.604
13/05/2019 14.00,13/05/2019 16.00,0.632,0.662,0.077,10.558
13/05/2019 15.00,13/05/2019 17.00,0.471,0.464,0.071,10.372
13/05/2019 16.00,13/05/2019 18.00,0.277,0.249,0.064,10.004
13/05/2019 17.00,13/05/2019 19.00,0.083,0.053,0.055,9.374
13/05/2019 18.00,13/05/2019 20.00,0.018,0,0.038,7.939
13/05/2019 19.00,13/05/2019 21.00,0,0,0.003,6.153
13/05/2019 20.00,13/05/2019 22.00,0,0,0,5.503
13/05/2019 21.00,13/05/2019 23.00,0,0,0,5.046
13/05/2019 22.00,14/05/2019 00.00,0,0,0,4.692
13/05/2019 23.00,14/05/2019 01.00,0,0,0,4.604
14/05/2019 00.00,14/05/2019 02.00,0,0,0,4.819
14/05/2019 01.00,14/05/2019 03.00,0,0,0,5.123
14/05/2019 02.00,14/05/2019 04.00,0,0,0,5.259
14/05/2019 03.00,14/05/2019 05.00,0,0,0.007,5.165
14/05/2019 04.00,14/05/2019 06.00,0.033,0,0.054,5.604
14/05/2019 05.00,14/05/2019 07.00,0.136,0.089,0.073,7.272
14/05/2019 06.00,14/05/2019 08.00,0.323,0.279,0.083,8.561
14/05/2019 07.00,14/05/2019 09.00,0.502,0.473,0.097,9.892
14/05/2019 08.00,14/05/2019 10.00,0.556,0.48,0.16,10.79
14/05/2019 09.00,14/05/2019 11.00,0.487,0.304,0.252,11.193
14/05/2019 10.00,14/05/2019 12.00,0.567,0.398,0.261,11.624
14/05/2019 11.00,14/05/2019 13.00,0.595,0.435,0.261,11.989
14/05/2019 12.00,14/05/2019 14.00,0.492,0.277,0.288,11.999
14/05/2019 13.00,14/05/2019 15.00,0.391,0.163,0.281,11.818
14/05/2019 14.00,14/05/2019 16.00,0.301,0.095,0.248,11.532
14/05/2019 15.00,14/05/2019 17.00,0.209,0.046,0.196,11.147
14/05/2019 16.00,14/05/2019 18.00,0.126,0.017,0.137,10.665
14/05/2019 17.00,14/05/2019 19.00,0.059,0.003,0.081,10.086
14/05/2019 18.00,14/05/2019 20.00,0.013,0,0.033,9.224
14/05/2019 19.00,14/05/2019 21.00,0,0,0.003,8.123
14/05/2019 20.00,14/05/2019 22.00,0,0,0,7.287
14/05/2019 21.00,14/05/2019 23.00,0,0,0,6.738
14/05/2019 22.00,15/05/2019 00.00,0,0,0,6.421
14/05/2019 23.00,15/05/2019 01.00,0,0,0,6.028
15/05/2019 00.00,15/05/2019 02.00,0,0,0,5.718
15/05/2019 01.00,15/05/2019 03.00,0,0,0,5.776
15/05/2019 02.00,15/05/2019 04.00,0,0,0,6.138
15/05/2019 03.00,15/05/2019 05.00,0,0,0.007,6.237
15/05/2019 04.00,15/05/2019 06.00,0.028,0,0.048,6.481
15/05/2019 05.00,15/05/2019 07.00,0.095,0.016,0.103,7.066
15/05/2019 06.00,15/05/2019 08.00,0.199,0.075,0.153,7.836
15/05/2019 07.00,15/05/2019 09.00,0.407,0.31,0.147,9.219
15/05/2019 08.00,15/05/2019 10.00,0.636,0.643,0.103,11.079
15/05/2019 09.00,15/05/2019 11.00,0.726,0.767,0.11,12.507
15/05/2019 10.00,15/05/2019 12.00,0.765,0.817,0.123,13.418
15/05/2019 11.00,15/05/2019 13.00,0.755,0.79,0.139,14.092
15/05/2019 12.00,15/05/2019 14.00,0.686,0.668,0.162,14.497
15/05/2019 13.00,15/05/2019 15.00,0.593,0.53,0.173,14.684
15/05/2019 14.00,15/05/2019 16.00,0.502,0.427,0.158,14.723
15/05/2019 15.00,15/05/2019 17.00,0.39,0.319,0.13,14.612
15/05/2019 16.00,15/05/2019 18.00,0.247,0.184,0.102,14.313
15/05/2019 17.00,15/05/2019 19.00,0.091,0.041,0.078,13.619
15/05/2019 18.00,15/05/2019 20.00,0.025,0,0.046,11.885
15/05/2019 19.00,15/05/2019 21.00,0,0,0.005,9.838
15/05/2019 20.00,15/05/2019 22.00,0,0,0,8.79
15/05/2019 21.00,15/05/2019 23.00,0,0,0,8.034
15/05/2019 22.00,16/05/2019 00.00,0,0,0,7.452
15/05/2019 23.00,16/05/2019 01.00,0,0,0,7.189
16/05/2019 00.00,16/05/2019 02.00,0,0,0,7.033
16/05/2019 01.00,16/05/2019 03.00,0,0,0,6.895
16/05/2019 02.00,16/05/2019 04.00,0,0,0,6.767
16/05/2019 03.00,16/05/2019 05.00,0,0,0.009,6.775
16/05/2019 04.00,16/05/2019 06.00,0.03,0,0.052,8.276
16/05/2019 05.00,16/05/2019 07.00,0.13,0.087,0.07,9.657
16/05/2019 06.00,16/05/2019 08.00,0.316,0.283,0.075,11.128
16/05/2019 07.00,16/05/2019 09.00,0.495,0.489,0.081,12.382
16/05/2019 08.00,16/05/2019 10.00,0.645,0.682,0.086,13.309
16/05/2019 09.00,16/05/2019 11.00,0.746,0.825,0.091,14.171
16/05/2019 10.00,16/05/2019 12.00,0.789,0.884,0.101,14.972
16/05/2019 11.00,16/05/2019 13.00,0.77,0.84,0.12,15.564
16/05/2019 12.00,16/05/2019 14.00,0.69,0.694,0.148,15.834
16/05/2019 13.00,16/05/2019 15.00,0.57,0.503,0.174,15.844
16/05/2019 14.00,16/05/2019 16.00,0.483,0.408,0.158,15.827
16/05/2019 15.00,16/05/2019 17.00,0.406,0.36,0.111,15.839
16/05/2019 16.00,16/05/2019 18.00,0.263,0.225,0.08,15.635
16/05/2019 17.00,16/05/2019 19.00,0.088,0.05,0.066,14.947
16/05/2019 18.00,16/05/2019 20.00,0.023,0,0.044,13.465
16/05/2019 19.00,16/05/2019 21.00,0,0,0.005,11.829
16/05/2019 20.00,16/05/2019 22.00,0,0,0,11.15
16/05/2019 21.00,16/05/2019 23.00,0,0,0,10.791
16/05/2019 22.00,17/05/2019 00.00,0,0,0,10.438
16/05/2019 23.00,17/05/2019 01.00,0,0,0,9.833
17/05/2019 00.00,17/05/2019 02.00,0,0,0,9.156
17/05/2019 01.00,17/05/2019 03.00,0,0,0,8.789
17/05/2019 02.00,17/05/2019 04.00,0,0,0,8.925
17/05/2019 03.00,17/05/2019 05.00,0,0,0.008,9.006
17/05/2019 04.00,17/05/2019 06.00,0.036,0,0.058,9.349
17/05/2019 05.00,17/05/2019 07.00,0.127,0.026,0.128,10.149
17/05/2019 06.00,17/05/2019 08.00,0.218,0.064,0.188,11.079
17/05/2019 07.00,17/05/2019 09.00,0.213,0.034,0.213,11.539
17/05/2019 08.00,17/05/2019 10.00,0.228,0.027,0.235,11.714
17/05/2019 09.00,17/05/2019 11.00,0.164,0.01,0.185,11.643
17/05/2019 10.00,17/05/2019 12.00,0.137,0.006,0.16,11.69
17/05/2019 11.00,17/05/2019 13.00,0.154,0.007,0.177,11.992
17/05/2019 12.00,17/05/2019 14.00,0.139,0.006,0.163,12.256
17/05/2019 13.00,17/05/2019 15.00,0.118,0.005,0.142,12.484
17/05/2019 14.00,17/05/2019 16.00,0.117,0.005,0.141,12.783
17/05/2019 15.00,17/05/2019 17.00,0.079,0.003,0.103,12.77
17/05/2019 16.00,17/05/2019 18.00,0.043,0.001,0.066,12.495
17/05/2019 17.00,17/05/2019 19.00,0.017,0,0.037,12.118
17/05/2019 18.00,17/05/2019 20.00,0,0,0.015,11.643
17/05/2019 19.00,17/05/2019 21.00,0,0,0.001,11.158
17/05/2019 20.00,17/05/2019 22.00,0,0,0,10.779
17/05/2019 21.00,17/05/2019 23.00,0,0,0,10.558
17/05/2019 22.00,18/05/2019 00.00,0,0,0,10.43
17/05/2019 23.00,18/05/2019 01.00,0,0,0,10.277
18/05/2019 00.00,18/05/2019 02.00,0,0,0,10.157
18/05/2019 01.00,18/05/2019 03.00,0,0,0,10.002
18/05/2019 02.00,18/05/2019 04.00,0,0,0,9.763
18/05/2019 03.00,18/05/2019 05.00,0,0,0.006,9.61
18/05/2019 04.00,18/05/2019 06.00,0.02,0,0.04,9.917
18/05/2019 05.00,18/05/2019 07.00,0.072,0.006,0.091,10.268
18/05/2019 06.00,18/05/2019 08.00,0.16,0.033,0.156,10.931
18/05/2019 07.00,18/05/2019 09.00,0.308,0.142,0.208,12.138
18/05/2019 08.00,18/05/2019 10.00,0.476,0.344,0.205,13.606
18/05/2019 09.00,18/05/2019 11.00,0.621,0.564,0.179,15.002
18/05/2019 10.00,18/05/2019 12.00,0.741,0.775,0.144,16.117
18/05/2019 11.00,18/05/2019 13.00,0.762,0.815,0.14,16.793
18/05/2019 12.00,18/05/2019 14.00,0.7,0.705,0.159,17.134
18/05/2019 13.00,18/05/2019 15.00,0.624,0.591,0.165,17.279
18/05/2019 14.00,18/05/2019 16.00,0.467,0.358,0.191,17.227
18/05/2019 15.00,18/05/2019 17.00,0.313,0.176,0.189,17.094
18/05/2019 16.00,18/05/2019 18.00,0.203,0.091,0.151,16.859
18/05/2019 17.00,18/05/2019 19.00,0.095,0.02,0.104,16.238
18/05/2019 18.00,18/05/2019 20.00,0.03,0,0.053,14.95
18/05/2019 19.00,18/05/2019 21.00,0,0,0.006,13.142
18/05/2019 20.00,18/05/2019 22.00,0,0,0,12.011
18/05/2019 21.00,18/05/2019 23.00,0,0,0,11.112
18/05/2019 22.00,19/05/2019 00.00,0,0,0,10.425
18/05/2019 23.00,19/05/2019 01.00,0,0,0,9.958
19/05/2019 00.00,19/05/2019 02.00,0,0,0,9.663
19/05/2019 01.00,19/05/2019 03.00,0,0,0,9.483
19/05/2019 02.00,19/05/2019 04.00,0,0,0,9.364
19/05/2019 03.00,19/05/2019 05.00,0,0,0.012,9.47
19/05/2019 04.00,19/05/2019 06.00,0.033,0,0.055,10.975
19/05/2019 05.00,19/05/2019 07.00,0.132,0.085,0.076,12.214
19/05/2019 06.00,19/05/2019 08.00,0.307,0.267,0.085,13.605
19/05/2019 07.00,19/05/2019 09.00,0.476,0.461,0.093,15.053
19/05/2019 08.00,19/05/2019 10.00,0.616,0.642,0.099,16.381
19/05/2019 09.00,19/05/2019 11.00,0.707,0.767,0.108,17.452
19/05/2019 10.00,19/05/2019 12.00,0.751,0.829,0.117,18.249
19/05/2019 11.00,19/05/2019 13.00,0.755,0.83,0.125,18.79
19/05/2019 12.00,19/05/2019 14.00,0.713,0.759,0.133,19.076
19/05/2019 13.00,19/05/2019 15.00,0.619,0.609,0.147,19.14
19/05/2019 14.00,19/05/2019 16.00,0.491,0.429,0.156,19.002
19/05/2019 15.00,19/05/2019 17.00,0.365,0.286,0.143,18.775
19/05/2019 16.00,19/05/2019 18.00,0.223,0.142,0.123,18.353
19/05/2019 17.00,19/05/2019 19.00,0.093,0.029,0.094,17.619
19/05/2019 18.00,19/05/2019 20.00,0.029,0,0.052,16.262
19/05/2019 19.00,19/05/2019 21.00,0,0,0.007,14.472
19/05/2019 20.00,19/05/2019 22.00,0,0,0,13.575
19/05/2019 21.00,19/05/2019 23.00,0,0,0,12.986
19/05/2019 22.00,20/05/2019 00.00,0,0,0,12.52
19/05/2019 23.00,20/05/2019 01.00,0,0,0,12.158
20/05/2019 00.00,20/05/2019 02.00,0,0,0,11.969
20/05/2019 01.00,20/05/2019 03.00,0,0,0,11.871
20/05/2019 02.00,20/05/2019 04.00,0,0,0,11.668
20/05/2019 03.00,20/05/2019 05.00,0,0,0.012,11.586
20/05/2019 04.00,20/05/2019 06.00,0.037,0,0.06,12.767
20/05/2019 05.00,20/05/2019 07.00,0.13,0.072,0.088,13.793
20/05/2019 06.00,20/05/2019 08.00,0.289,0.233,0.101,15.102
20/05/2019 07.00,20/05/2019 09.00,0.451,0.417,0.11,16.406
20/05/2019 08.00,20/05/2019 10.00,0.585,0.584,0.118,17.216
20/05/2019 09.00,20/05/2019 11.00,0.672,0.697,0.13,17.725
20/05/2019 10.00,20/05/2019 12.00,0.719,0.756,0.14,18.056
20/05/2019 11.00,20/05/2019 13.00,0.7,0.707,0.162,18.188
20/05/2019 12.00,20/05/2019 14.00,0.657,0.634,0.172,18.207
20/05/2019 13.00,20/05/2019 15.00,0.607,0.576,0.159,18.133
20/05/2019 14.00,20/05/2019 16.00,0.535,0.504,0.134,17.969
20/05/2019 15.00,20/05/2019 17.00,0.403,0.351,0.121,17.514
20/05/2019 16.00,20/05/2019 18.00,0.237,0.162,0.117,16.773
20/05/2019 17.00,20/05/2019 19.00,0.095,0.025,0.099,15.909
20/05/2019 18.00,20/05/2019 20.00,0.03,0,0.053,14.927
20/05/2019 19.00,20/05/2019 21.00,0,0,0.007,13.758
20/05/2019 20.00,20/05/2019 22.00,0,0,0,13.068
20/05/2019 21.00,20/05/2019 23.00,0,0,0,12.853
20/05/2019 22.00,21/05/2019 00.00,0,0,0,12.866
20/05/2019 23.00,21/05/2019 01.00,0,0,0,12.858
21/05/2019 00.00,21/05/2019 02.00,0,0,0,12.776
21/05/2019 01.00,21/05/2019 03.00,0,0,0,12.628
21/05/2019 02.00,21/05/2019 04.00,0,0,0,12.458
21/05/2019 03.00,21/05/2019 05.00,0,0,0.011,12.529
21/05/2019 04.00,21/05/2019 06.00,0.035,0,0.058,13.109
21/05/2019 05.00,21/05/2019 07.00,0.107,0.014,0.121,13.764
21/05/2019 06.00,21/05/2019 08.00,0.196,0.051,0.181,14.661
21/05/2019 07.00,21/05/2019 09.00,0.275,0.086,0.234,15.655
21/05/2019 08.00,21/05/2019 10.00,0.323,0.099,0.277,16.38
21/05/2019 09.00,21/05/2019 11.00,0.34,0.092,0.303,16.923
21/05/2019 10.00,21/05/2019 12.00,0.361,0.097,0.324,17.3
21/05/2019 11.00,21/05/2019 13.00,0.367,0.099,0.329,17.508
21/05/2019 12.00,21/05/2019 14.00,0.381,0.116,0.33,17.6
21/05/2019 13.00,21/05/2019 15.00,0.338,0.091,0.304,17.5
21/05/2019 14.00,21/05/2019 16.00,0.242,0.04,0.244,17.155
21/05/2019 15.00,21/05/2019 17.00,0.151,0.014,0.171,16.548
21/05/2019 16.00,21/05/2019 18.00,0.075,0.003,0.099,15.741
21/05/2019 17.00,21/05/2019 19.00,0.026,0,0.048,14.895
21/05/2019 18.00,21/05/2019 20.00,0.003,0,0.02,14.146
21/05/2019 19.00,21/05/2019 21.00,0,0,0.002,13.546
21/05/2019 20.00,21/05/2019 22.00,0,0,0,13.065
21/05/2019 21.00,21/05/2019 23.00,0,0,0,12.658
21/05/2019 22.00,22/05/2019 00.00,0,0,0,12.335
21/05/2019 23.00,22/05/2019 01.00,0,0,0,12.03
22/05/2019 00.00,22/05/2019 02.00,0,0,0,11.775
22/05/2019 01.00,22/05/2019 03.00,0,0,0,11.559
22/05/2019 02.00,22/05/2019 04.00,0,0,0,11.34
22/05/2019 03.00,22/05/2019 05.00,0,0,0.005,11.056
22/05/2019 04.00,22/05/2019 06.00,0.01,0,0.029,10.861
22/05/2019 05.00,22/05/2019 07.00,0.049,0.002,0.071,10.828
22/05/2019 06.00,22/05/2019 08.00,0.107,0.008,0.126,10.986
22/05/2019 07.00,22/05/2019 09.00,0.177,0.022,0.186,11.286
22/05/2019 08.00,22/05/2019 10.00,0.236,0.036,0.235,11.548
22/05/2019 09.00,22/05/2019 11.00,0.265,0.041,0.261,11.689
22/05/2019 10.00,22/05/2019 12.00,0.275,0.042,0.272,11.723
22/05/2019 11.00,22/05/2019 13.00,0.31,0.057,0.296,11.818
22/05/2019 12.00,22/05/2019 14.00,0.336,0.078,0.304,11.93
22/05/2019 13.00,22/05/2019 15.00,0.405,0.158,0.303,12.112
22/05/2019 14.00,22/05/2019 16.00,0.412,0.217,0.252,12.139
22/05/2019 15.00,22/05/2019 17.00,0.38,0.254,0.178,12.108
22/05/2019 16.00,22/05/2019 18.00,0.27,0.19,0.119,11.874
22/05/2019 17.00,22/05/2019 19.00,0.11,0.052,0.086,11.325
22/05/2019 18.00,22/05/2019 20.00,0.035,0,0.057,10.572
22/05/2019 19.00,22/05/2019 21.00,0,0,0.01,9.361
22/05/2019 20.00,22/05/2019 22.00,0,0,0,8.572
22/05/2019 21.00,22/05/2019 23.00,0,0,0,8.306
22/05/2019 22.00,23/05/2019 00.00,0,0,0,8.194
22/05/2019 23.00,23/05/2019 01.00,0,0,0,8.193
23/05/2019 00.00,23/05/2019 02.00,0,0,0,8.197
23/05/2019 01.00,23/05/2019 03.00,0,0,0,8.151
23/05/2019 02.00,23/05/2019 04.00,0,0,0,8.063
23/05/2019 03.00,23/05/2019 05.00,0,0,0.015,8.227
23/05/2019 04.00,23/05/2019 06.00,0.035,0,0.057,9.131
23/05/2019 05.00,23/05/2019 07.00,0.142,0.107,0.063,10.238
23/05/2019 06.00,23/05/2019 08.00,0.328,0.304,0.069,11.874
23/05/2019 07.00,23/05/2019 09.00,0.504,0.508,0.076,13.337
23/05/2019 08.00,23/05/2019 10.00,0.646,0.69,0.083,14.382
23/05/2019 09.00,23/05/2019 11.00,0.741,0.824,0.09,15.125
23/05/2019 10.00,23/05/2019 12.00,0.793,0.9,0.095,15.624
23/05/2019 11.00,23/05/2019 13.00,0.807,0.923,0.097,15.862
23/05/2019 12.00,23/05/2019 14.00,0.783,0.885,0.096,15.866
23/05/2019 13.00,23/05/2019 15.00,0.72,0.794,0.091,15.702
23/05/2019 14.00,23/05/2019 16.00,0.61,0.643,0.086,15.342
23/05/2019 15.00,23/05/2019 17.00,0.461,0.456,0.079,14.762
23/05/2019 16.00,23/05/2019 18.00,0.28,0.251,0.071,13.999
23/05/2019 17.00,23/05/2019 19.00,0.097,0.063,0.062,13.071
23/05/2019 18.00,23/05/2019 20.00,0.025,0,0.046,11.865
23/05/2019 19.00,23/05/2019 21.00,0,0,0.01,10.307
23/05/2019 20.00,23/05/2019 22.00,0,0,0,9.471
23/05/2019 21.00,23/05/2019 23.00,0,0,0,9.133
23/05/2019 22.00,24/05/2019 00.00,0,0,0,8.902
23/05/2019 23.00,24/05/2019 01.00,0,0,0,8.923
24/05/2019 00.00,24/05/2019 02.00,0,0,0,9.106
24/05/2019 01.00,24/05/2019 03.00,0,0,0,9.199
24/05/2019 02.00,24/05/2019 04.00,0,0,0,9.298
24/05/2019 03.00,24/05/2019 05.00,0,0,0.005,9.586
24/05/2019 04.00,24/05/2019 06.00,0.011,0,0.029,10.06
24/05/2019 05.00,24/05/2019 07.00,0.057,0.003,0.079,10.468
24/05/2019 06.00,24/05/2019 08.00,0.14,0.019,0.149,10.913
24/05/2019 07.00,24/05/2019 09.00,0.235,0.059,0.211,11.332
24/05/2019 08.00,24/05/2019 10.00,0.411,0.217,0.25,11.877
24/05/2019 09.00,24/05/2019 11.00,0.541,0.387,0.24,12.324
24/05/2019 10.00,24/05/2019 12.00,0.674,0.606,0.199,12.797
24/05/2019 11.00,24/05/2019 13.00,0.74,0.733,0.168,13.146
24/05/2019 12.00,24/05/2019 14.00,0.72,0.712,0.161,13.264
24/05/2019 13.00,24/05/2019 15.00,0.664,0.643,0.149,13.14
24/05/2019 14.00,24/05/2019 16.00,0.587,0.564,0.124,12.863
24/05/2019 15.00,24/05/2019 17.00,0.463,0.43,0.101,12.513
24/05/2019 16.00,24/05/2019 18.00,0.286,0.239,0.088,12.045
24/05/2019 17.00,24/05/2019 19.00,0.107,0.06,0.074,11.483
24/05/2019 18.00,24/05/2019 20.00,0.032,0,0.055,10.785
24/05/2019 19.00,24/05/2019 21.00,0,0,0.012,9.87
24/05/2019 20.00,24/05/2019 22.00,0,0,0,9.371
24/05/2019 21.00,24/05/2019 23.00,0,0,0,9.441
24/05/2019 22.00,25/05/2019 00.00,0,0,0,9.694
24/05/2019 23.00,25/05/2019 01.00,0,0,0,9.881
25/05/2019 00.00,25/05/2019 02.00,0,0,0,9.893
25/05/2019 01.00,25/05/2019 03.00,0,0,0,9.789
25/05/2019 02.00,25/05/2019 04.00,0,0,0,9.679
25/05/2019 03.00,25/05/2019 05.00,0.002,0,0.018,9.721
25/05/2019 04.00,25/05/2019 06.00,0.042,0,0.065,10.336
25/05/2019 05.00,25/05/2019 07.00,0.14,0.08,0.089,11.023
25/05/2019 06.00,25/05/2019 08.00,0.322,0.279,0.087,11.757
25/05/2019 07.00,25/05/2019 09.00,0.504,0.492,0.09,12.513
25/05/2019 08.00,25/05/2019 10.00,0.647,0.673,0.096,13.166
25/05/2019 09.00,25/05/2019 11.00,0.748,0.814,0.101,13.597
25/05/2019 10.00,25/05/2019 12.00,0.806,0.9,0.105,13.82
25/05/2019 11.00,25/05/2019 13.00,0.822,0.923,0.107,13.81
25/05/2019 12.00,25/05/2019 14.00,0.797,0.881,0.108,13.587
25/05/2019 13.00,25/05/2019 15.00,0.692,0.709,0.124,13.104
25/05/2019 14.00,25/05/2019 16.00,0.549,0.494,0.145,12.489
25/05/2019 15.00,25/05/2019 17.00,0.339,0.201,0.184,11.772
25/05/2019 16.00,25/05/2019 18.00,0.166,0.038,0.157,11.046
25/05/2019 17.00,25/05/2019 19.00,0.064,0.004,0.086,10.425
25/05/2019 18.00,25/05/2019 20.00,0.022,0,0.043,10.041
25/05/2019 19.00,25/05/2019 21.00,0,0,0.008,9.77
25/05/2019 20.00,25/05/2019 22.00,0,0,0,9.617
25/05/2019 21.00,25/05/2019 23.00,0,0,0,9.588
25/05/2019 22.00,26/05/2019 00.00,0,0,0,9.544
25/05/2019 23.00,26/05/2019 01.00,0,0,0,9.454
26/05/2019 00.00,26/05/2019 02.00,0,0,0,9.399
26/05/2019 01.00,26/05/2019 03.00,0,0,0,9.375
26/05/2019 02.00,26/05/2019 04.00,0,0,0,9.425
26/05/2019 03.00,26/05/2019 05.00,0,0,0.007,9.552
26/05/2019 04.00,26/05/2019 06.00,0.017,0,0.037,9.753
26/05/2019 05.00,26/05/2019 07.00,0.082,0.006,0.102,9.995
26/05/2019 06.00,26/05/2019 08.00,0.207,0.057,0.181,10.207
26/05/2019 07.00,26/05/2019 09.00,0.37,0.211,0.206,10.666
26/05/2019 08.00,26/05/2019 10.00,0.589,0.525,0.161,11.445
26/05/2019 09.00,26/05/2019 11.00,0.716,0.717,0.144,12.177
26/05/2019 10.00,26/05/2019 12.00,0.801,0.846,0.144,12.722
26/05/2019 11.00,26/05/2019 13.00,0.535,0.307,0.313,12.569
26/05/2019 12.00,26/05/2019 14.00,0.238,0.031,0.242,11.648
26/05/2019 13.00,26/05/2019 15.00,0.299,0.058,0.281,11.315
26/05/2019 14.00,26/05/2019 16.00,0.288,0.069,0.257,11.235
26/05/2019 15.00,26/05/2019 17.00,0.31,0.127,0.225,11.367
26/05/2019 16.00,26/05/2019 18.00,0.218,0.078,0.174,11.44
26/05/2019 17.00,26/05/2019 19.00,0.094,0.008,0.113,11.027
26/05/2019 18.00,26/05/2019 20.00,0.012,0,0.031,10.37
26/05/2019 19.00,26/05/2019 21.00,0,0,0.004,9.887
26/05/2019 20.00,26/05/2019 22.00,0,0,0,9.686
26/05/2019 21.00,26/05/2019 23.00,0,0,0,9.396
26/05/2019 22.00,27/05/2019 00.00,0,0,0,9.186
26/05/2019 23.00,27/05/2019 01.00,0,0,0,8.862
27/05/2019 00.00,27/05/2019 02.00,0,0,0,8.512
27/05/2019 01.00,27/05/2019 03.00,0,0,0,8.48
27/05/2019 02.00,27/05/2019 04.00,0,0,0,8.467
27/05/2019 03.00,27/05/2019 05.00,0,0,0.015,8.71
27/05/2019 04.00,27/05/2019 06.00,0.03,0,0.051,9.197
27/05/2019 05.00,27/05/2019 07.00,0.079,0.005,0.099,9.628
27/05/2019 06.00,27/05/2019 08.00,0.147,0.019,0.156,10.118
27/05/2019 07.00,27/05/2019 09.00,0.228,0.049,0.213,10.719
27/05/2019 08.00,27/05/2019 10.00,0.444,0.25,0.256,11.645
27/05/2019 09.00,27/05/2019 11.00,0.509,0.314,0.274,12.431
27/05/2019 10.00,27/05/2019 12.00,0.542,0.337,0.293,12.932
27/05/2019 11.00,27/05/2019 13.00,0.538,0.327,0.299,13.219
27/05/2019 12.00,27/05/2019 14.00,0.605,0.457,0.257,13.569
27/05/2019 13.00,27/05/2019 15.00,0.555,0.412,0.237,13.544
27/05/2019 14.00,27/05/2019 16.00,0.476,0.33,0.219,13.217
27/05/2019 15.00,27/05/2019 17.00,0.323,0.16,0.209,12.575
27/05/2019 16.00,27/05/2019 18.00,0.222,0.087,0.17,11.86
27/05/2019 17.00,27/05/2019 19.00,0.099,0.01,0.116,11.034
27/05/2019 18.00,27/05/2019 20.00,0.026,0,0.047,10.344
27/05/2019 19.00,27/05/2019 21.00,0,0,0.012,9.644
27/05/2019 20.00,27/05/2019 22.00,0,0,0,9.052
27/05/2019 21.00,27/05/2019 23.00,0,0,0,8.697
27/05/2019 22.00,28/05/2019 00.00,0,0,0,8.33
27/05/2019 23.00,28/05/2019 01.00,0,0,0,7.952
28/05/2019 00.00,28/05/2019 02.00,0,0,0,7.554
28/05/2019 01.00,28/05/2019 03.00,0,0,0,7.388
28/05/2019 02.00,28/05/2019 04.00,0,0,0,6.965
28/05/2019 03.00,28/05/2019 05.00,0.005,0,0.021,6.925
28/05/2019 04.00,28/05/2019 06.00,0.027,0,0.048,7.757
28/05/2019 05.00,28/05/2019 07.00,0.15,0.118,0.059,8.587
28/05/2019 06.00,28/05/2019 08.00,0.341,0.314,0.068,9.242
28/05/2019 07.00,28/05/2019 09.00,0.516,0.51,0.078,9.8
28/05/2019 08.00,28/05/2019 10.00,0.658,0.687,0.086,10.291
28/05/2019 09.00,28/05/2019 11.00,0.759,0.824,0.092,10.838
28/05/2019 10.00,28/05/2019 12.00,0.816,0.908,0.096,11.295
28/05/2019 11.00,28/05/2019 13.00,0.823,0.916,0.101,11.569
28/05/2019 12.00,28/05/2019 14.00,0.787,0.858,0.105,11.618
28/05/2019 13.00,28/05/2019 15.00,0.713,0.75,0.105,11.469
28/05/2019 14.00,28/05/2019 16.00,0.601,0.598,0.101,11.179
28/05/2019 15.00,28/05/2019 17.00,0.453,0.42,0.094,10.732
28/05/2019 16.00,28/05/2019 18.00,0.28,0.231,0.085,10.12
28/05/2019 17.00,28/05/2019 19.00,0.107,0.06,0.073,9.396
28/05/2019 18.00,28/05/2019 20.00,0.031,0,0.053,8.574
28/05/2019 19.00,28/05/2019 21.00,0,0,0.014,7.666
28/05/2019 20.00,28/05/2019 22.00,0,0,0,7.084
28/05/2019 21.00,28/05/2019 23.00,0,0,0,6.763
28/05/2019 22.00,29/05/2019 00.00,0,0,0,6.417
28/05/2019 23.00,29/05/2019 01.00,0,0,0,6.141
29/05/2019 00.00,29/05/2019 02.00,0,0,0,5.888
29/05/2019 01.00,29/05/2019 03.00,0,0,0,5.641
29/05/2019 02.00,29/05/2019 04.00,0,0,0,5.405
29/05/2019 03.00,29/05/2019 05.00,0.006,0,0.023,5.649
29/05/2019 04.00,29/05/2019 06.00,0.037,0,0.059,7.024
29/05/2019 05.00,29/05/2019 07.00,0.146,0.092,0.082,8.154
29/05/2019 06.00,29/05/2019 08.00,0.31,0.247,0.1,8.833
29/05/2019 07.00,29/05/2019 09.00,0.464,0.408,0.116,9.393
29/05/2019 08.00,29/05/2019 10.00,0.594,0.559,0.128,9.917
29/05/2019 09.00,29/05/2019 11.00,0.686,0.674,0.137,10.444
29/05/2019 10.00,29/05/2019 12.00,0.746,0.76,0.139,10.956
29/05/2019 11.00,29/05/2019 13.00,0.774,0.807,0.135,11.366
29/05/2019 12.00,29/05/2019 14.00,0.742,0.76,0.136,11.691
29/05/2019 13.00,29/05/2019 15.00,0.667,0.655,0.137,11.907
29/05/2019 14.00,29/05/2019 16.00,0.548,0.495,0.14,11.965
29/05/2019 15.00,29/05/2019 17.00,0.395,0.309,0.141,11.796
29/05/2019 16.00,29/05/2019 18.00,0.251,0.167,0.12,11.477
29/05/2019 17.00,29/05/2019 19.00,0.111,0.051,0.088,11.026
29/05/2019 18.00,29/05/2019 20.00,0.037,0,0.059,10.031
29/05/2019 19.00,29/05/2019 21.00,0,0,0.015,8.354
29/05/2019 20.00,29/05/2019 22.00,0,0,0,7.521
29/05/2019 21.00,29/05/2019 23.00,0,0,0,7.489
29/05/2019 22.00,30/05/2019 00.00,0,0,0,7.557
29/05/2019 23.00,30/05/2019 01.00,0,0,0,7.637
30/05/2019 00.00,30/05/2019 02.00,0,0,0,7.655
30/05/2019 01.00,30/05/2019 03.00,0,0,0,7.966
30/05/2019 02.00,30/05/2019 04.00,0,0,0,8.479
30/05/2019 03.00,30/05/2019 05.00,0,0,0.011,9.107
30/05/2019 04.00,30/05/2019 06.00,0.006,0,0.023,9.738
30/05/2019 05.00,30/05/2019 07.00,0.022,0,0.043,10.088
30/05/2019 06.00,30/05/2019 08.00,0.047,0.001,0.069,10.366
30/05/2019 07.00,30/05/2019 09.00,0.06,0.002,0.083,10.668
30/05/2019 08.00,30/05/2019 10.00,0.062,0.001,0.085,11.082
30/05/2019 09.00,30/05/2019 11.00,0.076,0.002,0.1,11.767
30/05/2019 10.00,30/05/2019 12.00,0.136,0.005,0.16,12.751
30/05/2019 11.00,30/05/2019 13.00,0.2,0.011,0.224,13.676
30/05/2019 12.00,30/05/2019 14.00,0.216,0.014,0.238,13.984
30/05/2019 13.00,30/05/2019 15.00,0.166,0.008,0.19,13.697
30/05/2019 14.00,30/05/2019 16.00,0.123,0.005,0.148,13.341
30/05/2019 15.00,30/05/2019 17.00,0.096,0.003,0.12,13.135
30/05/2019 16.00,30/05/2019 18.00,0.08,0.003,0.104,12.901
30/05/2019 17.00,30/05/2019 19.00,0.067,0.002,0.091,12.641
30/05/2019 18.00,30/05/2019 20.00,0.028,0,0.049,12.279
30/05/2019 19.00,30/05/2019 21.00,0,0,0.012,11.816
30/05/2019 20.00,30/05/2019 22.00,0,0,0,11.388
30/05/2019 21.00,30/05/2019 23.00,0,0,0,10.929
30/05/2019 22.00,31/05/2019 00.00,0,0,0,10.393
30/05/2019 23.00,31/05/2019 01.00,0,0,0,10.016
31/05/2019 00.00,31/05/2019 02.00,0,0,0,9.748
31/05/2019 01.00,31/05/2019 03.00,0,0,0,9.42
31/05/2019 02.00,31/05/2019 04.00,0,0,0,8.937
31/05/2019 03.00,31/05/2019 05.00,0.007,0,0.024,8.648
31/05/2019 04.00,31/05/2019 06.00,0.049,0,0.073,9.278
31/05/2019 05.00,31/05/2019 07.00,0.126,0.033,0.12,9.711
31/05/2019 06.00,31/05/2019 08.00,0.239,0.112,0.161,10.131
31/05/2019 07.00,31/05/2019 09.00,0.435,0.349,0.145,10.892
31/05/2019 08.00,31/05/2019 10.00,0.64,0.646,0.109,11.954
31/05/2019 09.00,31/05/2019 11.00,0.744,0.798,0.108,12.914
31/05/2019 10.00,31/05/2019 12.00,0.789,0.86,0.117,13.685
31/05/2019 11.00,31/05/2019 13.00,0.798,0.873,0.121,14.216
31/05/2019 12.00,31/05/2019 14.00,0.785,0.863,0.114,14.647
31/05/2019 13.00,31/05/2019 15.00,0.72,0.773,0.109,14.882
31/05/2019 14.00,31/05/2019 16.00,0.609,0.621,0.104,14.92
31/05/2019 15.00,31/05/2019 17.00,0.459,0.431,0.101,14.808
31/05/2019 16.00,31/05/2019 18.00,0.263,0.184,0.12,14.457
31/05/2019 17.00,31/05/2019 19.00,0.102,0.016,0.114,13.775
31/05/2019 18.00,31/05/2019 20.00,0.03,0,0.052,12.855
31/05/2019 19.00,31/05/2019 21.00,0,0,0.01,11.897
31/05/2019 20.00,31/05/2019 22.00,0,0,0,11.551
31/05/2019 21.00,31/05/2019 23.00,0,0,0,11.582
31/05/2019 22.00,01/06/2019 00.00,0,0,0,11.776
31/05/2019 23.00,01/06/2019 01.00,0,0,0,12.049
01/06/2019 00.00,01/06/2019 02.00,0,0,0,12.17
01/06/2019 01.00,01/06/2019 03.00,0,0,0,12.253
01/06/2019 02.00,01/06/2019 04.00,0,0,0,12.22
01/06/2019 03.00,01/06/2019 05.00,0,0,0.012,12.278
01/06/2019 04.00,01/06/2019 06.00,0.016,0,0.036,12.529
01/06/2019 05.00,01/06/2019 07.00,0.033,0.001,0.055,12.817
01/06/2019 06.00,01/06/2019 08.00,0.08,0.004,0.103,13.198
01/06/2019 07.00,01/06/2019 09.00,0.173,0.019,0.188,13.81
01/06/2019 08.00,01/06/2019 10.00,0.241,0.04,0.24,14.202
01/06/2019 09.00,01/06/2019 11.00,0.43,0.181,0.316,14.516
01/06/2019 10.00,01/06/2019 12.00,0.486,0.247,0.318,14.396
01/06/2019 11.00,01/06/2019 13.00,0.628,0.483,0.265,14.357
01/06/2019 12.00,01/06/2019 14.00,0.706,0.663,0.196,14.527
01/06/2019 13.00,01/06/2019 15.00,0.625,0.541,0.204,14.462
01/06/2019 14.00,01/06/2019 16.00,0.419,0.229,0.253,14.079
01/06/2019 15.00,01/06/2019 17.00,0.297,0.114,0.227,13.683
01/06/2019 16.00,01/06/2019 18.00,0.217,0.075,0.177,13.425
01/06/2019 17.00,01/06/2019 19.00,0.121,0.026,0.124,13.049
01/06/2019 18.00,01/06/2019 20.00,0.047,0,0.072,12.437
01/06/2019 19.00,01/06/2019 21.00,0.001,0,0.016,11.559
01/06/2019 20.00,01/06/2019 22.00,0,0,0,10.835
01/06/2019 21.00,01/06/2019 23.00,0,0,0,10.845
01/06/2019 22.00,02/06/2019 00.00,0,0,0,10.737
01/06/2019 23.00,02/06/2019 01.00,0,0,0,10.265
02/06/2019 00.00,02/06/2019 02.00,0,0,0,10.017
02/06/2019 01.00,02/06/2019 03.00,0,0,0,9.696
02/06/2019 02.00,02/06/2019 04.00,0,0,0,9.178
02/06/2019 03.00,02/06/2019 05.00,0.01,0,0.028,9.406
02/06/2019 04.00,02/06/2019 06.00,0.046,0,0.07,11.104
02/06/2019 05.00,02/06/2019 07.00,0.153,0.083,0.099,12.237
02/06/2019 06.00,02/06/2019 08.00,0.285,0.184,0.143,13.365
02/06/2019 07.00,02/06/2019 09.00,0.365,0.215,0.204,14.194
02/06/2019 08.00,02/06/2019 10.00,0.428,0.244,0.251,14.878
02/06/2019 09.00,02/06/2019 11.00,0.487,0.294,0.276,15.765
02/06/2019 10.00,02/06/2019 12.00,0.605,0.471,0.258,16.995
02/06/2019 11.00,02/06/2019 13.00,0.533,0.335,0.301,17.971
02/06/2019 12.00,02/06/2019 14.00,0.439,0.204,0.314,18.511
02/06/2019 13.00,02/06/2019 15.00,0.434,0.219,0.294,18.924
02/06/2019 14.00,02/06/2019 16.00,0.378,0.183,0.262,19.113
02/06/2019 15.00,02/06/2019 17.00,0.278,0.1,0.228,18.99
02/06/2019 16.00,02/06/2019 18.00,0.137,0.019,0.153,18.344
02/06/2019 17.00,02/06/2019 19.00,0.079,0.005,0.103,17.629
02/06/2019 18.00,02/06/2019 20.00,0.032,0,0.056,16.85
02/06/2019 19.00,02/06/2019 21.00,0,0,0.012,16.017
02/06/2019 20.00,02/06/2019 22.00,0,0,0,15.376
02/06/2019 21.00,02/06/2019 23.00,0,0,0,14.991
02/06/2019 22.00,03/06/2019 00.00,0,0,0,14.764
02/06/2019 23.00,03/06/2019 01.00,0,0,0,14.687
03/06/2019 00.00,03/06/2019 02.00,0,0,0,14.714
03/06/2019 01.00,03/06/2019 03.00,0,0,0,14.855
03/06/2019 02.00,03/06/2019 04.00,0,0,0,14.758
03/06/2019 03.00,03/06/2019 05.00,0,0,0.013,14.448
03/06/2019 04.00,03/06/2019 06.00,0.04,0,0.064,14.665
03/06/2019 05.00,03/06/2019 07.00,0.073,0.004,0.096,14.791
03/06/2019 06.00,03/06/2019 08.00,0.112,0.009,0.133,14.975
03/06/2019 07.00,03/06/2019 09.00,0.238,0.052,0.227,15.839
03/06/2019 08.00,03/06/2019 10.00,0.45,0.271,0.256,17.146
03/06/2019 09.00,03/06/2019 11.00,0.626,0.553,0.209,17.993
03/06/2019 10.00,03/06/2019 12.00,0.656,0.578,0.227,18.193
03/06/2019 11.00,03/06/2019 13.00,0.637,0.528,0.249,17.991
03/06/2019 12.00,03/06/2019 14.00,0.674,0.607,0.222,17.843
03/06/2019 13.00,03/06/2019 15.00,0.448,0.221,0.304,17.211
03/06/2019 14.00,03/06/2019 16.00,0.224,0.032,0.231,15.96
03/06/2019 15.00,03/06/2019 17.00,0.13,0.009,0.152,14.818
03/06/2019 16.00,03/06/2019 18.00,0.069,0.003,0.093,14.05
03/06/2019 17.00,03/06/2019 19.00,0.061,0.002,0.084,13.627
03/06/2019 18.00,03/06/2019 20.00,0.037,0,0.06,13.186
03/06/2019 19.00,03/06/2019 21.00,0.002,0,0.018,12.075
03/06/2019 20.00,03/06/2019 22.00,0,0,0,10.8
03/06/2019 21.00,03/06/2019 23.00,0,0,0,10.224
03/06/2019 22.00,04/06/2019 00.00,0,0,0,9.788
03/06/2019 23.00,04/06/2019 01.00,0,0,0,9.403
04/06/2019 00.00,04/06/2019 02.00,0,0,0,9.026
04/06/2019 01.00,04/06/2019 03.00,0,0,0,8.711
04/06/2019 02.00,04/06/2019 04.00,0,0,0,8.464
04/06/2019 03.00,04/06/2019 05.00,0.011,0,0.029,8.912
04/06/2019 04.00,04/06/2019 06.00,0.05,0,0.074,10.706
04/06/2019 05.00,04/06/2019 07.00,0.147,0.07,0.107,11.957
04/06/2019 06.00,04/06/2019 08.00,0.294,0.205,0.131,13.065
04/06/2019 07.00,04/06/2019 09.00,0.371,0.235,0.191,14.012
04/06/2019 08.00,04/06/2019 10.00,0.44,0.272,0.237,14.889
04/06/2019 09.00,04/06/2019 11.00,0.464,0.263,0.278,15.623
04/06/2019 10.00,04/06/2019 12.00,0.479,0.263,0.299,16.183
04/06/2019 11.00,04/06/2019 13.00,0.548,0.372,0.279,16.771
04/06/2019 12.00,04/06/2019 14.00,0.665,0.619,0.195,17.449
04/06/2019 13.00,04/06/2019 15.00,0.651,0.643,0.153,17.933
04/06/2019 14.00,04/06/2019 16.00,0.548,0.512,0.145,18.207
04/06/2019 15.00,04/06/2019 17.00,0.411,0.342,0.141,18.213
04/06/2019 16.00,04/06/2019 18.00,0.229,0.12,0.151,17.806
04/06/2019 17.00,04/06/2019 19.00,0.116,0.032,0.116,17.249
04/06/2019 18.00,04/06/2019 20.00,0.044,0,0.068,16.077
04/06/2019 19.00,04/06/2019 21.00,0.001,0,0.017,14.628
04/06/2019 20.00,04/06/2019 22.00,0,0,0,13.459
04/06/2019 21.00,04/06/2019 23.00,0,0,0,12.588
04/06/2019 22.00,05/06/2019 00.00,0,0,0,12.226
04/06/2019 23.00,05/06/2019 01.00,0,0,0,12.04
05/06/2019 00.00,05/06/2019 02.00,0,0,0,12.079
05/06/2019 01.00,05/06/2019 03.00,0,0,0,12.636
05/06/2019 02.00,05/06/2019 04.00,0,0,0,13.23
05/06/2019 03.00,05/06/2019 05.00,0,0,0.014,13.603
05/06/2019 04.00,05/06/2019 06.00,0.025,0,0.046,13.701
05/06/2019 05.00,05/06/2019 07.00,0.076,0.005,0.098,14.328
05/06/2019 06.00,05/06/2019 08.00,0.178,0.036,0.176,15.609
05/06/2019 07.00,05/06/2019 09.00,0.315,0.14,0.228,17.407
05/06/2019 08.00,05/06/2019 10.00,0.43,0.26,0.246,18.475
05/06/2019 09.00,05/06/2019 11.00,0.563,0.447,0.232,18.856
05/06/2019 10.00,05/06/2019 12.00,0.662,0.612,0.205,19.08
05/06/2019 11.00,05/06/2019 13.00,0.707,0.699,0.185,19.278
05/06/2019 12.00,05/06/2019 14.00,0.691,0.682,0.179,19.408
05/06/2019 13.00,05/06/2019 15.00,0.596,0.528,0.198,19.425
05/06/2019 14.00,05/06/2019 16.00,0.451,0.315,0.22,19.294
05/06/2019 15.00,05/06/2019 17.00,0.344,0.208,0.197,19.207
05/06/2019 16.00,05/06/2019 18.00,0.243,0.136,0.153,19.117
05/06/2019 17.00,05/06/2019 19.00,0.118,0.031,0.119,18.779
05/06/2019 18.00,05/06/2019 20.00,0.046,0,0.071,17.847
05/06/2019 19.00,05/06/2019 21.00,0.002,0,0.018,16.302
05/06/2019 20.00,05/06/2019 22.00,0,0,0,15.653
05/06/2019 21.00,05/06/2019 23.00,0,0,0,15.376
05/06/2019 22.00,06/06/2019 00.00,0,0,0,14.86
05/06/2019 23.00,06/06/2019 01.00,0,0,0,14.322
06/06/2019 00.00,06/06/2019 02.00,0,0,0,13.882
06/06/2019 01.00,06/06/2019 03.00,0,0,0,13.648
06/06/2019 02.00,06/06/2019 04.00,0,0,0.001,13.719
06/06/2019 03.00,06/06/2019 05.00,0.01,0,0.029,14.175
06/06/2019 04.00,06/06/2019 06.00,0.051,0,0.076,15.131
06/06/2019 05.00,06/06/2019 07.00,0.149,0.081,0.102,16.389
06/06/2019 06.00,06/06/2019 08.00,0.307,0.245,0.114,18.038
06/06/2019 07.00,06/06/2019 09.00,0.461,0.426,0.124,20.018
06/06/2019 08.00,06/06/2019 10.00,0.579,0.567,0.143,21.463
06/06/2019 09.00,06/06/2019 11.00,0.556,0.463,0.219,22.146
06/06/2019 10.00,06/06/2019 12.00,0.613,0.537,0.227,22.624
06/06/2019 11.00,06/06/2019 13.00,0.672,0.648,0.203,22.93
06/06/2019 12.00,06/06/2019 14.00,0.612,0.532,0.229,22.577
06/06/2019 13.00,06/06/2019 15.00,0.468,0.289,0.274,21.363
06/06/2019 14.00,06/06/2019 16.00,0.341,0.135,0.266,19.195
06/06/2019 15.00,06/06/2019 17.00,0.231,0.054,0.218,16.691
06/06/2019 16.00,06/06/2019 18.00,0.144,0.019,0.157,14.785
06/06/2019 17.00,06/06/2019 19.00,0.069,0.003,0.092,13.73
06/06/2019 18.00,06/06/2019 20.00,0.023,0,0.044,13.096
06/06/2019 19.00,06/06/2019 21.00,0,0,0.011,12.638
06/06/2019 20.00,06/06/2019 22.00,0,0,0,12.274
06/06/2019 21.00,06/06/2019 23.00,0,0,0,11.897
06/06/2019 22.00,07/06/2019 00.00,0,0,0,11.527
06/06/2019 23.00,07/06/2019 01.00,0,0,0,11.22
07/06/2019 00.00,07/06/2019 02.00,0,0,0,11.184
07/06/2019 01.00,07/06/2019 03.00,0,0,0,11.191
07/06/2019 02.00,07/06/2019 04.00,0,0,0,11.125
07/06/2019 03.00,07/06/2019 05.00,0.001,0,0.017,11.29
07/06/2019 04.00,07/06/2019 06.00,0.032,0,0.054,11.903
07/06/2019 05.00,07/06/2019 07.00,0.081,0.006,0.102,12.524
07/06/2019 06.00,07/06/2019 08.00,0.156,0.024,0.164,13.2
07/06/2019 07.00,07/06/2019 09.00,0.264,0.079,0.226,13.999
07/06/2019 08.00,07/06/2019 10.00,0.461,0.303,0.233,15.119
07/06/2019 09.00,07/06/2019 11.00,0.668,0.651,0.162,16.333
07/06/2019 10.00,07/06/2019 12.00,0.788,0.875,0.123,17.304
07/06/2019 11.00,07/06/2019 13.00,0.806,0.91,0.12,17.94
07/06/2019 12.00,07/06/2019 14.00,0.765,0.838,0.13,18.318
07/06/2019 13.00,07/06/2019 15.00,0.628,0.591,0.175,18.415
07/06/2019 14.00,07/06/2019 16.00,0.448,0.312,0.216,18.3
07/06/2019 15.00,07/06/2019 17.00,0.385,0.28,0.171,18.213
07/06/2019 16.00,07/06/2019 18.00,0.254,0.151,0.148,17.851
07/06/2019 17.00,07/06/2019 19.00,0.102,0.013,0.119,17.159
07/06/2019 18.00,07/06/2019 20.00,0.04,0,0.065,16.273
07/06/2019 19.00,07/06/2019 21.00,0.004,0,0.021,14.772
07/06/2019 20.00,07/06/2019 22.00,0,0,0,13.446
07/06/2019 21.00,07/06/2019 23.00,0,0,0,12.874
07/06/2019 22.00,08/06/2019 00.00,0,0,0,12.539
07/06/2019 23.00,08/06/2019 01.00,0,0,0,12.205
08/06/2019 00.00,08/06/2019 02.00,0,0,0,12.193
08/06/2019 01.00,08/06/2019 03.00,0,0,0,12.374
08/06/2019 02.00,08/06/2019 04.00,0,0,0,13.031
08/06/2019 03.00,08/06/2019 05.00,0,0,0.007,13.509
08/06/2019 04.00,08/06/2019 06.00,0.016,0,0.036,13.79
08/06/2019 05.00,08/06/2019 07.00,0.097,0.008,0.117,14.27
08/06/2019 06.00,08/06/2019 08.00,0.287,0.168,0.164,15.285
08/06/2019 07.00,08/06/2019 09.00,0.471,0.408,0.143,16.186
08/06/2019 08.00,08/06/2019 10.00,0.574,0.511,0.175,16.726
08/06/2019 09.00,08/06/2019 11.00,0.51,0.315,0.286,16.721
08/06/2019 10.00,08/06/2019 12.00,0.4,0.135,0.33,16.333
08/06/2019 11.00,08/06/2019 13.00,0.421,0.144,0.346,16.095
08/06/2019 12.00,08/06/2019 14.00,0.383,0.111,0.332,15.649
08/06/2019 13.00,08/06/2019 15.00,0.33,0.076,0.305,15.073
08/06/2019 14.00,08/06/2019 16.00,0.199,0.021,0.213,14.416
08/06/2019 15.00,08/06/2019 17.00,0.162,0.016,0.179,14.221
08/06/2019 16.00,08/06/2019 18.00,0.173,0.028,0.179,14.217
08/06/2019 17.00,08/06/2019 19.00,0.109,0.011,0.127,13.887
08/06/2019 18.00,08/06/2019 20.00,0.039,0,0.062,13.282
08/06/2019 19.00,08/06/2019 21.00,0,0,0.012,12.668
08/06/2019 20.00,08/06/2019 22.00,0,0,0,12.225
08/06/2019 21.00,08/06/2019 23.00,0,0,0,12.027
08/06/2019 22.00,09/06/2019 00.00,0,0,0,11.924
08/06/2019 23.00,09/06/2019 01.00,0,0,0,11.915
09/06/2019 00.00,09/06/2019 02.00,0,0,0,11.947
09/06/2019 01.00,09/06/2019 03.00,0,0,0,12.002
09/06/2019 02.00,09/06/2019 04.00,0,0,0.001,11.955
09/06/2019 03.00,09/06/2019 05.00,0.005,0,0.022,11.869
09/06/2019 04.00,09/06/2019 06.00,0.045,0,0.068,11.955
09/06/2019 05.00,09/06/2019 07.00,0.124,0.025,0.128,12.341
09/06/2019 06.00,09/06/2019 08.00,0.245,0.11,0.172,12.968
09/06/2019 07.00,09/06/2019 09.00,0.314,0.145,0.215,13.474
09/06/2019 08.00,09/06/2019 10.00,0.454,0.298,0.226,13.862
09/06/2019 09.00,09/06/2019 11.00,0.649,0.61,0.169,14.519
09/06/2019 10.00,09/06/2019 12.00,0.773,0.835,0.128,15.255
09/06/2019 11.00,09/06/2019 13.00,0.799,0.884,0.121,15.746
09/06/2019 12.00,09/06/2019 14.00,0.769,0.838,0.123,16.005
09/06/2019 13.00,09/06/2019 15.00,0.694,0.723,0.126,16.015
09/06/2019 14.00,09/06/2019 16.00,0.579,0.563,0.126,15.864
09/06/2019 15.00,09/06/2019 17.00,0.439,0.392,0.119,15.622
09/06/2019 16.00,09/06/2019 18.00,0.281,0.218,0.108,15.288
09/06/2019 17.00,09/06/2019 19.00,0.122,0.046,0.106,14.734
09/06/2019 18.00,09/06/2019 20.00,0.045,0,0.069,13.898
09/06/2019 19.00,09/06/2019 21.00,0.005,0,0.022,12.677
09/06/2019 20.00,09/06/2019 22.00,0,0,0,11.381
09/06/2019 21.00,09/06/2019 23.00,0,0,0,10.685
09/06/2019 22.00,10/06/2019 00.00,0,0,0,10.124
09/06/2019 23.00,10/06/2019 01.00,0,0,0,10.026
10/06/2019 00.00,10/06/2019 02.00,0,0,0,9.979
10/06/2019 01.00,10/06/2019 03.00,0,0,0,9.801
10/06/2019 02.00,10/06/2019 04.00,0,0,0.001,9.77
10/06/2019 03.00,10/06/2019 05.00,0.012,0,0.031,10.118
10/06/2019 04.00,10/06/2019 06.00,0.038,0,0.061,11.293
10/06/2019 05.00,10/06/2019 07.00,0.153,0.11,0.074,12.52
10/06/2019 06.00,10/06/2019 08.00,0.333,0.302,0.081,13.957
10/06/2019 07.00,10/06/2019 09.00,0.501,0.497,0.089,15.183
10/06/2019 08.00,10/06/2019 10.00,0.634,0.667,0.098,16.15
10/06/2019 09.00,10/06/2019 11.00,0.722,0.788,0.107,16.849
10/06/2019 10.00,10/06/2019 12.00,0.78,0.875,0.11,17.384
10/06/2019 11.00,10/06/2019 13.00,0.791,0.892,0.114,17.805
10/06/2019 12.00,10/06/2019 14.00,0.747,0.813,0.125,18.055
10/06/2019 13.00,10/06/2019 15.00,0.623,0.6,0.157,18.055
10/06/2019 14.00,10/06/2019 16.00,0.493,0.411,0.173,17.943
10/06/2019 15.00,10/06/2019 17.00,0.37,0.271,0.161,17.716
10/06/2019 16.00,10/06/2019 18.00,0.253,0.169,0.129,17.394
10/06/2019 17.00,10/06/2019 19.00,0.119,0.045,0.106,16.764
10/06/2019 18.00,10/06/2019 20.00,0.044,0,0.068,15.604
10/06/2019 19.00,10/06/2019 21.00,0.003,0,0.02,14.306
10/06/2019 20.00,10/06/2019 22.00,0,0,0,13.056
10/06/2019 21.00,10/06/2019 23.00,0,0,0,13.087
10/06/2019 22.00,11/06/2019 00.00,0,0,0,12.791
10/06/2019 23.00,11/06/2019 01.00,0,0,0,12.559
11/06/2019 00.00,11/06/2019 02.00,0,0,0,12.303
11/06/2019 01.00,11/06/2019 03.00,0,0,0,12.186
11/06/2019 02.00,11/06/2019 04.00,0,0,0.001,12.156
11/06/2019 03.00,11/06/2019 05.00,0.012,0,0.031,12.353
11/06/2019 04.00,11/06/2019 06.00,0.059,0,0.085,13.082
11/06/2019 05.00,11/06/2019 07.00,0.147,0.05,0.129,14.196
11/06/2019 06.00,11/06/2019 08.00,0.288,0.182,0.152,15.584
11/06/2019 07.00,11/06/2019 09.00,0.401,0.277,0.189,16.554
11/06/2019 08.00,11/06/2019 10.00,0.488,0.347,0.229,17.228
11/06/2019 09.00,11/06/2019 11.00,0.479,0.271,0.294,17.581
11/06/2019 10.00,11/06/2019 12.00,0.431,0.179,0.327,17.774
11/06/2019 11.00,11/06/2019 13.00,0.482,0.233,0.337,18.087
11/06/2019 12.00,11/06/2019 14.00,0.414,0.154,0.331,18.199
11/06/2019 13.00,11/06/2019 15.00,0.328,0.084,0.3,18.116
11/06/2019 14.00,11/06/2019 16.00,0.256,0.048,0.253,17.941
11/06/2019 15.00,11/06/2019 17.00,0.211,0.036,0.215,17.773
11/06/2019 16.00,11/06/2019 18.00,0.145,0.018,0.161,17.528
11/06/2019 17.00,11/06/2019 19.00,0.084,0.005,0.108,17.332
11/06/2019 18.00,11/06/2019 20.00,0.031,0,0.054,17.148
11/06/2019 19.00,11/06/2019 21.00,0,0,0.014,16.907
11/06/2019 20.00,11/06/2019 22.00,0,0,0,16.587
11/06/2019 21.00,11/06/2019 23.00,0,0,0,16.317
11/06/2019 22.00,12/06/2019 00.00,0,0,0,15.683
11/06/2019 23.00,12/06/2019 01.00,0,0,0,15.104
12/06/2019 00.00,12/06/2019 02.00,0,0,0,14.923
12/06/2019 01.00,12/06/2019 03.00,0,0,0,15.022
12/06/2019 02.00,12/06/2019 04.00,0,0,0,15.025
12/06/2019 03.00,12/06/2019 05.00,0,0,0.01,15.073
12/06/2019 04.00,12/06/2019 06.00,0.006,0,0.023,15.083
12/06/2019 05.00,12/06/2019 07.00,0.02,0,0.041,14.7
12/06/2019 06.00,12/06/2019 08.00,0.045,0.001,0.068,14.268
12/06/2019 07.00,12/06/2019 09.00,0.084,0.003,0.108,14.067
12/06/2019 08.00,12/06/2019 10.00,0.118,0.005,0.143,14.082
12/06/2019 09.00,12/06/2019 11.00,0.172,0.009,0.196,14.41
12/06/2019 10.00,12/06/2019 12.00,0.259,0.025,0.277,15.262
12/06/2019 11.00,12/06/2019 13.00,0.255,0.025,0.273,16.334
12/06/2019 12.00,12/06/2019 14.00,0.345,0.065,0.338,17.485
12/06/2019 13.00,12/06/2019 15.00,0.339,0.074,0.324,18.355
12/06/2019 14.00,12/06/2019 16.00,0.304,0.065,0.293,18.858
12/06/2019 15.00,12/06/2019 17.00,0.21,0.027,0.225,18.84
12/06/2019 16.00,12/06/2019 18.00,0.105,0.005,0.131,18.345
12/06/2019 17.00,12/06/2019 19.00,0.045,0.001,0.07,17.65
12/06/2019 18.00,12/06/2019 20.00,0.008,0,0.027,16.999
12/06/2019 19.00,12/06/2019 21.00,0,0,0.006,16.44
12/06/2019 20.00,12/06/2019 22.00,0,0,0,16.02
12/06/2019 21.00,12/06/2019 23.00,0,0,0,15.846
12/06/2019 22.00,13/06/2019 00.00,0,0,0,15.806
12/06/2019 23.00,13/06/2019 01.00,0,0,0,15.752
13/06/2019 00.00,13/06/2019 02.00,0,0,0,15.559
13/06/2019 01.00,13/06/2019 03.00,0,0,0,15.31
13/06/2019 02.00,13/06/2019 04.00,0,0,0.001,14.805
13/06/2019 03.00,13/06/2019 05.00,0.012,0,0.031,14.287
13/06/2019 04.00,13/06/2019 06.00,0.044,0,0.068,14.303
13/06/2019 05.00,13/06/2019 07.00,0.152,0.106,0.078,14.591
13/06/2019 06.00,13/06/2019 08.00,0.328,0.292,0.086,14.926
13/06/2019 07.00,13/06/2019 09.00,0.496,0.487,0.093,15.458
13/06/2019 08.00,13/06/2019 10.00,0.632,0.662,0.1,16.247
13/06/2019 09.00,13/06/2019 11.00,0.721,0.784,0.109,17.063
13/06/2019 10.00,13/06/2019 12.00,0.763,0.842,0.12,17.858
13/06/2019 11.00,13/06/2019 13.00,0.737,0.778,0.147,18.384
13/06/2019 12.00,13/06/2019 14.00,0.649,0.61,0.186,18.585
13/06/2019 13.00,13/06/2019 15.00,0.561,0.477,0.198,18.495
13/06/2019 14.00,13/06/2019 16.00,0.52,0.462,0.158,18.27
13/06/2019 15.00,13/06/2019 17.00,0.423,0.37,0.126,17.887
13/06/2019 16.00,13/06/2019 18.00,0.264,0.189,0.12,17.486
13/06/2019 17.00,13/06/2019 19.00,0.118,0.041,0.108,17.043
13/06/2019 18.00,13/06/2019 20.00,0.044,0,0.069,16.359
13/06/2019 19.00,13/06/2019 21.00,0.007,0,0.025,14.996
13/06/2019 20.00,13/06/2019 22.00,0,0,0,14.067
13/06/2019 21.00,13/06/2019 23.00,0,0,0,13.833
13/06/2019 22.00,14/06/2019 00.00,0,0,0,14.023
13/06/2019 23.00,14/06/2019 01.00,0,0,0,14.073
14/06/2019 00.00,14/06/2019 02.00,0,0,0,13.746
14/06/2019 01.00,14/06/2019 03.00,0,0,0,13.28
14/06/2019 02.00,14/06/2019 04.00,0,0,0.001,12.805
14/06/2019 03.00,14/06/2019 05.00,0.013,0,0.032,12.903
14/06/2019 04.00,14/06/2019 06.00,0.054,0,0.079,13.543
14/06/2019 05.00,14/06/2019 07.00,0.153,0.084,0.101,14.563
14/06/2019 06.00,14/06/2019 08.00,0.312,0.247,0.114,15.913
14/06/2019 07.00,14/06/2019 09.00,0.449,0.39,0.136,16.912
14/06/2019 08.00,14/06/2019 10.00,0.586,0.567,0.139,17.806
14/06/2019 09.00,14/06/2019 11.00,0.691,0.721,0.137,18.605
14/06/2019 10.00,14/06/2019 12.00,0.755,0.824,0.135,19.308
14/06/2019 11.00,14/06/2019 13.00,0.747,0.797,0.151,19.842
14/06/2019 12.00,14/06/2019 14.00,0.676,0.656,0.188,20.262
14/06/2019 13.00,14/06/2019 15.00,0.456,0.265,0.279,20.303
14/06/2019 14.00,14/06/2019 16.00,0.276,0.071,0.257,20.125
14/06/2019 15.00,14/06/2019 17.00,0.16,0.02,0.177,19.62
14/06/2019 16.00,14/06/2019 18.00,0.134,0.017,0.151,19.24
14/06/2019 17.00,14/06/2019 19.00,0.114,0.016,0.13,18.938
14/06/2019 18.00,14/06/2019 20.00,0.034,0,0.058,18.09
14/06/2019 19.00,14/06/2019 21.00,0,0,0.014,16.868
14/06/2019 20.00,14/06/2019 22.00,0,0,0,15.742
14/06/2019 21.00,14/06/2019 23.00,0,0,0,14.885
14/06/2019 22.00,15/06/2019 00.00,0,0,0,14.273
14/06/2019 23.00,15/06/2019 01.00,0,0,0,13.752
15/06/2019 00.00,15/06/2019 02.00,0,0,0,13.318
15/06/2019 01.00,15/06/2019 03.00,0,0,0,13.012
15/06/2019 02.00,15/06/2019 04.00,0,0,0.002,12.817
15/06/2019 03.00,15/06/2019 05.00,0.016,0,0.036,13.439
15/06/2019 04.00,15/06/2019 06.00,0.063,0,0.089,14.383
15/06/2019 05.00,15/06/2019 07.00,0.152,0.048,0.137,15.255
15/06/2019 06.00,15/06/2019 08.00,0.296,0.183,0.161,16.558
15/06/2019 07.00,15/06/2019 09.00,0.396,0.249,0.214,17.783
15/06/2019 08.00,15/06/2019 10.00,0.384,0.157,0.294,18.477
15/06/2019 09.00,15/06/2019 11.00,0.288,0.049,0.289,18.555
15/06/2019 10.00,15/06/2019 12.00,0.203,0.016,0.227,18.369
15/06/2019 11.00,15/06/2019 13.00,0.173,0.01,0.199,18.19
15/06/2019 12.00,15/06/2019 14.00,0.162,0.009,0.189,18.119
15/06/2019 13.00,15/06/2019 15.00,0.143,0.007,0.17,18.036
15/06/2019 14.00,15/06/2019 16.00,0.109,0.005,0.135,17.876
15/06/2019 15.00,15/06/2019 17.00,0.087,0.003,0.113,17.572
15/06/2019 16.00,15/06/2019 18.00,0.061,0.002,0.086,17.093
15/06/2019 17.00,15/06/2019 19.00,0.046,0.001,0.07,16.285
15/06/2019 18.00,15/06/2019 20.00,0.024,0,0.046,15.597
15/06/2019 19.00,15/06/2019 21.00,0,0,0.013,15.165
15/06/2019 20.00,15/06/2019 22.00,0,0,0,14.934
15/06/2019 21.00,15/06/2019 23.00,0,0,0,14.88
15/06/2019 22.00,16/06/2019 00.00,0,0,0,14.99
15/06/2019 23.00,16/06/2019 01.00,0,0,0,14.911
16/06/2019 00.00,16/06/2019 02.00,0,0,0,14.733
16/06/2019 01.00,16/06/2019 03.00,0,0,0,14.51
16/06/2019 02.00,16/06/2019 04.00,0,0,0.001,13.908
16/06/2019 03.00,16/06/2019 05.00,0.013,0,0.032,13.391
16/06/2019 04.00,16/06/2019 06.00,0.043,0,0.067,13.39
16/06/2019 05.00,16/06/2019 07.00,0.151,0.107,0.076,13.922
16/06/2019 06.00,16/06/2019 08.00,0.329,0.296,0.082,14.748
16/06/2019 07.00,16/06/2019 09.00,0.492,0.485,0.092,15.738
16/06/2019 08.00,16/06/2019 10.00,0.624,0.654,0.1,16.713
16/06/2019 09.00,16/06/2019 11.00,0.714,0.777,0.108,17.493
16/06/2019 10.00,16/06/2019 12.00,0.77,0.862,0.112,18.091
16/06/2019 11.00,16/06/2019 13.00,0.765,0.846,0.123,18.431
16/06/2019 12.00,16/06/2019 14.00,0.738,0.803,0.125,18.57
16/06/2019 13.00,16/06/2019 15.00,0.677,0.714,0.123,18.552
16/06/2019 14.00,16/06/2019 16.00,0.542,0.51,0.138,18.31
16/06/2019 15.00,16/06/2019 17.00,0.381,0.296,0.15,17.929
16/06/2019 16.00,16/06/2019 18.00,0.265,0.197,0.114,17.535
16/06/2019 17.00,16/06/2019 19.00,0.122,0.073,0.081,16.93
16/06/2019 18.00,16/06/2019 20.00,0.036,0,0.06,15.929
16/06/2019 19.00,16/06/2019 21.00,0.008,0,0.026,14.415
16/06/2019 20.00,16/06/2019 22.00,0,0,0,12.958
16/06/2019 21.00,16/06/2019 23.00,0,0,0,12.203
16/06/2019 22.00,17/06/2019 00.00,0,0,0,11.601
16/06/2019 23.00,17/06/2019 01.00,0,0,0,11.147
17/06/2019 00.00,17/06/2019 02.00,0,0,0,10.835
17/06/2019 01.00,17/06/2019 03.00,0,0,0,10.64
17/06/2019 02.00,17/06/2019 04.00,0,0,0.002,10.592
17/06/2019 03.00,17/06/2019 05.00,0.013,0,0.033,11.539
17/06/2019 04.00,17/06/2019 06.00,0.037,0,0.06,12.87
17/06/2019 05.00,17/06/2019 07.00,0.15,0.108,0.074,14.287
17/06/2019 06.00,17/06/2019 08.00,0.323,0.291,0.084,15.952
17/06/2019 07.00,17/06/2019 09.00,0.486,0.48,0.093,17.197
17/06/2019 08.00,17/06/2019 10.00,0.616,0.646,0.102,18.075
17/06/2019 09.00,17/06/2019 11.00,0.702,0.763,0.111,18.647
17/06/2019 10.00,17/06/2019 12.00,0.754,0.838,0.117,18.973
17/06/2019 11.00,17/06/2019 13.00,0.766,0.855,0.119,19.073
17/06/2019 12.00,17/06/2019 14.00,0.76,0.854,0.111,19.027
17/06/2019 13.00,17/06/2019 15.00,0.698,0.762,0.107,18.838
17/06/2019 14.00,17/06/2019 16.00,0.593,0.615,0.103,18.591
17/06/2019 15.00,17/06/2019 17.00,0.442,0.416,0.105,18.307
17/06/2019 16.00,17/06/2019 18.00,0.263,0.197,0.112,17.978
17/06/2019 17.00,17/06/2019 19.00,0.12,0.059,0.094,17.601
17/06/2019 18.00,17/06/2019 20.00,0.038,0,0.063,16.98
17/06/2019 19.00,17/06/2019 21.00,0.008,0,0.026,15.638
17/06/2019 20.00,17/06/2019 22.00,0,0,0,14.762
17/06/2019 21.00,17/06/2019 23.00,0,0,0,14.42
17/06/2019 22.00,18/06/2019 00.00,0,0,0,14.38
17/06/2019 23.00,18/06/2019 01.00,0,0,0,14.796
18/06/2019 00.00,18/06/2019 02.00,0,0,0,15.103
18/06/2019 01.00,18/06/2019 03.00,0,0,0,15.043
18/06/2019 02.00,18/06/2019 04.00,0,0,0.001,14.944
18/06/2019 03.00,18/06/2019 05.00,0,0,0.012,15.048
18/06/2019 04.00,18/06/2019 06.00,0.019,0,0.04,15.388
18/06/2019 05.00,18/06/2019 07.00,0.061,0.002,0.085,15.957
18/06/2019 06.00,18/06/2019 08.00,0.171,0.027,0.18,17.017
18/06/2019 07.00,18/06/2019 09.00,0.312,0.122,0.243,18.298
18/06/2019 08.00,18/06/2019 10.00,0.435,0.255,0.26,19.39
18/06/2019 09.00,18/06/2019 11.00,0.599,0.509,0.226,20.388
18/06/2019 10.00,18/06/2019 12.00,0.635,0.549,0.239,20.997
18/06/2019 11.00,18/06/2019 13.00,0.597,0.455,0.28,21.28
18/06/2019 12.00,18/06/2019 14.00,0.49,0.27,0.321,21.277
18/06/2019 13.00,18/06/2019 15.00,0.375,0.132,0.314,21.068
18/06/2019 14.00,18/06/2019 16.00,0.283,0.066,0.27,20.673
18/06/2019 15.00,18/06/2019 17.00,0.196,0.029,0.208,19.978
18/06/2019 16.00,18/06/2019 18.00,0.133,0.013,0.154,19.056
18/06/2019 17.00,18/06/2019 19.00,0.08,0.004,0.105,18.089
18/06/2019 18.00,18/06/2019 20.00,0.042,0,0.067,17.05
18/06/2019 19.00,18/06/2019 21.00,0.006,0,0.024,15.583
18/06/2019 20.00,18/06/2019 22.00,0,0,0,14.413
18/06/2019 21.00,18/06/2019 23.00,0,0,0,13.919
18/06/2019 22.00,19/06/2019 00.00,0,0,0,13.531
18/06/2019 23.00,19/06/2019 01.00,0,0,0,13.201
19/06/2019 00.00,19/06/2019 02.00,0,0,0,12.995
19/06/2019 01.00,19/06/2019 03.00,0,0,0,12.97
19/06/2019 02.00,19/06/2019 04.00,0,0,0.002,13.102
19/06/2019 03.00,19/06/2019 05.00,0.008,0,0.027,13.557
19/06/2019 04.00,19/06/2019 06.00,0.049,0,0.073,14.227
19/06/2019 05.00,19/06/2019 07.00,0.119,0.015,0.135,14.939
19/06/2019 06.00,19/06/2019 08.00,0.213,0.058,0.194,15.886
19/06/2019 07.00,19/06/2019 09.00,0.288,0.093,0.243,16.883
19/06/2019 08.00,19/06/2019 10.00,0.335,0.11,0.281,17.833
19/06/2019 09.00,19/06/2019 11.00,0.419,0.183,0.311,18.905
19/06/2019 10.00,19/06/2019 12.00,0.571,0.406,0.288,20.181
19/06/2019 11.00,19/06/2019 13.00,0.604,0.471,0.273,21.272
19/06/2019 12.00,19/06/2019 14.00,0.563,0.409,0.282,22.061
19/06/2019 13.00,19/06/2019 15.00,0.467,0.27,0.294,22.467
19/06/2019 14.00,19/06/2019 16.00,0.347,0.135,0.279,22.546
19/06/2019 15.00,19/06/2019 17.00,0.242,0.059,0.233,22.237
19/06/2019 16.00,19/06/2019 18.00,0.128,0.013,0.151,21.645
19/06/2019 17.00,19/06/2019 19.00,0.062,0.002,0.088,20.972
19/06/2019 18.00,19/06/2019 20.00,0.023,0,0.046,20.111
19/06/2019 19.00,19/06/2019 21.00,0,0,0.013,19.088
19/06/2019 20.00,19/06/2019 22.00,0,0,0,18.223
19/06/2019 21.00,19/06/2019 23.00,0,0,0,17.44
19/06/2019 22.00,20/06/2019 00.00,0,0,0,16.5
19/06/2019 23.00,20/06/2019 01.00,0,0,0,15.749
20/06/2019 00.00,20/06/2019 02.00,0,0,0,15.074
20/06/2019 01.00,20/06/2019 03.00,0,0,0,14.507
20/06/2019 02.00,20/06/2019 04.00,0,0,0.002,14.135
20/06/2019 03.00,20/06/2019 05.00,0.012,0,0.032,14.524
20/06/2019 04.00,20/06/2019 06.00,0.046,0,0.07,15.107
20/06/2019 05.00,20/06/2019 07.00,0.08,0.005,0.103,15.456
20/06/2019 06.00,20/06/2019 08.00,0.134,0.014,0.152,15.777
20/06/2019 07.00,20/06/2019 09.00,0.202,0.031,0.209,16.174
20/06/2019 08.00,20/06/2019 10.00,0.229,0.034,0.235,16.381
20/06/2019 09.00,20/06/2019 11.00,0.232,0.031,0.242,16.314
20/06/2019 10.00,20/06/2019 12.00,0.315,0.066,0.299,16.441
20/06/2019 11.00,20/06/2019 13.00,0.47,0.225,0.328,16.941
20/06/2019 12.00,20/06/2019 14.00,0.649,0.566,0.226,17.513
20/06/2019 13.00,20/06/2019 15.00,0.633,0.59,0.18,17.627
20/06/2019 14.00,20/06/2019 16.00,0.554,0.504,0.158,17.47
20/06/2019 15.00,20/06/2019 17.00,0.435,0.371,0.138,17.175
20/06/2019 16.00,20/06/2019 18.00,0.285,0.211,0.12,16.724
20/06/2019 17.00,20/06/2019 19.00,0.132,0.06,0.105,16.124
20/06/2019 18.00,20/06/2019 20.00,0.051,0,0.076,15.365
20/06/2019 19.00,20/06/2019 21.00,0.008,0,0.026,14.36
20/06/2019 20.00,20/06/2019 22.00,0,0,0,13.571
20/06/2019 21.00,20/06/2019 23.00,0,0,0,13.182
20/06/2019 22.00,21/06/2019 00.00,0,0,0,12.754
20/06/2019 23.00,21/06/2019 01.00,0,0,0,12.15
21/06/2019 00.00,21/06/2019 02.00,0,0,0,11.679
21/06/2019 01.00,21/06/2019 03.00,0,0,0,11.339
21/06/2019 02.00,21/06/2019 04.00,0,0,0.002,11.111
21/06/2019 03.00,21/06/2019 05.00,0.015,0,0.035,11.716
21/06/2019 04.00,21/06/2019 06.00,0.054,0,0.079,12.86
21/06/2019 05.00,21/06/2019 07.00,0.151,0.073,0.109,13.569
21/06/2019 06.00,21/06/2019 08.00,0.284,0.185,0.142,14.187
21/06/2019 07.00,21/06/2019 09.00,0.416,0.315,0.166,14.842
21/06/2019 08.00,21/06/2019 10.00,0.536,0.451,0.18,15.533
21/06/2019 09.00,21/06/2019 11.00,0.593,0.501,0.208,16.13
21/06/2019 10.00,21/06/2019 12.00,0.629,0.533,0.226,16.536
21/06/2019 11.00,21/06/2019 13.00,0.632,0.526,0.238,16.694
21/06/2019 12.00,21/06/2019 14.00,0.591,0.459,0.249,16.564
21/06/2019 13.00,21/06/2019 15.00,0.526,0.374,0.248,16.269
21/06/2019 14.00,21/06/2019 16.00,0.43,0.262,0.239,15.884
21/06/2019 15.00,21/06/2019 17.00,0.318,0.15,0.217,15.314
21/06/2019 16.00,21/06/2019 18.00,0.197,0.056,0.177,14.559
21/06/2019 17.00,21/06/2019 19.00,0.108,0.013,0.124,13.786
21/06/2019 18.00,21/06/2019 20.00,0.04,0,0.064,13.061
21/06/2019 19.00,21/06/2019 21.00,0.005,0,0.022,12.42
21/06/2019 20.00,21/06/2019 22.00,0,0,0,11.967
21/06/2019 21.00,21/06/2019 23.00,0,0,0,11.687
21/06/2019 22.00,22/06/2019 00.00,0,0,0,11.342
21/06/2019 23.00,22/06/2019 01.00,0,0,0,10.939
22/06/2019 00.00,22/06/2019 02.00,0,0,0,10.515
22/06/2019 01.00,22/06/2019 03.00,0,0,0,10.304
22/06/2019 02.00,22/06/2019 04.00,0,0,0.002,10.156
22/06/2019 03.00,22/06/2019 05.00,0.013,0,0.032,10.798
22/06/2019 04.00,22/06/2019 06.00,0.033,0,0.055,12.261
22/06/2019 05.00,22/06/2019 07.00,0.15,0.113,0.068,13.19
22/06/2019 06.00,22/06/2019 08.00,0.329,0.299,0.079,13.891
22/06/2019 07.00,22/06/2019 09.00,0.495,0.488,0.089,14.55
22/06/2019 08.00,22/06/2019 10.00,0.631,0.661,0.096,15.199
22/06/2019 09.00,22/06/2019 11.00,0.733,0.806,0.098,15.789
22/06/2019 10.00,22/06/2019 12.00,0.798,0.911,0.098,16.305
22/06/2019 11.00,22/06/2019 13.00,0.814,0.938,0.098,16.687
22/06/2019 12.00,22/06/2019 14.00,0.787,0.896,0.098,16.905
22/06/2019 13.00,22/06/2019 15.00,0.722,0.799,0.096,16.97
22/06/2019 14.00,22/06/2019 16.00,0.619,0.657,0.09,16.876
22/06/2019 15.00,22/06/2019 17.00,0.476,0.476,0.083,16.628
22/06/2019 16.00,22/06/2019 18.00,0.303,0.277,0.075,16.181
22/06/2019 17.00,22/06/2019 19.00,0.126,0.087,0.07,15.569
22/06/2019 18.00,22/06/2019 20.00,0.044,0,0.068,14.675
22/06/2019 19.00,22/06/2019 21.00,0.004,0,0.021,13.416
22/06/2019 20.00,22/06/2019 22.00,0,0,0,12.307
22/06/2019 21.00,22/06/2019 23.00,0,0,0,11.7
22/06/2019 22.00,23/06/2019 00.00,0,0,0,11.398
22/06/2019 23.00,23/06/2019 01.00,0,0,0,11.248
23/06/2019 00.00,23/06/2019 02.00,0,0,0,11.189
23/06/2019 01.00,23/06/2019 03.00,0,0,0,11.035
23/06/2019 02.00,23/06/2019 04.00,0,0,0.002,11.051
23/06/2019 03.00,23/06/2019 05.00,0.01,0,0.029,11.32
23/06/2019 04.00,23/06/2019 06.00,0.055,0,0.079,12.261
23/06/2019 05.00,23/06/2019 07.00,0.151,0.057,0.125,13.575
23/06/2019 06.00,23/06/2019 08.00,0.29,0.196,0.139,14.746
23/06/2019 07.00,23/06/2019 09.00,0.485,0.45,0.118,15.981
23/06/2019 08.00,23/06/2019 10.00,0.621,0.622,0.128,16.969
23/06/2019 09.00,23/06/2019 11.00,0.557,0.426,0.241,17.549
23/06/2019 10.00,23/06/2019 12.00,0.426,0.183,0.317,17.811
23/06/2019 11.00,23/06/2019 13.00,0.466,0.225,0.326,18.236
23/06/2019 12.00,23/06/2019 14.00,0.532,0.338,0.299,18.758
23/06/2019 13.00,23/06/2019 15.00,0.429,0.209,0.297,18.939
23/06/2019 14.00,23/06/2019 16.00,0.333,0.12,0.271,18.946
23/06/2019 15.00,23/06/2019 17.00,0.252,0.07,0.228,18.815
23/06/2019 16.00,23/06/2019 18.00,0.172,0.034,0.176,18.548
23/06/2019 17.00,23/06/2019 19.00,0.096,0.008,0.118,18.112
23/06/2019 18.00,23/06/2019 20.00,0.037,0,0.061,17.191
23/06/2019 19.00,23/06/2019 21.00,0.003,0,0.019,15.99
23/06/2019 20.00,23/06/2019 22.00,0,0,0,14.99
23/06/2019 21.00,23/06/2019 23.00,0,0,0,14.339
23/06/2019 22.00,24/06/2019 00.00,0,0,0,13.654
23/06/2019 23.00,24/06/2019 01.00,0,0,0,13.125
24/06/2019 00.00,24/06/2019 02.00,0,0,0,12.817
24/06/2019 01.00,24/06/2019 03.00,0,0,0,12.543
24/06/2019 02.00,24/06/2019 04.00,0,0,0.001,12.399
24/06/2019 03.00,24/06/2019 05.00,0.003,0,0.02,12.718
24/06/2019 04.00,24/06/2019 06.00,0.026,0,0.048,13.392
24/06/2019 05.00,24/06/2019 07.00,0.112,0.017,0.125,14.496
24/06/2019 06.00,24/06/2019 08.00,0.293,0.205,0.135,16.163
24/06/2019 07.00,24/06/2019 09.00,0.428,0.352,0.15,17.392
24/06/2019 08.00,24/06/2019 10.00,0.475,0.364,0.198,18.118
24/06/2019 09.00,24/06/2019 11.00,0.698,0.739,0.131,19.076
24/06/2019 10.00,24/06/2019 12.00,0.756,0.838,0.125,19.886
24/06/2019 11.00,24/06/2019 13.00,0.77,0.863,0.127,20.522
24/06/2019 12.00,24/06/2019 14.00,0.744,0.823,0.128,20.968
24/06/2019 13.00,24/06/2019 15.00,0.646,0.657,0.147,21.185
24/06/2019 14.00,24/06/2019 16.00,0.501,0.433,0.171,21.173
24/06/2019 15.00,24/06/2019 17.00,0.399,0.328,0.147,21.02
24/06/2019 16.00,24/06/2019 18.00,0.27,0.201,0.12,20.619
24/06/2019 17.00,24/06/2019 19.00,0.126,0.055,0.105,19.872
24/06/2019 18.00,24/06/2019 20.00,0.048,0,0.074,18.74
24/06/2019 19.00,24/06/2019 21.00,0.006,0,0.024,17.398
24/06/2019 20.00,24/06/2019 22.00,0,0,0,16.325
24/06/2019 21.00,24/06/2019 23.00,0,0,0,15.78
24/06/2019 22.00,25/06/2019 00.00,0,0,0,15.491
24/06/2019 23.00,25/06/2019 01.00,0,0,0,15.338
25/06/2019 00.00,25/06/2019 02.00,0,0,0,15.114
25/06/2019 01.00,25/06/2019 03.00,0,0,0,14.85
25/06/2019 02.00,25/06/2019 04.00,0,0,0.001,14.642
25/06/2019 03.00,25/06/2019 05.00,0.009,0,0.028,14.799
25/06/2019 04.00,25/06/2019 06.00,0.048,0,0.073,15.367
25/06/2019 05.00,25/06/2019 07.00,0.093,0.008,0.115,16.292
25/06/2019 06.00,25/06/2019 08.00,0.152,0.024,0.163,17.438
25/06/2019 07.00,25/06/2019 09.00,0.317,0.148,0.225,19.088
25/06/2019 08.00,25/06/2019 10.00,0.519,0.438,0.189,20.779
25/06/2019 09.00,25/06/2019 11.00,0.622,0.597,0.177,22.203
25/06/2019 10.00,25/06/2019 12.00,0.709,0.754,0.157,23.307
25/06/2019 11.00,25/06/2019 13.00,0.727,0.787,0.156,24.097
25/06/2019 12.00,25/06/2019 14.00,0.656,0.642,0.194,24.524
25/06/2019 13.00,25/06/2019 15.00,0.432,0.242,0.283,24.505
25/06/2019 14.00,25/06/2019 16.00,0.293,0.098,0.257,24.529
25/06/2019 15.00,25/06/2019 17.00,0.333,0.197,0.205,24.75
25/06/2019 16.00,25/06/2019 18.00,0.264,0.188,0.132,24.626
25/06/2019 17.00,25/06/2019 19.00,0.125,0.052,0.111,24.194
25/06/2019 18.00,25/06/2019 20.00,0.048,0,0.075,22.95
25/06/2019 19.00,25/06/2019 21.00,0.007,0,0.025,21.128
25/06/2019 20.00,25/06/2019 22.00,0,0,0,19.77
25/06/2019 21.00,25/06/2019 23.00,0,0,0,19.193
25/06/2019 22.00,26/06/2019 00.00,0,0,0,18.754
25/06/2019 23.00,26/06/2019 01.00,0,0,0,18.225
26/06/2019 00.00,26/06/2019 02.00,0,0,0,18.105
26/06/2019 01.00,26/06/2019 03.00,0,0,0,18.135
26/06/2019 02.00,26/06/2019 04.00,0,0,0.001,17.922
26/06/2019 03.00,26/06/2019 05.00,0.003,0,0.02,17.826
26/06/2019 04.00,26/06/2019 06.00,0.039,0,0.063,18.129
26/06/2019 05.00,26/06/2019 07.00,0.126,0.03,0.129,18.602
26/06/2019 06.00,26/06/2019 08.00,0.261,0.16,0.149,19.231
26/06/2019 07.00,26/06/2019 09.00,0.417,0.348,0.147,19.658
26/06/2019 08.00,26/06/2019 10.00,0.564,0.544,0.139,19.862
26/06/2019 09.00,26/06/2019 11.00,0.667,0.691,0.138,19.955
26/06/2019 10.00,26/06/2019 12.00,0.724,0.773,0.141,19.887
26/06/2019 11.00,26/06/2019 13.00,0.748,0.812,0.138,19.666
26/06/2019 12.00,26/06/2019 14.00,0.732,0.789,0.134,19.248
26/06/2019 13.00,26/06/2019 15.00,0.674,0.704,0.129,18.62
26/06/2019 14.00,26/06/2019 16.00,0.585,0.587,0.117,17.894
26/06/2019 15.00,26/06/2019 17.00,0.45,0.419,0.109,17.195
26/06/2019 16.00,26/06/2019 18.00,0.289,0.237,0.099,16.457
26/06/2019 17.00,26/06/2019 19.00,0.128,0.076,0.084,15.575
26/06/2019 18.00,26/06/2019 20.00,0.04,0,0.064,14.658
26/06/2019 19.00,26/06/2019 21.00,0.008,0,0.027,13.776
26/06/2019 20.00,26/06/2019 22.00,0,0,0,13.128
26/06/2019 21.00,26/06/2019 23.00,0,0,0,12.895
26/06/2019 22.00,27/06/2019 00.00,0,0,0,12.807
26/06/2019 23.00,27/06/2019 01.00,0,0,0,12.728
27/06/2019 00.00,27/06/2019 02.00,0,0,0,12.646
27/06/2019 01.00,27/06/2019 03.00,0,0,0,12.624
27/06/2019 02.00,27/06/2019 04.00,0,0,0.002,12.617
27/06/2019 03.00,27/06/2019 05.00,0.013,0,0.033,12.78
27/06/2019 04.00,27/06/2019 06.00,0.041,0,0.065,13.248
27/06/2019 05.00,27/06/2019 07.00,0.145,0.101,0.075,13.917
27/06/2019 06.00,27/06/2019 08.00,0.329,0.302,0.077,14.643
27/06/2019 07.00,27/06/2019 09.00,0.499,0.499,0.084,15.289
27/06/2019 08.00,27/06/2019 10.00,0.639,0.681,0.09,15.972
27/06/2019 09.00,27/06/2019 11.00,0.735,0.817,0.095,16.641
27/06/2019 10.00,27/06/2019 12.00,0.791,0.903,0.098,17.159
27/06/2019 11.00,27/06/2019 13.00,0.806,0.928,0.1,17.502
27/06/2019 12.00,27/06/2019 14.00,0.783,0.893,0.099,17.695
27/06/2019 13.00,27/06/2019 15.00,0.718,0.797,0.096,17.704
27/06/2019 14.00,27/06/2019 16.00,0.614,0.651,0.091,17.52
27/06/2019 15.00,27/06/2019 17.00,0.471,0.469,0.085,17.243
27/06/2019 16.00,27/06/2019 18.00,0.3,0.271,0.078,16.842
27/06/2019 17.00,27/06/2019 19.00,0.125,0.087,0.069,16.184
27/06/2019 18.00,27/06/2019 20.00,0.033,0,0.056,15.242
27/06/2019 19.00,27/06/2019 21.00,0.007,0,0.025,14.002
27/06/2019 20.00,27/06/2019 22.00,0,0,0,12.947
27/06/2019 21.00,27/06/2019 23.00,0,0,0,12.526
27/06/2019 22.00,28/06/2019 00.00,0,0,0,12.26
27/06/2019 23.00,28/06/2019 01.00,0,0,0,12.063
28/06/2019 00.00,28/06/2019 02.00,0,0,0,11.84
28/06/2019 01.00,28/06/2019 03.00,0,0,0,11.597
28/06/2019 02.00,28/06/2019 04.00,0,0,0.002,11.502
28/06/2019 03.00,28/06/2019 05.00,0.013,0,0.033,12.233
28/06/2019 04.00,28/06/2019 06.00,0.047,0,0.072,13.673
28/06/2019 05.00,28/06/2019 07.00,0.141,0.075,0.098,14.538
28/06/2019 06.00,28/06/2019 08.00,0.279,0.201,0.122,15.329
28/06/2019 07.00,28/06/2019 09.00,0.444,0.397,0.12,16.104
28/06/2019 08.00,28/06/2019 10.00,0.626,0.659,0.098,16.932
28/06/2019 09.00,28/06/2019 11.00,0.728,0.809,0.099,17.613
28/06/2019 10.00,28/06/2019 12.00,0.784,0.895,0.102,18.069
28/06/2019 11.00,28/06/2019 13.00,0.8,0.92,0.103,18.368
28/06/2019 12.00,28/06/2019 14.00,0.776,0.885,0.102,18.521
28/06/2019 13.00,28/06/2019 15.00,0.713,0.791,0.099,18.401
28/06/2019 14.00,28/06/2019 16.00,0.611,0.647,0.094,18.06
28/06/2019 15.00,28/06/2019 17.00,0.468,0.464,0.088,17.604
28/06/2019 16.00,28/06/2019 18.00,0.298,0.267,0.081,16.986
28/06/2019 17.00,28/06/2019 19.00,0.125,0.084,0.073,16.199
28/06/2019 18.00,28/06/2019 20.00,0.035,0,0.058,15.295
28/06/2019 19.00,28/06/2019 21.00,0.007,0,0.025,14.241
28/06/2019 20.00,28/06/2019 22.00,0,0,0,13.358
28/06/2019 21.00,28/06/2019 23.00,0,0,0,13.104
28/06/2019 22.00,29/06/2019 00.00,0,0,0,12.92
28/06/2019 23.00,29/06/2019 01.00,0,0,0,12.838
29/06/2019 00.00,29/06/2019 02.00,0,0,0,12.802
29/06/2019 01.00,29/06/2019 03.00,0,0,0,12.795
29/06/2019 02.00,29/06/2019 04.00,0,0,0.002,12.804
29/06/2019 03.00,29/06/2019 05.00,0.013,0,0.033,13.195
29/06/2019 04.00,29/06/2019 06.00,0.041,0,0.064,13.85
29/06/2019 05.00,29/06/2019 07.00,0.144,0.096,0.08,14.587
29/06/2019 06.00,29/06/2019 08.00,0.315,0.275,0.089,15.444
29/06/2019 07.00,29/06/2019 09.00,0.479,0.465,0.097,16.295
29/06/2019 08.00,29/06/2019 10.00,0.615,0.638,0.103,16.997
29/06/2019 09.00,29/06/2019 11.00,0.71,0.772,0.108,17.787
29/06/2019 10.00,29/06/2019 12.00,0.765,0.857,0.112,18.6
29/06/2019 11.00,29/06/2019 13.00,0.775,0.874,0.116,19.204
29/06/2019 12.00,29/06/2019 14.00,0.733,0.801,0.125,19.498
29/06/2019 13.00,29/06/2019 15.00,0.651,0.67,0.133,19.533
29/06/2019 14.00,29/06/2019 16.00,0.541,0.517,0.134,19.315
29/06/2019 15.00,29/06/2019 17.00,0.43,0.395,0.113,18.901
29/06/2019 16.00,29/06/2019 18.00,0.287,0.246,0.091,18.33
29/06/2019 17.00,29/06/2019 19.00,0.125,0.08,0.077,17.689
29/06/2019 18.00,29/06/2019 20.00,0.036,0,0.06,16.842
29/06/2019 19.00,29/06/2019 21.00,0.007,0,0.025,15.375
29/06/2019 20.00,29/06/2019 22.00,0,0,0,14.214
29/06/2019 21.00,29/06/2019 23.00,0,0,0,13.747
29/06/2019 22.00,30/06/2019 00.00,0,0,0,13.332
29/06/2019 23.00,30/06/2019 01.00,0,0,0,12.966
30/06/2019 00.00,30/06/2019 02.00,0,0,0,12.623
30/06/2019 01.00,30/06/2019 03.00,0,0,0,12.302
30/06/2019 02.00,30/06/2019 04.00,0,0,0.001,12.057
30/06/2019 03.00,30/06/2019 05.00,0.013,0,0.032,12.901
30/06/2019 04.00,30/06/2019 06.00,0.036,0,0.06,14.64
30/06/2019 05.00,30/06/2019 07.00,0.143,0.101,0.075,16.119
30/06/2019 06.00,30/06/2019 08.00,0.313,0.28,0.087,18.128
30/06/2019 07.00,30/06/2019 09.00,0.457,0.437,0.109,20.42
30/06/2019 08.00,30/06/2019 10.00,0.489,0.419,0.173,22.106
30/06/2019 09.00,30/06/2019 11.00,0.565,0.509,0.187,22.298
30/06/2019 10.00,30/06/2019 12.00,0.724,0.793,0.133,21.945
30/06/2019 11.00,30/06/2019 13.00,0.731,0.798,0.135,21.434
30/06/2019 12.00,30/06/2019 14.00,0.729,0.804,0.124,20.944
30/06/2019 13.00,30/06/2019 15.00,0.683,0.742,0.113,20.314
30/06/2019 14.00,30/06/2019 16.00,0.597,0.627,0.1,19.598
30/06/2019 15.00,30/06/2019 17.00,0.464,0.461,0.09,18.805
30/06/2019 16.00,30/06/2019 18.00,0.297,0.266,0.082,17.98
30/06/2019 17.00,30/06/2019 19.00,0.125,0.084,0.073,17.134
30/06/2019 18.00,30/06/2019 20.00,0.034,0,0.058,16.229
30/06/2019 19.00,30/06/2019 21.00,0.007,0,0.025,15.38
30/06/2019 20.00,30/06/2019 22.00,0,0,0,14.795
30/06/2019 21.00,30/06/2019 23.00,0,0,0,14.591
30/06/2019 22.00,01/07/2019 00.00,0,0,0,14.605
30/06/2019 23.00,01/07/2019 01.00,0,0,0,14.78
01/07/2019 00.00,01/07/2019 02.00,0,0,0,14.863
01/07/2019 01.00,01/07/2019 03.00,0,0,0,14.786
01/07/2019 02.00,01/07/2019 04.00,0,0,0.001,14.641
01/07/2019 03.00,01/07/2019 05.00,0.013,0,0.032,14.677
01/07/2019 04.00,01/07/2019 06.00,0.047,0,0.072,15.119
01/07/2019 05.00,01/07/2019 07.00,0.144,0.091,0.086,15.692
01/07/2019 06.00,01/07/2019 08.00,0.313,0.269,0.095,16.249
01/07/2019 07.00,01/07/2019 09.00,0.475,0.454,0.105,16.707
01/07/2019 08.00,01/07/2019 10.00,0.609,0.62,0.113,16.96
01/07/2019 09.00,01/07/2019 11.00,0.7,0.741,0.122,17.073
01/07/2019 10.00,01/07/2019 12.00,0.746,0.797,0.134,17.09
01/07/2019 11.00,01/07/2019 13.00,0.716,0.722,0.164,17.003
01/07/2019 12.00,01/07/2019 14.00,0.647,0.593,0.193,16.857
01/07/2019 13.00,01/07/2019 15.00,0.58,0.495,0.198,16.74
01/07/2019 14.00,01/07/2019 16.00,0.449,0.312,0.213,16.579
01/07/2019 15.00,01/07/2019 17.00,0.313,0.163,0.2,16.267
01/07/2019 16.00,01/07/2019 18.00,0.251,0.152,0.141,15.879
01/07/2019 17.00,01/07/2019 19.00,0.129,0.068,0.092,15.426
01/07/2019 18.00,01/07/2019 20.00,0.044,0,0.068,14.776
01/07/2019 19.00,01/07/2019 21.00,0.005,0,0.022,14.123
01/07/2019 20.00,01/07/2019 22.00,0,0,0,13.708
01/07/2019 21.00,01/07/2019 23.00,0,0,0,13.445
01/07/2019 22.00,02/07/2019 00.00,0,0,0,13.113
01/07/2019 23.00,02/07/2019 01.00,0,0,0,12.706
02/07/2019 00.00,02/07/2019 02.00,0,0,0,12.207
02/07/2019 01.00,02/07/2019 03.00,0,0,0,11.666
02/07/2019 02.00,02/07/2019 04.00,0,0,0.001,11.308
02/07/2019 03.00,02/07/2019 05.00,0.012,0,0.031,11.212
02/07/2019 04.00,02/07/2019 06.00,0.04,0,0.063,11.607
02/07/2019 05.00,02/07/2019 07.00,0.143,0.097,0.076,12.289
02/07/2019 06.00,02/07/2019 08.00,0.319,0.279,0.085,12.952
02/07/2019 07.00,02/07/2019 09.00,0.487,0.47,0.093,13.505
02/07/2019 08.00,02/07/2019 10.00,0.624,0.641,0.101,13.933
02/07/2019 09.00,02/07/2019 11.00,0.721,0.773,0.106,14.222
02/07/2019 10.00,02/07/2019 12.00,0.787,0.871,0.107,14.304
02/07/2019 11.00,02/07/2019 13.00,0.8,0.888,0.11,14.252
02/07/2019 12.00,02/07/2019 14.00,0.781,0.861,0.107,14.153
02/07/2019 13.00,02/07/2019 15.00,0.729,0.791,0.098,13.981
02/07/2019 14.00,02/07/2019 16.00,0.629,0.658,0.09,13.725
02/07/2019 15.00,02/07/2019 17.00,0.484,0.477,0.083,13.432
02/07/2019 16.00,02/07/2019 18.00,0.308,0.278,0.075,13.093
02/07/2019 17.00,02/07/2019 19.00,0.128,0.089,0.067,12.698
02/07/2019 18.00,02/07/2019 20.00,0.033,0,0.056,12.259
02/07/2019 19.00,02/07/2019 21.00,0.006,0,0.024,11.762
02/07/2019 20.00,02/07/2019 22.00,0,0,0,11.381
02/07/2019 21.00,02/07/2019 23.00,0,0,0,11.104
02/07/2019 22.00,03/07/2019 00.00,0,0,0,10.86
02/07/2019 23.00,03/07/2019 01.00,0,0,0,10.763
03/07/2019 00.00,03/07/2019 02.00,0,0,0,10.544
03/07/2019 01.00,03/07/2019 03.00,0,0,0,10.339
03/07/2019 02.00,03/07/2019 04.00,0,0,0.001,10.159
03/07/2019 03.00,03/07/2019 05.00,0.012,0,0.031,10.49
03/07/2019 04.00,03/07/2019 06.00,0.037,0,0.06,11.297
03/07/2019 05.00,03/07/2019 07.00,0.143,0.09,0.082,12.01
03/07/2019 06.00,03/07/2019 08.00,0.307,0.25,0.1,12.497
03/07/2019 07.00,03/07/2019 09.00,0.457,0.407,0.118,12.84
03/07/2019 08.00,03/07/2019 10.00,0.578,0.545,0.133,13.129
03/07/2019 09.00,03/07/2019 11.00,0.673,0.667,0.14,13.506
03/07/2019 10.00,03/07/2019 12.00,0.73,0.747,0.143,13.756
03/07/2019 11.00,03/07/2019 13.00,0.745,0.766,0.145,13.843
03/07/2019 12.00,03/07/2019 14.00,0.733,0.756,0.138,13.85
03/07/2019 13.00,03/07/2019 15.00,0.684,0.697,0.126,13.721
03/07/2019 14.00,03/07/2019 16.00,0.591,0.581,0.115,13.55
03/07/2019 15.00,03/07/2019 17.00,0.458,0.425,0.103,13.332
03/07/2019 16.00,03/07/2019 18.00,0.294,0.245,0.091,12.989
03/07/2019 17.00,03/07/2019 19.00,0.128,0.077,0.08,12.624
03/07/2019 18.00,03/07/2019 20.00,0.039,0,0.062,12.223
03/07/2019 19.00,03/07/2019 21.00,0.006,0,0.024,11.755
03/07/2019 20.00,03/07/2019 22.00,0,0,0,11.409
03/07/2019 21.00,03/07/2019 23.00,0,0,0,11.292
03/07/2019 22.00,04/07/2019 00.00,0,0,0,11.348
03/07/2019 23.00,04/07/2019 01.00,0,0,0,11.438
04/07/2019 00.00,04/07/2019 02.00,0,0,0,11.605
04/07/2019 01.00,04/07/2019 03.00,0,0,0,11.741
04/07/2019 02.00,04/07/2019 04.00,0,0,0.001,11.797
04/07/2019 03.00,04/07/2019 05.00,0.008,0,0.026,11.883
04/07/2019 04.00,04/07/2019 06.00,0.033,0,0.056,12.185
04/07/2019 05.00,04/07/2019 07.00,0.071,0.002,0.095,12.563
04/07/2019 06.00,04/07/2019 08.00,0.101,0.005,0.124,13.051
04/07/2019 07.00,04/07/2019 09.00,0.122,0.006,0.145,13.451
04/07/2019 08.00,04/07/2019 10.00,0.155,0.009,0.178,13.801
04/07/2019 09.00,04/07/2019 11.00,0.217,0.019,0.235,14.085
04/07/2019 10.00,04/07/2019 12.00,0.314,0.054,0.306,14.306
04/07/2019 11.00,04/07/2019 13.00,0.583,0.363,0.328,14.954
04/07/2019 12.00,04/07/2019 14.00,0.638,0.492,0.275,15.305
04/07/2019 13.00,04/07/2019 15.00,0.458,0.207,0.324,14.953
04/07/2019 14.00,04/07/2019 16.00,0.226,0.027,0.236,14.22
04/07/2019 15.00,04/07/2019 17.00,0.104,0.005,0.128,13.531
04/07/2019 16.00,04/07/2019 18.00,0.066,0.002,0.089,13.154
04/07/2019 17.00,04/07/2019 19.00,0.033,0.001,0.055,12.823
04/07/2019 18.00,04/07/2019 20.00,0.01,0,0.029,12.51
04/07/2019 19.00,04/07/2019 21.00,0,0,0.01,12.353
04/07/2019 20.00,04/07/2019 22.00,0,0,0,12.294
04/07/2019 21.00,04/07/2019 23.00,0,0,0,12.273
04/07/2019 22.00,05/07/2019 00.00,0,0,0,12.139
04/07/2019 23.00,05/07/2019 01.00,0,0,0,11.851
05/07/2019 00.00,05/07/2019 02.00,0,0,0,11.422
05/07/2019 01.00,05/07/2019 03.00,0,0,0,10.864
05/07/2019 02.00,05/07/2019 04.00,0,0,0.001,10.251
05/07/2019 03.00,05/07/2019 05.00,0.01,0,0.029,10.422
05/07/2019 04.00,05/07/2019 06.00,0.028,0,0.05,11.614
05/07/2019 05.00,05/07/2019 07.00,0.143,0.115,0.059,12.457
05/07/2019 06.00,05/07/2019 08.00,0.337,0.318,0.067,13.186
05/07/2019 07.00,05/07/2019 09.00,0.515,0.526,0.074,13.946
05/07/2019 08.00,05/07/2019 10.00,0.657,0.71,0.08,14.655
05/07/2019 09.00,05/07/2019 11.00,0.758,0.854,0.085,15.216
05/07/2019 10.00,05/07/2019 12.00,0.815,0.942,0.088,15.642
05/07/2019 11.00,05/07/2019 13.00,0.831,0.968,0.09,15.87
05/07/2019 12.00,05/07/2019 14.00,0.806,0.929,0.089,15.908
05/07/2019 13.00,05/07/2019 15.00,0.741,0.83,0.087,15.759
05/07/2019 14.00,05/07/2019 16.00,0.633,0.679,0.082,15.482
05/07/2019 15.00,05/07/2019 17.00,0.486,0.489,0.077,15.078
05/07/2019 16.00,05/07/2019 18.00,0.307,0.282,0.071,14.541
05/07/2019 17.00,05/07/2019 19.00,0.125,0.089,0.066,13.875
05/07/2019 18.00,05/07/2019 20.00,0.033,0,0.055,13.082
05/07/2019 19.00,05/07/2019 21.00,0.005,0,0.022,12.169
05/07/2019 20.00,05/07/2019 22.00,0,0,0,11.929
05/07/2019 21.00,05/07/2019 23.00,0,0,0,12.061
05/07/2019 22.00,06/07/2019 00.00,0,0,0,12.054
05/07/2019 23.00,06/07/2019 01.00,0,0,0,12.206
06/07/2019 00.00,06/07/2019 02.00,0,0,0,12.388
06/07/2019 01.00,06/07/2019 03.00,0,0,0,12.483
06/07/2019 02.00,06/07/2019 04.00,0,0,0,12.459
06/07/2019 03.00,06/07/2019 05.00,0.004,0,0.021,12.646
06/07/2019 04.00,06/07/2019 06.00,0.047,0,0.071,13.162
06/07/2019 05.00,06/07/2019 07.00,0.102,0.01,0.121,13.746
06/07/2019 06.00,06/07/2019 08.00,0.125,0.013,0.142,14.295
06/07/2019 07.00,06/07/2019 09.00,0.176,0.024,0.186,14.78
06/07/2019 08.00,06/07/2019 10.00,0.338,0.12,0.269,14.99
06/07/2019 09.00,06/07/2019 11.00,0.571,0.444,0.231,14.846
06/07/2019 10.00,06/07/2019 12.00,0.753,0.778,0.151,14.814
06/07/2019 11.00,06/07/2019 13.00,0.795,0.861,0.134,14.853
06/07/2019 12.00,06/07/2019 14.00,0.754,0.788,0.143,14.696
06/07/2019 13.00,06/07/2019 15.00,0.664,0.64,0.159,14.399
06/07/2019 14.00,06/07/2019 16.00,0.507,0.398,0.192,14.114
06/07/2019 15.00,06/07/2019 17.00,0.341,0.19,0.201,13.79
06/07/2019 16.00,06/07/2019 18.00,0.244,0.123,0.16,13.65
06/07/2019 17.00,06/07/2019 19.00,0.126,0.038,0.118,13.522
06/07/2019 18.00,06/07/2019 20.00,0.048,0,0.073,13.214
06/07/2019 19.00,06/07/2019 21.00,0.004,0,0.021,12.778
06/07/2019 20.00,06/07/2019 22.00,0,0,0,12.5
06/07/2019 21.00,06/07/2019 23.00,0,0,0,12.39
06/07/2019 22.00,07/07/2019 00.00,0,0,0,12.24
06/07/2019 23.00,07/07/2019 01.00,0,0,0,12.087
07/07/2019 00.00,07/07/2019 02.00,0,0,0,11.957
07/07/2019 01.00,07/07/2019 03.00,0,0,0,11.893
07/07/2019 02.00,07/07/2019 04.00,0,0,0.001,11.874
07/07/2019 03.00,07/07/2019 05.00,0.013,0,0.032,12.069
07/07/2019 04.00,07/07/2019 06.00,0.05,0,0.074,12.52
07/07/2019 05.00,07/07/2019 07.00,0.148,0.076,0.103,13.091
07/07/2019 06.00,07/07/2019 08.00,0.305,0.223,0.126,13.721
07/07/2019 07.00,07/07/2019 09.00,0.427,0.326,0.167,14.241
07/07/2019 08.00,07/07/2019 10.00,0.5,0.364,0.219,14.592
07/07/2019 09.00,07/07/2019 11.00,0.509,0.314,0.28,14.768
07/07/2019 10.00,07/07/2019 12.00,0.456,0.201,0.328,14.769
07/07/2019 11.00,07/07/2019 13.00,0.379,0.107,0.329,14.58
07/07/2019 12.00,07/07/2019 14.00,0.301,0.054,0.292,14.323
07/07/2019 13.00,07/07/2019 15.00,0.244,0.032,0.251,14.036
07/07/2019 14.00,07/07/2019 16.00,0.171,0.015,0.189,13.683
07/07/2019 15.00,07/07/2019 17.00,0.125,0.009,0.146,13.393
07/07/2019 16.00,07/07/2019 18.00,0.102,0.007,0.123,13.212
07/07/2019 17.00,07/07/2019 19.00,0.078,0.004,0.101,13.075
07/07/2019 18.00,07/07/2019 20.00,0.037,0,0.06,12.791
07/07/2019 19.00,07/07/2019 21.00,0.002,0,0.018,12.228
07/07/2019 20.00,07/07/2019 22.00,0,0,0,11.792
07/07/2019 21.00,07/07/2019 23.00,0,0,0,11.723
07/07/2019 22.00,08/07/2019 00.00,0,0,0,11.66
07/07/2019 23.00,08/07/2019 01.00,0,0,0,11.6
08/07/2019 00.00,08/07/2019 02.00,0,0,0,11.511
08/07/2019 01.00,08/07/2019 03.00,0,0,0,11.367
08/07/2019 02.00,08/07/2019 04.00,0,0,0,11.271
08/07/2019 03.00,08/07/2019 05.00,0.009,0,0.027,11.574
08/07/2019 04.00,08/07/2019 06.00,0.047,0,0.071,12.352
08/07/2019 05.00,08/07/2019 07.00,0.139,0.08,0.09,13.146
08/07/2019 06.00,08/07/2019 08.00,0.301,0.243,0.103,13.934
08/07/2019 07.00,08/07/2019 09.00,0.463,0.425,0.113,14.682
08/07/2019 08.00,08/07/2019 10.00,0.593,0.583,0.123,15.32
08/07/2019 09.00,08/07/2019 11.00,0.678,0.688,0.136,15.765
08/07/2019 10.00,08/07/2019 12.00,0.711,0.719,0.154,16.011
08/07/2019 11.00,08/07/2019 13.00,0.712,0.711,0.166,16.141
08/07/2019 12.00,08/07/2019 14.00,0.68,0.659,0.171,16.179
08/07/2019 13.00,08/07/2019 15.00,0.627,0.593,0.161,16.127
08/07/2019 14.00,08/07/2019 16.00,0.544,0.499,0.144,15.942
08/07/2019 15.00,08/07/2019 17.00,0.426,0.369,0.126,15.601
08/07/2019 16.00,08/07/2019 18.00,0.274,0.205,0.112,15.095
08/07/2019 17.00,08/07/2019 19.00,0.124,0.055,0.098,14.452
08/07/2019 18.00,08/07/2019 20.00,0.042,0,0.066,13.735
08/07/2019 19.00,08/07/2019 21.00,0.004,0,0.02,12.861
08/07/2019 20.00,08/07/2019 22.00,0,0,0,12.199
08/07/2019 21.00,08/07/2019 23.00,0,0,0,11.902
08/07/2019 22.00,09/07/2019 00.00,0,0,0,11.542
08/07/2019 23.00,09/07/2019 01.00,0,0,0,11.313
09/07/2019 00.00,09/07/2019 02.00,0,0,0,11.172
09/07/2019 01.00,09/07/2019 03.00,0,0,0,11.077
09/07/2019 02.00,09/07/2019 04.00,0,0,0.001,11.015
09/07/2019 03.00,09/07/2019 05.00,0.01,0,0.028,11.438
09/07/2019 04.00,09/07/2019 06.00,0.04,0,0.063,12.455
09/07/2019 05.00,09/07/2019 07.00,0.135,0.076,0.09,13.449
09/07/2019 06.00,09/07/2019 08.00,0.277,0.203,0.117,14.391
09/07/2019 07.00,09/07/2019 09.00,0.453,0.413,0.114,15.367
09/07/2019 08.00,09/07/2019 10.00,0.599,0.606,0.112,16.31
09/07/2019 09.00,09/07/2019 11.00,0.706,0.761,0.111,17.169
09/07/2019 10.00,09/07/2019 12.00,0.767,0.858,0.111,17.893
09/07/2019 11.00,09/07/2019 13.00,0.779,0.877,0.114,18.344
09/07/2019 12.00,09/07/2019 14.00,0.749,0.827,0.117,18.528
09/07/2019 13.00,09/07/2019 15.00,0.686,0.736,0.114,18.51
09/07/2019 14.00,09/07/2019 16.00,0.587,0.603,0.106,18.291
09/07/2019 15.00,09/07/2019 17.00,0.454,0.439,0.096,17.902
09/07/2019 16.00,09/07/2019 18.00,0.291,0.255,0.085,17.329
09/07/2019 17.00,09/07/2019 19.00,0.122,0.078,0.076,16.519
09/07/2019 18.00,09/07/2019 20.00,0.033,0,0.056,15.386
09/07/2019 19.00,09/07/2019 21.00,0.004,0,0.02,14.003
09/07/2019 20.00,09/07/2019 22.00,0,0,0,12.949
09/07/2019 21.00,09/07/2019 23.00,0,0,0,12.444
09/07/2019 22.00,10/07/2019 00.00,0,0,0,11.99
09/07/2019 23.00,10/07/2019 01.00,0,0,0,11.653
10/07/2019 00.00,10/07/2019 02.00,0,0,0,11.371
10/07/2019 01.00,10/07/2019 03.00,0,0,0,11.094
10/07/2019 02.00,10/07/2019 04.00,0,0,0,10.8
10/07/2019 03.00,10/07/2019 05.00,0.009,0,0.027,11.219
10/07/2019 04.00,10/07/2019 06.00,0.03,0,0.052,12.357
10/07/2019 05.00,10/07/2019 07.00,0.137,0.106,0.062,13.235
10/07/2019 06.00,10/07/2019 08.00,0.328,0.307,0.07,14.028
10/07/2019 07.00,10/07/2019 09.00,0.504,0.511,0.077,14.735
10/07/2019 08.00,10/07/2019 10.00,0.645,0.692,0.084,15.418
10/07/2019 09.00,10/07/2019 11.00,0.743,0.831,0.09,16.122
10/07/2019 10.00,10/07/2019 12.00,0.798,0.917,0.094,16.779
10/07/2019 11.00,10/07/2019 13.00,0.812,0.941,0.096,17.247
10/07/2019 12.00,10/07/2019 14.00,0.786,0.901,0.095,17.519
10/07/2019 13.00,10/07/2019 15.00,0.72,0.802,0.093,17.594
10/07/2019 14.00,10/07/2019 16.00,0.613,0.652,0.089,17.495
10/07/2019 15.00,10/07/2019 17.00,0.468,0.467,0.084,17.161
10/07/2019 16.00,10/07/2019 18.00,0.296,0.268,0.077,16.635
10/07/2019 17.00,10/07/2019 19.00,0.122,0.084,0.068,15.963
10/07/2019 18.00,10/07/2019 20.00,0.031,0,0.054,14.978
10/07/2019 19.00,10/07/2019 21.00,0.003,0,0.019,13.253
10/07/2019 20.00,10/07/2019 22.00,0,0,0,12.014
10/07/2019 21.00,10/07/2019 23.00,0,0,0,11.501
10/07/2019 22.00,11/07/2019 00.00,0,0,0,11.133
10/07/2019 23.00,11/07/2019 01.00,0,0,0,10.927
11/07/2019 00.00,11/07/2019 02.00,0,0,0,10.786
11/07/2019 01.00,11/07/2019 03.00,0,0,0,10.685
11/07/2019 02.00,11/07/2019 04.00,0,0,0,10.556
11/07/2019 03.00,11/07/2019 05.00,0.009,0,0.027,10.838
11/07/2019 04.00,11/07/2019 06.00,0.053,0,0.078,12.081
11/07/2019 05.00,11/07/2019 07.00,0.135,0.042,0.123,13.049
11/07/2019 06.00,11/07/2019 08.00,0.266,0.155,0.152,14.206
11/07/2019 07.00,11/07/2019 09.00,0.412,0.312,0.166,15.407
11/07/2019 08.00,11/07/2019 10.00,0.539,0.462,0.177,16.544
11/07/2019 09.00,11/07/2019 11.00,0.593,0.504,0.209,17.381
11/07/2019 10.00,11/07/2019 12.00,0.604,0.486,0.246,17.979
11/07/2019 11.00,11/07/2019 13.00,0.551,0.374,0.288,18.393
11/07/2019 12.00,11/07/2019 14.00,0.487,0.277,0.302,18.613
11/07/2019 13.00,11/07/2019 15.00,0.45,0.242,0.29,18.724
11/07/2019 14.00,11/07/2019 16.00,0.323,0.115,0.264,18.591
11/07/2019 15.00,11/07/2019 17.00,0.239,0.063,0.22,18.362
11/07/2019 16.00,11/07/2019 18.00,0.157,0.028,0.164,18.011
11/07/2019 17.00,11/07/2019 19.00,0.095,0.01,0.115,17.555
11/07/2019 18.00,11/07/2019 20.00,0.038,0,0.062,16.875
11/07/2019 19.00,11/07/2019 21.00,0,0,0.013,15.742
11/07/2019 20.00,11/07/2019 22.00,0,0,0,14.951
11/07/2019 21.00,11/07/2019 23.00,0,0,0,14.66
11/07/2019 22.00,12/07/2019 00.00,0,0,0,14.537
11/07/2019 23.00,12/07/2019 01.00,0,0,0,14.482
12/07/2019 00.00,12/07/2019 02.00,0,0,0,14.427
12/07/2019 01.00,12/07/2019 03.00,0,0,0,14.381
12/07/2019 02.00,12/07/2019 04.00,0,0,0,14.272
12/07/2019 03.00,12/07/2019 05.00,0.002,0,0.018,14.361
12/07/2019 04.00,12/07/2019 06.00,0.047,0,0.072,15.014
12/07/2019 05.00,12/07/2019 07.00,0.123,0.02,0.134,15.765
12/07/2019 06.00,12/07/2019 08.00,0.223,0.079,0.184,16.621
12/07/2019 07.00,12/07/2019 09.00,0.368,0.216,0.214,17.6
12/07/2019 08.00,12/07/2019 10.00,0.404,0.209,0.265,18.293
12/07/2019 09.00,12/07/2019 11.00,0.466,0.253,0.299,18.933
12/07/2019 10.00,12/07/2019 12.00,0.458,0.21,0.334,19.45
12/07/2019 11.00,12/07/2019 13.00,0.324,0.072,0.31,19.561
12/07/2019 12.00,12/07/2019 14.00,0.31,0.063,0.303,19.607
12/07/2019 13.00,12/07/2019 15.00,0.301,0.065,0.291,19.692
12/07/2019 14.00,12/07/2019 16.00,0.249,0.046,0.25,19.641
12/07/2019 15.00,12/07/2019 17.00,0.204,0.035,0.211,19.458
12/07/2019 16.00,12/07/2019 18.00,0.145,0.02,0.161,19.167
12/07/2019 17.00,12/07/2019 19.00,0.088,0.007,0.111,18.77
12/07/2019 18.00,12/07/2019 20.00,0.037,0,0.061,18.126
12/07/2019 19.00,12/07/2019 21.00,0,0,0.015,17.076
12/07/2019 20.00,12/07/2019 22.00,0,0,0,16.182
12/07/2019 21.00,12/07/2019 23.00,0,0,0,15.59
12/07/2019 22.00,13/07/2019 00.00,0,0,0,14.924
12/07/2019 23.00,13/07/2019 01.00,0,0,0,14.242
13/07/2019 00.00,13/07/2019 02.00,0,0,0,13.595
13/07/2019 01.00,13/07/2019 03.00,0,0,0,13.123
13/07/2019 02.00,13/07/2019 04.00,0,0,0,12.772
13/07/2019 03.00,13/07/2019 05.00,0.008,0,0.026,13.052
13/07/2019 04.00,13/07/2019 06.00,0.036,0,0.06,14.156
13/07/2019 05.00,13/07/2019 07.00,0.133,0.089,0.074,14.615
13/07/2019 06.00,13/07/2019 08.00,0.31,0.274,0.084,15.223
13/07/2019 07.00,13/07/2019 09.00,0.479,0.468,0.092,15.951
13/07/2019 08.00,13/07/2019 10.00,0.615,0.641,0.1,16.713
13/07/2019 09.00,13/07/2019 11.00,0.711,0.775,0.107,17.319
13/07/2019 10.00,13/07/2019 12.00,0.768,0.86,0.11,17.736
13/07/2019 11.00,13/07/2019 13.00,0.785,0.886,0.111,17.971
13/07/2019 12.00,13/07/2019 14.00,0.762,0.852,0.11,18.065
13/07/2019 13.00,13/07/2019 15.00,0.699,0.758,0.107,17.914
13/07/2019 14.00,13/07/2019 16.00,0.592,0.609,0.104,17.535
13/07/2019 15.00,13/07/2019 17.00,0.451,0.432,0.097,16.971
13/07/2019 16.00,13/07/2019 18.00,0.284,0.239,0.091,16.262
13/07/2019 17.00,13/07/2019 19.00,0.119,0.062,0.087,15.496
13/07/2019 18.00,13/07/2019 20.00,0.038,0,0.062,14.711
13/07/2019 19.00,13/07/2019 21.00,0,0,0.014,14.006
13/07/2019 20.00,13/07/2019 22.00,0,0,0,13.56
13/07/2019 21.00,13/07/2019 23.00,0,0,0,13.412
13/07/2019 22.00,14/07/2019 00.00,0,0,0,13.282
13/07/2019 23.00,14/07/2019 01.00,0,0,0,13.107
14/07/2019 00.00,14/07/2019 02.00,0,0,0,13.025
14/07/2019 01.00,14/07/2019 03.00,0,0,0,13.007
14/07/2019 02.00,14/07/2019 04.00,0,0,0,12.956
14/07/2019 03.00,14/07/2019 05.00,0.006,0,0.024,13.201
14/07/2019 04.00,14/07/2019 06.00,0.046,0,0.07,14.158
14/07/2019 05.00,14/07/2019 07.00,0.13,0.059,0.102,14.9
14/07/2019 06.00,14/07/2019 08.00,0.276,0.2,0.121,15.684
14/07/2019 07.00,14/07/2019 09.00,0.431,0.373,0.13,16.558
14/07/2019 08.00,14/07/2019 10.00,0.585,0.58,0.124,17.492
14/07/2019 09.00,14/07/2019 11.00,0.678,0.707,0.129,18.224
14/07/2019 10.00,14/07/2019 12.00,0.752,0.828,0.123,18.774
14/07/2019 11.00,14/07/2019 13.00,0.771,0.859,0.123,19.097
14/07/2019 12.00,14/07/2019 14.00,0.732,0.793,0.129,19.168
14/07/2019 13.00,14/07/2019 15.00,0.677,0.716,0.123,18.969
14/07/2019 14.00,14/07/2019 16.00,0.576,0.577,0.118,18.47
14/07/2019 15.00,14/07/2019 17.00,0.43,0.388,0.117,17.797
14/07/2019 16.00,14/07/2019 18.00,0.266,0.194,0.117,16.93
14/07/2019 17.00,14/07/2019 19.00,0.109,0.027,0.111,15.817
14/07/2019 18.00,14/07/2019 20.00,0.035,0,0.059,14.714
14/07/2019 19.00,14/07/2019 21.00,0,0,0.014,13.849
14/07/2019 20.00,14/07/2019 22.00,0,0,0,13.177
14/07/2019 21.00,14/07/2019 23.00,0,0,0,12.851
14/07/2019 22.00,15/07/2019 00.00,0,0,0,12.699
14/07/2019 23.00,15/07/2019 01.00,0,0,0,12.596
15/07/2019 00.00,15/07/2019 02.00,0,0,0,12.542
15/07/2019 01.00,15/07/2019 03.00,0,0,0,12.557
15/07/2019 02.00,15/07/2019 04.00,0,0,0,12.556
15/07/2019 03.00,15/07/2019 05.00,0.003,0,0.019,12.878
15/07/2019 04.00,15/07/2019 06.00,0.038,0,0.062,13.459
15/07/2019 05.00,15/07/2019 07.00,0.105,0.015,0.118,13.92
15/07/2019 06.00,15/07/2019 08.00,0.208,0.074,0.17,14.483
15/07/2019 07.00,15/07/2019 09.00,0.353,0.214,0.193,15.147
15/07/2019 08.00,15/07/2019 10.00,0.483,0.366,0.199,15.86
15/07/2019 09.00,15/07/2019 11.00,0.58,0.489,0.203,16.507
15/07/2019 10.00,15/07/2019 12.00,0.634,0.563,0.207,17.127
15/07/2019 11.00,15/07/2019 13.00,0.659,0.605,0.202,17.666
15/07/2019 12.00,15/07/2019 14.00,0.663,0.631,0.182,18.062
15/07/2019 13.00,15/07/2019 15.00,0.631,0.611,0.158,18.302
15/07/2019 14.00,15/07/2019 16.00,0.55,0.521,0.138,18.332
15/07/2019 15.00,15/07/2019 17.00,0.435,0.396,0.116,18.253
15/07/2019 16.00,15/07/2019 18.00,0.278,0.225,0.101,18.011
15/07/2019 17.00,15/07/2019 19.00,0.12,0.064,0.088,17.48
15/07/2019 18.00,15/07/2019 20.00,0.038,0,0.062,16.541
15/07/2019 19.00,15/07/2019 21.00,0,0,0.015,15.017
15/07/2019 20.00,15/07/2019 22.00,0,0,0,13.997
15/07/2019 21.00,15/07/2019 23.00,0,0,0,13.603
15/07/2019 22.00,16/07/2019 00.00,0,0,0,13.273
15/07/2019 23.00,16/07/2019 01.00,0,0,0,13.072
16/07/2019 00.00,16/07/2019 02.00,0,0,0,13.063
16/07/2019 01.00,16/07/2019 03.00,0,0,0,13.114
16/07/2019 02.00,16/07/2019 04.00,0,0,0,13.159
16/07/2019 03.00,16/07/2019 05.00,0.005,0,0.023,13.488
16/07/2019 04.00,16/07/2019 06.00,0.03,0,0.053,14.434
16/07/2019 05.00,16/07/2019 07.00,0.128,0.093,0.066,15.331
16/07/2019 06.00,16/07/2019 08.00,0.309,0.282,0.077,16.212
16/07/2019 07.00,16/07/2019 09.00,0.484,0.487,0.083,17.139
16/07/2019 08.00,16/07/2019 10.00,0.616,0.656,0.092,17.99
16/07/2019 09.00,16/07/2019 11.00,0.721,0.808,0.095,18.699
16/07/2019 10.00,16/07/2019 12.00,0.777,0.895,0.098,19.25
16/07/2019 11.00,16/07/2019 13.00,0.792,0.918,0.1,19.565
16/07/2019 12.00,16/07/2019 14.00,0.768,0.882,0.099,19.658
16/07/2019 13.00,16/07/2019 15.00,0.707,0.792,0.095,19.582
16/07/2019 14.00,16/07/2019 16.00,0.605,0.649,0.089,19.368
16/07/2019 15.00,16/07/2019 17.00,0.46,0.463,0.083,19.018
16/07/2019 16.00,16/07/2019 18.00,0.286,0.257,0.079,18.517
16/07/2019 17.00,16/07/2019 19.00,0.115,0.07,0.077,17.753
16/07/2019 18.00,16/07/2019 20.00,0.035,0,0.058,16.467
16/07/2019 19.00,16/07/2019 21.00,0,0,0.013,14.781
16/07/2019 20.00,16/07/2019 22.00,0,0,0,13.85
16/07/2019 21.00,16/07/2019 23.00,0,0,0,13.45
16/07/2019 22.00,17/07/2019 00.00,0,0,0,13.181
16/07/2019 23.00,17/07/2019 01.00,0,0,0,12.94
17/07/2019 00.00,17/07/2019 02.00,0,0,0,12.73
17/07/2019 01.00,17/07/2019 03.00,0,0,0,12.524
17/07/2019 02.00,17/07/2019 04.00,0,0,0,12.347
17/07/2019 03.00,17/07/2019 05.00,0,0,0.012,12.39
17/07/2019 04.00,17/07/2019 06.00,0.025,0,0.046,13.085
17/07/2019 05.00,17/07/2019 07.00,0.077,0.006,0.098,13.668
17/07/2019 06.00,17/07/2019 08.00,0.165,0.035,0.163,14.171
17/07/2019 07.00,17/07/2019 09.00,0.306,0.143,0.21,14.877
17/07/2019 08.00,17/07/2019 10.00,0.499,0.399,0.187,15.868
17/07/2019 09.00,17/07/2019 11.00,0.665,0.669,0.144,17.084
17/07/2019 10.00,17/07/2019 12.00,0.745,0.805,0.131,18.267
17/07/2019 11.00,17/07/2019 13.00,0.766,0.846,0.128,19.085
17/07/2019 12.00,17/07/2019 14.00,0.743,0.815,0.125,19.53
17/07/2019 13.00,17/07/2019 15.00,0.685,0.736,0.118,19.689
17/07/2019 14.00,17/07/2019 16.00,0.585,0.601,0.111,19.625
17/07/2019 15.00,17/07/2019 17.00,0.447,0.428,0.102,19.272
17/07/2019 16.00,17/07/2019 18.00,0.281,0.239,0.093,18.69
17/07/2019 17.00,17/07/2019 19.00,0.118,0.071,0.08,17.946
17/07/2019 18.00,17/07/2019 20.00,0.033,0,0.057,16.798
17/07/2019 19.00,17/07/2019 21.00,0,0,0.014,14.957
17/07/2019 20.00,17/07/2019 22.00,0,0,0,13.783
17/07/2019 21.00,17/07/2019 23.00,0,0,0,13.26
17/07/2019 22.00,18/07/2019 00.00,0,0,0,13.054
17/07/2019 23.00,18/07/2019 01.00,0,0,0,13.079
18/07/2019 00.00,18/07/2019 02.00,0,0,0,13.102
18/07/2019 01.00,18/07/2019 03.00,0,0,0,12.95
18/07/2019 02.00,18/07/2019 04.00,0,0,0,12.563
18/07/2019 03.00,18/07/2019 05.00,0.004,0,0.021,12.6
18/07/2019 04.00,18/07/2019 06.00,0.046,0,0.07,13.842
18/07/2019 05.00,18/07/2019 07.00,0.131,0.059,0.102,14.792
18/07/2019 06.00,18/07/2019 08.00,0.282,0.206,0.122,15.877
18/07/2019 07.00,18/07/2019 09.00,0.441,0.385,0.132,17.088
18/07/2019 08.00,18/07/2019 10.00,0.566,0.536,0.144,18.26
18/07/2019 09.00,18/07/2019 11.00,0.657,0.657,0.153,19.296
18/07/2019 10.00,18/07/2019 12.00,0.703,0.719,0.164,20.054
18/07/2019 11.00,18/07/2019 13.00,0.699,0.698,0.181,20.573
18/07/2019 12.00,18/07/2019 14.00,0.608,0.521,0.227,20.802
18/07/2019 13.00,18/07/2019 15.00,0.439,0.243,0.28,20.756
18/07/2019 14.00,18/07/2019 16.00,0.261,0.063,0.247,20.41
18/07/2019 15.00,18/07/2019 17.00,0.133,0.013,0.155,19.85
18/07/2019 16.00,18/07/2019 18.00,0.076,0.005,0.101,19.356
18/07/2019 17.00,18/07/2019 19.00,0.047,0.002,0.071,18.888
18/07/2019 18.00,18/07/2019 20.00,0.019,0,0.04,18.173
18/07/2019 19.00,18/07/2019 21.00,0,0,0.008,17.308
18/07/2019 20.00,18/07/2019 22.00,0,0,0,16.728
18/07/2019 21.00,18/07/2019 23.00,0,0,0,16.359
18/07/2019 22.00,19/07/2019 00.00,0,0,0,16.05
18/07/2019 23.00,19/07/2019 01.00,0,0,0,15.69
19/07/2019 00.00,19/07/2019 02.00,0,0,0,15.317
19/07/2019 01.00,19/07/2019 03.00,0,0,0,15.008
19/07/2019 02.00,19/07/2019 04.00,0,0,0,14.661
19/07/2019 03.00,19/07/2019 05.00,0,0,0.012,14.612
19/07/2019 04.00,19/07/2019 06.00,0.033,0,0.056,15.408
19/07/2019 05.00,19/07/2019 07.00,0.096,0.011,0.114,15.956
19/07/2019 06.00,19/07/2019 08.00,0.191,0.056,0.172,16.512
19/07/2019 07.00,19/07/2019 09.00,0.314,0.155,0.211,17.16
19/07/2019 08.00,19/07/2019 10.00,0.465,0.335,0.214,17.818
19/07/2019 09.00,19/07/2019 11.00,0.569,0.472,0.213,18.357
19/07/2019 10.00,19/07/2019 12.00,0.626,0.547,0.218,18.792
19/07/2019 11.00,19/07/2019 13.00,0.606,0.497,0.24,19.025
19/07/2019 12.00,19/07/2019 14.00,0.573,0.446,0.246,19.049
19/07/2019 13.00,19/07/2019 15.00,0.516,0.379,0.238,18.934
19/07/2019 14.00,19/07/2019 16.00,0.439,0.302,0.216,18.727
19/07/2019 15.00,19/07/2019 17.00,0.36,0.249,0.174,18.535
19/07/2019 16.00,19/07/2019 18.00,0.248,0.161,0.132,18.329
19/07/2019 17.00,19/07/2019 19.00,0.118,0.055,0.094,17.923
19/07/2019 18.00,19/07/2019 20.00,0.036,0,0.06,16.975
19/07/2019 19.00,19/07/2019 21.00,0,0,0.012,15.602
19/07/2019 20.00,19/07/2019 22.00,0,0,0,15.325
19/07/2019 21.00,19/07/2019 23.00,0,0,0,15.458
19/07/2019 22.00,20/07/2019 00.00,0,0,0,15.265
19/07/2019 23.00,20/07/2019 01.00,0,0,0,14.613
20/07/2019 00.00,20/07/2019 02.00,0,0,0,13.822
20/07/2019 01.00,20/07/2019 03.00,0,0,0,13.357
20/07/2019 02.00,20/07/2019 04.00,0,0,0,13.444
20/07/2019 03.00,20/07/2019 05.00,0,0,0.011,13.757
20/07/2019 04.00,20/07/2019 06.00,0.012,0,0.032,14.408
20/07/2019 05.00,20/07/2019 07.00,0.036,0.001,0.059,14.957
20/07/2019 06.00,20/07/2019 08.00,0.071,0.003,0.096,15.723
20/07/2019 07.00,20/07/2019 09.00,0.111,0.005,0.137,16.449
20/07/2019 08.00,20/07/2019 10.00,0.143,0.008,0.168,16.924
20/07/2019 09.00,20/07/2019 11.00,0.173,0.011,0.198,17.327
20/07/2019 10.00,20/07/2019 12.00,0.264,0.032,0.279,18.241
20/07/2019 11.00,20/07/2019 13.00,0.406,0.119,0.361,19.69
20/07/2019 12.00,20/07/2019 14.00,0.382,0.106,0.348,20.733
20/07/2019 13.00,20/07/2019 15.00,0.25,0.032,0.267,20.926
20/07/2019 14.00,20/07/2019 16.00,0.148,0.009,0.175,20.621
20/07/2019 15.00,20/07/2019 17.00,0.089,0.004,0.116,20.074
20/07/2019 16.00,20/07/2019 18.00,0.044,0.001,0.068,19.227
20/07/2019 17.00,20/07/2019 19.00,0.014,0,0.034,18.338
20/07/2019 18.00,20/07/2019 20.00,0.001,0,0.017,17.591
20/07/2019 19.00,20/07/2019 21.00,0,0,0.003,16.936
20/07/2019 20.00,20/07/2019 22.00,0,0,0,16.382
20/07/2019 21.00,20/07/2019 23.00,0,0,0,16.077
20/07/2019 22.00,21/07/2019 00.00,0,0,0,15.946
20/07/2019 23.00,21/07/2019 01.00,0,0,0,15.785
21/07/2019 00.00,21/07/2019 02.00,0,0,0,15.678
21/07/2019 01.00,21/07/2019 03.00,0,0,0,15.747
21/07/2019 02.00,21/07/2019 04.00,0,0,0,15.821
21/07/2019 03.00,21/07/2019 05.00,0,0,0.011,15.788
21/07/2019 04.00,21/07/2019 06.00,0.039,0,0.063,16.201
21/07/2019 05.00,21/07/2019 07.00,0.118,0.042,0.108,16.802
21/07/2019 06.00,21/07/2019 08.00,0.263,0.185,0.123,17.537
21/07/2019 07.00,21/07/2019 09.00,0.419,0.36,0.132,18.133
21/07/2019 08.00,21/07/2019 10.00,0.535,0.491,0.15,18.604
21/07/2019 09.00,21/07/2019 11.00,0.61,0.574,0.169,18.992
21/07/2019 10.00,21/07/2019 12.00,0.647,0.611,0.186,19.176
21/07/2019 11.00,21/07/2019 13.00,0.651,0.606,0.196,19.035
21/07/2019 12.00,21/07/2019 14.00,0.632,0.581,0.192,18.661
21/07/2019 13.00,21/07/2019 15.00,0.619,0.595,0.158,18.207
21/07/2019 14.00,21/07/2019 16.00,0.566,0.556,0.122,17.805
21/07/2019 15.00,21/07/2019 17.00,0.444,0.419,0.102,17.416
21/07/2019 16.00,21/07/2019 18.00,0.277,0.232,0.092,16.931
21/07/2019 17.00,21/07/2019 19.00,0.114,0.064,0.08,16.331
21/07/2019 18.00,21/07/2019 20.00,0.031,0,0.054,15.598
21/07/2019 19.00,21/07/2019 21.00,0,0,0.01,14.58
21/07/2019 20.00,21/07/2019 22.00,0,0,0,14.046
21/07/2019 21.00,21/07/2019 23.00,0,0,0,13.687
21/07/2019 22.00,22/07/2019 00.00,0,0,0,13.566
21/07/2019 23.00,22/07/2019 01.00,0,0,0,13.357
22/07/2019 00.00,22/07/2019 02.00,0,0,0,13.554
22/07/2019 01.00,22/07/2019 03.00,0,0,0,13.686
22/07/2019 02.00,22/07/2019 04.00,0,0,0,13.836
22/07/2019 03.00,22/07/2019 05.00,0,0,0.007,14.05
22/07/2019 04.00,22/07/2019 06.00,0.007,0,0.026,14.565
22/07/2019 05.00,22/07/2019 07.00,0.026,0,0.048,14.929
22/07/2019 06.00,22/07/2019 08.00,0.054,0.002,0.078,15.129
22/07/2019 07.00,22/07/2019 09.00,0.142,0.009,0.164,15.433
22/07/2019 08.00,22/07/2019 10.00,0.213,0.021,0.23,15.89
22/07/2019 09.00,22/07/2019 11.00,0.176,0.011,0.2,16.202
22/07/2019 10.00,22/07/2019 12.00,0.145,0.007,0.171,16.293
22/07/2019 11.00,22/07/2019 13.00,0.134,0.005,0.161,16.396
22/07/2019 12.00,22/07/2019 14.00,0.138,0.006,0.164,16.605
22/07/2019 13.00,22/07/2019 15.00,0.147,0.007,0.173,16.92
22/07/2019 14.00,22/07/2019 16.00,0.121,0.006,0.147,17.171
22/07/2019 15.00,22/07/2019 17.00,0.123,0.007,0.148,17.404
22/07/2019 16.00,22/07/2019 18.00,0.12,0.009,0.143,17.644
22/07/2019 17.00,22/07/2019 19.00,0.066,0.003,0.091,17.571
22/07/2019 18.00,22/07/2019 20.00,0.025,0,0.047,17.274
22/07/2019 19.00,22/07/2019 21.00,0,0,0.006,16.822
22/07/2019 20.00,22/07/2019 22.00,0,0,0,16.501
22/07/2019 21.00,22/07/2019 23.00,0,0,0,16.293
22/07/2019 22.00,23/07/2019 00.00,0,0,0,16.144
22/07/2019 23.00,23/07/2019 01.00,0,0,0,16.042
23/07/2019 00.00,23/07/2019 02.00,0,0,0,15.959
23/07/2019 01.00,23/07/2019 03.00,0,0,0,15.871
23/07/2019 02.00,23/07/2019 04.00,0,0,0,15.697
23/07/2019 03.00,23/07/2019 05.00,0,0,0.015,15.705
23/07/2019 04.00,23/07/2019 06.00,0.031,0,0.054,16.255
23/07/2019 05.00,23/07/2019 07.00,0.117,0.076,0.072,17.014
23/07/2019 06.00,23/07/2019 08.00,0.29,0.259,0.081,18.095
23/07/2019 07.00,23/07/2019 09.00,0.459,0.456,0.088,19.265
23/07/2019 08.00,23/07/2019 10.00,0.597,0.636,0.095,20.405
23/07/2019 09.00,23/07/2019 11.00,0.692,0.772,0.101,21.269
23/07/2019 10.00,23/07/2019 12.00,0.749,0.86,0.104,21.845
23/07/2019 11.00,23/07/2019 13.00,0.763,0.883,0.106,22.112
23/07/2019 12.00,23/07/2019 14.00,0.745,0.858,0.102,22.198
23/07/2019 13.00,23/07/2019 15.00,0.686,0.771,0.097,22.134
23/07/2019 14.00,23/07/2019 16.00,0.583,0.626,0.092,21.874
23/07/2019 15.00,23/07/2019 17.00,0.442,0.445,0.085,21.509
23/07/2019 16.00,23/07/2019 18.00,0.273,0.248,0.077,21.021
23/07/2019 17.00,23/07/2019 19.00,0.106,0.071,0.067,20.3
23/07/2019 18.00,23/07/2019 20.00,0.025,0,0.048,19.026
23/07/2019 19.00,23/07/2019 21.00,0,0,0.009,17.151
23/07/2019 20.00,23/07/2019 22.00,0,0,0,16.298
23/07/2019 21.00,23/07/2019 23.00,0,0,0,15.863
23/07/2019 22.00,24/07/2019 00.00,0,0,0,15.474
23/07/2019 23.00,24/07/2019 01.00,0,0,0,15.332
24/07/2019 00.00,24/07/2019 02.00,0,0,0,15.201
24/07/2019 01.00,24/07/2019 03.00,0,0,0,15.095
24/07/2019 02.00,24/07/2019 04.00,0,0,0,14.816
24/07/2019 03.00,24/07/2019 05.00,0,0,0.014,14.574
24/07/2019 04.00,24/07/2019 06.00,0.029,0,0.052,15.536
24/07/2019 05.00,24/07/2019 07.00,0.117,0.077,0.071,16.784
24/07/2019 06.00,24/07/2019 08.00,0.291,0.26,0.081,18.255
24/07/2019 07.00,24/07/2019 09.00,0.46,0.462,0.088,20.247
24/07/2019 08.00,24/07/2019 10.00,0.598,0.643,0.094,21.543
24/07/2019 09.00,24/07/2019 11.00,0.69,0.776,0.101,22.745
24/07/2019 10.00,24/07/2019 12.00,0.742,0.859,0.106,23.814
24/07/2019 11.00,24/07/2019 13.00,0.754,0.881,0.108,24.614
24/07/2019 12.00,24/07/2019 14.00,0.727,0.84,0.108,25.186
24/07/2019 13.00,24/07/2019 15.00,0.659,0.738,0.107,25.536
24/07/2019 14.00,24/07/2019 16.00,0.552,0.584,0.105,25.682
24/07/2019 15.00,24/07/2019 17.00,0.41,0.397,0.103,25.559
24/07/2019 16.00,24/07/2019 18.00,0.246,0.2,0.1,25.073
24/07/2019 17.00,24/07/2019 19.00,0.099,0.041,0.092,24.116
24/07/2019 18.00,24/07/2019 20.00,0.027,0,0.051,22.669
24/07/2019 19.00,24/07/2019 21.00,0,0,0.007,21.237
24/07/2019 20.00,24/07/2019 22.00,0,0,0,20.19
24/07/2019 21.00,24/07/2019 23.00,0,0,0,19.382
24/07/2019 22.00,25/07/2019 00.00,0,0,0,18.889
24/07/2019 23.00,25/07/2019 01.00,0,0,0,18.631
25/07/2019 00.00,25/07/2019 02.00,0,0,0,18.527
25/07/2019 01.00,25/07/2019 03.00,0,0,0,18.464
25/07/2019 02.00,25/07/2019 04.00,0,0,0,18.382
25/07/2019 03.00,25/07/2019 05.00,0,0,0.012,18.147
25/07/2019 04.00,25/07/2019 06.00,0.034,0,0.058,18.54
25/07/2019 05.00,25/07/2019 07.00,0.105,0.027,0.11,19.286
25/07/2019 06.00,25/07/2019 08.00,0.225,0.126,0.144,20.491
25/07/2019 07.00,25/07/2019 09.00,0.365,0.278,0.158,22.163
25/07/2019 08.00,25/07/2019 10.00,0.503,0.456,0.159,23.5
25/07/2019 09.00,25/07/2019 11.00,0.591,0.576,0.164,24.656
25/07/2019 10.00,25/07/2019 12.00,0.678,0.726,0.148,25.685
25/07/2019 11.00,25/07/2019 13.00,0.705,0.78,0.141,26.477
25/07/2019 12.00,25/07/2019 14.00,0.68,0.746,0.139,27.004
25/07/2019 13.00,25/07/2019 15.00,0.617,0.653,0.137,27.268
25/07/2019 14.00,25/07/2019 16.00,0.517,0.516,0.131,27.227
25/07/2019 15.00,25/07/2019 17.00,0.39,0.356,0.121,26.767
25/07/2019 16.00,25/07/2019 18.00,0.242,0.19,0.107,25.949
25/07/2019 17.00,25/07/2019 19.00,0.102,0.049,0.088,24.763
25/07/2019 18.00,25/07/2019 20.00,0.028,0,0.052,23.178
25/07/2019 19.00,25/07/2019 21.00,0,0,0.007,21.473
25/07/2019 20.00,25/07/2019 22.00,0,0,0,20.423
25/07/2019 21.00,25/07/2019 23.00,0,0,0,19.757
25/07/2019 22.00,26/07/2019 00.00,0,0,0,19.325
25/07/2019 23.00,26/07/2019 01.00,0,0,0,18.921
26/07/2019 00.00,26/07/2019 02.00,0,0,0,18.551
26/07/2019 01.00,26/07/2019 03.00,0,0,0,18.335
26/07/2019 02.00,26/07/2019 04.00,0,0,0,18.161
26/07/2019 03.00,26/07/2019 05.00,0,0,0.01,18.161
26/07/2019 04.00,26/07/2019 06.00,0.027,0,0.05,18.554
26/07/2019 05.00,26/07/2019 07.00,0.082,0.01,0.102,19.115
26/07/2019 06.00,26/07/2019 08.00,0.176,0.056,0.159,19.969
26/07/2019 07.00,26/07/2019 09.00,0.316,0.184,0.191,21.314
26/07/2019 08.00,26/07/2019 10.00,0.46,0.37,0.187,22.949
26/07/2019 09.00,26/07/2019 11.00,0.608,0.606,0.158,24.287
26/07/2019 10.00,26/07/2019 12.00,0.701,0.773,0.135,25.387
26/07/2019 11.00,26/07/2019 13.00,0.735,0.842,0.125,26.136
26/07/2019 12.00,26/07/2019 14.00,0.709,0.804,0.124,26.553
26/07/2019 13.00,26/07/2019 15.00,0.645,0.707,0.122,26.716
26/07/2019 14.00,26/07/2019 16.00,0.542,0.563,0.117,26.69
26/07/2019 15.00,26/07/2019 17.00,0.407,0.388,0.11,26.381
26/07/2019 16.00,26/07/2019 18.00,0.25,0.206,0.1,25.782
26/07/2019 17.00,26/07/2019 19.00,0.102,0.053,0.084,24.855
26/07/2019 18.00,26/07/2019 20.00,0.027,0,0.051,23.286
26/07/2019 19.00,26/07/2019 21.00,0,0,0.006,21.553
26/07/2019 20.00,26/07/2019 22.00,0,0,0,20.67
26/07/2019 21.00,26/07/2019 23.00,0,0,0,20.066
26/07/2019 22.00,27/07/2019 00.00,0,0,0,19.585
26/07/2019 23.00,27/07/2019 01.00,0,0,0,19.041
27/07/2019 00.00,27/07/2019 02.00,0,0,0,18.412
27/07/2019 01.00,27/07/2019 03.00,0,0,0,17.783
27/07/2019 02.00,27/07/2019 04.00,0,0,0,17.29
27/07/2019 03.00,27/07/2019 05.00,0,0,0.011,17.15
27/07/2019 04.00,27/07/2019 06.00,0.031,0,0.054,18.067
27/07/2019 05.00,27/07/2019 07.00,0.113,0.071,0.075,19.133
27/07/2019 06.00,27/07/2019 08.00,0.283,0.249,0.086,20.433
27/07/2019 07.00,27/07/2019 09.00,0.447,0.44,0.096,21.444
27/07/2019 08.00,27/07/2019 10.00,0.577,0.602,0.109,22.229
27/07/2019 09.00,27/07/2019 11.00,0.633,0.655,0.139,22.819
27/07/2019 10.00,27/07/2019 12.00,0.601,0.553,0.196,23.114
27/07/2019 11.00,27/07/2019 13.00,0.568,0.48,0.223,23.347
27/07/2019 12.00,27/07/2019 14.00,0.64,0.638,0.17,23.77
27/07/2019 13.00,27/07/2019 15.00,0.617,0.636,0.14,24.074
27/07/2019 14.00,27/07/2019 16.00,0.536,0.54,0.121,24.177
27/07/2019 15.00,27/07/2019 17.00,0.401,0.373,0.112,24.124
27/07/2019 16.00,27/07/2019 18.00,0.241,0.188,0.106,23.926
27/07/2019 17.00,27/07/2019 19.00,0.096,0.036,0.093,23.375
27/07/2019 18.00,27/07/2019 20.00,0.025,0,0.048,22.458
27/07/2019 19.00,27/07/2019 21.00,0,0,0.005,21.415
27/07/2019 20.00,27/07/2019 22.00,0,0,0,21.013
27/07/2019 21.00,27/07/2019 23.00,0,0,0,20.661
27/07/2019 22.00,28/07/2019 00.00,0,0,0,20.229
27/07/2019 23.00,28/07/2019 01.00,0,0,0,19.887
28/07/2019 00.00,28/07/2019 02.00,0,0,0,19.718
28/07/2019 01.00,28/07/2019 03.00,0,0,0,19.455
28/07/2019 02.00,28/07/2019 04.00,0,0,0,18.985
28/07/2019 03.00,28/07/2019 05.00,0,0,0.011,18.612
28/07/2019 04.00,28/07/2019 06.00,0.035,0,0.059,19.057
28/07/2019 05.00,28/07/2019 07.00,0.115,0.058,0.09,19.778
28/07/2019 06.00,28/07/2019 08.00,0.275,0.221,0.106,20.553
28/07/2019 07.00,28/07/2019 09.00,0.431,0.394,0.121,21.372
28/07/2019 08.00,28/07/2019 10.00,0.548,0.53,0.141,22.107
28/07/2019 09.00,28/07/2019 11.00,0.613,0.595,0.168,22.607
28/07/2019 10.00,28/07/2019 12.00,0.634,0.598,0.197,22.88
28/07/2019 11.00,28/07/2019 13.00,0.6,0.511,0.235,22.932
28/07/2019 12.00,28/07/2019 14.00,0.493,0.32,0.279,22.79
28/07/2019 13.00,28/07/2019 15.00,0.359,0.146,0.283,22.483
28/07/2019 14.00,28/07/2019 16.00,0.244,0.06,0.235,22.107
28/07/2019 15.00,28/07/2019 17.00,0.181,0.034,0.188,21.889
28/07/2019 16.00,28/07/2019 18.00,0.11,0.014,0.13,21.653
28/07/2019 17.00,28/07/2019 19.00,0.05,0.003,0.074,21.224
28/07/2019 18.00,28/07/2019 20.00,0.01,0,0.03,20.629
28/07/2019 19.00,28/07/2019 21.00,0,0,0.003,19.919
28/07/2019 20.00,28/07/2019 22.00,0,0,0,19.423
28/07/2019 21.00,28/07/2019 23.00,0,0,0,18.947
28/07/2019 22.00,29/07/2019 00.00,0,0,0,18.456
28/07/2019 23.00,29/07/2019 01.00,0,0,0,17.985
29/07/2019 00.00,29/07/2019 02.00,0,0,0,17.559
29/07/2019 01.00,29/07/2019 03.00,0,0,0,17.207
29/07/2019 02.00,29/07/2019 04.00,0,0,0,16.936
29/07/2019 03.00,29/07/2019 05.00,0,0,0.01,16.935
29/07/2019 04.00,29/07/2019 06.00,0.036,0,0.06,18.134
29/07/2019 05.00,29/07/2019 07.00,0.112,0.036,0.109,19.07
29/07/2019 06.00,29/07/2019 08.00,0.254,0.166,0.137,20.29
29/07/2019 07.00,29/07/2019 09.00,0.366,0.252,0.184,21.455
29/07/2019 08.00,29/07/2019 10.00,0.308,0.108,0.259,22.087
29/07/2019 09.00,29/07/2019 11.00,0.245,0.044,0.251,22.499
29/07/2019 10.00,29/07/2019 12.00,0.25,0.041,0.261,23.013
29/07/2019 11.00,29/07/2019 13.00,0.307,0.071,0.298,23.709
29/07/2019 12.00,29/07/2019 14.00,0.344,0.108,0.308,24.32
29/07/2019 13.00,29/07/2019 15.00,0.359,0.143,0.292,24.807
29/07/2019 14.00,29/07/2019 16.00,0.333,0.147,0.257,25.182
29/07/2019 15.00,29/07/2019 17.00,0.253,0.094,0.214,25.236
29/07/2019 16.00,29/07/2019 18.00,0.151,0.034,0.157,24.949
29/07/2019 17.00,29/07/2019 19.00,0.063,0.005,0.088,24.288
29/07/2019 18.00,29/07/2019 20.00,0.014,0,0.035,23.001
29/07/2019 19.00,29/07/2019 21.00,0,0,0.003,21.756
29/07/2019 20.00,29/07/2019 22.00,0,0,0,20.962
29/07/2019 21.00,29/07/2019 23.00,0,0,0,20.514
29/07/2019 22.00,30/07/2019 00.00,0,0,0,20.144
29/07/2019 23.00,30/07/2019 01.00,0,0,0,19.77
30/07/2019 00.00,30/07/2019 02.00,0,0,0,19.137
30/07/2019 01.00,30/07/2019 03.00,0,0,0,18.408
30/07/2019 02.00,30/07/2019 04.00,0,0,0,17.839
30/07/2019 03.00,30/07/2019 05.00,0,0,0.008,17.57
30/07/2019 04.00,30/07/2019 06.00,0.032,0,0.056,18.22
30/07/2019 05.00,30/07/2019 07.00,0.105,0.023,0.113,18.783
30/07/2019 06.00,30/07/2019 08.00,0.217,0.1,0.16,19.479
30/07/2019 07.00,30/07/2019 09.00,0.329,0.19,0.199,20.246
30/07/2019 08.00,30/07/2019 10.00,0.405,0.241,0.24,20.872
30/07/2019 09.00,30/07/2019 11.00,0.445,0.256,0.277,21.447
30/07/2019 10.00,30/07/2019 12.00,0.471,0.269,0.299,21.916
30/07/2019 11.00,30/07/2019 13.00,0.469,0.258,0.309,22.324
30/07/2019 12.00,30/07/2019 14.00,0.431,0.211,0.307,22.583
30/07/2019 13.00,30/07/2019 15.00,0.368,0.152,0.289,22.691
30/07/2019 14.00,30/07/2019 16.00,0.288,0.092,0.253,22.647
30/07/2019 15.00,30/07/2019 17.00,0.206,0.049,0.202,22.401
30/07/2019 16.00,30/07/2019 18.00,0.133,0.022,0.147,21.909
30/07/2019 17.00,30/07/2019 19.00,0.06,0.004,0.084,21.197
30/07/2019 18.00,30/07/2019 20.00,0.01,0,0.03,20.344
30/07/2019 19.00,30/07/2019 21.00,0,0,0.002,19.64
30/07/2019 20.00,30/07/2019 22.00,0,0,0,19.375
30/07/2019 21.00,30/07/2019 23.00,0,0,0,19.173
30/07/2019 22.00,31/07/2019 00.00,0,0,0,18.935
30/07/2019 23.00,31/07/2019 01.00,0,0,0,18.655
31/07/2019 00.00,31/07/2019 02.00,0,0,0,18.192
31/07/2019 01.00,31/07/2019 03.00,0,0,0,17.657
31/07/2019 02.00,31/07/2019 04.00,0,0,0,17.236
31/07/2019 03.00,31/07/2019 05.00,0,0,0.006,16.914
31/07/2019 04.00,31/07/2019 06.00,0.032,0,0.056,17.269
31/07/2019 05.00,31/07/2019 07.00,0.109,0.032,0.108,17.827
31/07/2019 06.00,31/07/2019 08.00,0.251,0.163,0.134,18.516
31/07/2019 07.00,31/07/2019 09.00,0.404,0.327,0.15,19.47
31/07/2019 08.00,31/07/2019 10.00,0.508,0.433,0.178,20.448
31/07/2019 09.00,31/07/2019 11.00,0.55,0.448,0.222,21.209
31/07/2019 10.00,31/07/2019 12.00,0.536,0.381,0.272,21.626
31/07/2019 11.00,31/07/2019 13.00,0.446,0.224,0.312,21.707
31/07/2019 12.00,31/07/2019 14.00,0.384,0.151,0.308,21.668
31/07/2019 13.00,31/07/2019 15.00,0.36,0.138,0.291,21.607
31/07/2019 14.00,31/07/2019 16.00,0.265,0.069,0.247,21.325
31/07/2019 15.00,31/07/2019 17.00,0.146,0.019,0.164,20.754
31/07/2019 16.00,31/07/2019 18.00,0.11,0.012,0.13,20.159
31/07/2019 17.00,31/07/2019 19.00,0.04,0.002,0.064,19.328
31/07/2019 18.00,31/07/2019 20.00,0.001,0,0.017,18.482
31/07/2019 19.00,31/07/2019 21.00,0,0,0.001,17.9
31/07/2019 20.00,31/07/2019 22.00,0,0,0,17.513
31/07/2019 21.00,31/07/2019 23.00,0,0,0,17.234
31/07/2019 22.00,01/08/2019 00.00,0,0,0,16.993
31/07/2019 23.00,01/08/2019 01.00,0,0,0,16.756
01/08/2019 00.00,01/08/2019 02.00,0,0,0,16.56
01/08/2019 01.00,01/08/2019 03.00,0,0,0,16.37
01/08/2019 02.00,01/08/2019 04.00,0,0,0,16.203
01/08/2019 03.00,01/08/2019 05.00,0,0,0.003,16.049
01/08/2019 04.00,01/08/2019 06.00,0.012,0,0.032,16.254
01/08/2019 05.00,01/08/2019 07.00,0.059,0.003,0.082,16.551
01/08/2019 06.00,01/08/2019 08.00,0.134,0.019,0.148,16.89
01/08/2019 07.00,01/08/2019 09.00,0.208,0.042,0.206,17.324
01/08/2019 08.00,01/08/2019 10.00,0.244,0.049,0.239,17.725
01/08/2019 09.00,01/08/2019 11.00,0.291,0.065,0.276,18.16
01/08/2019 10.00,01/08/2019 12.00,0.342,0.095,0.306,18.586
01/08/2019 11.00,01/08/2019 13.00,0.425,0.178,0.324,19.136
01/08/2019 12.00,01/08/2019 14.00,0.465,0.247,0.307,19.618
01/08/2019 13.00,01/08/2019 15.00,0.451,0.258,0.278,19.909
01/08/2019 14.00,01/08/2019 16.00,0.377,0.197,0.249,20.052
01/08/2019 15.00,01/08/2019 17.00,0.27,0.108,0.212,19.907
01/08/2019 16.00,01/08/2019 18.00,0.163,0.042,0.159,19.529
01/08/2019 17.00,01/08/2019 19.00,0.07,0.006,0.093,18.95
01/08/2019 18.00,01/08/2019 20.00,0.016,0,0.037,18.051
01/08/2019 19.00,01/08/2019 21.00,0,0,0.002,16.882
01/08/2019 20.00,01/08/2019 22.00,0,0,0,16.279
01/08/2019 21.00,01/08/2019 23.00,0,0,0,15.804
01/08/2019 22.00,02/08/2019 00.00,0,0,0,15.437
01/08/2019 23.00,02/08/2019 01.00,0,0,0,15.283
02/08/2019 00.00,02/08/2019 02.00,0,0,0,15.137
02/08/2019 01.00,02/08/2019 03.00,0,0,0,15.213
02/08/2019 02.00,02/08/2019 04.00,0,0,0,15.156
02/08/2019 03.00,02/08/2019 05.00,0,0,0.006,15.114
02/08/2019 04.00,02/08/2019 06.00,0.027,0,0.049,15.592
02/08/2019 05.00,02/08/2019 07.00,0.102,0.049,0.083,16.535
02/08/2019 06.00,02/08/2019 08.00,0.262,0.214,0.095,17.512
02/08/2019 07.00,02/08/2019 09.00,0.447,0.435,0.093,18.503
02/08/2019 08.00,02/08/2019 10.00,0.59,0.621,0.097,19.425
02/08/2019 09.00,02/08/2019 11.00,0.689,0.76,0.103,20.252
02/08/2019 10.00,02/08/2019 12.00,0.748,0.851,0.106,20.935
02/08/2019 11.00,02/08/2019 13.00,0.763,0.876,0.108,21.44
02/08/2019 12.00,02/08/2019 14.00,0.734,0.832,0.109,21.764
02/08/2019 13.00,02/08/2019 15.00,0.667,0.732,0.106,21.919
02/08/2019 14.00,02/08/2019 16.00,0.556,0.578,0.103,21.874
02/08/2019 15.00,02/08/2019 17.00,0.411,0.393,0.098,21.604
02/08/2019 16.00,02/08/2019 18.00,0.244,0.202,0.09,21.097
02/08/2019 17.00,02/08/2019 19.00,0.091,0.048,0.074,20.403
02/08/2019 18.00,02/08/2019 20.00,0.019,0,0.041,18.997
02/08/2019 19.00,02/08/2019 21.00,0,0,0.002,17.303
02/08/2019 20.00,02/08/2019 22.00,0,0,0,16.561
02/08/2019 21.00,02/08/2019 23.00,0,0,0,16.072
02/08/2019 22.00,03/08/2019 00.00,0,0,0,15.758
02/08/2019 23.00,03/08/2019 01.00,0,0,0,15.536
03/08/2019 00.00,03/08/2019 02.00,0,0,0,15.345
03/08/2019 01.00,03/08/2019 03.00,0,0,0,15.106
03/08/2019 02.00,03/08/2019 04.00,0,0,0,14.873
03/08/2019 03.00,03/08/2019 05.00,0,0,0.006,14.725
03/08/2019 04.00,03/08/2019 06.00,0.026,0,0.048,15.463
03/08/2019 05.00,03/08/2019 07.00,0.102,0.05,0.082,16.988
03/08/2019 06.00,03/08/2019 08.00,0.257,0.202,0.1,17.979
03/08/2019 07.00,03/08/2019 09.00,0.411,0.37,0.114,18.908
03/08/2019 08.00,03/08/2019 10.00,0.587,0.613,0.102,19.904
03/08/2019 09.00,03/08/2019 11.00,0.682,0.746,0.108,20.695
03/08/2019 10.00,03/08/2019 12.00,0.733,0.819,0.116,21.21
03/08/2019 11.00,03/08/2019 13.00,0.742,0.83,0.121,21.51
03/08/2019 12.00,03/08/2019 14.00,0.71,0.777,0.124,21.611
03/08/2019 13.00,03/08/2019 15.00,0.641,0.673,0.126,21.538
03/08/2019 14.00,03/08/2019 16.00,0.484,0.436,0.147,21.126
03/08/2019 15.00,03/08/2019 17.00,0.376,0.319,0.126,20.719
03/08/2019 16.00,03/08/2019 18.00,0.219,0.149,0.114,20.107
03/08/2019 17.00,03/08/2019 19.00,0.086,0.031,0.085,19.245
03/08/2019 18.00,03/08/2019 20.00,0.019,0,0.04,18.013
03/08/2019 19.00,03/08/2019 21.00,0,0,0.002,16.374
03/08/2019 20.00,03/08/2019 22.00,0,0,0,15.589
03/08/2019 21.00,03/08/2019 23.00,0,0,0,15.11
03/08/2019 22.00,04/08/2019 00.00,0,0,0,14.751
03/08/2019 23.00,04/08/2019 01.00,0,0,0,14.456
04/08/2019 00.00,04/08/2019 02.00,0,0,0,14.257
04/08/2019 01.00,04/08/2019 03.00,0,0,0,14.133
04/08/2019 02.00,04/08/2019 04.00,0,0,0,14.043
04/08/2019 03.00,04/08/2019 05.00,0,0,0.005,14.082
04/08/2019 04.00,04/08/2019 06.00,0.027,0,0.049,15.196
04/08/2019 05.00,04/08/2019 07.00,0.098,0.026,0.102,16.223
04/08/2019 06.00,04/08/2019 08.00,0.217,0.114,0.143,16.865
04/08/2019 07.00,04/08/2019 09.00,0.381,0.29,0.155,17.534
04/08/2019 08.00,04/08/2019 10.00,0.493,0.411,0.174,18.127
04/08/2019 09.00,04/08/2019 11.00,0.61,0.567,0.175,18.644
04/08/2019 10.00,04/08/2019 12.00,0.61,0.532,0.211,18.908
04/08/2019 11.00,04/08/2019 13.00,0.608,0.512,0.229,19.026
04/08/2019 12.00,04/08/2019 14.00,0.542,0.401,0.251,18.938
04/08/2019 13.00,04/08/2019 15.00,0.433,0.252,0.259,18.698
04/08/2019 14.00,04/08/2019 16.00,0.358,0.183,0.237,18.334
04/08/2019 15.00,04/08/2019 17.00,0.241,0.087,0.197,17.82
04/08/2019 16.00,04/08/2019 18.00,0.156,0.042,0.148,17.288
04/08/2019 17.00,04/08/2019 19.00,0.067,0.007,0.087,16.689
04/08/2019 18.00,04/08/2019 20.00,0.011,0,0.03,15.976
04/08/2019 19.00,04/08/2019 21.00,0,0,0.001,15.147
04/08/2019 20.00,04/08/2019 22.00,0,0,0,14.84
04/08/2019 21.00,04/08/2019 23.00,0,0,0,14.639
04/08/2019 22.00,05/08/2019 00.00,0,0,0,14.415
04/08/2019 23.00,05/08/2019 01.00,0,0,0,14.182
05/08/2019 00.00,05/08/2019 02.00,0,0,0,13.953
05/08/2019 01.00,05/08/2019 03.00,0,0,0,13.818
05/08/2019 02.00,05/08/2019 04.00,0,0,0,13.798
05/08/2019 03.00,05/08/2019 05.00,0,0,0.004,13.882
05/08/2019 04.00,05/08/2019 06.00,0.02,0,0.041,14.849
05/08/2019 05.00,05/08/2019 07.00,0.08,0.007,0.101,15.898
05/08/2019 06.00,05/08/2019 08.00,0.164,0.036,0.164,16.589
05/08/2019 07.00,05/08/2019 09.00,0.268,0.09,0.224,17.317
05/08/2019 08.00,05/08/2019 10.00,0.314,0.101,0.267,17.964
05/08/2019 09.00,05/08/2019 11.00,0.318,0.082,0.291,18.503
05/08/2019 10.00,05/08/2019 12.00,0.306,0.063,0.297,18.932
05/08/2019 11.00,05/08/2019 13.00,0.273,0.043,0.28,19.133
05/08/2019 12.00,05/08/2019 14.00,0.241,0.031,0.255,19.142
05/08/2019 13.00,05/08/2019 15.00,0.2,0.02,0.219,18.898
05/08/2019 14.00,05/08/2019 16.00,0.147,0.011,0.17,18.52
05/08/2019 15.00,05/08/2019 17.00,0.112,0.008,0.136,18.119
05/08/2019 16.00,05/08/2019 18.00,0.056,0.002,0.08,17.623
05/08/2019 17.00,05/08/2019 19.00,0.015,0,0.035,17.121
05/08/2019 18.00,05/08/2019 20.00,0,0,0.013,16.65
05/08/2019 19.00,05/08/2019 21.00,0,0,0,16.167
05/08/2019 20.00,05/08/2019 22.00,0,0,0,15.962
05/08/2019 21.00,05/08/2019 23.00,0,0,0,15.931
05/08/2019 22.00,06/08/2019 00.00,0,0,0,16.081
05/08/2019 23.00,06/08/2019 01.00,0,0,0,16.145
06/08/2019 00.00,06/08/2019 02.00,0,0,0,16.097
06/08/2019 01.00,06/08/2019 03.00,0,0,0,15.994
06/08/2019 02.00,06/08/2019 04.00,0,0,0,15.765
06/08/2019 03.00,06/08/2019 05.00,0,0,0.003,15.589
06/08/2019 04.00,06/08/2019 06.00,0.022,0,0.043,16.269
06/08/2019 05.00,06/08/2019 07.00,0.089,0.024,0.095,16.919
06/08/2019 06.00,06/08/2019 08.00,0.219,0.134,0.126,17.378
06/08/2019 07.00,06/08/2019 09.00,0.421,0.382,0.113,18.025
06/08/2019 08.00,06/08/2019 10.00,0.566,0.568,0.114,18.77
06/08/2019 09.00,06/08/2019 11.00,0.67,0.713,0.118,19.412
06/08/2019 10.00,06/08/2019 12.00,0.731,0.804,0.121,19.891
06/08/2019 11.00,06/08/2019 13.00,0.742,0.818,0.125,20.19
06/08/2019 12.00,06/08/2019 14.00,0.708,0.762,0.13,20.322
06/08/2019 13.00,06/08/2019 15.00,0.623,0.631,0.137,20.349
06/08/2019 14.00,06/08/2019 16.00,0.504,0.468,0.138,20.277
06/08/2019 15.00,06/08/2019 17.00,0.374,0.319,0.124,20.119
06/08/2019 16.00,06/08/2019 18.00,0.228,0.17,0.103,19.725
06/08/2019 17.00,06/08/2019 19.00,0.085,0.037,0.078,18.958
06/08/2019 18.00,06/08/2019 20.00,0.015,0,0.036,17.591
06/08/2019 19.00,06/08/2019 21.00,0,0,0.001,16.237
06/08/2019 20.00,06/08/2019 22.00,0,0,0,15.762
06/08/2019 21.00,06/08/2019 23.00,0,0,0,15.361
06/08/2019 22.00,07/08/2019 00.00,0,0,0,14.981
06/08/2019 23.00,07/08/2019 01.00,0,0,0,14.695
07/08/2019 00.00,07/08/2019 02.00,0,0,0,14.608
07/08/2019 01.00,07/08/2019 03.00,0,0,0,14.694
07/08/2019 02.00,07/08/2019 04.00,0,0,0,14.904
07/08/2019 03.00,07/08/2019 05.00,0,0,0.002,15.078
07/08/2019 04.00,07/08/2019 06.00,0.014,0,0.034,15.739
07/08/2019 05.00,07/08/2019 07.00,0.052,0.002,0.075,16.338
07/08/2019 06.00,07/08/2019 08.00,0.081,0.005,0.104,16.806
07/08/2019 07.00,07/08/2019 09.00,0.089,0.005,0.114,17.276
07/08/2019 08.00,07/08/2019 10.00,0.1,0.005,0.126,17.703
07/08/2019 09.00,07/08/2019 11.00,0.119,0.006,0.145,18.096
07/08/2019 10.00,07/08/2019 12.00,0.132,0.007,0.159,18.386
07/08/2019 11.00,07/08/2019 13.00,0.139,0.007,0.166,18.584
07/08/2019 12.00,07/08/2019 14.00,0.141,0.008,0.168,18.686
07/08/2019 13.00,07/08/2019 15.00,0.155,0.011,0.18,18.747
07/08/2019 14.00,07/08/2019 16.00,0.163,0.015,0.185,18.763
07/08/2019 15.00,07/08/2019 17.00,0.181,0.029,0.191,18.725
07/08/2019 16.00,07/08/2019 18.00,0.162,0.04,0.159,18.555
07/08/2019 17.00,07/08/2019 19.00,0.084,0.014,0.1,18.052
07/08/2019 18.00,07/08/2019 20.00,0.016,0,0.037,16.957
07/08/2019 19.00,07/08/2019 21.00,0,0,0.001,15.812
07/08/2019 20.00,07/08/2019 22.00,0,0,0,15.469
07/08/2019 21.00,07/08/2019 23.00,0,0,0,15.171
07/08/2019 22.00,08/08/2019 00.00,0,0,0,14.878
07/08/2019 23.00,08/08/2019 01.00,0,0,0,14.603
08/08/2019 00.00,08/08/2019 02.00,0,0,0,14.368
08/08/2019 01.00,08/08/2019 03.00,0,0,0,14.196
08/08/2019 02.00,08/08/2019 04.00,0,0,0,14.13
08/08/2019 03.00,08/08/2019 05.00,0,0,0.002,14.203
08/08/2019 04.00,08/08/2019 06.00,0.022,0,0.044,14.979
08/08/2019 05.00,08/08/2019 07.00,0.092,0.022,0.099,15.795
08/08/2019 06.00,08/08/2019 08.00,0.197,0.085,0.15,16.697
08/08/2019 07.00,08/08/2019 09.00,0.29,0.142,0.197,17.572
08/08/2019 08.00,08/08/2019 10.00,0.368,0.192,0.239,18.169
08/08/2019 09.00,08/08/2019 11.00,0.406,0.202,0.276,18.477
08/08/2019 10.00,08/08/2019 12.00,0.388,0.158,0.298,18.557
08/08/2019 11.00,08/08/2019 13.00,0.374,0.137,0.303,18.613
08/08/2019 12.00,08/08/2019 14.00,0.368,0.136,0.296,18.634
08/08/2019 13.00,08/08/2019 15.00,0.362,0.15,0.275,18.623
08/08/2019 14.00,08/08/2019 16.00,0.348,0.172,0.236,18.546
08/08/2019 15.00,08/08/2019 17.00,0.301,0.169,0.184,18.352
08/08/2019 16.00,08/08/2019 18.00,0.196,0.097,0.137,17.929
08/08/2019 17.00,08/08/2019 19.00,0.08,0.019,0.09,17.247
08/08/2019 18.00,08/08/2019 20.00,0.012,0,0.032,16.258
08/08/2019 19.00,08/08/2019 21.00,0,0,0,15.306
08/08/2019 20.00,08/08/2019 22.00,0,0,0,15.17
08/08/2019 21.00,08/08/2019 23.00,0,0,0,15.055
08/08/2019 22.00,09/08/2019 00.00,0,0,0,15.071
08/08/2019 23.00,09/08/2019 01.00,0,0,0,15.132
09/08/2019 00.00,09/08/2019 02.00,0,0,0,15.172
09/08/2019 01.00,09/08/2019 03.00,0,0,0,15.123
09/08/2019 02.00,09/08/2019 04.00,0,0,0,14.986
09/08/2019 03.00,09/08/2019 05.00,0,0,0.002,14.583
09/08/2019 04.00,09/08/2019 06.00,0.022,0,0.044,14.996
09/08/2019 05.00,09/08/2019 07.00,0.1,0.051,0.079,15.917
09/08/2019 06.00,09/08/2019 08.00,0.273,0.224,0.095,16.493
09/08/2019 07.00,09/08/2019 09.00,0.445,0.414,0.107,17.251
09/08/2019 08.00,09/08/2019 10.00,0.592,0.6,0.115,18.181
09/08/2019 09.00,09/08/2019 11.00,0.671,0.691,0.14,19.105
09/08/2019 10.00,09/08/2019 12.00,0.549,0.407,0.255,19.592
09/08/2019 11.00,09/08/2019 13.00,0.313,0.084,0.285,19.586
09/08/2019 12.00,09/08/2019 14.00,0.243,0.042,0.247,19.635
09/08/2019 13.00,09/08/2019 15.00,0.281,0.071,0.262,19.949
09/08/2019 14.00,09/08/2019 16.00,0.294,0.102,0.247,20.244
09/08/2019 15.00,09/08/2019 17.00,0.172,0.032,0.178,19.97
09/08/2019 16.00,09/08/2019 18.00,0.068,0.005,0.092,19.188
09/08/2019 17.00,09/08/2019 19.00,0.018,0.001,0.038,18.268
09/08/2019 18.00,09/08/2019 20.00,0,0,0.011,17.505
09/08/2019 19.00,09/08/2019 21.00,0,0,0,16.93
09/08/2019 20.00,09/08/2019 22.00,0,0,0,16.556
09/08/2019 21.00,09/08/2019 23.00,0,0,0,16.376
09/08/2019 22.00,10/08/2019 00.00,0,0,0,16.426
09/08/2019 23.00,10/08/2019 01.00,0,0,0,16.621
10/08/2019 00.00,10/08/2019 02.00,0,0,0,16.715
10/08/2019 01.00,10/08/2019 03.00,0,0,0,16.713
10/08/2019 02.00,10/08/2019 04.00,0,0,0,16.879
10/08/2019 03.00,10/08/2019 05.00,0,0,0.001,16.963
10/08/2019 04.00,10/08/2019 06.00,0.01,0,0.029,17.079
10/08/2019 05.00,10/08/2019 07.00,0.076,0.011,0.093,17.664
10/08/2019 06.00,10/08/2019 08.00,0.213,0.114,0.141,18.713
10/08/2019 07.00,10/08/2019 09.00,0.351,0.25,0.165,19.913
10/08/2019 08.00,10/08/2019 10.00,0.473,0.385,0.182,20.594
10/08/2019 09.00,10/08/2019 11.00,0.594,0.551,0.178,20.942
10/08/2019 10.00,10/08/2019 12.00,0.664,0.655,0.176,21.09
10/08/2019 11.00,10/08/2019 13.00,0.661,0.631,0.196,21.108
10/08/2019 12.00,10/08/2019 14.00,0.502,0.337,0.267,20.856
10/08/2019 13.00,10/08/2019 15.00,0.327,0.119,0.268,20.183
10/08/2019 14.00,10/08/2019 16.00,0.272,0.086,0.236,19.488
10/08/2019 15.00,10/08/2019 17.00,0.214,0.063,0.193,18.882
10/08/2019 16.00,10/08/2019 18.00,0.128,0.026,0.135,18.346
10/08/2019 17.00,10/08/2019 19.00,0.052,0.004,0.074,17.807
10/08/2019 18.00,10/08/2019 20.00,0.002,0,0.019,17.396
10/08/2019 19.00,10/08/2019 21.00,0,0,0,17.172
10/08/2019 20.00,10/08/2019 22.00,0,0,0,17.133
10/08/2019 21.00,10/08/2019 23.00,0,0,0,17.231
10/08/2019 22.00,11/08/2019 00.00,0,0,0,17.353
10/08/2019 23.00,11/08/2019 01.00,0,0,0,17.365
11/08/2019 00.00,11/08/2019 02.00,0,0,0,17.237
11/08/2019 01.00,11/08/2019 03.00,0,0,0,17.026
11/08/2019 02.00,11/08/2019 04.00,0,0,0,16.791
11/08/2019 03.00,11/08/2019 05.00,0,0,0.001,16.53
11/08/2019 04.00,11/08/2019 06.00,0.012,0,0.031,16.44
11/08/2019 05.00,11/08/2019 07.00,0.064,0.006,0.084,16.655
11/08/2019 06.00,11/08/2019 08.00,0.129,0.025,0.136,17.031
11/08/2019 07.00,11/08/2019 09.00,0.208,0.056,0.192,17.445
11/08/2019 08.00,11/08/2019 10.00,0.284,0.094,0.239,17.842
11/08/2019 09.00,11/08/2019 11.00,0.34,0.127,0.271,18.189
11/08/2019 10.00,11/08/2019 12.00,0.409,0.191,0.291,18.513
11/08/2019 11.00,11/08/2019 13.00,0.488,0.297,0.283,18.798
11/08/2019 12.00,11/08/2019 14.00,0.524,0.377,0.25,18.972
11/08/2019 13.00,11/08/2019 15.00,0.569,0.502,0.186,19.103
11/08/2019 14.00,11/08/2019 16.00,0.523,0.487,0.14,19.051
11/08/2019 15.00,11/08/2019 17.00,0.395,0.346,0.118,18.793
11/08/2019 16.00,11/08/2019 18.00,0.23,0.171,0.102,18.311
11/08/2019 17.00,11/08/2019 19.00,0.079,0.029,0.078,17.576
11/08/2019 18.00,11/08/2019 20.00,0.01,0,0.029,16.73
11/08/2019 19.00,11/08/2019 21.00,0,0,0,16.138
11/08/2019 20.00,11/08/2019 22.00,0,0,0,15.913
11/08/2019 21.00,11/08/2019 23.00,0,0,0,15.728
11/08/2019 22.00,12/08/2019 00.00,0,0,0,15.629
11/08/2019 23.00,12/08/2019 01.00,0,0,0,15.661
12/08/2019 00.00,12/08/2019 02.00,0,0,0,15.723
12/08/2019 01.00,12/08/2019 03.00,0,0,0,15.779
12/08/2019 02.00,12/08/2019 04.00,0,0,0,15.833
12/08/2019 03.00,12/08/2019 05.00,0,0,0.001,15.76
12/08/2019 04.00,12/08/2019 06.00,0.014,0,0.034,15.843
12/08/2019 05.00,12/08/2019 07.00,0.082,0.021,0.089,16.267
12/08/2019 06.00,12/08/2019 08.00,0.206,0.115,0.129,16.845
12/08/2019 07.00,12/08/2019 09.00,0.348,0.252,0.153,17.452
12/08/2019 08.00,12/08/2019 10.00,0.498,0.433,0.157,18.122
12/08/2019 09.00,12/08/2019 11.00,0.591,0.55,0.166,18.551
12/08/2019 10.00,12/08/2019 12.00,0.673,0.674,0.159,18.862
12/08/2019 11.00,12/08/2019 13.00,0.679,0.675,0.166,18.943
12/08/2019 12.00,12/08/2019 14.00,0.654,0.641,0.165,18.856
12/08/2019 13.00,12/08/2019 15.00,0.609,0.592,0.149,18.674
12/08/2019 14.00,12/08/2019 16.00,0.521,0.491,0.131,18.42
12/08/2019 15.00,12/08/2019 17.00,0.376,0.318,0.122,17.996
12/08/2019 16.00,12/08/2019 18.00,0.204,0.128,0.115,17.4
12/08/2019 17.00,12/08/2019 19.00,0.066,0.013,0.08,16.633
12/08/2019 18.00,12/08/2019 20.00,0.003,0,0.019,15.823
12/08/2019 19.00,12/08/2019 21.00,0,0,0,15.171
12/08/2019 20.00,12/08/2019 22.00,0,0,0,14.765
12/08/2019 21.00,12/08/2019 23.00,0,0,0,14.418
12/08/2019 22.00,13/08/2019 00.00,0,0,0,14.17
12/08/2019 23.00,13/08/2019 01.00,0,0,0,13.865
13/08/2019 00.00,13/08/2019 02.00,0,0,0,13.601
13/08/2019 01.00,13/08/2019 03.00,0,0,0,13.42
13/08/2019 02.00,13/08/2019 04.00,0,0,0,13.253
13/08/2019 03.00,13/08/2019 05.00,0,0,0.001,12.964
13/08/2019 04.00,13/08/2019 06.00,0.015,0,0.035,13.164
13/08/2019 05.00,13/08/2019 07.00,0.089,0.032,0.085,14.171
13/08/2019 06.00,13/08/2019 08.00,0.246,0.179,0.107,14.87
13/08/2019 07.00,13/08/2019 09.00,0.419,0.369,0.117,15.493
13/08/2019 08.00,13/08/2019 10.00,0.553,0.52,0.134,15.972
13/08/2019 09.00,13/08/2019 11.00,0.569,0.484,0.193,16.208
13/08/2019 10.00,13/08/2019 12.00,0.489,0.306,0.268,16.181
13/08/2019 11.00,13/08/2019 13.00,0.394,0.163,0.294,16.016
13/08/2019 12.00,13/08/2019 14.00,0.324,0.098,0.277,15.862
13/08/2019 13.00,13/08/2019 15.00,0.303,0.092,0.258,15.754
13/08/2019 14.00,13/08/2019 16.00,0.289,0.105,0.23,15.67
13/08/2019 15.00,13/08/2019 17.00,0.259,0.117,0.185,15.528
13/08/2019 16.00,13/08/2019 18.00,0.185,0.091,0.13,15.285
13/08/2019 17.00,13/08/2019 19.00,0.073,0.02,0.08,14.823
13/08/2019 18.00,13/08/2019 20.00,0.006,0,0.023,13.994
13/08/2019 19.00,13/08/2019 21.00,0,0,0,13.361
13/08/2019 20.00,13/08/2019 22.00,0,0,0,13.173
13/08/2019 21.00,13/08/2019 23.00,0,0,0,13.031
13/08/2019 22.00,14/08/2019 00.00,0,0,0,12.965
13/08/2019 23.00,14/08/2019 01.00,0,0,0,12.93
14/08/2019 00.00,14/08/2019 02.00,0,0,0,12.851
14/08/2019 01.00,14/08/2019 03.00,0,0,0,12.69
14/08/2019 02.00,14/08/2019 04.00,0,0,0,12.597
14/08/2019 03.00,14/08/2019 05.00,0,0,0,12.435
14/08/2019 04.00,14/08/2019 06.00,0.01,0,0.029,12.426
14/08/2019 05.00,14/08/2019 07.00,0.079,0.02,0.086,13.311
14/08/2019 06.00,14/08/2019 08.00,0.219,0.138,0.119,14.245
14/08/2019 07.00,14/08/2019 09.00,0.389,0.322,0.128,15.111
14/08/2019 08.00,14/08/2019 10.00,0.535,0.497,0.135,15.846
14/08/2019 09.00,14/08/2019 11.00,0.627,0.609,0.147,16.446
14/08/2019 10.00,14/08/2019 12.00,0.676,0.669,0.158,16.877
14/08/2019 11.00,14/08/2019 13.00,0.675,0.656,0.171,17.069
14/08/2019 12.00,14/08/2019 14.00,0.62,0.563,0.187,17.052
14/08/2019 13.00,14/08/2019 15.00,0.535,0.444,0.192,16.916
14/08/2019 14.00,14/08/2019 16.00,0.429,0.319,0.182,16.731
14/08/2019 15.00,14/08/2019 17.00,0.319,0.217,0.153,16.537
14/08/2019 16.00,14/08/2019 18.00,0.197,0.119,0.115,16.237
14/08/2019 17.00,14/08/2019 19.00,0.069,0.022,0.075,15.604
14/08/2019 18.00,14/08/2019 20.00,0.005,0,0.022,14.164
14/08/2019 19.00,14/08/2019 21.00,0,0,0,13.066
14/08/2019 20.00,14/08/2019 22.00,0,0,0,12.791
14/08/2019 21.00,14/08/2019 23.00,0,0,0,12.455
14/08/2019 22.00,15/08/2019 00.00,0,0,0,12.146
14/08/2019 23.00,15/08/2019 01.00,0,0,0,12.014
15/08/2019 00.00,15/08/2019 02.00,0,0,0,12.23
15/08/2019 01.00,15/08/2019 03.00,0,0,0,12.365
15/08/2019 02.00,15/08/2019 04.00,0,0,0,12.788
15/08/2019 03.00,15/08/2019 05.00,0,0,0,13.079
15/08/2019 04.00,15/08/2019 06.00,0.006,0,0.023,13.413
15/08/2019 05.00,15/08/2019 07.00,0.07,0.009,0.087,14.016
15/08/2019 06.00,15/08/2019 08.00,0.209,0.106,0.14,14.788
15/08/2019 07.00,15/08/2019 09.00,0.357,0.247,0.166,15.517
15/08/2019 08.00,15/08/2019 10.00,0.481,0.375,0.189,16.251
15/08/2019 09.00,15/08/2019 11.00,0.534,0.404,0.23,16.656
15/08/2019 10.00,15/08/2019 12.00,0.465,0.255,0.291,16.727
15/08/2019 11.00,15/08/2019 13.00,0.373,0.127,0.307,16.795
15/08/2019 12.00,15/08/2019 14.00,0.24,0.037,0.245,16.814
15/08/2019 13.00,15/08/2019 15.00,0.167,0.016,0.186,16.991
15/08/2019 14.00,15/08/2019 16.00,0.135,0.012,0.156,17.317
15/08/2019 15.00,15/08/2019 17.00,0.118,0.012,0.138,17.635
15/08/2019 16.00,15/08/2019 18.00,0.084,0.008,0.105,17.769
15/08/2019 17.00,15/08/2019 19.00,0.036,0.002,0.058,17.485
15/08/2019 18.00,15/08/2019 20.00,0,0,0.013,16.635
15/08/2019 19.00,15/08/2019 21.00,0,0,0,16.095
15/08/2019 20.00,15/08/2019 22.00,0,0,0,15.89
15/08/2019 21.00,15/08/2019 23.00,0,0,0,15.594
15/08/2019 22.00,16/08/2019 00.00,0,0,0,15.266
15/08/2019 23.00,16/08/2019 01.00,0,0,0,15.029
16/08/2019 00.00,16/08/2019 02.00,0,0,0,15.013
16/08/2019 01.00,16/08/2019 03.00,0,0,0,15.199
16/08/2019 02.00,16/08/2019 04.00,0,0,0,15.378
16/08/2019 03.00,16/08/2019 05.00,0,0,0,15.314
16/08/2019 04.00,16/08/2019 06.00,0.008,0,0.027,15.367
16/08/2019 05.00,16/08/2019 07.00,0.071,0.013,0.085,15.596
16/08/2019 06.00,16/08/2019 08.00,0.179,0.076,0.138,15.725
16/08/2019 07.00,16/08/2019 09.00,0.292,0.159,0.18,15.972
16/08/2019 08.00,16/08/2019 10.00,0.398,0.258,0.206,16.426
16/08/2019 09.00,16/08/2019 11.00,0.632,0.614,0.152,17.115
16/08/2019 10.00,16/08/2019 12.00,0.754,0.827,0.121,17.692
16/08/2019 11.00,16/08/2019 13.00,0.765,0.839,0.128,17.991
16/08/2019 12.00,16/08/2019 14.00,0.593,0.502,0.213,17.846
16/08/2019 13.00,16/08/2019 15.00,0.288,0.088,0.249,17.209
16/08/2019 14.00,16/08/2019 16.00,0.18,0.031,0.185,16.647
16/08/2019 15.00,16/08/2019 17.00,0.207,0.064,0.182,16.657
16/08/2019 16.00,16/08/2019 18.00,0.156,0.057,0.133,16.641
16/08/2019 17.00,16/08/2019 19.00,0.052,0.006,0.071,16.118
16/08/2019 18.00,16/08/2019 20.00,0,0,0.012,15.21
16/08/2019 19.00,16/08/2019 21.00,0,0,0,14.913
16/08/2019 20.00,16/08/2019 22.00,0,0,0,14.887
16/08/2019 21.00,16/08/2019 23.00,0,0,0,14.853
16/08/2019 22.00,17/08/2019 00.00,0,0,0,14.803
16/08/2019 23.00,17/08/2019 01.00,0,0,0,14.82
17/08/2019 00.00,17/08/2019 02.00,0,0,0,14.867
17/08/2019 01.00,17/08/2019 03.00,0,0,0,14.883
17/08/2019 02.00,17/08/2019 04.00,0,0,0,15.065
17/08/2019 03.00,17/08/2019 05.00,0,0,0,15.272
17/08/2019 04.00,17/08/2019 06.00,0,0,0.005,15.275
17/08/2019 05.00,17/08/2019 07.00,0.003,0,0.019,15.429
17/08/2019 06.00,17/08/2019 08.00,0.033,0.002,0.055,15.617
17/08/2019 07.00,17/08/2019 09.00,0.121,0.013,0.139,16.082
17/08/2019 08.00,17/08/2019 10.00,0.224,0.045,0.219,16.853
17/08/2019 09.00,17/08/2019 11.00,0.249,0.051,0.242,17.572
17/08/2019 10.00,17/08/2019 12.00,0.326,0.097,0.285,18.401
17/08/2019 11.00,17/08/2019 13.00,0.403,0.179,0.296,19.159
17/08/2019 12.00,17/08/2019 14.00,0.567,0.452,0.235,19.759
17/08/2019 13.00,17/08/2019 15.00,0.6,0.563,0.17,19.896
17/08/2019 14.00,17/08/2019 16.00,0.451,0.36,0.176,19.432
17/08/2019 15.00,17/08/2019 17.00,0.35,0.269,0.142,18.897
17/08/2019 16.00,17/08/2019 18.00,0.209,0.14,0.109,18.242
17/08/2019 17.00,17/08/2019 19.00,0.067,0.021,0.074,17.357
17/08/2019 18.00,17/08/2019 20.00,0.002,0,0.018,15.932
17/08/2019 19.00,17/08/2019 21.00,0,0,0,14.781
17/08/2019 20.00,17/08/2019 22.00,0,0,0,14.367
17/08/2019 21.00,17/08/2019 23.00,0,0,0,14.095
17/08/2019 22.00,18/08/2019 00.00,0,0,0,13.876
17/08/2019 23.00,18/08/2019 01.00,0,0,0,13.732
18/08/2019 00.00,18/08/2019 02.00,0,0,0,13.558
18/08/2019 01.00,18/08/2019 03.00,0,0,0,13.406
18/08/2019 02.00,18/08/2019 04.00,0,0,0,13.298
18/08/2019 03.00,18/08/2019 05.00,0,0,0,13.196
18/08/2019 04.00,18/08/2019 06.00,0.008,0,0.027,13.624
18/08/2019 05.00,18/08/2019 07.00,0.068,0.013,0.081,15.153
18/08/2019 06.00,18/08/2019 08.00,0.174,0.075,0.134,15.969
18/08/2019 07.00,18/08/2019 09.00,0.338,0.235,0.159,17.134
18/08/2019 08.00,18/08/2019 10.00,0.454,0.353,0.183,18.106
18/08/2019 09.00,18/08/2019 11.00,0.497,0.37,0.221,18.701
18/08/2019 10.00,18/08/2019 12.00,0.508,0.35,0.256,18.942
18/08/2019 11.00,18/08/2019 13.00,0.424,0.214,0.286,18.674
18/08/2019 12.00,18/08/2019 14.00,0.364,0.146,0.281,18.29
18/08/2019 13.00,18/08/2019 15.00,0.326,0.123,0.259,18.04
18/08/2019 14.00,18/08/2019 16.00,0.282,0.105,0.226,17.882
18/08/2019 15.00,18/08/2019 17.00,0.2,0.062,0.176,17.482
18/08/2019 16.00,18/08/2019 18.00,0.139,0.045,0.128,17.084
18/08/2019 17.00,18/08/2019 19.00,0.059,0.012,0.073,16.551
18/08/2019 18.00,18/08/2019 20.00,0,0,0.016,15.522
18/08/2019 19.00,18/08/2019 21.00,0,0,0,14.845
18/08/2019 20.00,18/08/2019 22.00,0,0,0,14.498
18/08/2019 21.00,18/08/2019 23.00,0,0,0,14.207
18/08/2019 22.00,19/08/2019 00.00,0,0,0,13.973
18/08/2019 23.00,19/08/2019 01.00,0,0,0,13.805
19/08/2019 00.00,19/08/2019 02.00,0,0,0,13.694
19/08/2019 01.00,19/08/2019 03.00,0,0,0,13.634
19/08/2019 02.00,19/08/2019 04.00,0,0,0,13.667
19/08/2019 03.00,19/08/2019 05.00,0,0,0,13.761
19/08/2019 04.00,19/08/2019 06.00,0.006,0,0.024,13.999
19/08/2019 05.00,19/08/2019 07.00,0.074,0.028,0.073,14.699
19/08/2019 06.00,19/08/2019 08.00,0.22,0.157,0.102,15.686
19/08/2019 07.00,19/08/2019 09.00,0.382,0.327,0.118,16.814
19/08/2019 08.00,19/08/2019 10.00,0.518,0.485,0.13,17.759
19/08/2019 09.00,19/08/2019 11.00,0.613,0.603,0.142,18.303
19/08/2019 10.00,19/08/2019 12.00,0.663,0.663,0.152,18.44
19/08/2019 11.00,19/08/2019 13.00,0.666,0.656,0.163,18.38
19/08/2019 12.00,19/08/2019 14.00,0.616,0.573,0.175,18.191
19/08/2019 13.00,19/08/2019 15.00,0.543,0.477,0.173,18.008
19/08/2019 14.00,19/08/2019 16.00,0.453,0.378,0.155,17.841
19/08/2019 15.00,19/08/2019 17.00,0.331,0.254,0.132,17.682
19/08/2019 16.00,19/08/2019 18.00,0.186,0.118,0.105,17.353
19/08/2019 17.00,19/08/2019 19.00,0.056,0.016,0.067,16.661
19/08/2019 18.00,19/08/2019 20.00,0,0,0.013,15.674
19/08/2019 19.00,19/08/2019 21.00,0,0,0,15.055
19/08/2019 20.00,19/08/2019 22.00,0,0,0,14.805
19/08/2019 21.00,19/08/2019 23.00,0,0,0,14.579
19/08/2019 22.00,20/08/2019 00.00,0,0,0,14.335
19/08/2019 23.00,20/08/2019 01.00,0,0,0,14.068
20/08/2019 00.00,20/08/2019 02.00,0,0,0,13.797
20/08/2019 01.00,20/08/2019 03.00,0,0,0,13.555
20/08/2019 02.00,20/08/2019 04.00,0,0,0,13.364
20/08/2019 03.00,20/08/2019 05.00,0,0,0,13.199
20/08/2019 04.00,20/08/2019 06.00,0.004,0,0.021,13.398
20/08/2019 05.00,20/08/2019 07.00,0.073,0.03,0.07,14.482
20/08/2019 06.00,20/08/2019 08.00,0.221,0.162,0.098,15.454
20/08/2019 07.00,20/08/2019 09.00,0.376,0.318,0.119,16.56
20/08/2019 08.00,20/08/2019 10.00,0.508,0.469,0.133,17.388
20/08/2019 09.00,20/08/2019 11.00,0.61,0.598,0.141,17.974
20/08/2019 10.00,20/08/2019 12.00,0.674,0.687,0.144,18.4
20/08/2019 11.00,20/08/2019 13.00,0.694,0.718,0.144,18.61
20/08/2019 12.00,20/08/2019 14.00,0.664,0.672,0.145,18.563
20/08/2019 13.00,20/08/2019 15.00,0.591,0.57,0.144,18.313
20/08/2019 14.00,20/08/2019 16.00,0.477,0.425,0.139,17.959
20/08/2019 15.00,20/08/2019 17.00,0.336,0.268,0.125,17.596
20/08/2019 16.00,20/08/2019 18.00,0.186,0.122,0.101,17.158
20/08/2019 17.00,20/08/2019 19.00,0.054,0.016,0.064,16.406
20/08/2019 18.00,20/08/2019 20.00,0,0,0.012,15.041
20/08/2019 19.00,20/08/2019 21.00,0,0,0,14.269
20/08/2019 20.00,20/08/2019 22.00,0,0,0,13.914
20/08/2019 21.00,20/08/2019 23.00,0,0,0,13.567
20/08/2019 22.00,21/08/2019 00.00,0,0,0,13.269
20/08/2019 23.00,21/08/2019 01.00,0,0,0,12.992
21/08/2019 00.00,21/08/2019 02.00,0,0,0,12.678
21/08/2019 01.00,21/08/2019 03.00,0,0,0,12.547
21/08/2019 02.00,21/08/2019 04.00,0,0,0,12.51
21/08/2019 03.00,21/08/2019 05.00,0,0,0,12.371
21/08/2019 04.00,21/08/2019 06.00,0.003,0,0.019,12.349
21/08/2019 05.00,21/08/2019 07.00,0.07,0.034,0.063,13.674
21/08/2019 06.00,21/08/2019 08.00,0.236,0.195,0.08,14.533
21/08/2019 07.00,21/08/2019 09.00,0.422,0.403,0.086,15.176
21/08/2019 08.00,21/08/2019 10.00,0.573,0.589,0.093,15.814
21/08/2019 09.00,21/08/2019 11.00,0.677,0.727,0.099,16.458
21/08/2019 10.00,21/08/2019 12.00,0.749,0.838,0.099,17.08
21/08/2019 11.00,21/08/2019 13.00,0.766,0.865,0.1,17.553
21/08/2019 12.00,21/08/2019 14.00,0.736,0.822,0.1,17.859
21/08/2019 13.00,21/08/2019 15.00,0.663,0.716,0.097,18.007
21/08/2019 14.00,21/08/2019 16.00,0.542,0.554,0.094,17.982
21/08/2019 15.00,21/08/2019 17.00,0.382,0.356,0.09,17.744
21/08/2019 16.00,21/08/2019 18.00,0.201,0.159,0.081,17.306
21/08/2019 17.00,21/08/2019 19.00,0.051,0.019,0.058,16.492
21/08/2019 18.00,21/08/2019 20.00,0,0,0.011,14.874
21/08/2019 19.00,21/08/2019 21.00,0,0,0,14.07
21/08/2019 20.00,21/08/2019 22.00,0,0,0,13.746
21/08/2019 21.00,21/08/2019 23.00,0,0,0,13.53
21/08/2019 22.00,22/08/2019 00.00,0,0,0,13.47
21/08/2019 23.00,22/08/2019 01.00,0,0,0,13.633
22/08/2019 00.00,22/08/2019 02.00,0,0,0,13.907
22/08/2019 01.00,22/08/2019 03.00,0,0,0,14.038
22/08/2019 02.00,22/08/2019 04.00,0,0,0,14.126
22/08/2019 03.00,22/08/2019 05.00,0,0,0,14.137
22/08/2019 04.00,22/08/2019 06.00,0,0,0.012,14.2
22/08/2019 05.00,22/08/2019 07.00,0.044,0.003,0.065,14.661
22/08/2019 06.00,22/08/2019 08.00,0.145,0.038,0.139,15.509
22/08/2019 07.00,22/08/2019 09.00,0.205,0.054,0.189,16.654
22/08/2019 08.00,22/08/2019 10.00,0.178,0.025,0.19,17.35
22/08/2019 09.00,22/08/2019 11.00,0.147,0.012,0.169,17.651
22/08/2019 10.00,22/08/2019 12.00,0.15,0.011,0.173,17.893
22/08/2019 11.00,22/08/2019 13.00,0.156,0.012,0.179,18.077
22/08/2019 12.00,22/08/2019 14.00,0.171,0.016,0.192,18.288
22/08/2019 13.00,22/08/2019 15.00,0.198,0.026,0.212,18.409
22/08/2019 14.00,22/08/2019 16.00,0.202,0.037,0.205,18.331
22/08/2019 15.00,22/08/2019 17.00,0.192,0.051,0.18,18.213
22/08/2019 16.00,22/08/2019 18.00,0.136,0.04,0.129,17.836
22/08/2019 17.00,22/08/2019 19.00,0.048,0.006,0.067,17.15
22/08/2019 18.00,22/08/2019 20.00,0,0,0.009,16.23
22/08/2019 19.00,22/08/2019 21.00,0,0,0,15.77
22/08/2019 20.00,22/08/2019 22.00,0,0,0,15.67
22/08/2019 21.00,22/08/2019 23.00,0,0,0,15.54
22/08/2019 22.00,23/08/2019 00.00,0,0,0,15.42
22/08/2019 23.00,23/08/2019 01.00,0,0,0,15.446
23/08/2019 00.00,23/08/2019 02.00,0,0,0,15.507
23/08/2019 01.00,23/08/2019 03.00,0,0,0,15.579
23/08/2019 02.00,23/08/2019 04.00,0,0,0,15.693
23/08/2019 03.00,23/08/2019 05.00,0,0,0,15.849
23/08/2019 04.00,23/08/2019 06.00,0,0,0.011,16.026
23/08/2019 05.00,23/08/2019 07.00,0.044,0.006,0.062,16.499
23/08/2019 06.00,23/08/2019 08.00,0.18,0.104,0.113,17.426
23/08/2019 07.00,23/08/2019 09.00,0.363,0.308,0.118,18.607
23/08/2019 08.00,23/08/2019 10.00,0.495,0.46,0.131,19.47
23/08/2019 09.00,23/08/2019 11.00,0.578,0.556,0.148,20.051
23/08/2019 10.00,23/08/2019 12.00,0.642,0.644,0.15,20.462
23/08/2019 11.00,23/08/2019 13.00,0.685,0.721,0.139,20.677
23/08/2019 12.00,23/08/2019 14.00,0.681,0.728,0.126,20.695
23/08/2019 13.00,23/08/2019 15.00,0.633,0.671,0.112,20.548
23/08/2019 14.00,23/08/2019 16.00,0.53,0.54,0.1,20.261
23/08/2019 15.00,23/08/2019 17.00,0.379,0.357,0.09,19.816
23/08/2019 16.00,23/08/2019 18.00,0.203,0.166,0.078,19.198
23/08/2019 17.00,23/08/2019 19.00,0.048,0.02,0.055,18.246
23/08/2019 18.00,23/08/2019 20.00,0,0,0.009,16.555
23/08/2019 19.00,23/08/2019 21.00,0,0,0,15.63
23/08/2019 20.00,23/08/2019 22.00,0,0,0,15.27
23/08/2019 21.00,23/08/2019 23.00,0,0,0,14.925
23/08/2019 22.00,24/08/2019 00.00,0,0,0,14.657
23/08/2019 23.00,24/08/2019 01.00,0,0,0,14.483
24/08/2019 00.00,24/08/2019 02.00,0,0,0,14.437
24/08/2019 01.00,24/08/2019 03.00,0,0,0,14.465
24/08/2019 02.00,24/08/2019 04.00,0,0,0,14.508
24/08/2019 03.00,24/08/2019 05.00,0,0,0,14.483
24/08/2019 04.00,24/08/2019 06.00,0,0,0.015,14.557
24/08/2019 05.00,24/08/2019 07.00,0.064,0.032,0.059,16.038
24/08/2019 06.00,24/08/2019 08.00,0.218,0.175,0.084,17.267
24/08/2019 07.00,24/08/2019 09.00,0.38,0.345,0.101,18.703
24/08/2019 08.00,24/08/2019 10.00,0.519,0.514,0.111,20.09
24/08/2019 09.00,24/08/2019 11.00,0.63,0.668,0.113,21.2
24/08/2019 10.00,24/08/2019 12.00,0.706,0.789,0.109,22.156
24/08/2019 11.00,24/08/2019 13.00,0.733,0.84,0.105,22.89
24/08/2019 12.00,24/08/2019 14.00,0.707,0.805,0.102,23.385
24/08/2019 13.00,24/08/2019 15.00,0.637,0.704,0.099,23.625
24/08/2019 14.00,24/08/2019 16.00,0.523,0.548,0.094,23.593
24/08/2019 15.00,24/08/2019 17.00,0.358,0.337,0.092,23.214
24/08/2019 16.00,24/08/2019 18.00,0.188,0.15,0.08,22.432
24/08/2019 17.00,24/08/2019 19.00,0.044,0.016,0.053,21.053
24/08/2019 18.00,24/08/2019 20.00,0,0,0.008,19.114
24/08/2019 19.00,24/08/2019 21.00,0,0,0,18.056
24/08/2019 20.00,24/08/2019 22.00,0,0,0,17.046
24/08/2019 21.00,24/08/2019 23.00,0,0,0,16.085
24/08/2019 22.00,25/08/2019 00.00,0,0,0,15.392
24/08/2019 23.00,25/08/2019 01.00,0,0,0,14.873
25/08/2019 00.00,25/08/2019 02.00,0,0,0,14.422
25/08/2019 01.00,25/08/2019 03.00,0,0,0,14.036
25/08/2019 02.00,25/08/2019 04.00,0,0,0,13.729
25/08/2019 03.00,25/08/2019 05.00,0,0,0,13.473
25/08/2019 04.00,25/08/2019 06.00,0,0,0.013,13.59
25/08/2019 05.00,25/08/2019 07.00,0.064,0.035,0.055,15.516
25/08/2019 06.00,25/08/2019 08.00,0.234,0.203,0.073,16.928
25/08/2019 07.00,25/08/2019 09.00,0.414,0.406,0.082,18.669
25/08/2019 08.00,25/08/2019 10.00,0.561,0.594,0.089,20.542
25/08/2019 09.00,25/08/2019 11.00,0.663,0.738,0.096,21.92
25/08/2019 10.00,25/08/2019 12.00,0.717,0.819,0.102,23.116
25/08/2019 11.00,25/08/2019 13.00,0.717,0.817,0.109,23.987
25/08/2019 12.00,25/08/2019 14.00,0.676,0.752,0.115,24.529
25/08/2019 13.00,25/08/2019 15.00,0.598,0.635,0.116,24.841
25/08/2019 14.00,25/08/2019 16.00,0.475,0.467,0.115,24.843
25/08/2019 15.00,25/08/2019 17.00,0.326,0.286,0.108,24.476
25/08/2019 16.00,25/08/2019 18.00,0.167,0.118,0.09,23.745
25/08/2019 17.00,25/08/2019 19.00,0.04,0.012,0.054,21.875
25/08/2019 18.00,25/08/2019 20.00,0,0,0.006,19.843
25/08/2019 19.00,25/08/2019 21.00,0,0,0,18.831
25/08/2019 20.00,25/08/2019 22.00,0,0,0,18.05
25/08/2019 21.00,25/08/2019 23.00,0,0,0,17.303
25/08/2019 22.00,26/08/2019 00.00,0,0,0,16.683
25/08/2019 23.00,26/08/2019 01.00,0,0,0,16.171
26/08/2019 00.00,26/08/2019 02.00,0,0,0,15.751
26/08/2019 01.00,26/08/2019 03.00,0,0,0,15.388
26/08/2019 02.00,26/08/2019 04.00,0,0,0,15.077
26/08/2019 03.00,26/08/2019 05.00,0,0,0,14.756
26/08/2019 04.00,26/08/2019 06.00,0,0,0.012,14.722
26/08/2019 05.00,26/08/2019 07.00,0.06,0.03,0.057,16.55
26/08/2019 06.00,26/08/2019 08.00,0.221,0.184,0.079,18.099
26/08/2019 07.00,26/08/2019 09.00,0.396,0.38,0.089,19.831
26/08/2019 08.00,26/08/2019 10.00,0.541,0.562,0.098,21.7
26/08/2019 09.00,26/08/2019 11.00,0.635,0.689,0.107,23.03
26/08/2019 10.00,26/08/2019 12.00,0.69,0.771,0.113,24.033
26/08/2019 11.00,26/08/2019 13.00,0.701,0.789,0.117,24.736
26/08/2019 12.00,26/08/2019 14.00,0.662,0.727,0.121,25.173
26/08/2019 13.00,26/08/2019 15.00,0.59,0.624,0.119,25.396
26/08/2019 14.00,26/08/2019 16.00,0.477,0.474,0.113,25.374
26/08/2019 15.00,26/08/2019 17.00,0.33,0.296,0.104,25.013
26/08/2019 16.00,26/08/2019 18.00,0.167,0.121,0.088,24.155
26/08/2019 17.00,26/08/2019 19.00,0.037,0.01,0.053,22.671
26/08/2019 18.00,26/08/2019 20.00,0,0,0.005,20.962
26/08/2019 19.00,26/08/2019 21.00,0,0,0,20.11
26/08/2019 20.00,26/08/2019 22.00,0,0,0,19.4
26/08/2019 21.00,26/08/2019 23.00,0,0,0,18.785
26/08/2019 22.00,27/08/2019 00.00,0,0,0,18.306
26/08/2019 23.00,27/08/2019 01.00,0,0,0,17.832
27/08/2019 00.00,27/08/2019 02.00,0,0,0,17.464
27/08/2019 01.00,27/08/2019 03.00,0,0,0,17.159
27/08/2019 02.00,27/08/2019 04.00,0,0,0,16.894
27/08/2019 03.00,27/08/2019 05.00,0,0,0,16.609
27/08/2019 04.00,27/08/2019 06.00,0,0,0.01,16.543
27/08/2019 05.00,27/08/2019 07.00,0.053,0.017,0.063,17.64
27/08/2019 06.00,27/08/2019 08.00,0.194,0.136,0.098,18.633
27/08/2019 07.00,27/08/2019 09.00,0.363,0.316,0.113,19.996
27/08/2019 08.00,27/08/2019 10.00,0.506,0.492,0.121,21.88
27/08/2019 09.00,27/08/2019 11.00,0.603,0.622,0.131,23.459
27/08/2019 10.00,27/08/2019 12.00,0.635,0.654,0.149,24.413
27/08/2019 11.00,27/08/2019 13.00,0.637,0.651,0.159,25.016
27/08/2019 12.00,27/08/2019 14.00,0.581,0.556,0.174,25.235
27/08/2019 13.00,27/08/2019 15.00,0.488,0.417,0.183,25.169
27/08/2019 14.00,27/08/2019 16.00,0.347,0.234,0.185,24.855
27/08/2019 15.00,27/08/2019 17.00,0.218,0.111,0.156,24.318
27/08/2019 16.00,27/08/2019 18.00,0.121,0.048,0.108,23.547
27/08/2019 17.00,27/08/2019 19.00,0.029,0.004,0.049,22.359
27/08/2019 18.00,27/08/2019 20.00,0,0,0.004,21.037
27/08/2019 19.00,27/08/2019 21.00,0,0,0,20.397
27/08/2019 20.00,27/08/2019 22.00,0,0,0,19.967
27/08/2019 21.00,27/08/2019 23.00,0,0,0,19.733
27/08/2019 22.00,28/08/2019 00.00,0,0,0,19.645
27/08/2019 23.00,28/08/2019 01.00,0,0,0,19.49
28/08/2019 00.00,28/08/2019 02.00,0,0,0,19.231
28/08/2019 01.00,28/08/2019 03.00,0,0,0,18.91
28/08/2019 02.00,28/08/2019 04.00,0,0,0,18.549
28/08/2019 03.00,28/08/2019 05.00,0,0,0,18.282
28/08/2019 04.00,28/08/2019 06.00,0,0,0.005,18.213
28/08/2019 05.00,28/08/2019 07.00,0.016,0.001,0.037,18.532
28/08/2019 06.00,28/08/2019 08.00,0.06,0.006,0.082,19.063
28/08/2019 07.00,28/08/2019 09.00,0.125,0.018,0.141,19.873
28/08/2019 08.00,28/08/2019 10.00,0.199,0.042,0.2,20.888
28/08/2019 09.00,28/08/2019 11.00,0.283,0.086,0.253,21.934
28/08/2019 10.00,28/08/2019 12.00,0.328,0.116,0.276,22.727
28/08/2019 11.00,28/08/2019 13.00,0.38,0.169,0.289,23.371
28/08/2019 12.00,28/08/2019 14.00,0.367,0.164,0.278,23.87
28/08/2019 13.00,28/08/2019 15.00,0.334,0.148,0.255,24.236
28/08/2019 14.00,28/08/2019 16.00,0.272,0.112,0.218,24.451
28/08/2019 15.00,28/08/2019 17.00,0.197,0.073,0.17,24.454
28/08/2019 16.00,28/08/2019 18.00,0.11,0.032,0.113,24
28/08/2019 17.00,28/08/2019 19.00,0.026,0.002,0.048,22.618
28/08/2019 18.00,28/08/2019 20.00,0,0,0.003,21.096
28/08/2019 19.00,28/08/2019 21.00,0,0,0,20.23
28/08/2019 20.00,28/08/2019 22.00,0,0,0,19.593
28/08/2019 21.00,28/08/2019 23.00,0,0,0,19.15
28/08/2019 22.00,29/08/2019 00.00,0,0,0,18.867
28/08/2019 23.00,29/08/2019 01.00,0,0,0,18.728
29/08/2019 00.00,29/08/2019 02.00,0,0,0,18.69
29/08/2019 01.00,29/08/2019 03.00,0,0,0,18.599
29/08/2019 02.00,29/08/2019 04.00,0,0,0,18.333
29/08/2019 03.00,29/08/2019 05.00,0,0,0,17.99
29/08/2019 04.00,29/08/2019 06.00,0,0,0.003,17.723
29/08/2019 05.00,29/08/2019 07.00,0.005,0,0.022,17.797
29/08/2019 06.00,29/08/2019 08.00,0.045,0.004,0.067,18.341
29/08/2019 07.00,29/08/2019 09.00,0.179,0.053,0.165,19.059
29/08/2019 08.00,29/08/2019 10.00,0.353,0.213,0.204,19.823
29/08/2019 09.00,29/08/2019 11.00,0.492,0.392,0.199,20.459
29/08/2019 10.00,29/08/2019 12.00,0.657,0.661,0.157,20.941
29/08/2019 11.00,29/08/2019 13.00,0.634,0.609,0.177,20.928
29/08/2019 12.00,29/08/2019 14.00,0.552,0.462,0.208,20.601
29/08/2019 13.00,29/08/2019 15.00,0.379,0.222,0.226,19.969
29/08/2019 14.00,29/08/2019 16.00,0.434,0.353,0.161,19.52
29/08/2019 15.00,29/08/2019 17.00,0.322,0.256,0.123,19.027
29/08/2019 16.00,29/08/2019 18.00,0.171,0.113,0.094,18.434
29/08/2019 17.00,29/08/2019 19.00,0.03,0.004,0.049,17.409
29/08/2019 18.00,29/08/2019 20.00,0,0,0.002,16.374
29/08/2019 19.00,29/08/2019 21.00,0,0,0,16.13
29/08/2019 20.00,29/08/2019 22.00,0,0,0,15.56
29/08/2019 21.00,29/08/2019 23.00,0,0,0,14.899
29/08/2019 22.00,30/08/2019 00.00,0,0,0,14.606
29/08/2019 23.00,30/08/2019 01.00,0,0,0,14.423
30/08/2019 00.00,30/08/2019 02.00,0,0,0,14.264
30/08/2019 01.00,30/08/2019 03.00,0,0,0,14.261
30/08/2019 02.00,30/08/2019 04.00,0,0,0,14.332
30/08/2019 03.00,30/08/2019 05.00,0,0,0,14.405
30/08/2019 04.00,30/08/2019 06.00,0,0,0.005,14.605
30/08/2019 05.00,30/08/2019 07.00,0.019,0.001,0.038,15.425
30/08/2019 06.00,30/08/2019 08.00,0.1,0.021,0.109,16.19
30/08/2019 07.00,30/08/2019 09.00,0.256,0.125,0.176,17.403
30/08/2019 08.00,30/08/2019 10.00,0.325,0.16,0.221,18.594
30/08/2019 09.00,30/08/2019 11.00,0.272,0.077,0.244,19.287
30/08/2019 10.00,30/08/2019 12.00,0.224,0.039,0.229,19.587
30/08/2019 11.00,30/08/2019 13.00,0.24,0.044,0.242,19.801
30/08/2019 12.00,30/08/2019 14.00,0.249,0.053,0.244,19.982
30/08/2019 13.00,30/08/2019 15.00,0.266,0.072,0.243,20.16
30/08/2019 14.00,30/08/2019 16.00,0.19,0.04,0.19,20
30/08/2019 15.00,30/08/2019 17.00,0.149,0.033,0.152,19.631
30/08/2019 16.00,30/08/2019 18.00,0.106,0.029,0.109,19.165
30/08/2019 17.00,30/08/2019 19.00,0.028,0.003,0.048,18.352
30/08/2019 18.00,30/08/2019 20.00,0,0,0.002,17.27
30/08/2019 19.00,30/08/2019 21.00,0,0,0,17.037
30/08/2019 20.00,30/08/2019 22.00,0,0,0,16.934
30/08/2019 21.00,30/08/2019 23.00,0,0,0,16.745
30/08/2019 22.00,31/08/2019 00.00,0,0,0,16.449
30/08/2019 23.00,31/08/2019 01.00,0,0,0,16.078
31/08/2019 00.00,31/08/2019 02.00,0,0,0,15.735
31/08/2019 01.00,31/08/2019 03.00,0,0,0,15.622
31/08/2019 02.00,31/08/2019 04.00,0,0,0,15.623
31/08/2019 03.00,31/08/2019 05.00,0,0,0,15.572
31/08/2019 04.00,31/08/2019 06.00,0,0,0.005,15.38
31/08/2019 05.00,31/08/2019 07.00,0.044,0.014,0.054,15.88
31/08/2019 06.00,31/08/2019 08.00,0.201,0.155,0.084,16.794
31/08/2019 07.00,31/08/2019 09.00,0.375,0.343,0.097,18.307
31/08/2019 08.00,31/08/2019 10.00,0.518,0.514,0.109,19.747
31/08/2019 09.00,31/08/2019 11.00,0.585,0.583,0.134,20.861
31/08/2019 10.00,31/08/2019 12.00,0.596,0.572,0.162,21.616
31/08/2019 11.00,31/08/2019 13.00,0.612,0.595,0.165,22.205
31/08/2019 12.00,31/08/2019 14.00,0.619,0.626,0.147,22.652
31/08/2019 13.00,31/08/2019 15.00,0.573,0.58,0.129,22.901
31/08/2019 14.00,31/08/2019 16.00,0.475,0.462,0.115,22.961
31/08/2019 15.00,31/08/2019 17.00,0.311,0.263,0.109,22.717
31/08/2019 16.00,31/08/2019 18.00,0.154,0.107,0.086,22.128
31/08/2019 17.00,31/08/2019 19.00,0.026,0.005,0.044,20.739
31/08/2019 18.00,31/08/2019 20.00,0,0,0.002,19.392
31/08/2019 19.00,31/08/2019 21.00,0,0,0,18.886
31/08/2019 20.00,31/08/2019 22.00,0,0,0,18.579
31/08/2019 21.00,31/08/2019 23.00,0,0,0,18.35
31/08/2019 22.00,01/09/2019 00.00,0,0,0,18.21
31/08/2019 23.00,01/09/2019 01.00,0,0,0,18.304
01/09/2019 00.00,01/09/2019 02.00,0,0,0,18.051
01/09/2019 01.00,01/09/2019 03.00,0,0,0,17.523
01/09/2019 02.00,01/09/2019 04.00,0,0,0,16.938
01/09/2019 03.00,01/09/2019 05.00,0,0,0,16.49
01/09/2019 04.00,01/09/2019 06.00,0,0,0.001,16.182
01/09/2019 05.00,01/09/2019 07.00,0.012,0.001,0.031,16.155
01/09/2019 06.00,01/09/2019 08.00,0.095,0.019,0.105,16.368
01/09/2019 07.00,01/09/2019 09.00,0.214,0.086,0.166,16.487
01/09/2019 08.00,01/09/2019 10.00,0.457,0.356,0.18,16.798
01/09/2019 09.00,01/09/2019 11.00,0.275,0.083,0.238,16.603
01/09/2019 10.00,01/09/2019 12.00,0.165,0.019,0.181,16.302
01/09/2019 11.00,01/09/2019 13.00,0.165,0.017,0.182,16.248
01/09/2019 12.00,01/09/2019 14.00,0.187,0.027,0.197,16.366
01/09/2019 13.00,01/09/2019 15.00,0.421,0.252,0.24,16.963
01/09/2019 14.00,01/09/2019 16.00,0.393,0.272,0.187,16.998
01/09/2019 15.00,01/09/2019 17.00,0.196,0.078,0.155,16.485
01/09/2019 16.00,01/09/2019 18.00,0.141,0.069,0.105,16.128
01/09/2019 17.00,01/09/2019 19.00,0.028,0.004,0.046,15.146
01/09/2019 18.00,01/09/2019 20.00,0,0,0.001,13.8
01/09/2019 19.00,01/09/2019 21.00,0,0,0,13.467
01/09/2019 20.00,01/09/2019 22.00,0,0,0,13.312
01/09/2019 21.00,01/09/2019 23.00,0,0,0,13.178
01/09/2019 22.00,02/09/2019 00.00,0,0,0,13.039
01/09/2019 23.00,02/09/2019 01.00,0,0,0,13.003
02/09/2019 00.00,02/09/2019 02.00,0,0,0,12.861
02/09/2019 01.00,02/09/2019 03.00,0,0,0,12.73
02/09/2019 02.00,02/09/2019 04.00,0,0,0,12.631
02/09/2019 03.00,02/09/2019 05.00,0,0,0,12.5
02/09/2019 04.00,02/09/2019 06.00,0,0,0.003,12.309
02/09/2019 05.00,02/09/2019 07.00,0.021,0.003,0.04,12.647
02/09/2019 06.00,02/09/2019 08.00,0.109,0.036,0.102,13.271
02/09/2019 07.00,02/09/2019 09.00,0.271,0.17,0.142,14.005
02/09/2019 08.00,02/09/2019 10.00,0.485,0.435,0.129,14.756
02/09/2019 09.00,02/09/2019 11.00,0.636,0.647,0.116,15.343
02/09/2019 10.00,02/09/2019 12.00,0.707,0.749,0.117,15.689
02/09/2019 11.00,02/09/2019 13.00,0.728,0.782,0.116,15.936
02/09/2019 12.00,02/09/2019 14.00,0.708,0.76,0.111,16.134
02/09/2019 13.00,02/09/2019 15.00,0.647,0.681,0.101,16.193
02/09/2019 14.00,02/09/2019 16.00,0.532,0.536,0.092,16.08
02/09/2019 15.00,02/09/2019 17.00,0.366,0.34,0.084,15.803
02/09/2019 16.00,02/09/2019 18.00,0.175,0.137,0.072,15.323
02/09/2019 17.00,02/09/2019 19.00,0.024,0.005,0.04,14.322
02/09/2019 18.00,02/09/2019 20.00,0,0,0.001,13.189
02/09/2019 19.00,02/09/2019 21.00,0,0,0,13.035
02/09/2019 20.00,02/09/2019 22.00,0,0,0,13.07
02/09/2019 21.00,02/09/2019 23.00,0,0,0,13.197
02/09/2019 22.00,03/09/2019 00.00,0,0,0,13.079
02/09/2019 23.00,03/09/2019 01.00,0,0,0,13.053
03/09/2019 00.00,03/09/2019 02.00,0,0,0,13.228
03/09/2019 01.00,03/09/2019 03.00,0,0,0,13.675
03/09/2019 02.00,03/09/2019 04.00,0,0,0,14.165
03/09/2019 03.00,03/09/2019 05.00,0,0,0,14.373
03/09/2019 04.00,03/09/2019 06.00,0,0,0.002,14.533
03/09/2019 05.00,03/09/2019 07.00,0.02,0.003,0.039,14.985
03/09/2019 06.00,03/09/2019 08.00,0.109,0.038,0.102,15.715
03/09/2019 07.00,03/09/2019 09.00,0.263,0.163,0.144,16.504
03/09/2019 08.00,03/09/2019 10.00,0.436,0.362,0.149,17.224
03/09/2019 09.00,03/09/2019 11.00,0.57,0.539,0.145,17.73
03/09/2019 10.00,03/09/2019 12.00,0.645,0.645,0.143,17.833
03/09/2019 11.00,03/09/2019 13.00,0.698,0.734,0.129,17.7
03/09/2019 12.00,03/09/2019 14.00,0.695,0.743,0.116,17.477
03/09/2019 13.00,03/09/2019 15.00,0.642,0.678,0.102,17.215
03/09/2019 14.00,03/09/2019 16.00,0.533,0.542,0.091,16.856
03/09/2019 15.00,03/09/2019 17.00,0.359,0.328,0.088,16.315
03/09/2019 16.00,03/09/2019 18.00,0.138,0.083,0.087,15.584
03/09/2019 17.00,03/09/2019 19.00,0.02,0.003,0.038,14.684
03/09/2019 18.00,03/09/2019 20.00,0,0,0.001,13.687
03/09/2019 19.00,03/09/2019 21.00,0,0,0,13.275
03/09/2019 20.00,03/09/2019 22.00,0,0,0,12.811
03/09/2019 21.00,03/09/2019 23.00,0,0,0,12.392
03/09/2019 22.00,04/09/2019 00.00,0,0,0,12.133
03/09/2019 23.00,04/09/2019 01.00,0,0,0,12.063
04/09/2019 00.00,04/09/2019 02.00,0,0,0,12.137
04/09/2019 01.00,04/09/2019 03.00,0,0,0,12.445
04/09/2019 02.00,04/09/2019 04.00,0,0,0,13.014
04/09/2019 03.00,04/09/2019 05.00,0,0,0,13.79
04/09/2019 04.00,04/09/2019 06.00,0,0,0.001,14.458
04/09/2019 05.00,04/09/2019 07.00,0.006,0,0.023,15.181
04/09/2019 06.00,04/09/2019 08.00,0.036,0.002,0.057,15.833
04/09/2019 07.00,04/09/2019 09.00,0.06,0.004,0.083,16.344
04/09/2019 08.00,04/09/2019 10.00,0.153,0.018,0.17,16.958
04/09/2019 09.00,04/09/2019 11.00,0.235,0.042,0.236,17.583
04/09/2019 10.00,04/09/2019 12.00,0.196,0.023,0.212,17.764
04/09/2019 11.00,04/09/2019 13.00,0.164,0.013,0.186,17.674
04/09/2019 12.00,04/09/2019 14.00,0.123,0.007,0.147,17.418
04/09/2019 13.00,04/09/2019 15.00,0.082,0.004,0.107,17.125
04/09/2019 14.00,04/09/2019 16.00,0.053,0.002,0.077,17.008
04/09/2019 15.00,04/09/2019 17.00,0.027,0.001,0.049,16.941
04/09/2019 16.00,04/09/2019 18.00,0.03,0.002,0.052,16.582
04/09/2019 17.00,04/09/2019 19.00,0.003,0,0.02,15.728
04/09/2019 18.00,04/09/2019 20.00,0,0,0,14.721
04/09/2019 19.00,04/09/2019 21.00,0,0,0,14.004
04/09/2019 20.00,04/09/2019 22.00,0,0,0,13.35
04/09/2019 21.00,04/09/2019 23.00,0,0,0,12.989
04/09/2019 22.00,05/09/2019 00.00,0,0,0,12.8
04/09/2019 23.00,05/09/2019 01.00,0,0,0,12.761
05/09/2019 00.00,05/09/2019 02.00,0,0,0,12.603
05/09/2019 01.00,05/09/2019 03.00,0,0,0,12.451
05/09/2019 02.00,05/09/2019 04.00,0,0,0,12.454
05/09/2019 03.00,05/09/2019 05.00,0,0,0,12.346
05/09/2019 04.00,05/09/2019 06.00,0,0,0.001,11.998
05/09/2019 05.00,05/09/2019 07.00,0.007,0.001,0.024,12.141
05/09/2019 06.00,05/09/2019 08.00,0.076,0.014,0.089,12.656
05/09/2019 07.00,05/09/2019 09.00,0.228,0.107,0.158,13.395
05/09/2019 08.00,05/09/2019 10.00,0.475,0.403,0.149,14.392
05/09/2019 09.00,05/09/2019 11.00,0.612,0.589,0.143,15.257
05/09/2019 10.00,05/09/2019 12.00,0.628,0.579,0.175,15.429
05/09/2019 11.00,05/09/2019 13.00,0.494,0.332,0.244,14.961
05/09/2019 12.00,05/09/2019 14.00,0.341,0.137,0.255,14.4
05/09/2019 13.00,05/09/2019 15.00,0.289,0.101,0.232,14.153
05/09/2019 14.00,05/09/2019 16.00,0.242,0.084,0.197,14.013
05/09/2019 15.00,05/09/2019 17.00,0.154,0.041,0.145,13.779
05/09/2019 16.00,05/09/2019 18.00,0.052,0.007,0.07,13.417
05/09/2019 17.00,05/09/2019 19.00,0.006,0,0.023,13.072
05/09/2019 18.00,05/09/2019 20.00,0,0,0,12.627
05/09/2019 19.00,05/09/2019 21.00,0,0,0,12.268
05/09/2019 20.00,05/09/2019 22.00,0,0,0,12.011
05/09/2019 21.00,05/09/2019 23.00,0,0,0,11.688
05/09/2019 22.00,06/09/2019 00.00,0,0,0,11.423
05/09/2019 23.00,06/09/2019 01.00,0,0,0,11.122
06/09/2019 00.00,06/09/2019 02.00,0,0,0,10.886
06/09/2019 01.00,06/09/2019 03.00,0,0,0,10.944
06/09/2019 02.00,06/09/2019 04.00,0,0,0,11.321
06/09/2019 03.00,06/09/2019 05.00,0,0,0,11.864
06/09/2019 04.00,06/09/2019 06.00,0,0,0.001,12.045
06/09/2019 05.00,06/09/2019 07.00,0.012,0.001,0.03,12.386
06/09/2019 06.00,06/09/2019 08.00,0.062,0.006,0.082,13.154
06/09/2019 07.00,06/09/2019 09.00,0.089,0.007,0.109,13.643
06/09/2019 08.00,06/09/2019 10.00,0.089,0.005,0.111,13.686
06/09/2019 09.00,06/09/2019 11.00,0.128,0.009,0.149,13.811
06/09/2019 10.00,06/09/2019 12.00,0.179,0.017,0.195,14.174
06/09/2019 11.00,06/09/2019 13.00,0.206,0.024,0.218,14.572
06/09/2019 12.00,06/09/2019 14.00,0.208,0.026,0.219,14.954
06/09/2019 13.00,06/09/2019 15.00,0.146,0.013,0.166,15.007
06/09/2019 14.00,06/09/2019 16.00,0.086,0.005,0.109,14.62
06/09/2019 15.00,06/09/2019 17.00,0.051,0.003,0.073,14.004
06/09/2019 16.00,06/09/2019 18.00,0.011,0.001,0.03,13.378
06/09/2019 17.00,06/09/2019 19.00,0,0,0.007,12.975
06/09/2019 18.00,06/09/2019 20.00,0,0,0,12.921
06/09/2019 19.00,06/09/2019 21.00,0,0,0,13.058
06/09/2019 20.00,06/09/2019 22.00,0,0,0,13.269
06/09/2019 21.00,06/09/2019 23.00,0,0,0,13.353
06/09/2019 22.00,07/09/2019 00.00,0,0,0,13.071
06/09/2019 23.00,07/09/2019 01.00,0,0,0,12.564
07/09/2019 00.00,07/09/2019 02.00,0,0,0,12.162
07/09/2019 01.00,07/09/2019 03.00,0,0,0,11.726
07/09/2019 02.00,07/09/2019 04.00,0,0,0,11.338
07/09/2019 03.00,07/09/2019 05.00,0,0,0,11.154
07/09/2019 04.00,07/09/2019 06.00,0,0,0.001,11.163
07/09/2019 05.00,07/09/2019 07.00,0.023,0.004,0.039,12.006
07/09/2019 06.00,07/09/2019 08.00,0.087,0.022,0.092,12.965
07/09/2019 07.00,07/09/2019 09.00,0.137,0.032,0.135,13.638
07/09/2019 08.00,07/09/2019 10.00,0.209,0.061,0.185,14.246
07/09/2019 09.00,07/09/2019 11.00,0.347,0.168,0.231,14.928
07/09/2019 10.00,07/09/2019 12.00,0.43,0.258,0.241,15.546
07/09/2019 11.00,07/09/2019 13.00,0.499,0.353,0.232,16.043
07/09/2019 12.00,07/09/2019 14.00,0.46,0.31,0.227,16.266
07/09/2019 13.00,07/09/2019 15.00,0.443,0.321,0.197,16.433
07/09/2019 14.00,07/09/2019 16.00,0.429,0.357,0.143,16.547
07/09/2019 15.00,07/09/2019 17.00,0.3,0.235,0.113,16.296
07/09/2019 16.00,07/09/2019 18.00,0.141,0.093,0.081,15.645
07/09/2019 17.00,07/09/2019 19.00,0.014,0.001,0.032,14.085
07/09/2019 18.00,07/09/2019 20.00,0,0,0,12.694
07/09/2019 19.00,07/09/2019 21.00,0,0,0,12.03
07/09/2019 20.00,07/09/2019 22.00,0,0,0,11.443
07/09/2019 21.00,07/09/2019 23.00,0,0,0,10.982
07/09/2019 22.00,08/09/2019 00.00,0,0,0,10.612
07/09/2019 23.00,08/09/2019 01.00,0,0,0,10.273
08/09/2019 00.00,08/09/2019 02.00,0,0,0,10.01
08/09/2019 01.00,08/09/2019 03.00,0,0,0,9.843
08/09/2019 02.00,08/09/2019 04.00,0,0,0,9.803
08/09/2019 03.00,08/09/2019 05.00,0,0,0,9.793
08/09/2019 04.00,08/09/2019 06.00,0,0,0.001,9.816
08/09/2019 05.00,08/09/2019 07.00,0.031,0.012,0.04,10.954
08/09/2019 06.00,08/09/2019 08.00,0.176,0.127,0.081,12.941
08/09/2019 07.00,08/09/2019 09.00,0.354,0.307,0.1,14.285
08/09/2019 08.00,08/09/2019 10.00,0.5,0.47,0.115,15.46
08/09/2019 09.00,08/09/2019 11.00,0.593,0.579,0.131,16.274
08/09/2019 10.00,08/09/2019 12.00,0.645,0.64,0.143,16.808
08/09/2019 11.00,08/09/2019 13.00,0.62,0.586,0.164,17.11
08/09/2019 12.00,08/09/2019 14.00,0.584,0.532,0.169,17.305
08/09/2019 13.00,08/09/2019 15.00,0.47,0.374,0.179,17.294
08/09/2019 14.00,08/09/2019 16.00,0.323,0.202,0.174,17.136
08/09/2019 15.00,08/09/2019 17.00,0.183,0.08,0.14,16.77
08/09/2019 16.00,08/09/2019 18.00,0.055,0.01,0.07,15.967
08/09/2019 17.00,08/09/2019 19.00,0.001,0,0.016,14.759
08/09/2019 18.00,08/09/2019 20.00,0,0,0,13.86
08/09/2019 19.00,08/09/2019 21.00,0,0,0,13.172
08/09/2019 20.00,08/09/2019 22.00,0,0,0,12.486
08/09/2019 21.00,08/09/2019 23.00,0,0,0,12.001
08/09/2019 22.00,09/09/2019 00.00,0,0,0,11.712
08/09/2019 23.00,09/09/2019 01.00,0,0,0,11.584
09/09/2019 00.00,09/09/2019 02.00,0,0,0,11.533
09/09/2019 01.00,09/09/2019 03.00,0,0,0,11.643
09/09/2019 02.00,09/09/2019 04.00,0,0,0,11.689
09/09/2019 03.00,09/09/2019 05.00,0,0,0,11.593
09/09/2019 04.00,09/09/2019 06.00,0,0,0,11.534
09/09/2019 05.00,09/09/2019 07.00,0.008,0.001,0.026,11.775
09/09/2019 06.00,09/09/2019 08.00,0.043,0.004,0.062,12.724
09/09/2019 07.00,09/09/2019 09.00,0.095,0.011,0.111,13.433
09/09/2019 08.00,09/09/2019 10.00,0.236,0.07,0.205,14.41
09/09/2019 09.00,09/09/2019 11.00,0.312,0.118,0.242,15.348
09/09/2019 10.00,09/09/2019 12.00,0.416,0.217,0.267,16.202
09/09/2019 11.00,09/09/2019 13.00,0.4,0.19,0.276,16.716
09/09/2019 12.00,09/09/2019 14.00,0.292,0.085,0.255,16.844
09/09/2019 13.00,09/09/2019 15.00,0.187,0.03,0.194,16.726
09/09/2019 14.00,09/09/2019 16.00,0.112,0.011,0.132,16.444
09/09/2019 15.00,09/09/2019 17.00,0.051,0.003,0.073,15.87
09/09/2019 16.00,09/09/2019 18.00,0.01,0.001,0.028,14.964
09/09/2019 17.00,09/09/2019 19.00,0,0,0.006,14.097
09/09/2019 18.00,09/09/2019 20.00,0,0,0,13.599
09/09/2019 19.00,09/09/2019 21.00,0,0,0,13.364
09/09/2019 20.00,09/09/2019 22.00,0,0,0,13.188
09/09/2019 21.00,09/09/2019 23.00,0,0,0,13.045
09/09/2019 22.00,10/09/2019 00.00,0,0,0,13.094
09/09/2019 23.00,10/09/2019 01.00,0,0,0,13.274
10/09/2019 00.00,10/09/2019 02.00,0,0,0,13.416
10/09/2019 01.00,10/09/2019 03.00,0,0,0,13.545
10/09/2019 02.00,10/09/2019 04.00,0,0,0,13.696
10/09/2019 03.00,10/09/2019 05.00,0,0,0,13.763
10/09/2019 04.00,10/09/2019 06.00,0,0,0,13.866
10/09/2019 05.00,10/09/2019 07.00,0,0,0.012,14.074
10/09/2019 06.00,10/09/2019 08.00,0.013,0.001,0.032,14.35
10/09/2019 07.00,10/09/2019 09.00,0.031,0.001,0.052,14.615
10/09/2019 08.00,10/09/2019 10.00,0.058,0.003,0.081,14.917
10/09/2019 09.00,10/09/2019 11.00,0.091,0.005,0.115,15.184
10/09/2019 10.00,10/09/2019 12.00,0.116,0.007,0.139,15.381
10/09/2019 11.00,10/09/2019 13.00,0.142,0.01,0.164,15.553
10/09/2019 12.00,10/09/2019 14.00,0.15,0.012,0.171,15.642
10/09/2019 13.00,10/09/2019 15.00,0.134,0.011,0.155,15.609
10/09/2019 14.00,10/09/2019 16.00,0.097,0.007,0.119,15.427
10/09/2019 15.00,10/09/2019 17.00,0.061,0.004,0.083,15.208
10/09/2019 16.00,10/09/2019 18.00,0.035,0.003,0.056,15.022
10/09/2019 17.00,10/09/2019 19.00,0.001,0,0.017,14.656
10/09/2019 18.00,10/09/2019 20.00,0,0,0,14.356
10/09/2019 19.00,10/09/2019 21.00,0,0,0,14.316
10/09/2019 20.00,10/09/2019 22.00,0,0,0,14.228
10/09/2019 21.00,10/09/2019 23.00,0,0,0,13.72
10/09/2019 22.00,11/09/2019 00.00,0,0,0,13.112
10/09/2019 23.00,11/09/2019 01.00,0,0,0,12.892
11/09/2019 00.00,11/09/2019 02.00,0,0,0,12.649
11/09/2019 01.00,11/09/2019 03.00,0,0,0,12.363
11/09/2019 02.00,11/09/2019 04.00,0,0,0,12.135
11/09/2019 03.00,11/09/2019 05.00,0,0,0,11.91
11/09/2019 04.00,11/09/2019 06.00,0,0,0,11.832
11/09/2019 05.00,11/09/2019 07.00,0.019,0.004,0.035,12.63
11/09/2019 06.00,11/09/2019 08.00,0.072,0.014,0.084,13.449
11/09/2019 07.00,11/09/2019 09.00,0.117,0.019,0.128,14.183
11/09/2019 08.00,11/09/2019 10.00,0.115,0.012,0.133,14.812
11/09/2019 09.00,11/09/2019 11.00,0.106,0.008,0.128,15.218
11/09/2019 10.00,11/09/2019 12.00,0.112,0.007,0.135,15.294
11/09/2019 11.00,11/09/2019 13.00,0.104,0.006,0.127,15.21
11/09/2019 12.00,11/09/2019 14.00,0.11,0.007,0.133,15.248
11/09/2019 13.00,11/09/2019 15.00,0.085,0.005,0.109,15.419
11/09/2019 14.00,11/09/2019 16.00,0.086,0.007,0.108,15.77
11/09/2019 15.00,11/09/2019 17.00,0.12,0.024,0.128,16.186
11/09/2019 16.00,11/09/2019 18.00,0.097,0.037,0.089,16.181
11/09/2019 17.00,11/09/2019 19.00,0.006,0.001,0.023,15.348
11/09/2019 18.00,11/09/2019 20.00,0,0,0,14.267
11/09/2019 19.00,11/09/2019 21.00,0,0,0,13.729
11/09/2019 20.00,11/09/2019 22.00,0,0,0,13.395
11/09/2019 21.00,11/09/2019 23.00,0,0,0,13.126
11/09/2019 22.00,12/09/2019 00.00,0,0,0,13.029
11/09/2019 23.00,12/09/2019 01.00,0,0,0,13.013
12/09/2019 00.00,12/09/2019 02.00,0,0,0,12.909
12/09/2019 01.00,12/09/2019 03.00,0,0,0,12.866
12/09/2019 02.00,12/09/2019 04.00,0,0,0,12.86
12/09/2019 03.00,12/09/2019 05.00,0,0,0,12.967
12/09/2019 04.00,12/09/2019 06.00,0,0,0,12.418
12/09/2019 05.00,12/09/2019 07.00,0.022,0.012,0.031,12.917
12/09/2019 06.00,12/09/2019 08.00,0.17,0.134,0.069,14.148
12/09/2019 07.00,12/09/2019 09.00,0.35,0.317,0.087,15.141
12/09/2019 08.00,12/09/2019 10.00,0.513,0.508,0.096,16.001
12/09/2019 09.00,12/09/2019 11.00,0.629,0.659,0.102,16.668
12/09/2019 10.00,12/09/2019 12.00,0.69,0.739,0.108,17.008
12/09/2019 11.00,12/09/2019 13.00,0.694,0.738,0.117,17.148
12/09/2019 12.00,12/09/2019 14.00,0.631,0.636,0.13,17.113
12/09/2019 13.00,12/09/2019 15.00,0.538,0.506,0.133,16.896
12/09/2019 14.00,12/09/2019 16.00,0.414,0.357,0.126,16.57
12/09/2019 15.00,12/09/2019 17.00,0.232,0.153,0.12,16.172
12/09/2019 16.00,12/09/2019 18.00,0.052,0.013,0.064,15.546
12/09/2019 17.00,12/09/2019 19.00,0,0,0.011,14.967
12/09/2019 18.00,12/09/2019 20.00,0,0,0,14.553
12/09/2019 19.00,12/09/2019 21.00,0,0,0,14.284
12/09/2019 20.00,12/09/2019 22.00,0,0,0,14.212
12/09/2019 21.00,12/09/2019 23.00,0,0,0,14.122
12/09/2019 22.00,13/09/2019 00.00,0,0,0,13.894
12/09/2019 23.00,13/09/2019 01.00,0,0,0,13.546
13/09/2019 00.00,13/09/2019 02.00,0,0,0,13.507
13/09/2019 01.00,13/09/2019 03.00,0,0,0,13.509
13/09/2019 02.00,13/09/2019 04.00,0,0,0,13.412
13/09/2019 03.00,13/09/2019 05.00,0,0,0,13.026
13/09/2019 04.00,13/09/2019 06.00,0,0,0,12.507
13/09/2019 05.00,13/09/2019 07.00,0.022,0.015,0.027,12.363
13/09/2019 06.00,13/09/2019 08.00,0.189,0.167,0.055,12.984
13/09/2019 07.00,13/09/2019 09.00,0.387,0.377,0.066,13.887
13/09/2019 08.00,13/09/2019 10.00,0.557,0.583,0.073,14.707
13/09/2019 09.00,13/09/2019 11.00,0.667,0.726,0.081,15.249
13/09/2019 10.00,13/09/2019 12.00,0.729,0.811,0.086,15.584
13/09/2019 11.00,13/09/2019 13.00,0.74,0.824,0.09,15.73
13/09/2019 12.00,13/09/2019 14.00,0.705,0.772,0.091,15.733
13/09/2019 13.00,13/09/2019 15.00,0.628,0.666,0.088,15.606
13/09/2019 14.00,13/09/2019 16.00,0.497,0.497,0.083,15.298
13/09/2019 15.00,13/09/2019 17.00,0.321,0.293,0.077,14.77
13/09/2019 16.00,13/09/2019 18.00,0.124,0.093,0.061,14.015
13/09/2019 17.00,13/09/2019 19.00,0.002,0.001,0.017,13.139
13/09/2019 18.00,13/09/2019 20.00,0,0,0,12.539
13/09/2019 19.00,13/09/2019 21.00,0,0,0,12.185
13/09/2019 20.00,13/09/2019 22.00,0,0,0,11.999
13/09/2019 21.00,13/09/2019 23.00,0,0,0,11.897
13/09/2019 22.00,14/09/2019 00.00,0,0,0,11.752
13/09/2019 23.00,14/09/2019 01.00,0,0,0,11.597
14/09/2019 00.00,14/09/2019 02.00,0,0,0,11.517
14/09/2019 01.00,14/09/2019 03.00,0,0,0,11.453
14/09/2019 02.00,14/09/2019 04.00,0,0,0,11.465
14/09/2019 03.00,14/09/2019 05.00,0,0,0,11.38
14/09/2019 04.00,14/09/2019 06.00,0,0,0,11.703
14/09/2019 05.00,14/09/2019 07.00,0,0,0.013,12.058
14/09/2019 06.00,14/09/2019 08.00,0.044,0.008,0.061,12.937
14/09/2019 07.00,14/09/2019 09.00,0.232,0.134,0.136,14.166
14/09/2019 08.00,14/09/2019 10.00,0.471,0.424,0.124,15.24
14/09/2019 09.00,14/09/2019 11.00,0.605,0.601,0.123,15.879
14/09/2019 10.00,14/09/2019 12.00,0.656,0.656,0.139,16.268
14/09/2019 11.00,14/09/2019 13.00,0.48,0.342,0.221,16.267
14/09/2019 12.00,14/09/2019 14.00,0.291,0.111,0.227,15.928
14/09/2019 13.00,14/09/2019 15.00,0.313,0.154,0.209,15.828
14/09/2019 14.00,14/09/2019 16.00,0.42,0.349,0.14,15.927
14/09/2019 15.00,14/09/2019 17.00,0.194,0.101,0.129,15.471
14/09/2019 16.00,14/09/2019 18.00,0.037,0.007,0.054,14.751
14/09/2019 17.00,14/09/2019 19.00,0,0,0.011,14.103
14/09/2019 18.00,14/09/2019 20.00,0,0,0,13.623
14/09/2019 19.00,14/09/2019 21.00,0,0,0,13.562
14/09/2019 20.00,14/09/2019 22.00,0,0,0,13.723
14/09/2019 21.00,14/09/2019 23.00,0,0,0,13.881
14/09/2019 22.00,15/09/2019 00.00,0,0,0,14.023
14/09/2019 23.00,15/09/2019 01.00,0,0,0,14.11
15/09/2019 00.00,15/09/2019 02.00,0,0,0,14.298
15/09/2019 01.00,15/09/2019 03.00,0,0,0,14.683
15/09/2019 02.00,15/09/2019 04.00,0,0,0,14.756
15/09/2019 03.00,15/09/2019 05.00,0,0,0,14.625
15/09/2019 04.00,15/09/2019 06.00,0,0,0,14.493
15/09/2019 05.00,15/09/2019 07.00,0.004,0.002,0.019,14.381
15/09/2019 06.00,15/09/2019 08.00,0.101,0.047,0.083,14.421
15/09/2019 07.00,15/09/2019 09.00,0.275,0.193,0.125,14.439
15/09/2019 08.00,15/09/2019 10.00,0.246,0.114,0.172,14.134
15/09/2019 09.00,15/09/2019 11.00,0.509,0.424,0.17,14.391
15/09/2019 10.00,15/09/2019 12.00,0.581,0.518,0.168,14.556
15/09/2019 11.00,15/09/2019 13.00,0.593,0.528,0.174,14.423
15/09/2019 12.00,15/09/2019 14.00,0.552,0.465,0.183,14.277
15/09/2019 13.00,15/09/2019 15.00,0.307,0.146,0.206,13.95
15/09/2019 14.00,15/09/2019 16.00,0.214,0.081,0.169,13.603
15/09/2019 15.00,15/09/2019 17.00,0.194,0.098,0.131,13.467
15/09/2019 16.00,15/09/2019 18.00,0.047,0.011,0.061,13.103
15/09/2019 17.00,15/09/2019 19.00,0,0,0.009,12.836
15/09/2019 18.00,15/09/2019 20.00,0,0,0,12.789
15/09/2019 19.00,15/09/2019 21.00,0,0,0,12.859
15/09/2019 20.00,15/09/2019 22.00,0,0,0,12.811
15/09/2019 21.00,15/09/2019 23.00,0,0,0,12.63
15/09/2019 22.00,16/09/2019 00.00,0,0,0,12.551
15/09/2019 23.00,16/09/2019 01.00,0,0,0,12.483
16/09/2019 00.00,16/09/2019 02.00,0,0,0,12.356
16/09/2019 01.00,16/09/2019 03.00,0,0,0,12.174
16/09/2019 02.00,16/09/2019 04.00,0,0,0,11.997
16/09/2019 03.00,16/09/2019 05.00,0,0,0,11.801
16/09/2019 04.00,16/09/2019 06.00,0,0,0,11.647
16/09/2019 05.00,16/09/2019 07.00,0.002,0.002,0.017,11.559
16/09/2019 06.00,16/09/2019 08.00,0.067,0.021,0.071,11.938
16/09/2019 07.00,16/09/2019 09.00,0.182,0.087,0.128,12.482
16/09/2019 08.00,16/09/2019 10.00,0.364,0.265,0.15,13.03
16/09/2019 09.00,16/09/2019 11.00,0.579,0.555,0.126,13.633
16/09/2019 10.00,16/09/2019 12.00,0.627,0.611,0.135,13.995
16/09/2019 11.00,16/09/2019 13.00,0.648,0.638,0.138,14.199
16/09/2019 12.00,16/09/2019 14.00,0.599,0.566,0.143,14.186
16/09/2019 13.00,16/09/2019 15.00,0.54,0.501,0.131,14.061
16/09/2019 14.00,16/09/2019 16.00,0.403,0.336,0.126,13.771
16/09/2019 15.00,16/09/2019 17.00,0.213,0.136,0.113,13.328
16/09/2019 16.00,16/09/2019 18.00,0.081,0.04,0.067,12.789
16/09/2019 17.00,16/09/2019 19.00,0,0.001,0.012,11.982
16/09/2019 18.00,16/09/2019 20.00,0,0,0,11.379
16/09/2019 19.00,16/09/2019 21.00,0,0,0,11.205
16/09/2019 20.00,16/09/2019 22.00,0,0,0,11.246
16/09/2019 21.00,16/09/2019 23.00,0,0,0,11.349
16/09/2019 22.00,17/09/2019 00.00,0,0,0,11.349
16/09/2019 23.00,17/09/2019 01.00,0,0,0,11.461
17/09/2019 00.00,17/09/2019 02.00,0,0,0,11.435
17/09/2019 01.00,17/09/2019 03.00,0,0,0,10.997
17/09/2019 02.00,17/09/2019 04.00,0,0,0,10.645
17/09/2019 03.00,17/09/2019 05.00,0,0,0,10.454
17/09/2019 04.00,17/09/2019 06.00,0,0,0,10.204
17/09/2019 05.00,17/09/2019 07.00,0,0.001,0.015,10.042
17/09/2019 06.00,17/09/2019 08.00,0.061,0.016,0.069,10.186
17/09/2019 07.00,17/09/2019 09.00,0.128,0.035,0.12,10.535
17/09/2019 08.00,17/09/2019 10.00,0.209,0.071,0.171,11.002
17/09/2019 09.00,17/09/2019 11.00,0.299,0.128,0.212,11.415
17/09/2019 10.00,17/09/2019 12.00,0.324,0.137,0.231,11.602
17/09/2019 11.00,17/09/2019 13.00,0.345,0.153,0.238,11.811
17/09/2019 12.00,17/09/2019 14.00,0.352,0.172,0.228,11.93
17/09/2019 13.00,17/09/2019 15.00,0.379,0.235,0.196,11.996
17/09/2019 14.00,17/09/2019 16.00,0.375,0.283,0.144,12.119
17/09/2019 15.00,17/09/2019 17.00,0.269,0.207,0.101,12.1
17/09/2019 16.00,17/09/2019 18.00,0.11,0.074,0.064,11.791
17/09/2019 17.00,17/09/2019 19.00,0,0.001,0.012,11.092
17/09/2019 18.00,17/09/2019 20.00,0,0,0,10.686
17/09/2019 19.00,17/09/2019 21.00,0,0,0,10.504
17/09/2019 20.00,17/09/2019 22.00,0,0,0,10.372
17/09/2019 21.00,17/09/2019 23.00,0,0,0,10.305
17/09/2019 22.00,18/09/2019 00.00,0,0,0,10.245
17/09/2019 23.00,18/09/2019 01.00,0,0,0,10.158
18/09/2019 00.00,18/09/2019 02.00,0,0,0,10.087
18/09/2019 01.00,18/09/2019 03.00,0,0,0,10.011
18/09/2019 02.00,18/09/2019 04.00,0,0,0,9.876
18/09/2019 03.00,18/09/2019 05.00,0,0,0,9.715
18/09/2019 04.00,18/09/2019 06.00,0,0,0,9.462
18/09/2019 05.00,18/09/2019 07.00,0.01,0.012,0.016,9.399
18/09/2019 06.00,18/09/2019 08.00,0.172,0.152,0.05,10.23
18/09/2019 07.00,18/09/2019 09.00,0.374,0.361,0.062,11.191
18/09/2019 08.00,18/09/2019 10.00,0.543,0.559,0.07,11.911
18/09/2019 09.00,18/09/2019 11.00,0.659,0.707,0.077,12.494
18/09/2019 10.00,18/09/2019 12.00,0.725,0.796,0.082,13.008
18/09/2019 11.00,18/09/2019 13.00,0.741,0.82,0.084,13.384
18/09/2019 12.00,18/09/2019 14.00,0.714,0.783,0.082,13.652
18/09/2019 13.00,18/09/2019 15.00,0.634,0.677,0.078,13.767
18/09/2019 14.00,18/09/2019 16.00,0.504,0.514,0.071,13.695
18/09/2019 15.00,18/09/2019 17.00,0.325,0.308,0.064,13.412
18/09/2019 16.00,18/09/2019 18.00,0.121,0.101,0.049,12.726
18/09/2019 17.00,18/09/2019 19.00,0,0.001,0.009,11.404
18/09/2019 18.00,18/09/2019 20.00,0,0,0,10.863
18/09/2019 19.00,18/09/2019 21.00,0,0,0,10.559
18/09/2019 20.00,18/09/2019 22.00,0,0,0,10.309
18/09/2019 21.00,18/09/2019 23.00,0,0,0,10.152
18/09/2019 22.00,19/09/2019 00.00,0,0,0,10.019
18/09/2019 23.00,19/09/2019 01.00,0,0,0,9.688
19/09/2019 00.00,19/09/2019 02.00,0,0,0,9.362
19/09/2019 01.00,19/09/2019 03.00,0,0,0,9.112
19/09/2019 02.00,19/09/2019 04.00,0,0,0,8.889
19/09/2019 03.00,19/09/2019 05.00,0,0,0,8.637
19/09/2019 04.00,19/09/2019 06.00,0,0,0,8.089
19/09/2019 05.00,19/09/2019 07.00,0.003,0.004,0.015,8.326
19/09/2019 06.00,19/09/2019 08.00,0.159,0.127,0.06,10.04
19/09/2019 07.00,19/09/2019 09.00,0.306,0.255,0.092,11.356
19/09/2019 08.00,19/09/2019 10.00,0.483,0.454,0.101,12.268
19/09/2019 09.00,19/09/2019 11.00,0.654,0.688,0.091,13.062
19/09/2019 10.00,19/09/2019 12.00,0.713,0.767,0.097,13.668
19/09/2019 11.00,19/09/2019 13.00,0.706,0.741,0.114,14.033
19/09/2019 12.00,19/09/2019 14.00,0.437,0.301,0.202,13.919
19/09/2019 13.00,19/09/2019 15.00,0.18,0.046,0.167,13.326
19/09/2019 14.00,19/09/2019 16.00,0.169,0.049,0.152,13.041
19/09/2019 15.00,19/09/2019 17.00,0.094,0.024,0.098,12.618
19/09/2019 16.00,19/09/2019 18.00,0.049,0.016,0.057,12.091
19/09/2019 17.00,19/09/2019 19.00,0,0,0.007,10.957
19/09/2019 18.00,19/09/2019 20.00,0,0,0,10.574
19/09/2019 19.00,19/09/2019 21.00,0,0,0,10.539
19/09/2019 20.00,19/09/2019 22.00,0,0,0,10.512
19/09/2019 21.00,19/09/2019 23.00,0,0,0,10.491
19/09/2019 22.00,20/09/2019 00.00,0,0,0,10.482
19/09/2019 23.00,20/09/2019 01.00,0,0,0,10.525
20/09/2019 00.00,20/09/2019 02.00,0,0,0,10.739
20/09/2019 01.00,20/09/2019 03.00,0,0,0,11.147
20/09/2019 02.00,20/09/2019 04.00,0,0,0,11.7
20/09/2019 03.00,20/09/2019 05.00,0,0,0,12.094
20/09/2019 04.00,20/09/2019 06.00,0,0,0,12.205
20/09/2019 05.00,20/09/2019 07.00,0,0,0.008,12.261
20/09/2019 06.00,20/09/2019 08.00,0.041,0.009,0.055,12.666
20/09/2019 07.00,20/09/2019 09.00,0.137,0.046,0.121,13.182
20/09/2019 08.00,20/09/2019 10.00,0.217,0.083,0.17,13.715
20/09/2019 09.00,20/09/2019 11.00,0.253,0.094,0.199,14.169
20/09/2019 10.00,20/09/2019 12.00,0.346,0.171,0.227,14.704
20/09/2019 11.00,20/09/2019 13.00,0.409,0.246,0.226,15.156
20/09/2019 12.00,20/09/2019 14.00,0.447,0.313,0.207,15.431
20/09/2019 13.00,20/09/2019 15.00,0.38,0.252,0.187,15.352
20/09/2019 14.00,20/09/2019 16.00,0.311,0.206,0.153,15.075
20/09/2019 15.00,20/09/2019 17.00,0.216,0.143,0.11,14.569
20/09/2019 16.00,20/09/2019 18.00,0.07,0.035,0.061,13.787
20/09/2019 17.00,20/09/2019 19.00,0,0,0.007,12.865
20/09/2019 18.00,20/09/2019 20.00,0,0,0,12.363
20/09/2019 19.00,20/09/2019 21.00,0,0,0,11.939
20/09/2019 20.00,20/09/2019 22.00,0,0,0,11.644
20/09/2019 21.00,20/09/2019 23.00,0,0,0,11.499
20/09/2019 22.00,21/09/2019 00.00,0,0,0,11.402
20/09/2019 23.00,21/09/2019 01.00,0,0,0,11.33
21/09/2019 00.00,21/09/2019 02.00,0,0,0,11.248
21/09/2019 01.00,21/09/2019 03.00,0,0,0,11.152
21/09/2019 02.00,21/09/2019 04.00,0,0,0,11.033
21/09/2019 03.00,21/09/2019 05.00,0,0,0,10.872
21/09/2019 04.00,21/09/2019 06.00,0,0,0,10.652
21/09/2019 05.00,21/09/2019 07.00,0.003,0.006,0.012,10.744
21/09/2019 06.00,21/09/2019 08.00,0.129,0.103,0.056,12.377
21/09/2019 07.00,21/09/2019 09.00,0.334,0.312,0.07,13.54
21/09/2019 08.00,21/09/2019 10.00,0.514,0.527,0.074,14.613
21/09/2019 09.00,21/09/2019 11.00,0.641,0.695,0.077,15.597
21/09/2019 10.00,21/09/2019 12.00,0.711,0.796,0.08,16.33
21/09/2019 11.00,21/09/2019 13.00,0.731,0.826,0.081,16.838
21/09/2019 12.00,21/09/2019 14.00,0.698,0.781,0.08,17.122
21/09/2019 13.00,21/09/2019 15.00,0.618,0.67,0.077,17.159
21/09/2019 14.00,21/09/2019 16.00,0.487,0.503,0.071,16.929
21/09/2019 15.00,21/09/2019 17.00,0.309,0.297,0.062,16.403
21/09/2019 16.00,21/09/2019 18.00,0.108,0.093,0.045,15.097
21/09/2019 17.00,21/09/2019 19.00,0,0.001,0.006,13.107
21/09/2019 18.00,21/09/2019 20.00,0,0,0,12.345
21/09/2019 19.00,21/09/2019 21.00,0,0,0,11.907
21/09/2019 20.00,21/09/2019 22.00,0,0,0,11.575
21/09/2019 21.00,21/09/2019 23.00,0,0,0,11.144
21/09/2019 22.00,22/09/2019 00.00,0,0,0,10.824
21/09/2019 23.00,22/09/2019 01.00,0,0,0,10.65
22/09/2019 00.00,22/09/2019 02.00,0,0,0,10.449
22/09/2019 01.00,22/09/2019 03.00,0,0,0,10.247
22/09/2019 02.00,22/09/2019 04.00,0,0,0,10.011
22/09/2019 03.00,22/09/2019 05.00,0,0,0,9.555
22/09/2019 04.00,22/09/2019 06.00,0,0,0,9.057
22/09/2019 05.00,22/09/2019 07.00,0.001,0.005,0.011,8.936
22/09/2019 06.00,22/09/2019 08.00,0.132,0.107,0.053,10.788
22/09/2019 07.00,22/09/2019 09.00,0.338,0.317,0.067,12.501
22/09/2019 08.00,22/09/2019 10.00,0.516,0.528,0.073,13.84
22/09/2019 09.00,22/09/2019 11.00,0.636,0.688,0.078,15.947
22/09/2019 10.00,22/09/2019 12.00,0.702,0.786,0.081,17.344
22/09/2019 11.00,22/09/2019 13.00,0.718,0.813,0.083,18.179
22/09/2019 12.00,22/09/2019 14.00,0.685,0.768,0.082,18.735
22/09/2019 13.00,22/09/2019 15.00,0.602,0.652,0.08,18.935
22/09/2019 14.00,22/09/2019 16.00,0.468,0.48,0.075,18.739
22/09/2019 15.00,22/09/2019 17.00,0.287,0.269,0.068,18.039
22/09/2019 16.00,22/09/2019 18.00,0.093,0.076,0.047,16.55
22/09/2019 17.00,22/09/2019 19.00,0,0.001,0.005,14.613
22/09/2019 18.00,22/09/2019 20.00,0,0,0,13.476
22/09/2019 19.00,22/09/2019 21.00,0,0,0,12.613
22/09/2019 20.00,22/09/2019 22.00,0,0,0,12.296
22/09/2019 21.00,22/09/2019 23.00,0,0,0,12.29
22/09/2019 22.00,23/09/2019 00.00,0,0,0,12.328
22/09/2019 23.00,23/09/2019 01.00,0,0,0,12.098
23/09/2019 00.00,23/09/2019 02.00,0,0,0,11.827
23/09/2019 01.00,23/09/2019 03.00,0,0,0,11.658
23/09/2019 02.00,23/09/2019 04.00,0,0,0,11.605
23/09/2019 03.00,23/09/2019 05.00,0,0,0,11.631
23/09/2019 04.00,23/09/2019 06.00,0,0,0,11.697
23/09/2019 05.00,23/09/2019 07.00,0,0.002,0.01,11.751
23/09/2019 06.00,23/09/2019 08.00,0.069,0.031,0.064,12.142
23/09/2019 07.00,23/09/2019 09.00,0.195,0.111,0.118,12.884
23/09/2019 08.00,23/09/2019 10.00,0.29,0.174,0.159,13.739
23/09/2019 09.00,23/09/2019 11.00,0.357,0.221,0.19,14.597
23/09/2019 10.00,23/09/2019 12.00,0.462,0.343,0.194,15.451
23/09/2019 11.00,23/09/2019 13.00,0.533,0.449,0.181,16.195
23/09/2019 12.00,23/09/2019 14.00,0.484,0.385,0.184,16.676
23/09/2019 13.00,23/09/2019 15.00,0.331,0.196,0.188,16.755
23/09/2019 14.00,23/09/2019 16.00,0.215,0.097,0.157,16.555
23/09/2019 15.00,23/09/2019 17.00,0.097,0.028,0.099,16.049
23/09/2019 16.00,23/09/2019 18.00,0.02,0.005,0.037,15.313
23/09/2019 17.00,23/09/2019 19.00,0,0,0.002,14.475
23/09/2019 18.00,23/09/2019 20.00,0,0,0,13.882
23/09/2019 19.00,23/09/2019 21.00,0,0,0,13.364
23/09/2019 20.00,23/09/2019 22.00,0,0,0,12.861
23/09/2019 21.00,23/09/2019 23.00,0,0,0,12.36
23/09/2019 22.00,24/09/2019 00.00,0,0,0,11.944
23/09/2019 23.00,24/09/2019 01.00,0,0,0,11.674
24/09/2019 00.00,24/09/2019 02.00,0,0,0,11.524
24/09/2019 01.00,24/09/2019 03.00,0,0,0,11.485
24/09/2019 02.00,24/09/2019 04.00,0,0,0,11.51
24/09/2019 03.00,24/09/2019 05.00,0,0,0,11.537
24/09/2019 04.00,24/09/2019 06.00,0,0,0,11.555
24/09/2019 05.00,24/09/2019 07.00,0,0,0.005,11.643
24/09/2019 06.00,24/09/2019 08.00,0.023,0.004,0.041,12.122
24/09/2019 07.00,24/09/2019 09.00,0.076,0.012,0.09,12.774
24/09/2019 08.00,24/09/2019 10.00,0.121,0.02,0.131,13.575
24/09/2019 09.00,24/09/2019 11.00,0.179,0.037,0.176,14.381
24/09/2019 10.00,24/09/2019 12.00,0.264,0.083,0.224,15.141
24/09/2019 11.00,24/09/2019 13.00,0.3,0.112,0.235,15.788
24/09/2019 12.00,24/09/2019 14.00,0.308,0.127,0.23,16.254
24/09/2019 13.00,24/09/2019 15.00,0.227,0.071,0.196,16.376
24/09/2019 14.00,24/09/2019 16.00,0.131,0.026,0.137,16.196
24/09/2019 15.00,24/09/2019 17.00,0.058,0.008,0.076,15.754
24/09/2019 16.00,24/09/2019 18.00,0.011,0.002,0.029,14.938
24/09/2019 17.00,24/09/2019 19.00,0,0,0.002,14.055
24/09/2019 18.00,24/09/2019 20.00,0,0,0,13.715
24/09/2019 19.00,24/09/2019 21.00,0,0,0,13.421
24/09/2019 20.00,24/09/2019 22.00,0,0,0,13.102
24/09/2019 21.00,24/09/2019 23.00,0,0,0,12.819
24/09/2019 22.00,25/09/2019 00.00,0,0,0,12.612
24/09/2019 23.00,25/09/2019 01.00,0,0,0,12.428
25/09/2019 00.00,25/09/2019 02.00,0,0,0,12.294
25/09/2019 01.00,25/09/2019 03.00,0,0,0,12.168
25/09/2019 02.00,25/09/2019 04.00,0,0,0,12.005
25/09/2019 03.00,25/09/2019 05.00,0,0,0,11.904
25/09/2019 04.00,25/09/2019 06.00,0,0,0,11.875
25/09/2019 05.00,25/09/2019 07.00,0,0.001,0.006,11.998
25/09/2019 06.00,25/09/2019 08.00,0.049,0.016,0.057,12.496
25/09/2019 07.00,25/09/2019 09.00,0.132,0.048,0.114,13.164
25/09/2019 08.00,25/09/2019 10.00,0.213,0.086,0.163,13.857
25/09/2019 09.00,25/09/2019 11.00,0.278,0.123,0.199,14.369
25/09/2019 10.00,25/09/2019 12.00,0.362,0.198,0.22,14.923
25/09/2019 11.00,25/09/2019 13.00,0.416,0.26,0.223,15.523
25/09/2019 12.00,25/09/2019 14.00,0.328,0.161,0.219,15.832
25/09/2019 13.00,25/09/2019 15.00,0.251,0.098,0.195,15.87
25/09/2019 14.00,25/09/2019 16.00,0.133,0.031,0.134,15.554
25/09/2019 15.00,25/09/2019 17.00,0.07,0.013,0.083,15.09
25/09/2019 16.00,25/09/2019 18.00,0.014,0.003,0.031,14.465
25/09/2019 17.00,25/09/2019 19.00,0,0,0.001,13.839
25/09/2019 18.00,25/09/2019 20.00,0,0,0,13.592
25/09/2019 19.00,25/09/2019 21.00,0,0,0,13.48
25/09/2019 20.00,25/09/2019 22.00,0,0,0,13.367
25/09/2019 21.00,25/09/2019 23.00,0,0,0,13.262
25/09/2019 22.00,26/09/2019 00.00,0,0,0,13.071
25/09/2019 23.00,26/09/2019 01.00,0,0,0,12.78
26/09/2019 00.00,26/09/2019 02.00,0,0,0,12.373
26/09/2019 01.00,26/09/2019 03.00,0,0,0,12.046
26/09/2019 02.00,26/09/2019 04.00,0,0,0,11.88
26/09/2019 03.00,26/09/2019 05.00,0,0,0,11.771
26/09/2019 04.00,26/09/2019 06.00,0,0,0,11.64
26/09/2019 05.00,26/09/2019 07.00,0,0,0.004,11.723
26/09/2019 06.00,26/09/2019 08.00,0.026,0.005,0.043,11.981
26/09/2019 07.00,26/09/2019 09.00,0.083,0.017,0.093,12.537
26/09/2019 08.00,26/09/2019 10.00,0.153,0.038,0.146,13.27
26/09/2019 09.00,26/09/2019 11.00,0.271,0.111,0.202,14.177
26/09/2019 10.00,26/09/2019 12.00,0.346,0.174,0.225,15.056
26/09/2019 11.00,26/09/2019 13.00,0.336,0.157,0.232,15.68
26/09/2019 12.00,26/09/2019 14.00,0.261,0.089,0.216,15.968
26/09/2019 13.00,26/09/2019 15.00,0.164,0.035,0.164,15.962
26/09/2019 14.00,26/09/2019 16.00,0.132,0.029,0.135,15.865
26/09/2019 15.00,26/09/2019 17.00,0.078,0.016,0.089,15.603
26/09/2019 16.00,26/09/2019 18.00,0.014,0.003,0.031,15.105
26/09/2019 17.00,26/09/2019 19.00,0,0,0.001,14.686
26/09/2019 18.00,26/09/2019 20.00,0,0,0,14.454
26/09/2019 19.00,26/09/2019 21.00,0,0,0,14.293
26/09/2019 20.00,26/09/2019 22.00,0,0,0,14.248
26/09/2019 21.00,26/09/2019 23.00,0,0,0,14.412
26/09/2019 22.00,27/09/2019 00.00,0,0,0,14.615
26/09/2019 23.00,27/09/2019 01.00,0,0,0,14.692
27/09/2019 00.00,27/09/2019 02.00,0,0,0,14.685
27/09/2019 01.00,27/09/2019 03.00,0,0,0,14.637
27/09/2019 02.00,27/09/2019 04.00,0,0,0,14.599
27/09/2019 03.00,27/09/2019 05.00,0,0,0,14.494
27/09/2019 04.00,27/09/2019 06.00,0,0,0,14.154
27/09/2019 05.00,27/09/2019 07.00,0,0.001,0.004,13.605
27/09/2019 06.00,27/09/2019 08.00,0.085,0.058,0.054,14.041
27/09/2019 07.00,27/09/2019 09.00,0.273,0.232,0.083,14.736
27/09/2019 08.00,27/09/2019 10.00,0.454,0.434,0.093,15.342
27/09/2019 09.00,27/09/2019 11.00,0.571,0.575,0.103,15.792
27/09/2019 10.00,27/09/2019 12.00,0.619,0.627,0.117,16.286
27/09/2019 11.00,27/09/2019 13.00,0.595,0.578,0.135,16.611
27/09/2019 12.00,27/09/2019 14.00,0.528,0.478,0.148,16.739
27/09/2019 13.00,27/09/2019 15.00,0.408,0.322,0.153,16.683
27/09/2019 14.00,27/09/2019 16.00,0.279,0.189,0.136,16.469
27/09/2019 15.00,27/09/2019 17.00,0.133,0.067,0.098,15.996
27/09/2019 16.00,27/09/2019 18.00,0.019,0.007,0.033,14.94
27/09/2019 17.00,27/09/2019 19.00,0,0,0.001,14.012
27/09/2019 18.00,27/09/2019 20.00,0,0,0,13.838
27/09/2019 19.00,27/09/2019 21.00,0,0,0,13.572
27/09/2019 20.00,27/09/2019 22.00,0,0,0,13.234
27/09/2019 21.00,27/09/2019 23.00,0,0,0,12.943
27/09/2019 22.00,28/09/2019 00.00,0,0,0,12.678
27/09/2019 23.00,28/09/2019 01.00,0,0,0,12.563
28/09/2019 00.00,28/09/2019 02.00,0,0,0,12.626
28/09/2019 01.00,28/09/2019 03.00,0,0,0,12.89
28/09/2019 02.00,28/09/2019 04.00,0,0,0,13.289
28/09/2019 03.00,28/09/2019 05.00,0,0,0,13.363
28/09/2019 04.00,28/09/2019 06.00,0,0,0,13.065
28/09/2019 05.00,28/09/2019 07.00,0,0,0.003,12.551
28/09/2019 06.00,28/09/2019 08.00,0.047,0.018,0.053,12.55
28/09/2019 07.00,28/09/2019 09.00,0.15,0.067,0.113,13.079
28/09/2019 08.00,28/09/2019 10.00,0.239,0.115,0.162,13.811
28/09/2019 09.00,28/09/2019 11.00,0.275,0.12,0.198,14.439
28/09/2019 10.00,28/09/2019 12.00,0.279,0.105,0.218,14.87
28/09/2019 11.00,28/09/2019 13.00,0.253,0.078,0.217,15.065
28/09/2019 12.00,28/09/2019 14.00,0.213,0.053,0.197,14.978
28/09/2019 13.00,28/09/2019 15.00,0.16,0.031,0.162,14.6
28/09/2019 14.00,28/09/2019 16.00,0.077,0.009,0.095,13.914
28/09/2019 15.00,28/09/2019 17.00,0.027,0.003,0.047,13.332
28/09/2019 16.00,28/09/2019 18.00,0,0.001,0.014,13.136
28/09/2019 17.00,28/09/2019 19.00,0,0,0,13.322
28/09/2019 18.00,28/09/2019 20.00,0,0,0,13.473
28/09/2019 19.00,28/09/2019 21.00,0,0,0,13.158
28/09/2019 20.00,28/09/2019 22.00,0,0,0,12.631
28/09/2019 21.00,28/09/2019 23.00,0,0,0,12.254
28/09/2019 22.00,29/09/2019 00.00,0,0,0,12.1
28/09/2019 23.00,29/09/2019 01.00,0,0,0,12.016
29/09/2019 00.00,29/09/2019 02.00,0,0,0,11.966
29/09/2019 01.00,29/09/2019 03.00,0,0,0,11.932
29/09/2019 02.00,29/09/2019 04.00,0,0,0,11.889
29/09/2019 03.00,29/09/2019 05.00,0,0,0,11.861
29/09/2019 04.00,29/09/2019 06.00,0,0,0,11.864
29/09/2019 05.00,29/09/2019 07.00,0,0,0.002,11.864
29/09/2019 06.00,29/09/2019 08.00,0.022,0.005,0.039,12.293
29/09/2019 07.00,29/09/2019 09.00,0.089,0.02,0.097,12.99
29/09/2019 08.00,29/09/2019 10.00,0.147,0.034,0.144,13.526
29/09/2019 09.00,29/09/2019 11.00,0.198,0.049,0.184,13.927
29/09/2019 10.00,29/09/2019 12.00,0.185,0.034,0.185,14.172
29/09/2019 11.00,29/09/2019 13.00,0.168,0.025,0.176,14.342
29/09/2019 12.00,29/09/2019 14.00,0.146,0.018,0.159,14.382
29/09/2019 13.00,29/09/2019 15.00,0.091,0.008,0.111,14.224
29/09/2019 14.00,29/09/2019 16.00,0.05,0.004,0.071,13.957
29/09/2019 15.00,29/09/2019 17.00,0.02,0.002,0.039,13.637
29/09/2019 16.00,29/09/2019 18.00,0,0.001,0.014,13.046
29/09/2019 17.00,29/09/2019 19.00,0,0,0,12.231
29/09/2019 18.00,29/09/2019 20.00,0,0,0,11.778
29/09/2019 19.00,29/09/2019 21.00,0,0,0,11.463
29/09/2019 20.00,29/09/2019 22.00,0,0,0,11.219
29/09/2019 21.00,29/09/2019 23.00,0,0,0,11.118
29/09/2019 22.00,30/09/2019 00.00,0,0,0,11.176
29/09/2019 23.00,30/09/2019 01.00,0,0,0,11.31
30/09/2019 00.00,30/09/2019 02.00,0,0,0,11.467
30/09/2019 01.00,30/09/2019 03.00,0,0,0,11.555
30/09/2019 02.00,30/09/2019 04.00,0,0,0,11.645
30/09/2019 03.00,30/09/2019 05.00,0,0,0,11.718
30/09/2019 04.00,30/09/2019 06.00,0,0,0,11.785
30/09/2019 05.00,30/09/2019 07.00,0,0,0.001,11.812
30/09/2019 06.00,30/09/2019 08.00,0.007,0.002,0.023,12.006
30/09/2019 07.00,30/09/2019 09.00,0.064,0.015,0.075,12.388
30/09/2019 08.00,30/09/2019 10.00,0.283,0.187,0.137,12.986
30/09/2019 09.00,30/09/2019 11.00,0.594,0.606,0.094,13.425
30/09/2019 10.00,30/09/2019 12.00,0.692,0.747,0.087,13.454
30/09/2019 11.00,30/09/2019 13.00,0.711,0.77,0.089,13.161
30/09/2019 12.00,30/09/2019 14.00,0.665,0.7,0.093,12.743
30/09/2019 13.00,30/09/2019 15.00,0.569,0.569,0.093,12.218
30/09/2019 14.00,30/09/2019 16.00,0.428,0.4,0.087,11.65
30/09/2019 15.00,30/09/2019 17.00,0.245,0.209,0.072,11.047
30/09/2019 16.00,30/09/2019 18.00,0.057,0.045,0.036,10.311
30/09/2019 17.00,30/09/2019 19.00,0,0,0,9.541
30/09/2019 18.00,30/09/2019 20.00,0,0,0,9.051
30/09/2019 19.00,30/09/2019 21.00,0,0,0,8.788
30/09/2019 20.00,30/09/2019 22.00,0,0,0,8.643
30/09/2019 21.00,30/09/2019 23.00,0,0,0,8.521
30/09/2019 22.00,01/10/2019 00.00,0,0,0,8.447
30/09/2019 23.00,01/10/2019 01.00,0,0,0,8.617
01/10/2019 00.00,01/10/2019 02.00,0,0,0,8.535
01/10/2019 01.00,01/10/2019 03.00,0,0,0,8.464
01/10/2019 02.00,01/10/2019 04.00,0,0,0,8.293
01/10/2019 03.00,01/10/2019 05.00,0,0,0,7.819
01/10/2019 04.00,01/10/2019 06.00,0,0,0,7.264
01/10/2019 05.00,01/10/2019 07.00,0,0.001,0.002,7.019
01/10/2019 06.00,01/10/2019 08.00,0.053,0.03,0.046,7.968
01/10/2019 07.00,01/10/2019 09.00,0.139,0.067,0.099,9.327
01/10/2019 08.00,01/10/2019 10.00,0.195,0.083,0.143,10.036
01/10/2019 09.00,01/10/2019 11.00,0.233,0.092,0.175,10.477
01/10/2019 10.00,01/10/2019 12.00,0.307,0.147,0.201,10.962
01/10/2019 11.00,01/10/2019 13.00,0.36,0.204,0.204,11.374
01/10/2019 12.00,01/10/2019 14.00,0.406,0.276,0.186,11.647
01/10/2019 13.00,01/10/2019 15.00,0.416,0.323,0.15,11.733
01/10/2019 14.00,01/10/2019 16.00,0.36,0.297,0.111,11.618
01/10/2019 15.00,01/10/2019 17.00,0.213,0.165,0.081,11.17
01/10/2019 16.00,01/10/2019 18.00,0.043,0.032,0.033,10.244
01/10/2019 17.00,01/10/2019 19.00,0,0,0,9.229
01/10/2019 18.00,01/10/2019 20.00,0,0,0,8.749
01/10/2019 19.00,01/10/2019 21.00,0,0,0,8.55
01/10/2019 20.00,01/10/2019 22.00,0,0,0,8.502
01/10/2019 21.00,01/10/2019 23.00,0,0,0,8.498
01/10/2019 22.00,02/10/2019 00.00,0,0,0,8.558
01/10/2019 23.00,02/10/2019 01.00,0,0,0,8.583
02/10/2019 00.00,02/10/2019 02.00,0,0,0,8.626
02/10/2019 01.00,02/10/2019 03.00,0,0,0,8.735
02/10/2019 02.00,02/10/2019 04.00,0,0,0,8.77
02/10/2019 03.00,02/10/2019 05.00,0,0,0,8.665
02/10/2019 04.00,02/10/2019 06.00,0,0,0,8.539
02/10/2019 05.00,02/10/2019 07.00,0,0,0.001,8.459
02/10/2019 06.00,02/10/2019 08.00,0.042,0.019,0.045,9.081
02/10/2019 07.00,02/10/2019 09.00,0.14,0.065,0.103,10.013
02/10/2019 08.00,02/10/2019 10.00,0.255,0.139,0.151,10.64
02/10/2019 09.00,02/10/2019 11.00,0.31,0.16,0.19,11.004
02/10/2019 10.00,02/10/2019 12.00,0.222,0.061,0.194,10.845
02/10/2019 11.00,02/10/2019 13.00,0.132,0.017,0.143,10.183
02/10/2019 12.00,02/10/2019 14.00,0.131,0.017,0.142,9.7
02/10/2019 13.00,02/10/2019 15.00,0.116,0.016,0.127,9.656
02/10/2019 14.00,02/10/2019 16.00,0.084,0.012,0.098,9.826
02/10/2019 15.00,02/10/2019 17.00,0.045,0.007,0.061,9.877
02/10/2019 16.00,02/10/2019 18.00,0.009,0.004,0.024,9.663
02/10/2019 17.00,02/10/2019 19.00,0,0,0,9.36
02/10/2019 18.00,02/10/2019 20.00,0,0,0,9.184
02/10/2019 19.00,02/10/2019 21.00,0,0,0,8.909
02/10/2019 20.00,02/10/2019 22.00,0,0,0,8.6
02/10/2019 21.00,02/10/2019 23.00,0,0,0,8.345
02/10/2019 22.00,03/10/2019 00.00,0,0,0,8.07
02/10/2019 23.00,03/10/2019 01.00,0,0,0,7.863
03/10/2019 00.00,03/10/2019 02.00,0,0,0,7.668
03/10/2019 01.00,03/10/2019 03.00,0,0,0,7.418
03/10/2019 02.00,03/10/2019 04.00,0,0,0,7.152
03/10/2019 03.00,03/10/2019 05.00,0,0,0,6.854
03/10/2019 04.00,03/10/2019 06.00,0,0,0,6.514
03/10/2019 05.00,03/10/2019 07.00,0,0,0.001,6.137
03/10/2019 06.00,03/10/2019 08.00,0.058,0.041,0.04,6.956
03/10/2019 07.00,03/10/2019 09.00,0.219,0.168,0.081,8.467
03/10/2019 08.00,03/10/2019 10.00,0.348,0.281,0.11,9.372
03/10/2019 09.00,03/10/2019 11.00,0.525,0.491,0.108,9.911
03/10/2019 10.00,03/10/2019 12.00,0.63,0.633,0.103,10.477
03/10/2019 11.00,03/10/2019 13.00,0.669,0.692,0.098,10.978
03/10/2019 12.00,03/10/2019 14.00,0.656,0.684,0.09,11.328
03/10/2019 13.00,03/10/2019 15.00,0.575,0.584,0.083,11.479
03/10/2019 14.00,03/10/2019 16.00,0.439,0.424,0.075,11.384
03/10/2019 15.00,03/10/2019 17.00,0.241,0.212,0.064,10.999
03/10/2019 16.00,03/10/2019 18.00,0.043,0.039,0.027,10.206
03/10/2019 17.00,03/10/2019 19.00,0,0,0,9.479
03/10/2019 18.00,03/10/2019 20.00,0,0,0,8.755
03/10/2019 19.00,03/10/2019 21.00,0,0,0,8.098
03/10/2019 20.00,03/10/2019 22.00,0,0,0,7.874
03/10/2019 21.00,03/10/2019 23.00,0,0,0,7.863
03/10/2019 22.00,04/10/2019 00.00,0,0,0,7.954
03/10/2019 23.00,04/10/2019 01.00,0,0,0,8.032
04/10/2019 00.00,04/10/2019 02.00,0,0,0,8.054
04/10/2019 01.00,04/10/2019 03.00,0,0,0,8.049
04/10/2019 02.00,04/10/2019 04.00,0,0,0,7.945
04/10/2019 03.00,04/10/2019 05.00,0,0,0,7.938
04/10/2019 04.00,04/10/2019 06.00,0,0,0,8.04
04/10/2019 05.00,04/10/2019 07.00,0,0,0,8.079
04/10/2019 06.00,04/10/2019 08.00,0.007,0.002,0.022,8.272
04/10/2019 07.00,04/10/2019 09.00,0.047,0.006,0.063,8.712
04/10/2019 08.00,04/10/2019 10.00,0.095,0.013,0.108,9.263
04/10/2019 09.00,04/10/2019 11.00,0.113,0.013,0.126,9.645
04/10/2019 10.00,04/10/2019 12.00,0.123,0.013,0.137,9.796
04/10/2019 11.00,04/10/2019 13.00,0.13,0.014,0.144,9.792
04/10/2019 12.00,04/10/2019 14.00,0.124,0.013,0.137,9.688
04/10/2019 13.00,04/10/2019 15.00,0.118,0.015,0.13,9.532
04/10/2019 14.00,04/10/2019 16.00,0.075,0.008,0.091,9.235
04/10/2019 15.00,04/10/2019 17.00,0.033,0.004,0.05,8.837
04/10/2019 16.00,04/10/2019 18.00,0,0.001,0.013,8.346
04/10/2019 17.00,04/10/2019 19.00,0,0,0,7.962
04/10/2019 18.00,04/10/2019 20.00,0,0,0,7.731
04/10/2019 19.00,04/10/2019 21.00,0,0,0,7.472
04/10/2019 20.00,04/10/2019 22.00,0,0,0,7.244
04/10/2019 21.00,04/10/2019 23.00,0,0,0,7.079
04/10/2019 22.00,05/10/2019 00.00,0,0,0,6.927
04/10/2019 23.00,05/10/2019 01.00,0,0,0,6.727
05/10/2019 00.00,05/10/2019 02.00,0,0,0,6.534
05/10/2019 01.00,05/10/2019 03.00,0,0,0,6.409
05/10/2019 02.00,05/10/2019 04.00,0,0,0,6.257
05/10/2019 03.00,05/10/2019 05.00,0,0,0,5.993
05/10/2019 04.00,05/10/2019 06.00,0,0,0,5.675
05/10/2019 05.00,05/10/2019 07.00,0,0,0,5.309
05/10/2019 06.00,05/10/2019 08.00,0.045,0.032,0.035,5.319
05/10/2019 07.00,05/10/2019 09.00,0.225,0.179,0.075,6.031
05/10/2019 08.00,05/10/2019 10.00,0.418,0.377,0.088,7.002
05/10/2019 09.00,05/10/2019 11.00,0.557,0.539,0.094,7.841
05/10/2019 10.00,05/10/2019 12.00,0.651,0.662,0.093,8.48
05/10/2019 11.00,05/10/2019 13.00,0.693,0.727,0.088,8.945
05/10/2019 12.00,05/10/2019 14.00,0.669,0.699,0.083,9.198
05/10/2019 13.00,05/10/2019 15.00,0.59,0.602,0.077,9.215
05/10/2019 14.00,05/10/2019 16.00,0.45,0.438,0.069,8.947
05/10/2019 15.00,05/10/2019 17.00,0.253,0.228,0.057,8.244
05/10/2019 16.00,05/10/2019 18.00,0.045,0.045,0.023,6.369
05/10/2019 17.00,05/10/2019 19.00,0,0,0,4.859
05/10/2019 18.00,05/10/2019 20.00,0,0,0,4.343
05/10/2019 19.00,05/10/2019 21.00,0,0,0,3.839
05/10/2019 20.00,05/10/2019 22.00,0,0,0,3.367
05/10/2019 21.00,05/10/2019 23.00,0,0,0,3.018
05/10/2019 22.00,06/10/2019 00.00,0,0,0,2.793
05/10/2019 23.00,06/10/2019 01.00,0,0,0,2.62
06/10/2019 00.00,06/10/2019 02.00,0,0,0,2.443
06/10/2019 01.00,06/10/2019 03.00,0,0,0,2.301
06/10/2019 02.00,06/10/2019 04.00,0,0,0,2.215
06/10/2019 03.00,06/10/2019 05.00,0,0,0,2.165
06/10/2019 04.00,06/10/2019 06.00,0,0,0,2.077
06/10/2019 05.00,06/10/2019 07.00,0,0,0,2.015
06/10/2019 06.00,06/10/2019 08.00,0.065,0.055,0.032,2.931
06/10/2019 07.00,06/10/2019 09.00,0.254,0.217,0.064,5.336
06/10/2019 08.00,06/10/2019 10.00,0.449,0.424,0.076,6.993
06/10/2019 09.00,06/10/2019 11.00,0.573,0.569,0.085,8.433
06/10/2019 10.00,06/10/2019 12.00,0.631,0.636,0.095,9.046
06/10/2019 11.00,06/10/2019 13.00,0.658,0.672,0.097,9.38
06/10/2019 12.00,06/10/2019 14.00,0.575,0.553,0.108,9.432
06/10/2019 13.00,06/10/2019 15.00,0.537,0.521,0.091,9.383
06/10/2019 14.00,06/10/2019 16.00,0.367,0.323,0.088,9.057
06/10/2019 15.00,06/10/2019 17.00,0.188,0.149,0.067,8.312
06/10/2019 16.00,06/10/2019 18.00,0.029,0.028,0.021,6.731
06/10/2019 17.00,06/10/2019 19.00,0,0,0,5.097
06/10/2019 18.00,06/10/2019 20.00,0,0,0,4.401
06/10/2019 19.00,06/10/2019 21.00,0,0,0,3.761
06/10/2019 20.00,06/10/2019 22.00,0,0,0,3.196
06/10/2019 21.00,06/10/2019 23.00,0,0,0,2.712
06/10/2019 22.00,07/10/2019 00.00,0,0,0,2.379
06/10/2019 23.00,07/10/2019 01.00,0,0,0,2.137
07/10/2019 00.00,07/10/2019 02.00,0,0,0,1.96
07/10/2019 01.00,07/10/2019 03.00,0,0,0,1.82
07/10/2019 02.00,07/10/2019 04.00,0,0,0,1.671
07/10/2019 03.00,07/10/2019 05.00,0,0,0,1.469
07/10/2019 04.00,07/10/2019 06.00,0,0,0,1.322
07/10/2019 05.00,07/10/2019 07.00,0,0,0,1.568
07/10/2019 06.00,07/10/2019 08.00,0.064,0.054,0.032,2.108
07/10/2019 07.00,07/10/2019 09.00,0.266,0.227,0.065,3.621
07/10/2019 08.00,07/10/2019 10.00,0.403,0.35,0.094,4.89
07/10/2019 09.00,07/10/2019 11.00,0.498,0.44,0.116,6.281
07/10/2019 10.00,07/10/2019 12.00,0.555,0.498,0.13,7.156
07/10/2019 11.00,07/10/2019 13.00,0.526,0.445,0.149,7.754
07/10/2019 12.00,07/10/2019 14.00,0.424,0.31,0.165,8.112
07/10/2019 13.00,07/10/2019 15.00,0.281,0.157,0.159,8.185
07/10/2019 14.00,07/10/2019 16.00,0.14,0.051,0.116,8.027
07/10/2019 15.00,07/10/2019 17.00,0.042,0.011,0.054,7.26
07/10/2019 16.00,07/10/2019 18.00,0,0.001,0.01,6.116
07/10/2019 17.00,07/10/2019 19.00,0,0,0,5.577
07/10/2019 18.00,07/10/2019 20.00,0,0,0,5.515
07/10/2019 19.00,07/10/2019 21.00,0,0,0,5.516
07/10/2019 20.00,07/10/2019 22.00,0,0,0,5.523
07/10/2019 21.00,07/10/2019 23.00,0,0,0,5.556
07/10/2019 22.00,08/10/2019 00.00,0,0,0,5.748
07/10/2019 23.00,08/10/2019 01.00,0,0,0,6.073
08/10/2019 00.00,08/10/2019 02.00,0,0,0,6.392
08/10/2019 01.00,08/10/2019 03.00,0,0,0,6.633
08/10/2019 02.00,08/10/2019 04.00,0,0,0,6.852
08/10/2019 03.00,08/10/2019 05.00,0,0,0,7.018
08/10/2019 04.00,08/10/2019 06.00,0,0,0,7.402
08/10/2019 05.00,08/10/2019 07.00,0,0,0,7.941
08/10/2019 06.00,08/10/2019 08.00,0,0.001,0.01,8.698
08/10/2019 07.00,08/10/2019 09.00,0.055,0.015,0.064,9.939
08/10/2019 08.00,08/10/2019 10.00,0.256,0.169,0.124,11.473
08/10/2019 09.00,08/10/2019 11.00,0.498,0.465,0.11,12.962
08/10/2019 10.00,08/10/2019 12.00,0.61,0.62,0.102,13.786
08/10/2019 11.00,08/10/2019 13.00,0.638,0.66,0.101,14.156
08/10/2019 12.00,08/10/2019 14.00,0.59,0.592,0.105,14.184
08/10/2019 13.00,08/10/2019 15.00,0.488,0.462,0.104,14.003
08/10/2019 14.00,08/10/2019 16.00,0.349,0.307,0.093,13.583
08/10/2019 15.00,08/10/2019 17.00,0.166,0.128,0.069,12.712
08/10/2019 16.00,08/10/2019 18.00,0.013,0.014,0.018,10.949
08/10/2019 17.00,08/10/2019 19.00,0,0,0,10.015
08/10/2019 18.00,08/10/2019 20.00,0,0,0,10.104
08/10/2019 19.00,08/10/2019 21.00,0,0,0,10.434
08/10/2019 20.00,08/10/2019 22.00,0,0,0,10.688
08/10/2019 21.00,08/10/2019 23.00,0,0,0,10.663
08/10/2019 22.00,09/10/2019 00.00,0,0,0,10.625
08/10/2019 23.00,09/10/2019 01.00,0,0,0,10.54
09/10/2019 00.00,09/10/2019 02.00,0,0,0,10.304
09/10/2019 01.00,09/10/2019 03.00,0,0,0,9.834
09/10/2019 02.00,09/10/2019 04.00,0,0,0,9.289
09/10/2019 03.00,09/10/2019 05.00,0,0,0,9.072
09/10/2019 04.00,09/10/2019 06.00,0,0,0,9.081
09/10/2019 05.00,09/10/2019 07.00,0,0,0,9.372
09/10/2019 06.00,09/10/2019 08.00,0.012,0.007,0.024,9.913
09/10/2019 07.00,09/10/2019 09.00,0.097,0.04,0.083,10.724
09/10/2019 08.00,09/10/2019 10.00,0.216,0.113,0.136,11.494
09/10/2019 09.00,09/10/2019 11.00,0.306,0.177,0.172,12.392
09/10/2019 10.00,09/10/2019 12.00,0.281,0.128,0.194,12.979
09/10/2019 11.00,09/10/2019 13.00,0.24,0.083,0.195,13.163
09/10/2019 12.00,09/10/2019 14.00,0.166,0.036,0.162,13.055
09/10/2019 13.00,09/10/2019 15.00,0.088,0.011,0.104,12.672
09/10/2019 14.00,09/10/2019 16.00,0.034,0.003,0.053,12.157
09/10/2019 15.00,09/10/2019 17.00,0.005,0.001,0.021,11.591
09/10/2019 16.00,09/10/2019 18.00,0,0,0.003,11.053
09/10/2019 17.00,09/10/2019 19.00,0,0,0,10.66
09/10/2019 18.00,09/10/2019 20.00,0,0,0,10.359
09/10/2019 19.00,09/10/2019 21.00,0,0,0,10.097
09/10/2019 20.00,09/10/2019 22.00,0,0,0,9.899
09/10/2019 21.00,09/10/2019 23.00,0,0,0,9.738
09/10/2019 22.00,10/10/2019 00.00,0,0,0,9.562
09/10/2019 23.00,10/10/2019 01.00,0,0,0,9.314
10/10/2019 00.00,10/10/2019 02.00,0,0,0,9.188
10/10/2019 01.00,10/10/2019 03.00,0,0,0,9.175
10/10/2019 02.00,10/10/2019 04.00,0,0,0,9.125
10/10/2019 03.00,10/10/2019 05.00,0,0,0,8.996
10/10/2019 04.00,10/10/2019 06.00,0,0,0,8.806
10/10/2019 05.00,10/10/2019 07.00,0,0,0,8.625
10/10/2019 06.00,10/10/2019 08.00,0.012,0.008,0.022,9.004
10/10/2019 07.00,10/10/2019 09.00,0.106,0.052,0.081,10.244
10/10/2019 08.00,10/10/2019 10.00,0.217,0.122,0.129,11.081
10/10/2019 09.00,10/10/2019 11.00,0.305,0.184,0.162,11.88
10/10/2019 10.00,10/10/2019 12.00,0.322,0.182,0.185,12.457
10/10/2019 11.00,10/10/2019 13.00,0.319,0.171,0.193,12.737
10/10/2019 12.00,10/10/2019 14.00,0.257,0.111,0.184,12.69
10/10/2019 13.00,10/10/2019 15.00,0.138,0.035,0.133,12.343
10/10/2019 14.00,10/10/2019 16.00,0.111,0.033,0.107,12.081
10/10/2019 15.00,10/10/2019 17.00,0.063,0.024,0.065,11.777
10/10/2019 16.00,10/10/2019 18.00,0,0.002,0.01,11.305
10/10/2019 17.00,10/10/2019 19.00,0,0,0,11.256
10/10/2019 18.00,10/10/2019 20.00,0,0,0,11.299
10/10/2019 19.00,10/10/2019 21.00,0,0,0,11.139
10/10/2019 20.00,10/10/2019 22.00,0,0,0,10.85
10/10/2019 21.00,10/10/2019 23.00,0,0,0,10.815
10/10/2019 22.00,11/10/2019 00.00,0,0,0,10.942
10/10/2019 23.00,11/10/2019 01.00,0,0,0,10.947
11/10/2019 00.00,11/10/2019 02.00,0,0,0,10.642
11/10/2019 01.00,11/10/2019 03.00,0,0,0,10.598
11/10/2019 02.00,11/10/2019 04.00,0,0,0,11.087
11/10/2019 03.00,11/10/2019 05.00,0,0,0,11.841
11/10/2019 04.00,11/10/2019 06.00,0,0,0,12.2
11/10/2019 05.00,11/10/2019 07.00,0,0,0,12.181
11/10/2019 06.00,11/10/2019 08.00,0.011,0.009,0.021,12.222
11/10/2019 07.00,11/10/2019 09.00,0.141,0.093,0.078,12.67
11/10/2019 08.00,11/10/2019 10.00,0.316,0.254,0.107,13.149
11/10/2019 09.00,11/10/2019 11.00,0.47,0.428,0.116,13.665
11/10/2019 10.00,11/10/2019 12.00,0.562,0.544,0.117,14.182
11/10/2019 11.00,11/10/2019 13.00,0.594,0.58,0.124,14.516
11/10/2019 12.00,11/10/2019 14.00,0.251,0.118,0.172,14.103
11/10/2019 13.00,11/10/2019 15.00,0.165,0.054,0.143,13.668
11/10/2019 14.00,11/10/2019 16.00,0.079,0.017,0.088,13.101
11/10/2019 15.00,11/10/2019 17.00,0.021,0.005,0.038,12.362
11/10/2019 16.00,11/10/2019 18.00,0,0.001,0.007,11.673
11/10/2019 17.00,11/10/2019 19.00,0,0,0,11.014
11/10/2019 18.00,11/10/2019 20.00,0,0,0,10.507
11/10/2019 19.00,11/10/2019 21.00,0,0,0,10.161
11/10/2019 20.00,11/10/2019 22.00,0,0,0,10.154
11/10/2019 21.00,11/10/2019 23.00,0,0,0,10.362
11/10/2019 22.00,12/10/2019 00.00,0,0,0,10.514
11/10/2019 23.00,12/10/2019 01.00,0,0,0,10.498
12/10/2019 00.00,12/10/2019 02.00,0,0,0,10.537
12/10/2019 01.00,12/10/2019 03.00,0,0,0,10.723
12/10/2019 02.00,12/10/2019 04.00,0,0,0,10.914
12/10/2019 03.00,12/10/2019 05.00,0,0,0,10.955
12/10/2019 04.00,12/10/2019 06.00,0,0,0,10.904
12/10/2019 05.00,12/10/2019 07.00,0,0,0,10.825
12/10/2019 06.00,12/10/2019 08.00,0.006,0.007,0.017,10.908
12/10/2019 07.00,12/10/2019 09.00,0.08,0.037,0.069,11.521
12/10/2019 08.00,12/10/2019 10.00,0.217,0.136,0.116,12.296
12/10/2019 09.00,12/10/2019 11.00,0.412,0.347,0.125,13.15
12/10/2019 10.00,12/10/2019 12.00,0.498,0.448,0.129,13.642
12/10/2019 11.00,12/10/2019 13.00,0.496,0.438,0.137,13.721
12/10/2019 12.00,12/10/2019 14.00,0.495,0.445,0.128,13.584
12/10/2019 13.00,12/10/2019 15.00,0.37,0.296,0.127,13.274
12/10/2019 14.00,12/10/2019 16.00,0.241,0.173,0.105,12.854
12/10/2019 15.00,12/10/2019 17.00,0.112,0.076,0.064,12.248
12/10/2019 16.00,12/10/2019 18.00,0,0.005,0.01,11.43
12/10/2019 17.00,12/10/2019 19.00,0,0,0,11.125
12/10/2019 18.00,12/10/2019 20.00,0,0,0,11.015
12/10/2019 19.00,12/10/2019 21.00,0,0,0,10.852
12/10/2019 20.00,12/10/2019 22.00,0,0,0,10.663
12/10/2019 21.00,12/10/2019 23.00,0,0,0,10.466
12/10/2019 22.00,13/10/2019 00.00,0,0,0,10.245
12/10/2019 23.00,13/10/2019 01.00,0,0,0,10.077
13/10/2019 00.00,13/10/2019 02.00,0,0,0,9.92
13/10/2019 01.00,13/10/2019 03.00,0,0,0,9.83
13/10/2019 02.00,13/10/2019 04.00,0,0,0,9.727
13/10/2019 03.00,13/10/2019 05.00,0,0,0,9.61
13/10/2019 04.00,13/10/2019 06.00,0,0,0,9.53
13/10/2019 05.00,13/10/2019 07.00,0,0,0,9.46
13/10/2019 06.00,13/10/2019 08.00,0,0.001,0.01,9.589
13/10/2019 07.00,13/10/2019 09.00,0.025,0.004,0.043,10.432
13/10/2019 08.00,13/10/2019 10.00,0.074,0.011,0.089,11.146
13/10/2019 09.00,13/10/2019 11.00,0.129,0.024,0.134,11.677
13/10/2019 10.00,13/10/2019 12.00,0.164,0.033,0.162,12.293
13/10/2019 11.00,13/10/2019 13.00,0.132,0.019,0.143,12.528
13/10/2019 12.00,13/10/2019 14.00,0.081,0.007,0.1,12.324
13/10/2019 13.00,13/10/2019 15.00,0.048,0.003,0.069,11.932
13/10/2019 14.00,13/10/2019 16.00,0.021,0.002,0.04,11.376
13/10/2019 15.00,13/10/2019 17.00,0,0.001,0.015,10.79
13/10/2019 16.00,13/10/2019 18.00,0,0,0.001,10.395
13/10/2019 17.00,13/10/2019 19.00,0,0,0,10.253
13/10/2019 18.00,13/10/2019 20.00,0,0,0,10.241
13/10/2019 19.00,13/10/2019 21.00,0,0,0,10.606
13/10/2019 20.00,13/10/2019 22.00,0,0,0,11.451
13/10/2019 21.00,13/10/2019 23.00,0,0,0,12.214
13/10/2019 22.00,14/10/2019 00.00,0,0,0,12.901
13/10/2019 23.00,14/10/2019 01.00,0,0,0,13.201
14/10/2019 00.00,14/10/2019 02.00,0,0,0,12.993
14/10/2019 01.00,14/10/2019 03.00,0,0,0,12.699
14/10/2019 02.00,14/10/2019 04.00,0,0,0,12.574
14/10/2019 03.00,14/10/2019 05.00,0,0,0,12.373
14/10/2019 04.00,14/10/2019 06.00,0,0,0,12.124
14/10/2019 05.00,14/10/2019 07.00,0,0,0,11.767
14/10/2019 06.00,14/10/2019 08.00,0,0.001,0.007,11.244
14/10/2019 07.00,14/10/2019 09.00,0.037,0.009,0.051,10.749
14/10/2019 08.00,14/10/2019 10.00,0.207,0.113,0.126,10.728
14/10/2019 09.00,14/10/2019 11.00,0.261,0.138,0.161,11.145
14/10/2019 10.00,14/10/2019 12.00,0.219,0.079,0.174,11.577
14/10/2019 11.00,14/10/2019 13.00,0.18,0.046,0.165,11.867
14/10/2019 12.00,14/10/2019 14.00,0.147,0.03,0.147,12.02
14/10/2019 13.00,14/10/2019 15.00,0.073,0.009,0.09,11.996
14/10/2019 14.00,14/10/2019 16.00,0.05,0.007,0.066,11.775
14/10/2019 15.00,14/10/2019 17.00,0.039,0.012,0.05,11.189
14/10/2019 16.00,14/10/2019 18.00,0,0.001,0.007,9.859
14/10/2019 17.00,14/10/2019 19.00,0,0,0,9.356
14/10/2019 18.00,14/10/2019 20.00,0,0,0,9.28
14/10/2019 19.00,14/10/2019 21.00,0,0,0,9.215
14/10/2019 20.00,14/10/2019 22.00,0,0,0,9.214
14/10/2019 21.00,14/10/2019 23.00,0,0,0,9.316
14/10/2019 22.00,15/10/2019 00.00,0,0,0,9.394
14/10/2019 23.00,15/10/2019 01.00,0,0,0,9.451
15/10/2019 00.00,15/10/2019 02.00,0,0,0,9.458
15/10/2019 01.00,15/10/2019 03.00,0,0,0,9.485
15/10/2019 02.00,15/10/2019 04.00,0,0,0,9.464
15/10/2019 03.00,15/10/2019 05.00,0,0,0,9.48
15/10/2019 04.00,15/10/2019 06.00,0,0,0,9.403
15/10/2019 05.00,15/10/2019 07.00,0,0,0,9.31
15/10/2019 06.00,15/10/2019 08.00,0,0.003,0.011,9.317
15/10/2019 07.00,15/10/2019 09.00,0.071,0.031,0.064,9.868
15/10/2019 08.00,15/10/2019 10.00,0.193,0.11,0.114,10.916
15/10/2019 09.00,15/10/2019 11.00,0.323,0.224,0.143,12.22
15/10/2019 10.00,15/10/2019 12.00,0.345,0.232,0.163,13.439
15/10/2019 11.00,15/10/2019 13.00,0.395,0.291,0.165,14.539
15/10/2019 12.00,15/10/2019 14.00,0.356,0.252,0.16,15.283
15/10/2019 13.00,15/10/2019 15.00,0.261,0.161,0.143,15.592
15/10/2019 14.00,15/10/2019 16.00,0.143,0.07,0.105,15.496
15/10/2019 15.00,15/10/2019 17.00,0.043,0.018,0.049,14.725
15/10/2019 16.00,15/10/2019 18.00,0,0.001,0.005,13.566
15/10/2019 17.00,15/10/2019 19.00,0,0,0,13.053
15/10/2019 18.00,15/10/2019 20.00,0,0,0,12.64
15/10/2019 19.00,15/10/2019 21.00,0,0,0,12.168
15/10/2019 20.00,15/10/2019 22.00,0,0,0,11.858
15/10/2019 21.00,15/10/2019 23.00,0,0,0,11.474
15/10/2019 22.00,16/10/2019 00.00,0,0,0,11.233
15/10/2019 23.00,16/10/2019 01.00,0,0,0,11.367
16/10/2019 00.00,16/10/2019 02.00,0,0,0,11.325
16/10/2019 01.00,16/10/2019 03.00,0,0,0,11.24
16/10/2019 02.00,16/10/2019 04.00,0,0,0,11.146
16/10/2019 03.00,16/10/2019 05.00,0,0,0,11.186
16/10/2019 04.00,16/10/2019 06.00,0,0,0,11.386
16/10/2019 05.00,16/10/2019 07.00,0,0,0,11.553
16/10/2019 06.00,16/10/2019 08.00,0,0,0.002,11.52
16/10/2019 07.00,16/10/2019 09.00,0,0.001,0.015,11.536
16/10/2019 08.00,16/10/2019 10.00,0.02,0.002,0.038,11.844
16/10/2019 09.00,16/10/2019 11.00,0.072,0.008,0.091,12.449
16/10/2019 10.00,16/10/2019 12.00,0.154,0.032,0.153,12.908
16/10/2019 11.00,16/10/2019 13.00,0.209,0.063,0.181,13.277
16/10/2019 12.00,16/10/2019 14.00,0.166,0.04,0.158,13.361
16/10/2019 13.00,16/10/2019 15.00,0.094,0.014,0.107,13.172
16/10/2019 14.00,16/10/2019 16.00,0.043,0.005,0.061,12.845
16/10/2019 15.00,16/10/2019 17.00,0.012,0.003,0.028,12.363
16/10/2019 16.00,16/10/2019 18.00,0,0,0.003,11.788
16/10/2019 17.00,16/10/2019 19.00,0,0,0,11.614
16/10/2019 18.00,16/10/2019 20.00,0,0,0,11.461
16/10/2019 19.00,16/10/2019 21.00,0,0,0,11.265
16/10/2019 20.00,16/10/2019 22.00,0,0,0,11.163
16/10/2019 21.00,16/10/2019 23.00,0,0,0,11.044
16/10/2019 22.00,17/10/2019 00.00,0,0,0,10.65
16/10/2019 23.00,17/10/2019 01.00,0,0,0,10.271
17/10/2019 00.00,17/10/2019 02.00,0,0,0,10.064
17/10/2019 01.00,17/10/2019 03.00,0,0,0,9.925
17/10/2019 02.00,17/10/2019 04.00,0,0,0,10.002
17/10/2019 03.00,17/10/2019 05.00,0,0,0,10.181
17/10/2019 04.00,17/10/2019 06.00,0,0,0,10.468
17/10/2019 05.00,17/10/2019 07.00,0,0,0,10.789
17/10/2019 06.00,17/10/2019 08.00,0,0.001,0.004,11.022
17/10/2019 07.00,17/10/2019 09.00,0.025,0.006,0.04,11.564
17/10/2019 08.00,17/10/2019 10.00,0.097,0.03,0.095,12.302
17/10/2019 09.00,17/10/2019 11.00,0.205,0.097,0.143,13.045
17/10/2019 10.00,17/10/2019 12.00,0.357,0.25,0.159,13.66
17/10/2019 11.00,17/10/2019 13.00,0.408,0.313,0.156,13.965
17/10/2019 12.00,17/10/2019 14.00,0.386,0.295,0.149,14.021
17/10/2019 13.00,17/10/2019 15.00,0.308,0.222,0.132,13.766
17/10/2019 14.00,17/10/2019 16.00,0.228,0.165,0.099,13.186
17/10/2019 15.00,17/10/2019 17.00,0.1,0.074,0.054,12.174
17/10/2019 16.00,17/10/2019 18.00,0,0.004,0.005,10.391
17/10/2019 17.00,17/10/2019 19.00,0,0,0,9.488
17/10/2019 18.00,17/10/2019 20.00,0,0,0,8.998
17/10/2019 19.00,17/10/2019 21.00,0,0,0,8.6
17/10/2019 20.00,17/10/2019 22.00,0,0,0,8.215
17/10/2019 21.00,17/10/2019 23.00,0,0,0,7.904
17/10/2019 22.00,18/10/2019 00.00,0,0,0,7.62
17/10/2019 23.00,18/10/2019 01.00,0,0,0,7.312
18/10/2019 00.00,18/10/2019 02.00,0,0,0,7.024
18/10/2019 01.00,18/10/2019 03.00,0,0,0,6.825
18/10/2019 02.00,18/10/2019 04.00,0,0,0,6.837
18/10/2019 03.00,18/10/2019 05.00,0,0,0,7.078
18/10/2019 04.00,18/10/2019 06.00,0,0,0,7.596
18/10/2019 05.00,18/10/2019 07.00,0,0,0,8.347
18/10/2019 06.00,18/10/2019 08.00,0,0.001,0.005,8.994
18/10/2019 07.00,18/10/2019 09.00,0.021,0.004,0.037,9.688
18/10/2019 08.00,18/10/2019 10.00,0.093,0.024,0.095,10.579
18/10/2019 09.00,18/10/2019 11.00,0.184,0.069,0.146,11.5
18/10/2019 10.00,18/10/2019 12.00,0.234,0.097,0.173,12.254
18/10/2019 11.00,18/10/2019 13.00,0.183,0.053,0.163,12.6
18/10/2019 12.00,18/10/2019 14.00,0.14,0.032,0.138,12.733
18/10/2019 13.00,18/10/2019 15.00,0.159,0.052,0.138,12.956
18/10/2019 14.00,18/10/2019 16.00,0.07,0.016,0.08,12.815
18/10/2019 15.00,18/10/2019 17.00,0.014,0.004,0.03,12.493
18/10/2019 16.00,18/10/2019 18.00,0,0,0.001,12.347
18/10/2019 17.00,18/10/2019 19.00,0,0,0,12.458
18/10/2019 18.00,18/10/2019 20.00,0,0,0,12.228
18/10/2019 19.00,18/10/2019 21.00,0,0,0,11.567
18/10/2019 20.00,18/10/2019 22.00,0,0,0,10.992
18/10/2019 21.00,18/10/2019 23.00,0,0,0,10.835
18/10/2019 22.00,19/10/2019 00.00,0,0,0,10.915
18/10/2019 23.00,19/10/2019 01.00,0,0,0,10.975
19/10/2019 00.00,19/10/2019 02.00,0,0,0,10.913
19/10/2019 01.00,19/10/2019 03.00,0,0,0,10.89
19/10/2019 02.00,19/10/2019 04.00,0,0,0,10.991
19/10/2019 03.00,19/10/2019 05.00,0,0,0,10.987
19/10/2019 04.00,19/10/2019 06.00,0,0,0,10.901
19/10/2019 05.00,19/10/2019 07.00,0,0,0,10.997
19/10/2019 06.00,19/10/2019 08.00,0,0.001,0.006,10.995
19/10/2019 07.00,19/10/2019 09.00,0.031,0.009,0.045,11.135
19/10/2019 08.00,19/10/2019 10.00,0.079,0.019,0.086,11.34
19/10/2019 09.00,19/10/2019 11.00,0.139,0.039,0.129,11.638
19/10/2019 10.00,19/10/2019 12.00,0.213,0.083,0.165,12.141
19/10/2019 11.00,19/10/2019 13.00,0.281,0.143,0.179,12.709
19/10/2019 12.00,19/10/2019 14.00,0.236,0.104,0.168,12.861
19/10/2019 13.00,19/10/2019 15.00,0.12,0.03,0.119,12.482
19/10/2019 14.00,19/10/2019 16.00,0.042,0.007,0.059,11.818
19/10/2019 15.00,19/10/2019 17.00,0.007,0.002,0.022,11.189
19/10/2019 16.00,19/10/2019 18.00,0,0,0.002,10.627
19/10/2019 17.00,19/10/2019 19.00,0,0,0,10.363
19/10/2019 18.00,19/10/2019 20.00,0,0,0,10.284
19/10/2019 19.00,19/10/2019 21.00,0,0,0,10.239
19/10/2019 20.00,19/10/2019 22.00,0,0,0,10.222
19/10/2019 21.00,19/10/2019 23.00,0,0,0,10.255
19/10/2019 22.00,20/10/2019 00.00,0,0,0,10.194
19/10/2019 23.00,20/10/2019 01.00,0,0,0,10.223
20/10/2019 00.00,20/10/2019 02.00,0,0,0,10.26
20/10/2019 01.00,20/10/2019 03.00,0,0,0,10.284
20/10/2019 02.00,20/10/2019 04.00,0,0,0,10.288
20/10/2019 03.00,20/10/2019 05.00,0,0,0,10.289
20/10/2019 04.00,20/10/2019 06.00,0,0,0,10.281
20/10/2019 05.00,20/10/2019 07.00,0,0,0,10.253
20/10/2019 06.00,20/10/2019 08.00,0,0.001,0.005,10.225
20/10/2019 07.00,20/10/2019 09.00,0.041,0.016,0.048,10.61
20/10/2019 08.00,20/10/2019 10.00,0.141,0.067,0.103,11.273
20/10/2019 09.00,20/10/2019 11.00,0.252,0.148,0.141,12.114
20/10/2019 10.00,20/10/2019 12.00,0.3,0.183,0.16,12.818
20/10/2019 11.00,20/10/2019 13.00,0.371,0.262,0.162,13.266
20/10/2019 12.00,20/10/2019 14.00,0.309,0.196,0.158,13.43
20/10/2019 13.00,20/10/2019 15.00,0.193,0.093,0.134,13.283
20/10/2019 14.00,20/10/2019 16.00,0.081,0.026,0.082,12.868
20/10/2019 15.00,20/10/2019 17.00,0.014,0.006,0.028,11.972
20/10/2019 16.00,20/10/2019 18.00,0,0,0.002,11.247
20/10/2019 17.00,20/10/2019 19.00,0,0,0,11.029
20/10/2019 18.00,20/10/2019 20.00,0,0,0,10.887
20/10/2019 19.00,20/10/2019 21.00,0,0,0,10.522
20/10/2019 20.00,20/10/2019 22.00,0,0,0,9.963
20/10/2019 21.00,20/10/2019 23.00,0,0,0,9.189
20/10/2019 22.00,21/10/2019 00.00,0,0,0,8.611
20/10/2019 23.00,21/10/2019 01.00,0,0,0,8.084
21/10/2019 00.00,21/10/2019 02.00,0,0,0,7.622
21/10/2019 01.00,21/10/2019 03.00,0,0,0,7.492
21/10/2019 02.00,21/10/2019 04.00,0,0,0,7.64
21/10/2019 03.00,21/10/2019 05.00,0,0,0,7.577
21/10/2019 04.00,21/10/2019 06.00,0,0,0,7.393
21/10/2019 05.00,21/10/2019 07.00,0,0,0,7.255
21/10/2019 06.00,21/10/2019 08.00,0,0.002,0.005,7.431
21/10/2019 07.00,21/10/2019 09.00,0.033,0.011,0.043,8.141
21/10/2019 08.00,21/10/2019 10.00,0.101,0.034,0.092,8.731
21/10/2019 09.00,21/10/2019 11.00,0.194,0.087,0.137,9.428
21/10/2019 10.00,21/10/2019 12.00,0.301,0.177,0.163,10.218
21/10/2019 11.00,21/10/2019 13.00,0.281,0.149,0.169,10.75
21/10/2019 12.00,21/10/2019 14.00,0.201,0.08,0.153,10.936
21/10/2019 13.00,21/10/2019 15.00,0.145,0.051,0.123,10.921
21/10/2019 14.00,21/10/2019 16.00,0.106,0.043,0.09,10.731
21/10/2019 15.00,21/10/2019 17.00,0.027,0.013,0.036,10.104
21/10/2019 16.00,21/10/2019 18.00,0,0,0.001,9.311
21/10/2019 17.00,21/10/2019 19.00,0,0,0,9.214
21/10/2019 18.00,21/10/2019 20.00,0,0,0,9.064
21/10/2019 19.00,21/10/2019 21.00,0,0,0,8.711
21/10/2019 20.00,21/10/2019 22.00,0,0,0,8.18
21/10/2019 21.00,21/10/2019 23.00,0,0,0,8.024
21/10/2019 22.00,22/10/2019 00.00,0,0,0,8.173
21/10/2019 23.00,22/10/2019 01.00,0,0,0,8.34
22/10/2019 00.00,22/10/2019 02.00,0,0,0,8.29
22/10/2019 01.00,22/10/2019 03.00,0,0,0,7.975
22/10/2019 02.00,22/10/2019 04.00,0,0,0,7.818
22/10/2019 03.00,22/10/2019 05.00,0,0,0,7.928
22/10/2019 04.00,22/10/2019 06.00,0,0,0,7.937
22/10/2019 05.00,22/10/2019 07.00,0,0,0,7.749
22/10/2019 06.00,22/10/2019 08.00,0,0.002,0.004,7.465
22/10/2019 07.00,22/10/2019 09.00,0.073,0.045,0.052,8.354
22/10/2019 08.00,22/10/2019 10.00,0.243,0.184,0.092,9.679
22/10/2019 09.00,22/10/2019 11.00,0.434,0.392,0.1,10.705
22/10/2019 10.00,22/10/2019 12.00,0.498,0.46,0.112,11.627
22/10/2019 11.00,22/10/2019 13.00,0.474,0.417,0.126,12.199
22/10/2019 12.00,22/10/2019 14.00,0.411,0.338,0.132,12.385
22/10/2019 13.00,22/10/2019 15.00,0.239,0.147,0.129,12.155
22/10/2019 14.00,22/10/2019 16.00,0.062,0.019,0.069,11.62
22/10/2019 15.00,22/10/2019 17.00,0.006,0.003,0.02,11.065
22/10/2019 16.00,22/10/2019 18.00,0,0,0,10.697
22/10/2019 17.00,22/10/2019 19.00,0,0,0,10.509
22/10/2019 18.00,22/10/2019 20.00,0,0,0,10.46
22/10/2019 19.00,22/10/2019 21.00,0,0,0,10.528
22/10/2019 20.00,22/10/2019 22.00,0,0,0,10.64
22/10/2019 21.00,22/10/2019 23.00,0,0,0,10.788
22/10/2019 22.00,23/10/2019 00.00,0,0,0,10.87
22/10/2019 23.00,23/10/2019 01.00,0,0,0,10.866
23/10/2019 00.00,23/10/2019 02.00,0,0,0,10.693
23/10/2019 01.00,23/10/2019 03.00,0,0,0,10.556
23/10/2019 02.00,23/10/2019 04.00,0,0,0,10.537
23/10/2019 03.00,23/10/2019 05.00,0,0,0,10.477
23/10/2019 04.00,23/10/2019 06.00,0,0,0,10.39
23/10/2019 05.00,23/10/2019 07.00,0,0,0,10.34
23/10/2019 06.00,23/10/2019 08.00,0,0,0.002,10.303
23/10/2019 07.00,23/10/2019 09.00,0.015,0.004,0.031,10.615
23/10/2019 08.00,23/10/2019 10.00,0.055,0.011,0.069,11.101
23/10/2019 09.00,23/10/2019 11.00,0.12,0.03,0.118,11.635
23/10/2019 10.00,23/10/2019 12.00,0.136,0.032,0.133,12.066
23/10/2019 11.00,23/10/2019 13.00,0.135,0.03,0.134,12.273
23/10/2019 12.00,23/10/2019 14.00,0.156,0.046,0.141,12.42
23/10/2019 13.00,23/10/2019 15.00,0.142,0.049,0.123,12.374
23/10/2019 14.00,23/10/2019 16.00,0.092,0.035,0.084,12.027
23/10/2019 15.00,23/10/2019 17.00,0.026,0.014,0.033,11.107
23/10/2019 16.00,23/10/2019 18.00,0,0,0.001,9.996
23/10/2019 17.00,23/10/2019 19.00,0,0,0,9.263
23/10/2019 18.00,23/10/2019 20.00,0,0,0,8.768
23/10/2019 19.00,23/10/2019 21.00,0,0,0,8.058
23/10/2019 20.00,23/10/2019 22.00,0,0,0,7.879
23/10/2019 21.00,23/10/2019 23.00,0,0,0,8.09
23/10/2019 22.00,24/10/2019 00.00,0,0,0,8.654
23/10/2019 23.00,24/10/2019 01.00,0,0,0,9.121
24/10/2019 00.00,24/10/2019 02.00,0,0,0,9.46
24/10/2019 01.00,24/10/2019 03.00,0,0,0,9.758
24/10/2019 02.00,24/10/2019 04.00,0,0,0,9.858
24/10/2019 03.00,24/10/2019 05.00,0,0,0,9.948
24/10/2019 04.00,24/10/2019 06.00,0,0,0,10.097
24/10/2019 05.00,24/10/2019 07.00,0,0,0,10.183
24/10/2019 06.00,24/10/2019 08.00,0,0,0.002,10.289
24/10/2019 07.00,24/10/2019 09.00,0.006,0.002,0.022,10.657
24/10/2019 08.00,24/10/2019 10.00,0.034,0.005,0.052,11.118
24/10/2019 09.00,24/10/2019 11.00,0.079,0.012,0.093,11.742
24/10/2019 10.00,24/10/2019 12.00,0.099,0.015,0.112,12.268
24/10/2019 11.00,24/10/2019 13.00,0.104,0.016,0.116,12.621
24/10/2019 12.00,24/10/2019 14.00,0.127,0.027,0.129,13.029
24/10/2019 13.00,24/10/2019 15.00,0.121,0.032,0.118,13.284
24/10/2019 14.00,24/10/2019 16.00,0.032,0.005,0.049,13.085
24/10/2019 15.00,24/10/2019 17.00,0.001,0.002,0.015,12.713
24/10/2019 16.00,24/10/2019 18.00,0,0,0,12.331
24/10/2019 17.00,24/10/2019 19.00,0,0,0,12.091
24/10/2019 18.00,24/10/2019 20.00,0,0,0,11.899
24/10/2019 19.00,24/10/2019 21.00,0,0,0,11.835
24/10/2019 20.00,24/10/2019 22.00,0,0,0,11.918
24/10/2019 21.00,24/10/2019 23.00,0,0,0,12.105
24/10/2019 22.00,25/10/2019 00.00,0,0,0,12.386
24/10/2019 23.00,25/10/2019 01.00,0,0,0,12.786
25/10/2019 00.00,25/10/2019 02.00,0,0,0,12.895
25/10/2019 01.00,25/10/2019 03.00,0,0,0,12.562
25/10/2019 02.00,25/10/2019 04.00,0,0,0,11.897
25/10/2019 03.00,25/10/2019 05.00,0,0,0,11.105
25/10/2019 04.00,25/10/2019 06.00,0,0,0,10.666
25/10/2019 05.00,25/10/2019 07.00,0,0,0,10.57
25/10/2019 06.00,25/10/2019 08.00,0,0,0.002,10.585
25/10/2019 07.00,25/10/2019 09.00,0.019,0.006,0.032,10.757
25/10/2019 08.00,25/10/2019 10.00,0.099,0.037,0.088,11.207
25/10/2019 09.00,25/10/2019 11.00,0.239,0.14,0.135,11.796
25/10/2019 10.00,25/10/2019 12.00,0.294,0.178,0.157,12.15
25/10/2019 11.00,25/10/2019 13.00,0.212,0.086,0.16,11.996
25/10/2019 12.00,25/10/2019 14.00,0.094,0.017,0.104,11.447
25/10/2019 13.00,25/10/2019 15.00,0.078,0.014,0.089,10.942
25/10/2019 14.00,25/10/2019 16.00,0.034,0.006,0.05,10.426
25/10/2019 15.00,25/10/2019 17.00,0.005,0.003,0.018,9.924
25/10/2019 16.00,25/10/2019 18.00,0,0,0,9.269
25/10/2019 17.00,25/10/2019 19.00,0,0,0,9.086
25/10/2019 18.00,25/10/2019 20.00,0,0,0,9.211
25/10/2019 19.00,25/10/2019 21.00,0,0,0,9.47
25/10/2019 20.00,25/10/2019 22.00,0,0,0,9.702
25/10/2019 21.00,25/10/2019 23.00,0,0,0,10.186
25/10/2019 22.00,26/10/2019 00.00,0,0,0,10.778
25/10/2019 23.00,26/10/2019 01.00,0,0,0,11.651
26/10/2019 00.00,26/10/2019 02.00,0,0,0,12.837
26/10/2019 01.00,26/10/2019 03.00,0,0,0,13.527
26/10/2019 02.00,26/10/2019 04.00,0,0,0,13.79
26/10/2019 03.00,26/10/2019 05.00,0,0,0,13.868
26/10/2019 04.00,26/10/2019 06.00,0,0,0,13.618
26/10/2019 05.00,26/10/2019 07.00,0,0,0,13.053
26/10/2019 06.00,26/10/2019 08.00,0,0,0.001,12.121
26/10/2019 07.00,26/10/2019 09.00,0.001,0.001,0.015,10.978
26/10/2019 08.00,26/10/2019 10.00,0.027,0.003,0.046,10.123
26/10/2019 09.00,26/10/2019 11.00,0.038,0.003,0.057,9.593
26/10/2019 10.00,26/10/2019 12.00,0.038,0.002,0.058,9.303
26/10/2019 11.00,26/10/2019 13.00,0.039,0.002,0.059,9.029
26/10/2019 12.00,26/10/2019 14.00,0.029,0.002,0.049,8.562
26/10/2019 13.00,26/10/2019 15.00,0.017,0.001,0.035,7.901
26/10/2019 14.00,26/10/2019 16.00,0.004,0.001,0.02,7.275
26/10/2019 15.00,26/10/2019 17.00,0,0,0.006,6.944
26/10/2019 16.00,26/10/2019 18.00,0,0,0,6.832
26/10/2019 17.00,26/10/2019 19.00,0,0,0,6.859
26/10/2019 18.00,26/10/2019 20.00,0,0,0,6.961
26/10/2019 19.00,26/10/2019 21.00,0,0,0,7.068
26/10/2019 20.00,26/10/2019 22.00,0,0,0,7.184
26/10/2019 21.00,26/10/2019 23.00,0,0,0,7.333
26/10/2019 22.00,27/10/2019 00.00,0,0,0,7.335
26/10/2019 23.00,27/10/2019 01.00,0,0,0,7.393
27/10/2019 00.00,27/10/2019 02.00,0,0,0,7.676
27/10/2019 01.00,27/10/2019 02.00,0,0,0,8.036
27/10/2019 02.00,27/10/2019 03.00,0,0,0,8.286
27/10/2019 03.00,27/10/2019 04.00,0,0,0,8.241
27/10/2019 04.00,27/10/2019 05.00,0,0,0,7.901
27/10/2019 05.00,27/10/2019 06.00,0,0,0,7.7
27/10/2019 06.00,27/10/2019 07.00,0,0,0.001,7.869
27/10/2019 07.00,27/10/2019 08.00,0.012,0.004,0.026,8.332
27/10/2019 08.00,27/10/2019 09.00,0.059,0.015,0.068,9.029
27/10/2019 09.00,27/10/2019 10.00,0.143,0.051,0.12,9.585
27/10/2019 10.00,27/10/2019 11.00,0.201,0.083,0.149,9.955
27/10/2019 11.00,27/10/2019 12.00,0.165,0.052,0.142,10.126
27/10/2019 12.00,27/10/2019 13.00,0.141,0.041,0.128,10.219
27/10/2019 13.00,27/10/2019 14.00,0.138,0.051,0.115,10.216
27/10/2019 14.00,27/10/2019 15.00,0.094,0.041,0.079,9.976
27/10/2019 15.00,27/10/2019 16.00,0.012,0.008,0.022,9.557
27/10/2019 16.00,27/10/2019 17.00,0,0,0,9.311
27/10/2019 17.00,27/10/2019 18.00,0,0,0,9.301
27/10/2019 18.00,27/10/2019 19.00,0,0,0,9.221
27/10/2019 19.00,27/10/2019 20.00,0,0,0,9.039
27/10/2019 20.00,27/10/2019 21.00,0,0,0,8.876
27/10/2019 21.00,27/10/2019 22.00,0,0,0,8.75
27/10/2019 22.00,27/10/2019 23.00,0,0,0,8.691
27/10/2019 23.00,28/10/2019 00.00,0,0,0,8.567
28/10/2019 00.00,28/10/2019 01.00,0,0,0,8.268
28/10/2019 01.00,28/10/2019 02.00,0,0,0,7.879
28/10/2019 02.00,28/10/2019 03.00,0,0,0,7.606
28/10/2019 03.00,28/10/2019 04.00,0,0,0,7.084
28/10/2019 04.00,28/10/2019 05.00,0,0,0,6.721
28/10/2019 05.00,28/10/2019 06.00,0,0,0,6.564
28/10/2019 06.00,28/10/2019 07.00,0,0,0.001,6.547
28/10/2019 07.00,28/10/2019 08.00,0.024,0.012,0.032,7.272
28/10/2019 08.00,28/10/2019 09.00,0.085,0.033,0.077,8.22
28/10/2019 09.00,28/10/2019 10.00,0.146,0.059,0.114,8.733
28/10/2019 10.00,28/10/2019 11.00,0.213,0.103,0.141,9.13
28/10/2019 11.00,28/10/2019 12.00,0.27,0.156,0.149,9.344
28/10/2019 12.00,28/10/2019 13.00,0.295,0.194,0.138,9.312
28/10/2019 13.00,28/10/2019 14.00,0.26,0.179,0.114,9.028
28/10/2019 14.00,28/10/2019 15.00,0.159,0.108,0.079,8.427
28/10/2019 15.00,28/10/2019 16.00,0.039,0.034,0.027,7.061
28/10/2019 16.00,28/10/2019 17.00,0,0,0,5.686
28/10/2019 17.00,28/10/2019 18.00,0,0,0,5.146
28/10/2019 18.00,28/10/2019 19.00,0,0,0,4.705
28/10/2019 19.00,28/10/2019 20.00,0,0,0,4.336
28/10/2019 20.00,28/10/2019 21.00,0,0,0,4.035
28/10/2019 21.00,28/10/2019 22.00,0,0,0,3.866
28/10/2019 22.00,28/10/2019 23.00,0,0,0,3.755
28/10/2019 23.00,29/10/2019 00.00,0,0,0,3.665
29/10/2019 00.00,29/10/2019 01.00,0,0,0,3.573
29/10/2019 01.00,29/10/2019 02.00,0,0,0,3.449
29/10/2019 02.00,29/10/2019 03.00,0,0,0,3.241
29/10/2019 03.00,29/10/2019 04.00,0,0,0,3.031
29/10/2019 04.00,29/10/2019 05.00,0,0,0,2.803
29/10/2019 05.00,29/10/2019 06.00,0,0,0,2.645
29/10/2019 06.00,29/10/2019 07.00,0,0.001,0.001,2.545
29/10/2019 07.00,29/10/2019 08.00,0.105,0.095,0.034,3.346
29/10/2019 08.00,29/10/2019 09.00,0.323,0.299,0.057,5.424
29/10/2019 09.00,29/10/2019 10.00,0.48,0.47,0.067,6.831
29/10/2019 10.00,29/10/2019 11.00,0.566,0.573,0.072,8.032
29/10/2019 11.00,29/10/2019 12.00,0.593,0.607,0.074,8.686
29/10/2019 12.00,29/10/2019 13.00,0.558,0.564,0.072,8.846
29/10/2019 13.00,29/10/2019 14.00,0.47,0.463,0.066,8.709
29/10/2019 14.00,29/10/2019 15.00,0.314,0.297,0.055,8.051
29/10/2019 15.00,29/10/2019 16.00,0.097,0.098,0.023,6.282
29/10/2019 16.00,29/10/2019 17.00,0,0,0,5.329
29/10/2019 17.00,29/10/2019 18.00,0,0,0,5.103
29/10/2019 18.00,29/10/2019 19.00,0,0,0,5.053
29/10/2019 19.00,29/10/2019 20.00,0,0,0,4.938
29/10/2019 20.00,29/10/2019 21.00,0,0,0,4.588
29/10/2019 21.00,29/10/2019 22.00,0,0,0,4.139
29/10/2019 22.00,29/10/2019 23.00,0,0,0,3.472
29/10/2019 23.00,30/10/2019 00.00,0,0,0,2.811
30/10/2019 00.00,30/10/2019 01.00,0,0,0,2.262
30/10/2019 01.00,30/10/2019 02.00,0,0,0,1.813
30/10/2019 02.00,30/10/2019 03.00,0,0,0,1.637
30/10/2019 03.00,30/10/2019 04.00,0,0,0,1.7
30/10/2019 04.00,30/10/2019 05.00,0,0,0,1.811
30/10/2019 05.00,30/10/2019 06.00,0,0,0,1.999
30/10/2019 06.00,30/10/2019 07.00,0,0,0,2.396
30/10/2019 07.00,30/10/2019 08.00,0.031,0.019,0.033,3.542
30/10/2019 08.00,30/10/2019 09.00,0.103,0.047,0.079,5.127
30/10/2019 09.00,30/10/2019 10.00,0.18,0.087,0.119,6.575
30/10/2019 10.00,30/10/2019 11.00,0.198,0.088,0.139,7.682
30/10/2019 11.00,30/10/2019 12.00,0.188,0.075,0.142,8.433
30/10/2019 12.00,30/10/2019 13.00,0.18,0.075,0.134,8.8
30/10/2019 13.00,30/10/2019 14.00,0.128,0.049,0.106,8.725
30/10/2019 14.00,30/10/2019 15.00,0.052,0.017,0.058,8.133
30/10/2019 15.00,30/10/2019 16.00,0.003,0.005,0.015,7.182
30/10/2019 16.00,30/10/2019 17.00,0,0,0,6.244
30/10/2019 17.00,30/10/2019 18.00,0,0,0,5.618
30/10/2019 18.00,30/10/2019 19.00,0,0,0,4.993
30/10/2019 19.00,30/10/2019 20.00,0,0,0,4.481
30/10/2019 20.00,30/10/2019 21.00,0,0,0,4.452
30/10/2019 21.00,30/10/2019 22.00,0,0,0,4.753
30/10/2019 22.00,30/10/2019 23.00,0,0,0,4.871
30/10/2019 23.00,31/10/2019 00.00,0,0,0,4.804
31/10/2019 00.00,31/10/2019 01.00,0,0,0,4.658
31/10/2019 01.00,31/10/2019 02.00,0,0,0,4.505
31/10/2019 02.00,31/10/2019 03.00,0,0,0,4.332
31/10/2019 03.00,31/10/2019 04.00,0,0,0,4.132
31/10/2019 04.00,31/10/2019 05.00,0,0,0,4.034
31/10/2019 05.00,31/10/2019 06.00,0,0,0,4.061
31/10/2019 06.00,31/10/2019 07.00,0,0,0,4.223
31/10/2019 07.00,31/10/2019 08.00,0.024,0.015,0.029,5.085
31/10/2019 08.00,31/10/2019 09.00,0.102,0.05,0.077,6.712
31/10/2019 09.00,31/10/2019 10.00,0.177,0.091,0.115,7.963
31/10/2019 10.00,31/10/2019 11.00,0.219,0.113,0.136,8.637
31/10/2019 11.00,31/10/2019 12.00,0.236,0.125,0.143,9.061
31/10/2019 12.00,31/10/2019 13.00,0.212,0.109,0.134,9.2
31/10/2019 13.00,31/10/2019 14.00,0.137,0.06,0.104,9.053
31/10/2019 14.00,31/10/2019 15.00,0.07,0.031,0.063,8.526
31/10/2019 15.00,31/10/2019 16.00,0.009,0.009,0.017,7.351
31/10/2019 16.00,31/10/2019 17.00,0,0,0,6.402
31/10/2019 17.00,31/10/2019 18.00,0,0,0,5.997
31/10/2019 18.00,31/10/2019 19.00,0,0,0,5.614
31/10/2019 19.00,31/10/2019 20.00,0,0,0,5.271
31/10/2019 20.00,31/10/2019 21.00,0,0,0,4.864
31/10/2019 21.00,31/10/2019 22.00,0,0,0,4.41
31/10/2019 22.00,31/10/2019 23.00,0,0,0,3.977
31/10/2019 23.00,01/11/2019 00.00,0,0,0,3.542
01/11/2019 00.00,01/11/2019 01.00,0,0,0,3.042
01/11/2019 01.00,01/11/2019 02.00,0,0,0,3
01/11/2019 02.00,01/11/2019 03.00,0,0,0,3.134
01/11/2019 03.00,01/11/2019 04.00,0,0,0,2.911
01/11/2019 04.00,01/11/2019 05.00,0,0,0,2.59
01/11/2019 05.00,01/11/2019 06.00,0,0,0,2.256
01/11/2019 06.00,01/11/2019 07.00,0,0,0,2.202
01/11/2019 07.00,01/11/2019 08.00,0,0.001,0.012,2.358
01/11/2019 08.00,01/11/2019 09.00,0.02,0.003,0.037,2.829
01/11/2019 09.00,01/11/2019 10.00,0.044,0.005,0.061,3.547
01/11/2019 10.00,01/11/2019 11.00,0.058,0.006,0.074,4.331
01/11/2019 11.00,01/11/2019 12.00,0.065,0.007,0.081,4.938
01/11/2019 12.00,01/11/2019 13.00,0.063,0.007,0.079,5.314
01/11/2019 13.00,01/11/2019 14.00,0.049,0.007,0.064,5.435
01/11/2019 14.00,01/11/2019 15.00,0.028,0.006,0.042,5.265
01/11/2019 15.00,01/11/2019 16.00,0.001,0.003,0.013,4.614
01/11/2019 16.00,01/11/2019 17.00,0,0,0,3.754
01/11/2019 17.00,01/11/2019 18.00,0,0,0,3.294
01/11/2019 18.00,01/11/2019 19.00,0,0,0,2.848
01/11/2019 19.00,01/11/2019 20.00,0,0,0,2.684
01/11/2019 20.00,01/11/2019 21.00,0,0,0,2.585
01/11/2019 21.00,01/11/2019 22.00,0,0,0,2.706
01/11/2019 22.00,01/11/2019 23.00,0,0,0,3.043
01/11/2019 23.00,02/11/2019 00.00,0,0,0,3.34
02/11/2019 00.00,02/11/2019 01.00,0,0,0,3.631
02/11/2019 01.00,02/11/2019 02.00,0,0,0,3.93
02/11/2019 02.00,02/11/2019 03.00,0,0,0,4.267
02/11/2019 03.00,02/11/2019 04.00,0,0,0,4.69
02/11/2019 04.00,02/11/2019 05.00,0,0,0,4.991
02/11/2019 05.00,02/11/2019 06.00,0,0,0,5.226
02/11/2019 06.00,02/11/2019 07.00,0,0,0,5.414
02/11/2019 07.00,02/11/2019 08.00,0,0,0.007,5.729
02/11/2019 08.00,02/11/2019 09.00,0.01,0.001,0.027,6.174
02/11/2019 09.00,02/11/2019 10.00,0.021,0.002,0.039,6.625
02/11/2019 10.00,02/11/2019 11.00,0.026,0.002,0.044,7.034
02/11/2019 11.00,02/11/2019 12.00,0.029,0.002,0.048,7.392
02/11/2019 12.00,02/11/2019 13.00,0.018,0.001,0.036,7.618
02/11/2019 13.00,02/11/2019 14.00,0.004,0.001,0.019,7.701
02/11/2019 14.00,02/11/2019 15.00,0,0,0.011,7.707
02/11/2019 15.00,02/11/2019 16.00,0,0,0.003,7.768
02/11/2019 16.00,02/11/2019 17.00,0,0,0,7.934
02/11/2019 17.00,02/11/2019 18.00,0,0,0,8.268
02/11/2019 18.00,02/11/2019 19.00,0,0,0,8.431
02/11/2019 19.00,02/11/2019 20.00,0,0,0,8.268
02/11/2019 20.00,02/11/2019 21.00,0,0,0,7.894
02/11/2019 21.00,02/11/2019 22.00,0,0,0,7.501
02/11/2019 22.00,02/11/2019 23.00,0,0,0,6.976
02/11/2019 23.00,03/11/2019 00.00,0,0,0,6.651
03/11/2019 00.00,03/11/2019 01.00,0,0,0,6.653
03/11/2019 01.00,03/11/2019 02.00,0,0,0,6.875
03/11/2019 02.00,03/11/2019 03.00,0,0,0,6.948
03/11/2019 03.00,03/11/2019 04.00,0,0,0,7.098
03/11/2019 04.00,03/11/2019 05.00,0,0,0,7.296
03/11/2019 05.00,03/11/2019 06.00,0,0,0,7.53
03/11/2019 06.00,03/11/2019 07.00,0,0,0,7.766
03/11/2019 07.00,03/11/2019 08.00,0,0,0.006,8.028
03/11/2019 08.00,03/11/2019 09.00,0.002,0.001,0.017,8.336
03/11/2019 09.00,03/11/2019 10.00,0.008,0.001,0.025,8.571
03/11/2019 10.00,03/11/2019 11.00,0.016,0.001,0.034,8.752
03/11/2019 11.00,03/11/2019 12.00,0.021,0.001,0.04,8.893
03/11/2019 12.00,03/11/2019 13.00,0.022,0.002,0.041,8.977
03/11/2019 13.00,03/11/2019 14.00,0.028,0.003,0.046,9.118
03/11/2019 14.00,03/11/2019 15.00,0.03,0.007,0.045,8.964
03/11/2019 15.00,03/11/2019 16.00,0.001,0.004,0.013,7.991
03/11/2019 16.00,03/11/2019 17.00,0,0,0,7.556
03/11/2019 17.00,03/11/2019 18.00,0,0,0,7.576
03/11/2019 18.00,03/11/2019 19.00,0,0,0,7.71
03/11/2019 19.00,03/11/2019 20.00,0,0,0,7.911
03/11/2019 20.00,03/11/2019 21.00,0,0,0,8.07
03/11/2019 21.00,03/11/2019 22.00,0,0,0,7.985
03/11/2019 22.00,03/11/2019 23.00,0,0,0,7.824
03/11/2019 23.00,04/11/2019 00.00,0,0,0,7.568
04/11/2019 00.00,04/11/2019 01.00,0,0,0,7.351
04/11/2019 01.00,04/11/2019 02.00,0,0,0,7.226
04/11/2019 02.00,04/11/2019 03.00,0,0,0,7.159
04/11/2019 03.00,04/11/2019 04.00,0,0,0,7.191
04/11/2019 04.00,04/11/2019 05.00,0,0,0,7.185
04/11/2019 05.00,04/11/2019 06.00,0,0,0,7.056
04/11/2019 06.00,04/11/2019 07.00,0,0,0,6.938
04/11/2019 07.00,04/11/2019 08.00,0,0,0.007,6.882
04/11/2019 08.00,04/11/2019 09.00,0.006,0.001,0.022,6.916
04/11/2019 09.00,04/11/2019 10.00,0.016,0.001,0.033,6.862
04/11/2019 10.00,04/11/2019 11.00,0.025,0.002,0.044,6.761
04/11/2019 11.00,04/11/2019 12.00,0.033,0.002,0.052,6.758
04/11/2019 12.00,04/11/2019 13.00,0.034,0.003,0.053,6.77
04/11/2019 13.00,04/11/2019 14.00,0.024,0.002,0.042,6.709
04/11/2019 14.00,04/11/2019 15.00,0.006,0.001,0.022,6.525
04/11/2019 15.00,04/11/2019 16.00,0,0,0.004,6.275
04/11/2019 16.00,04/11/2019 17.00,0,0,0,6.04
04/11/2019 17.00,04/11/2019 18.00,0,0,0,5.84
04/11/2019 18.00,04/11/2019 19.00,0,0,0,5.633
04/11/2019 19.00,04/11/2019 20.00,0,0,0,5.421
04/11/2019 20.00,04/11/2019 21.00,0,0,0,5.264
04/11/2019 21.00,04/11/2019 22.00,0,0,0,5.178
04/11/2019 22.00,04/11/2019 23.00,0,0,0,5.136
04/11/2019 23.00,05/11/2019 00.00,0,0,0,5.079
05/11/2019 00.00,05/11/2019 01.00,0,0,0,4.973
05/11/2019 01.00,05/11/2019 02.00,0,0,0,4.82
05/11/2019 02.00,05/11/2019 03.00,0,0,0,4.629
05/11/2019 03.00,05/11/2019 04.00,0,0,0,4.419
05/11/2019 04.00,05/11/2019 05.00,0,0,0,4.13
05/11/2019 05.00,05/11/2019 06.00,0,0,0,3.772
05/11/2019 06.00,05/11/2019 07.00,0,0,0,3.481
05/11/2019 07.00,05/11/2019 08.00,0.004,0.005,0.016,3.301
05/11/2019 08.00,05/11/2019 09.00,0.068,0.029,0.061,3.456
05/11/2019 09.00,05/11/2019 10.00,0.189,0.109,0.104,3.775
05/11/2019 10.00,05/11/2019 11.00,0.324,0.235,0.12,4.118
05/11/2019 11.00,05/11/2019 12.00,0.377,0.292,0.121,4.378
05/11/2019 12.00,05/11/2019 13.00,0.289,0.198,0.121,4.418
05/11/2019 13.00,05/11/2019 14.00,0.152,0.08,0.096,4.217
05/11/2019 14.00,05/11/2019 15.00,0.06,0.03,0.053,3.813
05/11/2019 15.00,05/11/2019 16.00,0.001,0.006,0.01,3.133
05/11/2019 16.00,05/11/2019 17.00,0,0,0,2.564
05/11/2019 17.00,05/11/2019 18.00,0,0,0,2.269
05/11/2019 18.00,05/11/2019 19.00,0,0,0,2.062
05/11/2019 19.00,05/11/2019 20.00,0,0,0,1.962
05/11/2019 20.00,05/11/2019 21.00,0,0,0,1.972
05/11/2019 21.00,05/11/2019 22.00,0,0,0,2.034
05/11/2019 22.00,05/11/2019 23.00,0,0,0,1.96
05/11/2019 23.00,06/11/2019 00.00,0,0,0,1.82
06/11/2019 00.00,06/11/2019 01.00,0,0,0,1.704
06/11/2019 01.00,06/11/2019 02.00,0,0,0,1.672
06/11/2019 02.00,06/11/2019 03.00,0,0,0,1.646
06/11/2019 03.00,06/11/2019 04.00,0,0,0,1.588
06/11/2019 04.00,06/11/2019 05.00,0,0,0,1.495
06/11/2019 05.00,06/11/2019 06.00,0,0,0,1.401
06/11/2019 06.00,06/11/2019 07.00,0,0,0,1.353
06/11/2019 07.00,06/11/2019 08.00,0.005,0.006,0.015,1.514
06/11/2019 08.00,06/11/2019 09.00,0.085,0.045,0.062,2.331
06/11/2019 09.00,06/11/2019 10.00,0.227,0.154,0.097,2.975
06/11/2019 10.00,06/11/2019 11.00,0.402,0.338,0.101,3.537
06/11/2019 11.00,06/11/2019 12.00,0.486,0.443,0.093,3.905
06/11/2019 12.00,06/11/2019 13.00,0.454,0.411,0.088,4.011
06/11/2019 13.00,06/11/2019 14.00,0.345,0.297,0.08,3.86
06/11/2019 14.00,06/11/2019 15.00,0.175,0.142,0.056,3.264
06/11/2019 15.00,06/11/2019 16.00,0.01,0.017,0.011,1.705
06/11/2019 16.00,06/11/2019 17.00,0,0,0,0.993
06/11/2019 17.00,06/11/2019 18.00,0,0,0,0.768
06/11/2019 18.00,06/11/2019 19.00,0,0,0,0.626
06/11/2019 19.00,06/11/2019 20.00,0,0,0,0.557
06/11/2019 20.00,06/11/2019 21.00,0,0,0,0.593
06/11/2019 21.00,06/11/2019 22.00,0,0,0,0.673
06/11/2019 22.00,06/11/2019 23.00,0,0,0,0.695
06/11/2019 23.00,07/11/2019 00.00,0,0,0,0.753
07/11/2019 00.00,07/11/2019 01.00,0,0,0,0.694
07/11/2019 01.00,07/11/2019 02.00,0,0,0,0.548
07/11/2019 02.00,07/11/2019 03.00,0,0,0,0.436
07/11/2019 03.00,07/11/2019 04.00,0,0,0,0.325
07/11/2019 04.00,07/11/2019 05.00,0,0,0,0.298
07/11/2019 05.00,07/11/2019 06.00,0,0,0,0.302
07/11/2019 06.00,07/11/2019 07.00,0,0,0,0.329
07/11/2019 07.00,07/11/2019 08.00,0.014,0.015,0.017,0.733
07/11/2019 08.00,07/11/2019 09.00,0.096,0.054,0.065,2.259
07/11/2019 09.00,07/11/2019 10.00,0.132,0.059,0.096,3.491
07/11/2019 10.00,07/11/2019 11.00,0.135,0.049,0.11,4.083
07/11/2019 11.00,07/11/2019 12.00,0.15,0.056,0.118,4.521
07/11/2019 12.00,07/11/2019 13.00,0.163,0.073,0.115,4.792
07/11/2019 13.00,07/11/2019 14.00,0.14,0.071,0.093,4.692
07/11/2019 14.00,07/11/2019 15.00,0.057,0.029,0.05,3.912
07/11/2019 15.00,07/11/2019 16.00,0,0.003,0.007,3.043
07/11/2019 16.00,07/11/2019 17.00,0,0,0,3.009
07/11/2019 17.00,07/11/2019 18.00,0,0,0,3.157
07/11/2019 18.00,07/11/2019 19.00,0,0,0,3.191
07/11/2019 19.00,07/11/2019 20.00,0,0,0,3.276
07/11/2019 20.00,07/11/2019 21.00,0,0,0,3.362
07/11/2019 21.00,07/11/2019 22.00,0,0,0,3.519
07/11/2019 22.00,07/11/2019 23.00,0,0,0,3.723
07/11/2019 23.00,08/11/2019 00.00,0,0,0,3.901
08/11/2019 00.00,08/11/2019 01.00,0,0,0,4.02
08/11/2019 01.00,08/11/2019 02.00,0,0,0,4.067
08/11/2019 02.00,08/11/2019 03.00,0,0,0,4.124
08/11/2019 03.00,08/11/2019 04.00,0,0,0,4.144
08/11/2019 04.00,08/11/2019 05.00,0,0,0,3.885
08/11/2019 05.00,08/11/2019 06.00,0,0,0,3.516
08/11/2019 06.00,08/11/2019 07.00,0,0,0,3.451
08/11/2019 07.00,08/11/2019 08.00,0,0,0.002,3.459
08/11/2019 08.00,08/11/2019 09.00,0,0.001,0.013,3.685
08/11/2019 09.00,08/11/2019 10.00,0.012,0.001,0.029,4.07
08/11/2019 10.00,08/11/2019 11.00,0.031,0.003,0.049,4.45
08/11/2019 11.00,08/11/2019 12.00,0.05,0.005,0.067,4.824
08/11/2019 12.00,08/11/2019 13.00,0.065,0.009,0.078,5.061
08/11/2019 13.00,08/11/2019 14.00,0.048,0.008,0.062,5.112
08/11/2019 14.00,08/11/2019 15.00,0.017,0.005,0.032,4.87
08/11/2019 15.00,08/11/2019 16.00,0,0.001,0.004,4.22
08/11/2019 16.00,08/11/2019 17.00,0,0,0,3.876
08/11/2019 17.00,08/11/2019 18.00,0,0,0,3.58
08/11/2019 18.00,08/11/2019 19.00,0,0,0,3.425
08/11/2019 19.00,08/11/2019 20.00,0,0,0,3.266
08/11/2019 20.00,08/11/2019 21.00,0,0,0,3.012
08/11/2019 21.00,08/11/2019 22.00,0,0,0,2.885
08/11/2019 22.00,08/11/2019 23.00,0,0,0,2.847
08/11/2019 23.00,09/11/2019 00.00,0,0,0,2.888
09/11/2019 00.00,09/11/2019 01.00,0,0,0,2.832
09/11/2019 01.00,09/11/2019 02.00,0,0,0,2.825
09/11/2019 02.00,09/11/2019 03.00,0,0,0,2.796
09/11/2019 03.00,09/11/2019 04.00,0,0,0,2.754
09/11/2019 04.00,09/11/2019 05.00,0,0,0,2.726
09/11/2019 05.00,09/11/2019 06.00,0,0,0,2.689
09/11/2019 06.00,09/11/2019 07.00,0,0,0,2.6
09/11/2019 07.00,09/11/2019 08.00,0,0.003,0.009,2.696
09/11/2019 08.00,09/11/2019 09.00,0.041,0.015,0.047,3.484
09/11/2019 09.00,09/11/2019 10.00,0.115,0.048,0.091,4.252
09/11/2019 10.00,09/11/2019 11.00,0.181,0.089,0.117,4.736
09/11/2019 11.00,09/11/2019 12.00,0.202,0.104,0.125,5.103
09/11/2019 12.00,09/11/2019 13.00,0.183,0.094,0.115,5.249
09/11/2019 13.00,09/11/2019 14.00,0.123,0.059,0.087,5.167
09/11/2019 14.00,09/11/2019 15.00,0.05,0.026,0.045,4.571
09/11/2019 15.00,09/11/2019 16.00,0,0.003,0.006,3.446
09/11/2019 16.00,09/11/2019 17.00,0,0,0,3.04
09/11/2019 17.00,09/11/2019 18.00,0,0,0,2.83
09/11/2019 18.00,09/11/2019 19.00,0,0,0,2.586
09/11/2019 19.00,09/11/2019 20.00,0,0,0,2.292
09/11/2019 20.00,09/11/2019 21.00,0,0,0,2.074
09/11/2019 21.00,09/11/2019 22.00,0,0,0,1.993
09/11/2019 22.00,09/11/2019 23.00,0,0,0,1.96
09/11/2019 23.00,10/11/2019 00.00,0,0,0,2.006
10/11/2019 00.00,10/11/2019 01.00,0,0,0,2.082
10/11/2019 01.00,10/11/2019 02.00,0,0,0,2.12
10/11/2019 02.00,10/11/2019 03.00,0,0,0,2.122
10/11/2019 03.00,10/11/2019 04.00,0,0,0,2.076
10/11/2019 04.00,10/11/2019 05.00,0,0,0,1.944
10/11/2019 05.00,10/11/2019 06.00,0,0,0,1.872
10/11/2019 06.00,10/11/2019 07.00,0,0,0,1.963
10/11/2019 07.00,10/11/2019 08.00,0.001,0.005,0.011,2.085
10/11/2019 08.00,10/11/2019 09.00,0.058,0.026,0.054,2.981
10/11/2019 09.00,10/11/2019 10.00,0.126,0.056,0.093,3.983
10/11/2019 10.00,10/11/2019 11.00,0.146,0.058,0.112,4.406
10/11/2019 11.00,10/11/2019 12.00,0.136,0.047,0.113,4.788
10/11/2019 12.00,10/11/2019 13.00,0.107,0.033,0.098,5.063
10/11/2019 13.00,10/11/2019 14.00,0.058,0.015,0.065,5.022
10/11/2019 14.00,10/11/2019 15.00,0.017,0.006,0.03,4.672
10/11/2019 15.00,10/11/2019 16.00,0,0,0.003,4.129
10/11/2019 16.00,10/11/2019 17.00,0,0,0,4.142
10/11/2019 17.00,10/11/2019 18.00,0,0,0,4.439
10/11/2019 18.00,10/11/2019 19.00,0,0,0,4.743
10/11/2019 19.00,10/11/2019 20.00,0,0,0,4.978
10/11/2019 20.00,10/11/2019 21.00,0,0,0,5.178
10/11/2019 21.00,10/11/2019 22.00,0,0,0,5.148
10/11/2019 22.00,10/11/2019 23.00,0,0,0,5.156
10/11/2019 23.00,11/11/2019 00.00,0,0,0,5.187
11/11/2019 00.00,11/11/2019 01.00,0,0,0,5.308
11/11/2019 01.00,11/11/2019 02.00,0,0,0,5.211
11/11/2019 02.00,11/11/2019 03.00,0,0,0,5.083
11/11/2019 03.00,11/11/2019 04.00,0,0,0,4.63
11/11/2019 04.00,11/11/2019 05.00,0,0,0,4.147
11/11/2019 05.00,11/11/2019 06.00,0,0,0,3.963
11/11/2019 06.00,11/11/2019 07.00,0,0,0,4.13
11/11/2019 07.00,11/11/2019 08.00,0,0.001,0.005,4.634
11/11/2019 08.00,11/11/2019 09.00,0.004,0.001,0.019,5.228
11/11/2019 09.00,11/11/2019 10.00,0.015,0.002,0.032,5.566
11/11/2019 10.00,11/11/2019 11.00,0.033,0.003,0.05,5.788
11/11/2019 11.00,11/11/2019 12.00,0.045,0.005,0.062,5.819
11/11/2019 12.00,11/11/2019 13.00,0.052,0.007,0.067,5.664
11/11/2019 13.00,11/11/2019 14.00,0.044,0.008,0.057,5.413
11/11/2019 14.00,11/11/2019 15.00,0.018,0.006,0.031,5.051
11/11/2019 15.00,11/11/2019 16.00,0,0.001,0.003,4.647
11/11/2019 16.00,11/11/2019 17.00,0,0,0,4.315
11/11/2019 17.00,11/11/2019 18.00,0,0,0,4.069
11/11/2019 18.00,11/11/2019 19.00,0,0,0,3.996
11/11/2019 19.00,11/11/2019 20.00,0,0,0,3.98
11/11/2019 20.00,11/11/2019 21.00,0,0,0,3.96
11/11/2019 21.00,11/11/2019 22.00,0,0,0,3.87
11/11/2019 22.00,11/11/2019 23.00,0,0,0,3.72
11/11/2019 23.00,12/11/2019 00.00,0,0,0,3.614
12/11/2019 00.00,12/11/2019 01.00,0,0,0,3.567
12/11/2019 01.00,12/11/2019 02.00,0,0,0,3.562
12/11/2019 02.00,12/11/2019 03.00,0,0,0,3.607
12/11/2019 03.00,12/11/2019 04.00,0,0,0,3.72
12/11/2019 04.00,12/11/2019 05.00,0,0,0,3.983
12/11/2019 05.00,12/11/2019 06.00,0,0,0,4.209
12/11/2019 06.00,12/11/2019 07.00,0,0,0,4.443
12/11/2019 07.00,12/11/2019 08.00,0,0,0.003,4.623
12/11/2019 08.00,12/11/2019 09.00,0.005,0.001,0.021,4.686
12/11/2019 09.00,12/11/2019 10.00,0.021,0.002,0.039,4.644
12/11/2019 10.00,12/11/2019 11.00,0.027,0.002,0.045,4.72
12/11/2019 11.00,12/11/2019 12.00,0.029,0.003,0.047,5.185
12/11/2019 12.00,12/11/2019 13.00,0.028,0.003,0.046,5.846
12/11/2019 13.00,12/11/2019 14.00,0.022,0.003,0.039,6.353
12/11/2019 14.00,12/11/2019 15.00,0.008,0.003,0.023,6.403
12/11/2019 15.00,12/11/2019 16.00,0,0,0.003,5.97
12/11/2019 16.00,12/11/2019 17.00,0,0,0,5.4
12/11/2019 17.00,12/11/2019 18.00,0,0,0,4.778
12/11/2019 18.00,12/11/2019 19.00,0,0,0,3.951
12/11/2019 19.00,12/11/2019 20.00,0,0,0,3.291
12/11/2019 20.00,12/11/2019 21.00,0,0,0,3.15
12/11/2019 21.00,12/11/2019 22.00,0,0,0,3.188
12/11/2019 22.00,12/11/2019 23.00,0,0,0,3.365
12/11/2019 23.00,13/11/2019 00.00,0,0,0,3.523
13/11/2019 00.00,13/11/2019 01.00,0,0,0,3.467
13/11/2019 01.00,13/11/2019 02.00,0,0,0,3.471
13/11/2019 02.00,13/11/2019 03.00,0,0,0,3.339
13/11/2019 03.00,13/11/2019 04.00,0,0,0,3.052
13/11/2019 04.00,13/11/2019 05.00,0,0,0,2.719
13/11/2019 05.00,13/11/2019 06.00,0,0,0,2.319
13/11/2019 06.00,13/11/2019 07.00,0,0,0,2.07
13/11/2019 07.00,13/11/2019 08.00,0,0.004,0.007,2.017
13/11/2019 08.00,13/11/2019 09.00,0.037,0.016,0.043,2.605
13/11/2019 09.00,13/11/2019 10.00,0.108,0.047,0.084,3.396
13/11/2019 10.00,13/11/2019 11.00,0.155,0.072,0.107,4.133
13/11/2019 11.00,13/11/2019 12.00,0.21,0.116,0.119,4.751
13/11/2019 12.00,13/11/2019 13.00,0.168,0.086,0.107,5.19
13/11/2019 13.00,13/11/2019 14.00,0.096,0.043,0.077,5.261
13/11/2019 14.00,13/11/2019 15.00,0.025,0.013,0.032,4.979
13/11/2019 15.00,13/11/2019 16.00,0,0,0.002,4.613
13/11/2019 16.00,13/11/2019 17.00,0,0,0,4.478
13/11/2019 17.00,13/11/2019 18.00,0,0,0,4.635
13/11/2019 18.00,13/11/2019 19.00,0,0,0,4.938
13/11/2019 19.00,13/11/2019 20.00,0,0,0,5.161
13/11/2019 20.00,13/11/2019 21.00,0,0,0,5.189
13/11/2019 21.00,13/11/2019 22.00,0,0,0,5.156
13/11/2019 22.00,13/11/2019 23.00,0,0,0,5.091
13/11/2019 23.00,14/11/2019 00.00,0,0,0,4.92
14/11/2019 00.00,14/11/2019 01.00,0,0,0,4.846
14/11/2019 01.00,14/11/2019 02.00,0,0,0,4.729
14/11/2019 02.00,14/11/2019 03.00,0,0,0,4.506
14/11/2019 03.00,14/11/2019 04.00,0,0,0,4.31
14/11/2019 04.00,14/11/2019 05.00,0,0,0,4.18
14/11/2019 05.00,14/11/2019 06.00,0,0,0,4.087
14/11/2019 06.00,14/11/2019 07.00,0,0,0,4.013
14/11/2019 07.00,14/11/2019 08.00,0,0.003,0.006,4.059
14/11/2019 08.00,14/11/2019 09.00,0.04,0.018,0.043,4.836
14/11/2019 09.00,14/11/2019 10.00,0.103,0.045,0.082,5.74
14/11/2019 10.00,14/11/2019 11.00,0.134,0.057,0.103,6.354
14/11/2019 11.00,14/11/2019 12.00,0.156,0.07,0.112,6.699
14/11/2019 12.00,14/11/2019 13.00,0.139,0.063,0.102,6.794
14/11/2019 13.00,14/11/2019 14.00,0.095,0.044,0.076,6.6
14/11/2019 14.00,14/11/2019 15.00,0.028,0.016,0.033,6.006
14/11/2019 15.00,14/11/2019 16.00,0,0.001,0.002,5.247
14/11/2019 16.00,14/11/2019 17.00,0,0,0,5.004
14/11/2019 17.00,14/11/2019 18.00,0,0,0,4.821
14/11/2019 18.00,14/11/2019 19.00,0,0,0,4.571
14/11/2019 19.00,14/11/2019 20.00,0,0,0,4.532
14/11/2019 20.00,14/11/2019 21.00,0,0,0,4.641
14/11/2019 21.00,14/11/2019 22.00,0,0,0,4.755
14/11/2019 22.00,14/11/2019 23.00,0,0,0,4.938
14/11/2019 23.00,15/11/2019 00.00,0,0,0,5.085
15/11/2019 00.00,15/11/2019 01.00,0,0,0,5.266
15/11/2019 01.00,15/11/2019 02.00,0,0,0,5.39
15/11/2019 02.00,15/11/2019 03.00,0,0,0,5.542
15/11/2019 03.00,15/11/2019 04.00,0,0,0,5.666
15/11/2019 04.00,15/11/2019 05.00,0,0,0,5.736
15/11/2019 05.00,15/11/2019 06.00,0,0,0,5.746
15/11/2019 06.00,15/11/2019 07.00,0,0,0,5.652
15/11/2019 07.00,15/11/2019 08.00,0,0,0.003,5.56
15/11/2019 08.00,15/11/2019 09.00,0.009,0.003,0.024,5.651
15/11/2019 09.00,15/11/2019 10.00,0.037,0.007,0.052,5.933
15/11/2019 10.00,15/11/2019 11.00,0.074,0.015,0.082,6.302
15/11/2019 11.00,15/11/2019 12.00,0.068,0.012,0.08,6.634
15/11/2019 12.00,15/11/2019 13.00,0.05,0.008,0.064,6.802
15/11/2019 13.00,15/11/2019 14.00,0.026,0.005,0.042,6.884
15/11/2019 14.00,15/11/2019 15.00,0.003,0.002,0.017,6.893
15/11/2019 15.00,15/11/2019 16.00,0,0,0.001,6.968
15/11/2019 16.00,15/11/2019 17.00,0,0,0,7.024
15/11/2019 17.00,15/11/2019 18.00,0,0,0,7.055
15/11/2019 18.00,15/11/2019 19.00,0,0,0,7.033
15/11/2019 19.00,15/11/2019 20.00,0,0,0,6.897
15/11/2019 20.00,15/11/2019 21.00,0,0,0,6.673
15/11/2019 21.00,15/11/2019 22.00,0,0,0,6.544
15/11/2019 22.00,15/11/2019 23.00,0,0,0,6.521
15/11/2019 23.00,16/11/2019 00.00,0,0,0,6.6
16/11/2019 00.00,16/11/2019 01.00,0,0,0,6.746
16/11/2019 01.00,16/11/2019 02.00,0,0,0,6.924
16/11/2019 02.00,16/11/2019 03.00,0,0,0,7.068
16/11/2019 03.00,16/11/2019 04.00,0,0,0,7.215
16/11/2019 04.00,16/11/2019 05.00,0,0,0,7.288
16/11/2019 05.00,16/11/2019 06.00,0,0,0,7.374
16/11/2019 06.00,16/11/2019 07.00,0,0,0,7.446
16/11/2019 07.00,16/11/2019 08.00,0,0,0.001,7.457
16/11/2019 08.00,16/11/2019 09.00,0,0,0.012,7.533
16/11/2019 09.00,16/11/2019 10.00,0.001,0,0.016,7.651
16/11/2019 10.00,16/11/2019 11.00,0.007,0.001,0.024,7.717
16/11/2019 11.00,16/11/2019 12.00,0.012,0.001,0.029,7.715
16/11/2019 12.00,16/11/2019 13.00,0.007,0.001,0.024,7.652
16/11/2019 13.00,16/11/2019 14.00,0.001,0.001,0.016,7.541
16/11/2019 14.00,16/11/2019 15.00,0,0,0.006,7.398
16/11/2019 15.00,16/11/2019 16.00,0,0,0,7.211
16/11/2019 16.00,16/11/2019 17.00,0,0,0,7.035
16/11/2019 17.00,16/11/2019 18.00,0,0,0,6.856
16/11/2019 18.00,16/11/2019 19.00,0,0,0,6.671
16/11/2019 19.00,16/11/2019 20.00,0,0,0,6.477
16/11/2019 20.00,16/11/2019 21.00,0,0,0,6.373
16/11/2019 21.00,16/11/2019 22.00,0,0,0,6.29
16/11/2019 22.00,16/11/2019 23.00,0,0,0,6.235
16/11/2019 23.00,17/11/2019 00.00,0,0,0,6.194
17/11/2019 00.00,17/11/2019 01.00,0,0,0,6.137
17/11/2019 01.00,17/11/2019 02.00,0,0,0,6.091
17/11/2019 02.00,17/11/2019 03.00,0,0,0,6.104
17/11/2019 03.00,17/11/2019 04.00,0,0,0,6.095
17/11/2019 04.00,17/11/2019 05.00,0,0,0,6.02
17/11/2019 05.00,17/11/2019 06.00,0,0,0,6.149
17/11/2019 06.00,17/11/2019 07.00,0,0,0,6.411
17/11/2019 07.00,17/11/2019 08.00,0,0,0.001,6.629
17/11/2019 08.00,17/11/2019 09.00,0,0.001,0.013,6.953
17/11/2019 09.00,17/11/2019 10.00,0.012,0.002,0.029,7.319
17/11/2019 10.00,17/11/2019 11.00,0.029,0.003,0.047,7.581
17/11/2019 11.00,17/11/2019 12.00,0.041,0.005,0.058,7.778
17/11/2019 12.00,17/11/2019 13.00,0.054,0.009,0.068,7.899
17/11/2019 13.00,17/11/2019 14.00,0.03,0.006,0.045,7.76
17/11/2019 14.00,17/11/2019 15.00,0.006,0.004,0.02,7.31
17/11/2019 15.00,17/11/2019 16.00,0,0,0.001,6.747
17/11/2019 16.00,17/11/2019 17.00,0,0,0,6.406
17/11/2019 17.00,17/11/2019 18.00,0,0,0,5.876
17/11/2019 18.00,17/11/2019 19.00,0,0,0,5.429
17/11/2019 19.00,17/11/2019 20.00,0,0,0,5.074
17/11/2019 20.00,17/11/2019 21.00,0,0,0,4.784
17/11/2019 21.00,17/11/2019 22.00,0,0,0,4.504
17/11/2019 22.00,17/11/2019 23.00,0,0,0,4.603
17/11/2019 23.00,18/11/2019 00.00,0,0,0,4.858
18/11/2019 00.00,18/11/2019 01.00,0,0,0,5.051
18/11/2019 01.00,18/11/2019 02.00,0,0,0,5.147
18/11/2019 02.00,18/11/2019 03.00,0,0,0,5.078
18/11/2019 03.00,18/11/2019 04.00,0,0,0,4.859
18/11/2019 04.00,18/11/2019 05.00,0,0,0,4.68
18/11/2019 05.00,18/11/2019 06.00,0,0,0,4.662
18/11/2019 06.00,18/11/2019 07.00,0,0,0,4.881
18/11/2019 07.00,18/11/2019 08.00,0,0,0,5.243
18/11/2019 08.00,18/11/2019 09.00,0,0,0.005,5.731
18/11/2019 09.00,18/11/2019 10.00,0,0,0.013,6.226
18/11/2019 10.00,18/11/2019 11.00,0.005,0.001,0.021,6.618
18/11/2019 11.00,18/11/2019 12.00,0.009,0.001,0.026,6.972
18/11/2019 12.00,18/11/2019 13.00,0.007,0.001,0.024,7.246
18/11/2019 13.00,18/11/2019 14.00,0.002,0.001,0.017,7.368
18/11/2019 14.00,18/11/2019 15.00,0,0.001,0.008,7.335
18/11/2019 15.00,18/11/2019 16.00,0,0,0,7.239
18/11/2019 16.00,18/11/2019 17.00,0,0,0,7.27
18/11/2019 17.00,18/11/2019 18.00,0,0,0,7.261
18/11/2019 18.00,18/11/2019 19.00,0,0,0,7.192
18/11/2019 19.00,18/11/2019 20.00,0,0,0,7.112
18/11/2019 20.00,18/11/2019 21.00,0,0,0,7.071
18/11/2019 21.00,18/11/2019 22.00,0,0,0,7.117
18/11/2019 22.00,18/11/2019 23.00,0,0,0,7.196
18/11/2019 23.00,19/11/2019 00.00,0,0,0,7.231
19/11/2019 00.00,19/11/2019 01.00,0,0,0,7.143
19/11/2019 01.00,19/11/2019 02.00,0,0,0,6.942
19/11/2019 02.00,19/11/2019 03.00,0,0,0,6.6
19/11/2019 03.00,19/11/2019 04.00,0,0,0,6.215
19/11/2019 04.00,19/11/2019 05.00,0,0,0,5.767
19/11/2019 05.00,19/11/2019 06.00,0,0,0,5.447
19/11/2019 06.00,19/11/2019 07.00,0,0,0,5.272
19/11/2019 07.00,19/11/2019 08.00,0,0,0.002,5.124
19/11/2019 08.00,19/11/2019 09.00,0.008,0.003,0.022,5.188
19/11/2019 09.00,19/11/2019 10.00,0.036,0.007,0.05,5.479
19/11/2019 10.00,19/11/2019 11.00,0.064,0.013,0.074,5.835
19/11/2019 11.00,19/11/2019 12.00,0.07,0.014,0.079,6.144
19/11/2019 12.00,19/11/2019 13.00,0.047,0.008,0.061,6.348
19/11/2019 13.00,19/11/2019 14.00,0.02,0.004,0.036,6.404
19/11/2019 14.00,19/11/2019 15.00,0,0.002,0.012,6.203
19/11/2019 15.00,19/11/2019 16.00,0,0,0,5.973
19/11/2019 16.00,19/11/2019 17.00,0,0,0,5.863
19/11/2019 17.00,19/11/2019 18.00,0,0,0,5.574
19/11/2019 18.00,19/11/2019 19.00,0,0,0,5.265
19/11/2019 19.00,19/11/2019 20.00,0,0,0,5.116
19/11/2019 20.00,19/11/2019 21.00,0,0,0,4.951
19/11/2019 21.00,19/11/2019 22.00,0,0,0,4.652
19/11/2019 22.00,19/11/2019 23.00,0,0,0,4.323
19/11/2019 23.00,20/11/2019 00.00,0,0,0,3.923
20/11/2019 00.00,20/11/2019 01.00,0,0,0,3.617
20/11/2019 01.00,20/11/2019 02.00,0,0,0,3.442
20/11/2019 02.00,20/11/2019 03.00,0,0,0,3.366
20/11/2019 03.00,20/11/2019 04.00,0,0,0,3.413
20/11/2019 04.00,20/11/2019 05.00,0,0,0,3.552
20/11/2019 05.00,20/11/2019 06.00,0,0,0,3.715
20/11/2019 06.00,20/11/2019 07.00,0,0,0,3.995
20/11/2019 07.00,20/11/2019 08.00,0,0.006,0.004,4.182
20/11/2019 08.00,20/11/2019 09.00,0.122,0.107,0.039,4.033
20/11/2019 09.00,20/11/2019 10.00,0.301,0.27,0.061,4.562
20/11/2019 10.00,20/11/2019 11.00,0.413,0.385,0.07,5.407
20/11/2019 11.00,20/11/2019 12.00,0.391,0.35,0.081,5.768
20/11/2019 12.00,20/11/2019 13.00,0.287,0.234,0.083,5.962
20/11/2019 13.00,20/11/2019 14.00,0.225,0.187,0.065,5.756
20/11/2019 14.00,20/11/2019 15.00,0.098,0.089,0.032,4.552
20/11/2019 15.00,20/11/2019 16.00,0,0.006,0.001,3.384
20/11/2019 16.00,20/11/2019 17.00,0,0,0,3.508
20/11/2019 17.00,20/11/2019 18.00,0,0,0,3.974
20/11/2019 18.00,20/11/2019 19.00,0,0,0,4.522
20/11/2019 19.00,20/11/2019 20.00,0,0,0,4.908
20/11/2019 20.00,20/11/2019 21.00,0,0,0,5.223
20/11/2019 21.00,20/11/2019 22.00,0,0,0,5.509
20/11/2019 22.00,20/11/2019 23.00,0,0,0,5.669
20/11/2019 23.00,21/11/2019 00.00,0,0,0,5.762
21/11/2019 00.00,21/11/2019 01.00,0,0,0,5.842
21/11/2019 01.00,21/11/2019 02.00,0,0,0,5.756
21/11/2019 02.00,21/11/2019 03.00,0,0,0,5.433
21/11/2019 03.00,21/11/2019 04.00,0,0,0,5.043
21/11/2019 04.00,21/11/2019 05.00,0,0,0,4.76
21/11/2019 05.00,21/11/2019 06.00,0,0,0,4.562
21/11/2019 06.00,21/11/2019 07.00,0,0,0,4.4
21/11/2019 07.00,21/11/2019 08.00,0,0.001,0.002,4.199
21/11/2019 08.00,21/11/2019 09.00,0.028,0.015,0.033,4.373
21/11/2019 09.00,21/11/2019 10.00,0.113,0.063,0.074,4.78
21/11/2019 10.00,21/11/2019 11.00,0.2,0.128,0.099,5.135
21/11/2019 11.00,21/11/2019 12.00,0.198,0.121,0.104,5.347
21/11/2019 12.00,21/11/2019 13.00,0.175,0.105,0.096,5.442
21/11/2019 13.00,21/11/2019 14.00,0.072,0.034,0.061,5.399
21/11/2019 14.00,21/11/2019 15.00,0.009,0.008,0.019,5
21/11/2019 15.00,21/11/2019 16.00,0,0,0,5.028
21/11/2019 16.00,21/11/2019 17.00,0,0,0,5.431
21/11/2019 17.00,21/11/2019 18.00,0,0,0,5.9
21/11/2019 18.00,21/11/2019 19.00,0,0,0,6.309
21/11/2019 19.00,21/11/2019 20.00,0,0,0,6.607
21/11/2019 20.00,21/11/2019 21.00,0,0,0,6.789
21/11/2019 21.00,21/11/2019 22.00,0,0,0,6.728
21/11/2019 22.00,21/11/2019 23.00,0,0,0,6.674
21/11/2019 23.00,22/11/2019 00.00,0,0,0,6.756
22/11/2019 00.00,22/11/2019 01.00,0,0,0,6.837
22/11/2019 01.00,22/11/2019 02.00,0,0,0,6.944
22/11/2019 02.00,22/11/2019 03.00,0,0,0,6.946
22/11/2019 03.00,22/11/2019 04.00,0,0,0,6.881
22/11/2019 04.00,22/11/2019 05.00,0,0,0,6.813
22/11/2019 05.00,22/11/2019 06.00,0,0,0,6.738
22/11/2019 06.00,22/11/2019 07.00,0,0,0,6.668
22/11/2019 07.00,22/11/2019 08.00,0,0,0,6.603
22/11/2019 08.00,22/11/2019 09.00,0,0,0.007,6.615
22/11/2019 09.00,22/11/2019 10.00,0.003,0.001,0.018,6.817
22/11/2019 10.00,22/11/2019 11.00,0.019,0.002,0.037,7.123
22/11/2019 11.00,22/11/2019 12.00,0.041,0.006,0.057,7.387
22/11/2019 12.00,22/11/2019 13.00,0.053,0.011,0.065,7.487
22/11/2019 13.00,22/11/2019 14.00,0.033,0.009,0.046,7.332
22/11/2019 14.00,22/11/2019 15.00,0.006,0.005,0.018,6.929
22/11/2019 15.00,22/11/2019 16.00,0,0,0,6.425
22/11/2019 16.00,22/11/2019 17.00,0,0,0,6.392
22/11/2019 17.00,22/11/2019 18.00,0,0,0,6.455
22/11/2019 18.00,22/11/2019 19.00,0,0,0,6.432
22/11/2019 19.00,22/11/2019 20.00,0,0,0,6.406
22/11/2019 20.00,22/11/2019 21.00,0,0,0,6.368
22/11/2019 21.00,22/11/2019 22.00,0,0,0,6.24
22/11/2019 22.00,22/11/2019 23.00,0,0,0,6.143
22/11/2019 23.00,23/11/2019 00.00,0,0,0,6.315
23/11/2019 00.00,23/11/2019 01.00,0,0,0,6.647
23/11/2019 01.00,23/11/2019 02.00,0,0,0,6.81
23/11/2019 02.00,23/11/2019 03.00,0,0,0,6.821
23/11/2019 03.00,23/11/2019 04.00,0,0,0,6.909
23/11/2019 04.00,23/11/2019 05.00,0,0,0,7.234
23/11/2019 05.00,23/11/2019 06.00,0,0,0,7.626
23/11/2019 06.00,23/11/2019 07.00,0,0,0,7.824
23/11/2019 07.00,23/11/2019 08.00,0,0,0.001,7.628
23/11/2019 08.00,23/11/2019 09.00,0.005,0.003,0.019,7.324
23/11/2019 09.00,23/11/2019 10.00,0.02,0.004,0.037,7.141
23/11/2019 10.00,23/11/2019 11.00,0.031,0.004,0.048,7.094
23/11/2019 11.00,23/11/2019 12.00,0.028,0.003,0.046,7.07
23/11/2019 12.00,23/11/2019 13.00,0.019,0.002,0.036,7.015
23/11/2019 13.00,23/11/2019 14.00,0.007,0.002,0.023,6.909
23/11/2019 14.00,23/11/2019 15.00,0,0.001,0.009,6.756
23/11/2019 15.00,23/11/2019 16.00,0,0,0,6.562
23/11/2019 16.00,23/11/2019 17.00,0,0,0,6.421
23/11/2019 17.00,23/11/2019 18.00,0,0,0,6.32
23/11/2019 18.00,23/11/2019 19.00,0,0,0,6.239
23/11/2019 19.00,23/11/2019 20.00,0,0,0,6.159
23/11/2019 20.00,23/11/2019 21.00,0,0,0,6.054
23/11/2019 21.00,23/11/2019 22.00,0,0,0,5.952
23/11/2019 22.00,23/11/2019 23.00,0,0,0,5.874
23/11/2019 23.00,24/11/2019 00.00,0,0,0,5.861
24/11/2019 00.00,24/11/2019 01.00,0,0,0,5.845
24/11/2019 01.00,24/11/2019 02.00,0,0,0,5.793
24/11/2019 02.00,24/11/2019 03.00,0,0,0,5.745
24/11/2019 03.00,24/11/2019 04.00,0,0,0,5.706
24/11/2019 04.00,24/11/2019 05.00,0,0,0,5.712
24/11/2019 05.00,24/11/2019 06.00,0,0,0,5.752
24/11/2019 06.00,24/11/2019 07.00,0,0,0,5.772
24/11/2019 07.00,24/11/2019 08.00,0,0,0.001,5.76
24/11/2019 08.00,24/11/2019 09.00,0.001,0.002,0.015,5.794
24/11/2019 09.00,24/11/2019 10.00,0.024,0.005,0.039,5.856
24/11/2019 10.00,24/11/2019 11.00,0.051,0.011,0.063,5.953
24/11/2019 11.00,24/11/2019 12.00,0.066,0.015,0.074,6.083
24/11/2019 12.00,24/11/2019 13.00,0.06,0.015,0.068,6.21
24/11/2019 13.00,24/11/2019 14.00,0.028,0.008,0.041,6.288
24/11/2019 14.00,24/11/2019 15.00,0.001,0.004,0.013,6.247
24/11/2019 15.00,24/11/2019 16.00,0,0,0,6.14
24/11/2019 16.00,24/11/2019 17.00,0,0,0,6.078
24/11/2019 17.00,24/11/2019 18.00,0,0,0,5.976
24/11/2019 18.00,24/11/2019 19.00,0,0,0,5.922
24/11/2019 19.00,24/11/2019 20.00,0,0,0,5.901
24/11/2019 20.00,24/11/2019 21.00,0,0,0,5.904
24/11/2019 21.00,24/11/2019 22.00,0,0,0,5.895
24/11/2019 22.00,24/11/2019 23.00,0,0,0,5.85
24/11/2019 23.00,25/11/2019 00.00,0,0,0,5.808
25/11/2019 00.00,25/11/2019 01.00,0,0,0,5.778
25/11/2019 01.00,25/11/2019 02.00,0,0,0,5.755
25/11/2019 02.00,25/11/2019 03.00,0,0,0,5.727
25/11/2019 03.00,25/11/2019 04.00,0,0,0,5.694
25/11/2019 04.00,25/11/2019 05.00,0,0,0,5.68
25/11/2019 05.00,25/11/2019 06.00,0,0,0,5.71
25/11/2019 06.00,25/11/2019 07.00,0,0,0,5.731
25/11/2019 07.00,25/11/2019 08.00,0,0,0,5.723
25/11/2019 08.00,25/11/2019 09.00,0,0,0.008,5.768
25/11/2019 09.00,25/11/2019 10.00,0.004,0.001,0.019,5.9
25/11/2019 10.00,25/11/2019 11.00,0.009,0.001,0.026,6.043
25/11/2019 11.00,25/11/2019 12.00,0.015,0.002,0.032,6.166
25/11/2019 12.00,25/11/2019 13.00,0.022,0.003,0.039,6.291
25/11/2019 13.00,25/11/2019 14.00,0.016,0.003,0.032,6.331
25/11/2019 14.00,25/11/2019 15.00,0,0.002,0.011,6.219
25/11/2019 15.00,25/11/2019 16.00,0,0,0,6.044
25/11/2019 16.00,25/11/2019 17.00,0,0,0,5.992
25/11/2019 17.00,25/11/2019 18.00,0,0,0,5.993
25/11/2019 18.00,25/11/2019 19.00,0,0,0,5.971
25/11/2019 19.00,25/11/2019 20.00,0,0,0,5.866
25/11/2019 20.00,25/11/2019 21.00,0,0,0,5.685
25/11/2019 21.00,25/11/2019 22.00,0,0,0,5.502
25/11/2019 22.00,25/11/2019 23.00,0,0,0,5.355
25/11/2019 23.00,26/11/2019 00.00,0,0,0,5.246
26/11/2019 00.00,26/11/2019 01.00,0,0,0,5.143
26/11/2019 01.00,26/11/2019 02.00,0,0,0,5.093
26/11/2019 02.00,26/11/2019 03.00,0,0,0,5.095
26/11/2019 03.00,26/11/2019 04.00,0,0,0,5.164
26/11/2019 04.00,26/11/2019 05.00,0,0,0,5.183
26/11/2019 05.00,26/11/2019 06.00,0,0,0,5.167
26/11/2019 06.00,26/11/2019 07.00,0,0,0,5.079
26/11/2019 07.00,26/11/2019 08.00,0,0,0,4.878
26/11/2019 08.00,26/11/2019 09.00,0,0,0.007,4.615
26/11/2019 09.00,26/11/2019 10.00,0.004,0.001,0.019,4.391
26/11/2019 10.00,26/11/2019 11.00,0.014,0.002,0.031,4.36
26/11/2019 11.00,26/11/2019 12.00,0.021,0.002,0.038,4.534
26/11/2019 12.00,26/11/2019 13.00,0.021,0.003,0.038,4.822
26/11/2019 13.00,26/11/2019 14.00,0.009,0.002,0.024,5.034
26/11/2019 14.00,26/11/2019 15.00,0,0.001,0.008,5.084
26/11/2019 15.00,26/11/2019 16.00,0,0,0,5.128
26/11/2019 16.00,26/11/2019 17.00,0,0,0,5.282
26/11/2019 17.00,26/11/2019 18.00,0,0,0,5.374
26/11/2019 18.00,26/11/2019 19.00,0,0,0,5.45
26/11/2019 19.00,26/11/2019 20.00,0,0,0,5.494
26/11/2019 20.00,26/11/2019 21.00,0,0,0,5.564
26/11/2019 21.00,26/11/2019 22.00,0,0,0,5.69
26/11/2019 22.00,26/11/2019 23.00,0,0,0,5.786
26/11/2019 23.00,27/11/2019 00.00,0,0,0,5.866
27/11/2019 00.00,27/11/2019 01.00,0,0,0,5.92
27/11/2019 01.00,27/11/2019 02.00,0,0,0,5.839
27/11/2019 02.00,27/11/2019 03.00,0,0,0,5.871
27/11/2019 03.00,27/11/2019 04.00,0,0,0,5.976
27/11/2019 04.00,27/11/2019 05.00,0,0,0,6.139
27/11/2019 05.00,27/11/2019 06.00,0,0,0,6.257
27/11/2019 06.00,27/11/2019 07.00,0,0,0,6.321
27/11/2019 07.00,27/11/2019 08.00,0,0,0,6.402
27/11/2019 08.00,27/11/2019 09.00,0,0.001,0.012,6.619
27/11/2019 09.00,27/11/2019 10.00,0.013,0.002,0.029,6.897
27/11/2019 10.00,27/11/2019 11.00,0.016,0.002,0.033,7.093
27/11/2019 11.00,27/11/2019 12.00,0.015,0.002,0.033,7.244
27/11/2019 12.00,27/11/2019 13.00,0.012,0.002,0.029,7.331
27/11/2019 13.00,27/11/2019 14.00,0.002,0.001,0.016,7.296
27/11/2019 14.00,27/11/2019 15.00,0,0,0.003,7.156
27/11/2019 15.00,27/11/2019 16.00,0,0,0,7.07
27/11/2019 16.00,27/11/2019 17.00,0,0,0,6.961
27/11/2019 17.00,27/11/2019 18.00,0,0,0,6.706
27/11/2019 18.00,27/11/2019 19.00,0,0,0,6.336
27/11/2019 19.00,27/11/2019 20.00,0,0,0,5.984
27/11/2019 20.00,27/11/2019 21.00,0,0,0,5.864
27/11/2019 21.00,27/11/2019 22.00,0,0,0,5.995
27/11/2019 22.00,27/11/2019 23.00,0,0,0,6.175
27/11/2019 23.00,28/11/2019 00.00,0,0,0,6.22
28/11/2019 00.00,28/11/2019 01.00,0,0,0,6.118
28/11/2019 01.00,28/11/2019 02.00,0,0,0,5.948
28/11/2019 02.00,28/11/2019 03.00,0,0,0,5.748
28/11/2019 03.00,28/11/2019 04.00,0,0,0,5.652
28/11/2019 04.00,28/11/2019 05.00,0,0,0,5.69
28/11/2019 05.00,28/11/2019 06.00,0,0,0,5.769
28/11/2019 06.00,28/11/2019 07.00,0,0,0,5.771
28/11/2019 07.00,28/11/2019 08.00,0,0,0,5.744
28/11/2019 08.00,28/11/2019 09.00,0,0.001,0.012,5.941
28/11/2019 09.00,28/11/2019 10.00,0.015,0.003,0.031,6.392
28/11/2019 10.00,28/11/2019 11.00,0.027,0.004,0.044,6.765
28/11/2019 11.00,28/11/2019 12.00,0.037,0.006,0.053,6.979
28/11/2019 12.00,28/11/2019 13.00,0.035,0.007,0.05,7.121
28/11/2019 13.00,28/11/2019 14.00,0.017,0.005,0.032,7.055
28/11/2019 14.00,28/11/2019 15.00,0,0.002,0.01,6.66
28/11/2019 15.00,28/11/2019 16.00,0,0,0,6.1
28/11/2019 16.00,28/11/2019 17.00,0,0,0,5.524
28/11/2019 17.00,28/11/2019 18.00,0,0,0,4.959
28/11/2019 18.00,28/11/2019 19.00,0,0,0,4.511
28/11/2019 19.00,28/11/2019 20.00,0,0,0,4.156
28/11/2019 20.00,28/11/2019 21.00,0,0,0,3.858
28/11/2019 21.00,28/11/2019 22.00,0,0,0,3.55
28/11/2019 22.00,28/11/2019 23.00,0,0,0,3.286
28/11/2019 23.00,29/11/2019 00.00,0,0,0,2.977
29/11/2019 00.00,29/11/2019 01.00,0,0,0,2.69
29/11/2019 01.00,29/11/2019 02.00,0,0,0,2.45
29/11/2019 02.00,29/11/2019 03.00,0,0,0,2.413
29/11/2019 03.00,29/11/2019 04.00,0,0,0,2.58
29/11/2019 04.00,29/11/2019 05.00,0,0,0,2.781
29/11/2019 05.00,29/11/2019 06.00,0,0,0,2.811
29/11/2019 06.00,29/11/2019 07.00,0,0,0,2.732
29/11/2019 07.00,29/11/2019 08.00,0,0.001,0,2.536
29/11/2019 08.00,29/11/2019 09.00,0.102,0.097,0.027,2.586
29/11/2019 09.00,29/11/2019 10.00,0.31,0.291,0.047,3.165
29/11/2019 10.00,29/11/2019 11.00,0.44,0.429,0.053,3.892
29/11/2019 11.00,29/11/2019 12.00,0.478,0.473,0.055,4.413
29/11/2019 12.00,29/11/2019 13.00,0.43,0.419,0.053,4.577
29/11/2019 13.00,29/11/2019 14.00,0.304,0.288,0.045,4.129
29/11/2019 14.00,29/11/2019 15.00,0.105,0.11,0.019,2.864
29/11/2019 15.00,29/11/2019 16.00,0,0,0,1.977
29/11/2019 16.00,29/11/2019 17.00,0,0,0,1.803
29/11/2019 17.00,29/11/2019 18.00,0,0,0,1.653
29/11/2019 18.00,29/11/2019 19.00,0,0,0,1.551
29/11/2019 19.00,29/11/2019 20.00,0,0,0,1.493
29/11/2019 20.00,29/11/2019 21.00,0,0,0,1.451
29/11/2019 21.00,29/11/2019 22.00,0,0,0,1.476
29/11/2019 22.00,29/11/2019 23.00,0,0,0,1.567
29/11/2019 23.00,30/11/2019 00.00,0,0,0,1.687
30/11/2019 00.00,30/11/2019 01.00,0,0,0,1.817
30/11/2019 01.00,30/11/2019 02.00,0,0,0,1.941
30/11/2019 02.00,30/11/2019 03.00,0,0,0,2.112
30/11/2019 03.00,30/11/2019 04.00,0,0,0,2.116
30/11/2019 04.00,30/11/2019 05.00,0,0,0,1.926
30/11/2019 05.00,30/11/2019 06.00,0,0,0,1.813
30/11/2019 06.00,30/11/2019 07.00,0,0,0,1.68
30/11/2019 07.00,30/11/2019 08.00,0,0,0,1.572
30/11/2019 08.00,30/11/2019 09.00,0.054,0.049,0.027,2.088
30/11/2019 09.00,30/11/2019 10.00,0.197,0.163,0.059,3.443
30/11/2019 10.00,30/11/2019 11.00,0.297,0.253,0.073,4.389
30/11/2019 11.00,30/11/2019 12.00,0.327,0.281,0.078,4.733
30/11/2019 12.00,30/11/2019 13.00,0.28,0.236,0.073,4.645
30/11/2019 13.00,30/11/2019 14.00,0.17,0.139,0.055,3.972
30/11/2019 14.00,30/11/2019 15.00,0.037,0.04,0.017,2.702
30/11/2019 15.00,30/11/2019 16.00,0,0,0,1.791
30/11/2019 16.00,30/11/2019 17.00,0,0,0,1.457
30/11/2019 17.00,30/11/2019 18.00,0,0,0,1.205
30/11/2019 18.00,30/11/2019 19.00,0,0,0,1.082
30/11/2019 19.00,30/11/2019 20.00,0,0,0,1.007
30/11/2019 20.00,30/11/2019 21.00,0,0,0,1.006
30/11/2019 21.00,30/11/2019 22.00,0,0,0,1.033
30/11/2019 22.00,30/11/2019 23.00,0,0,0,1.023
30/11/2019 23.00,01/12/2019 00.00,0,0,0,0.992
01/12/2019 00.00,01/12/2019 01.00,0,0,0,1.028
01/12/2019 01.00,01/12/2019 02.00,0,0,0,0.989
01/12/2019 02.00,01/12/2019 03.00,0,0,0,0.954
01/12/2019 03.00,01/12/2019 04.00,0,0,0,0.915
01/12/2019 04.00,01/12/2019 05.00,0,0,0,0.973
01/12/2019 05.00,01/12/2019 06.00,0,0,0,1.252
01/12/2019 06.00,01/12/2019 07.00,0,0,0,1.46
01/12/2019 07.00,01/12/2019 08.00,0,0,0,1.646
01/12/2019 08.00,01/12/2019 09.00,0.009,0.007,0.019,2.009
01/12/2019 09.00,01/12/2019 10.00,0.041,0.015,0.048,2.853
01/12/2019 10.00,01/12/2019 11.00,0.052,0.014,0.06,3.433
01/12/2019 11.00,01/12/2019 12.00,0.052,0.012,0.062,3.795
01/12/2019 12.00,01/12/2019 13.00,0.037,0.008,0.05,3.991
01/12/2019 13.00,01/12/2019 14.00,0.011,0.003,0.025,4.008
01/12/2019 14.00,01/12/2019 15.00,0,0.001,0.006,3.92
01/12/2019 15.00,01/12/2019 16.00,0,0,0,4.022
01/12/2019 16.00,01/12/2019 17.00,0,0,0,4.39
01/12/2019 17.00,01/12/2019 18.00,0,0,0,4.413
01/12/2019 18.00,01/12/2019 19.00,0,0,0,4.418
01/12/2019 19.00,01/12/2019 20.00,0,0,0,4.541
01/12/2019 20.00,01/12/2019 21.00,0,0,0,4.411
01/12/2019 21.00,01/12/2019 22.00,0,0,0,4.168
01/12/2019 22.00,01/12/2019 23.00,0,0,0,3.787
01/12/2019 23.00,02/12/2019 00.00,0,0,0,3.506
02/12/2019 00.00,02/12/2019 01.00,0,0,0,3.18
02/12/2019 01.00,02/12/2019 02.00,0,0,0,2.922
02/12/2019 02.00,02/12/2019 03.00,0,0,0,2.662
02/12/2019 03.00,02/12/2019 04.00,0,0,0,2.485
02/12/2019 04.00,02/12/2019 05.00,0,0,0,2.408
02/12/2019 05.00,02/12/2019 06.00,0,0,0,2.345
02/12/2019 06.00,02/12/2019 07.00,0,0,0,2.39
02/12/2019 07.00,02/12/2019 08.00,0,0,0,2.297
02/12/2019 08.00,02/12/2019 09.00,0.055,0.053,0.025,2.656
02/12/2019 09.00,02/12/2019 10.00,0.218,0.188,0.055,3.454
02/12/2019 10.00,02/12/2019 11.00,0.28,0.235,0.073,3.925
02/12/2019 11.00,02/12/2019 12.00,0.191,0.134,0.082,4.082
02/12/2019 12.00,02/12/2019 13.00,0.223,0.175,0.074,4.035
02/12/2019 13.00,02/12/2019 14.00,0.204,0.178,0.051,3.513
02/12/2019 14.00,02/12/2019 15.00,0.062,0.068,0.016,2.171
02/12/2019 15.00,02/12/2019 16.00,0,0,0,1.193
02/12/2019 16.00,02/12/2019 17.00,0,0,0,0.884
02/12/2019 17.00,02/12/2019 18.00,0,0,0,0.693
02/12/2019 18.00,02/12/2019 19.00,0,0,0,0.503
02/12/2019 19.00,02/12/2019 20.00,0,0,0,0.949
02/12/2019 20.00,02/12/2019 21.00,0,0,0,1.307
02/12/2019 21.00,02/12/2019 22.00,0,0,0,1.459
02/12/2019 22.00,02/12/2019 23.00,0,0,0,1.576
02/12/2019 23.00,03/12/2019 00.00,0,0,0,1.507
03/12/2019 00.00,03/12/2019 01.00,0,0,0,1.171
03/12/2019 01.00,03/12/2019 02.00,0,0,0,1.42
03/12/2019 02.00,03/12/2019 03.00,0,0,0,1.898
03/12/2019 03.00,03/12/2019 04.00,0,0,0,2.319
03/12/2019 04.00,03/12/2019 05.00,0,0,0,3.016
03/12/2019 05.00,03/12/2019 06.00,0,0,0,3.781
03/12/2019 06.00,03/12/2019 07.00,0,0,0,4.441
03/12/2019 07.00,03/12/2019 08.00,0,0,0,4.993
03/12/2019 08.00,03/12/2019 09.00,0,0,0.006,5.304
03/12/2019 09.00,03/12/2019 10.00,0,0.001,0.012,5.78
03/12/2019 10.00,03/12/2019 11.00,0.001,0.001,0.016,6.219
03/12/2019 11.00,03/12/2019 12.00,0,0,0.01,6.702
03/12/2019 12.00,03/12/2019 13.00,0,0,0.006,7.274
03/12/2019 13.00,03/12/2019 14.00,0,0,0.005,7.552
03/12/2019 14.00,03/12/2019 15.00,0,0,0.003,7.653
03/12/2019 15.00,03/12/2019 16.00,0,0,0,7.618
03/12/2019 16.00,03/12/2019 17.00,0,0,0,7.279
03/12/2019 17.00,03/12/2019 18.00,0,0,0,7.084
03/12/2019 18.00,03/12/2019 19.00,0,0,0,6.893
03/12/2019 19.00,03/12/2019 20.00,0,0,0,6.649
03/12/2019 20.00,03/12/2019 21.00,0,0,0,6.441
03/12/2019 21.00,03/12/2019 22.00,0,0,0,6.337
03/12/2019 22.00,03/12/2019 23.00,0,0,0,6.33
03/12/2019 23.00,04/12/2019 00.00,0,0,0,6.297
04/12/2019 00.00,04/12/2019 01.00,0,0,0,6.258
04/12/2019 01.00,04/12/2019 02.00,0,0,0,6.312
04/12/2019 02.00,04/12/2019 03.00,0,0,0,6.354
04/12/2019 03.00,04/12/2019 04.00,0,0,0,6.304
04/12/2019 04.00,04/12/2019 05.00,0,0,0,6.164
04/12/2019 05.00,04/12/2019 06.00,0,0,0,5.819
04/12/2019 06.00,04/12/2019 07.00,0,0,0,5.699
04/12/2019 07.00,04/12/2019 08.00,0,0,0,5.819
04/12/2019 08.00,04/12/2019 09.00,0.008,0.008,0.017,6.067
04/12/2019 09.00,04/12/2019 10.00,0.049,0.022,0.049,6.549
04/12/2019 10.00,04/12/2019 11.00,0.083,0.035,0.071,7.013
04/12/2019 11.00,04/12/2019 12.00,0.076,0.028,0.072,7.384
04/12/2019 12.00,04/12/2019 13.00,0.057,0.02,0.06,7.61
04/12/2019 13.00,04/12/2019 14.00,0.035,0.017,0.04,7.671
04/12/2019 14.00,04/12/2019 15.00,0.006,0.011,0.012,7.329
04/12/2019 15.00,04/12/2019 16.00,0,0,0,6.349
04/12/2019 16.00,04/12/2019 17.00,0,0,0,5.896
04/12/2019 17.00,04/12/2019 18.00,0,0,0,6.039
04/12/2019 18.00,04/12/2019 19.00,0,0,0,6.065
04/12/2019 19.00,04/12/2019 20.00,0,0,0,6.041
04/12/2019 20.00,04/12/2019 21.00,0,0,0,5.956
04/12/2019 21.00,04/12/2019 22.00,0,0,0,5.837
04/12/2019 22.00,04/12/2019 23.00,0,0,0,5.749
04/12/2019 23.00,05/12/2019 00.00,0,0,0,5.795
05/12/2019 00.00,05/12/2019 01.00,0,0,0,6.003
05/12/2019 01.00,05/12/2019 02.00,0,0,0,6.179
05/12/2019 02.00,05/12/2019 03.00,0,0,0,6.656
05/12/2019 03.00,05/12/2019 04.00,0,0,0,6.992
05/12/2019 04.00,05/12/2019 05.00,0,0,0,7.158
05/12/2019 05.00,05/12/2019 06.00,0,0,0,7.22
05/12/2019 06.00,05/12/2019 07.00,0,0,0,7.201
05/12/2019 07.00,05/12/2019 08.00,0,0,0,7.106
05/12/2019 08.00,05/12/2019 09.00,0.03,0.03,0.022,6.988
05/12/2019 09.00,05/12/2019 10.00,0.132,0.1,0.057,7.359
05/12/2019 10.00,05/12/2019 11.00,0.223,0.176,0.077,7.745
05/12/2019 11.00,05/12/2019 12.00,0.214,0.156,0.087,7.826
05/12/2019 12.00,05/12/2019 13.00,0.038,0.013,0.047,7.55
05/12/2019 13.00,05/12/2019 14.00,0.028,0.013,0.036,7.293
05/12/2019 14.00,05/12/2019 15.00,0.001,0.006,0.01,7.018
05/12/2019 15.00,05/12/2019 16.00,0,0,0,6.838
05/12/2019 16.00,05/12/2019 17.00,0,0,0,6.807
05/12/2019 17.00,05/12/2019 18.00,0,0,0,6.765
05/12/2019 18.00,05/12/2019 19.00,0,0,0,6.722
05/12/2019 19.00,05/12/2019 20.00,0,0,0,6.742
05/12/2019 20.00,05/12/2019 21.00,0,0,0,6.884
05/12/2019 21.00,05/12/2019 22.00,0,0,0,7.231
05/12/2019 22.00,05/12/2019 23.00,0,0,0,7.578
05/12/2019 23.00,06/12/2019 00.00,0,0,0,8.031
06/12/2019 00.00,06/12/2019 01.00,0,0,0,8.523
06/12/2019 01.00,06/12/2019 02.00,0,0,0,8.946
06/12/2019 02.00,06/12/2019 03.00,0,0,0,9.296
06/12/2019 03.00,06/12/2019 04.00,0,0,0,9.573
06/12/2019 04.00,06/12/2019 05.00,0,0,0,9.688
06/12/2019 05.00,06/12/2019 06.00,0,0,0,9.574
06/12/2019 06.00,06/12/2019 07.00,0,0,0,9.286
06/12/2019 07.00,06/12/2019 08.00,0,0,0,9.095
06/12/2019 08.00,06/12/2019 09.00,0,0.001,0.007,9.074
06/12/2019 09.00,06/12/2019 10.00,0.006,0.002,0.021,9.164
06/12/2019 10.00,06/12/2019 11.00,0.013,0.002,0.03,9.307
06/12/2019 11.00,06/12/2019 12.00,0.014,0.002,0.031,9.362
06/12/2019 12.00,06/12/2019 13.00,0.008,0.001,0.025,9.381
06/12/2019 13.00,06/12/2019 14.00,0,0.001,0.012,9.285
06/12/2019 14.00,06/12/2019 15.00,0,0,0.003,9.113
06/12/2019 15.00,06/12/2019 16.00,0,0,0,8.982
06/12/2019 16.00,06/12/2019 17.00,0,0,0,8.896
06/12/2019 17.00,06/12/2019 18.00,0,0,0,8.88
06/12/2019 18.00,06/12/2019 19.00,0,0,0,9.022
06/12/2019 19.00,06/12/2019 20.00,0,0,0,9.21
06/12/2019 20.00,06/12/2019 21.00,0,0,0,9.159
06/12/2019 21.00,06/12/2019 22.00,0,0,0,8.937
06/12/2019 22.00,06/12/2019 23.00,0,0,0,8.652
06/12/2019 23.00,07/12/2019 00.00,0,0,0,8.37
07/12/2019 00.00,07/12/2019 01.00,0,0,0,8.249
07/12/2019 01.00,07/12/2019 02.00,0,0,0,8.221
07/12/2019 02.00,07/12/2019 03.00,0,0,0,8.036
07/12/2019 03.00,07/12/2019 04.00,0,0,0,7.551
07/12/2019 04.00,07/12/2019 05.00,0,0,0,6.903
07/12/2019 05.00,07/12/2019 06.00,0,0,0,6.346
07/12/2019 06.00,07/12/2019 07.00,0,0,0,6.034
07/12/2019 07.00,07/12/2019 08.00,0,0,0,5.914
07/12/2019 08.00,07/12/2019 09.00,0.037,0.039,0.02,5.907
07/12/2019 09.00,07/12/2019 10.00,0.184,0.158,0.052,6.257
07/12/2019 10.00,07/12/2019 11.00,0.278,0.242,0.067,6.538
07/12/2019 11.00,07/12/2019 12.00,0.298,0.258,0.073,6.619
07/12/2019 12.00,07/12/2019 13.00,0.215,0.173,0.07,6.434
07/12/2019 13.00,07/12/2019 14.00,0.084,0.062,0.046,6.106
07/12/2019 14.00,07/12/2019 15.00,0.008,0.015,0.011,5.617
07/12/2019 15.00,07/12/2019 16.00,0,0,0,5.247
07/12/2019 16.00,07/12/2019 17.00,0,0,0,5.21
07/12/2019 17.00,07/12/2019 18.00,0,0,0,5.156
07/12/2019 18.00,07/12/2019 19.00,0,0,0,5.224
07/12/2019 19.00,07/12/2019 20.00,0,0,0,5.208
07/12/2019 20.00,07/12/2019 21.00,0,0,0,5.027
07/12/2019 21.00,07/12/2019 22.00,0,0,0,5.063
07/12/2019 22.00,07/12/2019 23.00,0,0,0,5.261
07/12/2019 23.00,08/12/2019 00.00,0,0,0,5.49
08/12/2019 00.00,08/12/2019 01.00,0,0,0,5.869
08/12/2019 01.00,08/12/2019 02.00,0,0,0,6.414
08/12/2019 02.00,08/12/2019 03.00,0,0,0,7.027
08/12/2019 03.00,08/12/2019 04.00,0,0,0,7.471
08/12/2019 04.00,08/12/2019 05.00,0,0,0,7.813
08/12/2019 05.00,08/12/2019 06.00,0,0,0,8.063
08/12/2019 06.00,08/12/2019 07.00,0,0,0,8.35
08/12/2019 07.00,08/12/2019 08.00,0,0,0,8.859
08/12/2019 08.00,08/12/2019 09.00,0,0,0.001,9.453
08/12/2019 09.00,08/12/2019 10.00,0.014,0.004,0.028,9.573
08/12/2019 10.00,08/12/2019 11.00,0.062,0.022,0.063,8.953
08/12/2019 11.00,08/12/2019 12.00,0.104,0.05,0.08,8.328
08/12/2019 12.00,08/12/2019 13.00,0.094,0.048,0.071,8.087
08/12/2019 13.00,08/12/2019 14.00,0.044,0.024,0.042,7.795
08/12/2019 14.00,08/12/2019 15.00,0,0.005,0.008,7.37
08/12/2019 15.00,08/12/2019 16.00,0,0,0,7.011
08/12/2019 16.00,08/12/2019 17.00,0,0,0,6.727
08/12/2019 17.00,08/12/2019 18.00,0,0,0,6.432
08/12/2019 18.00,08/12/2019 19.00,0,0,0,6.329
08/12/2019 19.00,08/12/2019 20.00,0,0,0,6.512
08/12/2019 20.00,08/12/2019 21.00,0,0,0,6.574
08/12/2019 21.00,08/12/2019 22.00,0,0,0,6.308
08/12/2019 22.00,08/12/2019 23.00,0,0,0,6.007
08/12/2019 23.00,09/12/2019 00.00,0,0,0,5.987
09/12/2019 00.00,09/12/2019 01.00,0,0,0,6.141
09/12/2019 01.00,09/12/2019 02.00,0,0,0,6.117
09/12/2019 02.00,09/12/2019 03.00,0,0,0,5.967
09/12/2019 03.00,09/12/2019 04.00,0,0,0,5.808
09/12/2019 04.00,09/12/2019 05.00,0,0,0,5.702
09/12/2019 05.00,09/12/2019 06.00,0,0,0,5.742
09/12/2019 06.00,09/12/2019 07.00,0,0,0,5.925
09/12/2019 07.00,09/12/2019 08.00,0,0,0,6.129
09/12/2019 08.00,09/12/2019 09.00,0,0.001,0.008,6.305
09/12/2019 09.00,09/12/2019 10.00,0.01,0.003,0.025,6.412
09/12/2019 10.00,09/12/2019 11.00,0.022,0.004,0.037,6.315
09/12/2019 11.00,09/12/2019 12.00,0.037,0.008,0.05,6.147
09/12/2019 12.00,09/12/2019 13.00,0.054,0.019,0.058,6.061
09/12/2019 13.00,09/12/2019 14.00,0.054,0.031,0.045,5.978
09/12/2019 14.00,09/12/2019 15.00,0.003,0.01,0.01,5.658
09/12/2019 15.00,09/12/2019 16.00,0,0,0,5.075
09/12/2019 16.00,09/12/2019 17.00,0,0,0,4.653
09/12/2019 17.00,09/12/2019 18.00,0,0,0,4.411
09/12/2019 18.00,09/12/2019 19.00,0,0,0,4.365
09/12/2019 19.00,09/12/2019 20.00,0,0,0,4.201
09/12/2019 20.00,09/12/2019 21.00,0,0,0,3.83
09/12/2019 21.00,09/12/2019 22.00,0,0,0,3.465
09/12/2019 22.00,09/12/2019 23.00,0,0,0,3.034
09/12/2019 23.00,10/12/2019 00.00,0,0,0,2.535
10/12/2019 00.00,10/12/2019 01.00,0,0,0,2.003
10/12/2019 01.00,10/12/2019 02.00,0,0,0,1.705
10/12/2019 02.00,10/12/2019 03.00,0,0,0,1.462
10/12/2019 03.00,10/12/2019 04.00,0,0,0,1.355
10/12/2019 04.00,10/12/2019 05.00,0,0,0,1.468
10/12/2019 05.00,10/12/2019 06.00,0,0,0,1.669
10/12/2019 06.00,10/12/2019 07.00,0,0,0,1.344
10/12/2019 07.00,10/12/2019 08.00,0,0,0,0.93
10/12/2019 08.00,10/12/2019 09.00,0.008,0.01,0.015,1.665
10/12/2019 09.00,10/12/2019 10.00,0.04,0.018,0.043,2.977
10/12/2019 10.00,10/12/2019 11.00,0.07,0.027,0.065,3.794
10/12/2019 11.00,10/12/2019 12.00,0.048,0.013,0.057,4.05
10/12/2019 12.00,10/12/2019 13.00,0.023,0.005,0.038,4.085
10/12/2019 13.00,10/12/2019 14.00,0.007,0.003,0.021,3.976
10/12/2019 14.00,10/12/2019 15.00,0,0.002,0.005,3.853
10/12/2019 15.00,10/12/2019 16.00,0,0,0,3.675
10/12/2019 16.00,10/12/2019 17.00,0,0,0,3.742
10/12/2019 17.00,10/12/2019 18.00,0,0,0,3.881
10/12/2019 18.00,10/12/2019 19.00,0,0,0,4.048
10/12/2019 19.00,10/12/2019 20.00,0,0,0,3.863
10/12/2019 20.00,10/12/2019 21.00,0,0,0,3.752
10/12/2019 21.00,10/12/2019 22.00,0,0,0,3.944
10/12/2019 22.00,10/12/2019 23.00,0,0,0,4.23
10/12/2019 23.00,11/12/2019 00.00,0,0,0,4.551
11/12/2019 00.00,11/12/2019 01.00,0,0,0,5.048
11/12/2019 01.00,11/12/2019 02.00,0,0,0,5.841
11/12/2019 02.00,11/12/2019 03.00,0,0,0,6.712
11/12/2019 03.00,11/12/2019 04.00,0,0,0,7.198
11/12/2019 04.00,11/12/2019 05.00,0,0,0,7.32
11/12/2019 05.00,11/12/2019 06.00,0,0,0,7.034
11/12/2019 06.00,11/12/2019 07.00,0,0,0,6.43
11/12/2019 07.00,11/12/2019 08.00,0,0,0,5.654
11/12/2019 08.00,11/12/2019 09.00,0.015,0.018,0.016,5.575
11/12/2019 09.00,11/12/2019 10.00,0.087,0.06,0.051,5.918
11/12/2019 10.00,11/12/2019 11.00,0.12,0.075,0.071,6.204
11/12/2019 11.00,11/12/2019 12.00,0.209,0.156,0.081,6.38
11/12/2019 12.00,11/12/2019 13.00,0.116,0.072,0.068,6.265
11/12/2019 13.00,11/12/2019 14.00,0.053,0.034,0.042,5.782
11/12/2019 14.00,11/12/2019 15.00,0,0.007,0.008,4.985
11/12/2019 15.00,11/12/2019 16.00,0,0,0,4.661
11/12/2019 16.00,11/12/2019 17.00,0,0,0,4.627
11/12/2019 17.00,11/12/2019 18.00,0,0,0,4.592
11/12/2019 18.00,11/12/2019 19.00,0,0,0,4.481
11/12/2019 19.00,11/12/2019 20.00,0,0,0,4.39
11/12/2019 20.00,11/12/2019 21.00,0,0,0,4.265
11/12/2019 21.00,11/12/2019 22.00,0,0,0,4.211
11/12/2019 22.00,11/12/2019 23.00,0,0,0,4.169
11/12/2019 23.00,12/12/2019 00.00,0,0,0,4.146
12/12/2019 00.00,12/12/2019 01.00,0,0,0,4.115
12/12/2019 01.00,12/12/2019 02.00,0,0,0,4.059
12/12/2019 02.00,12/12/2019 03.00,0,0,0,4.138
12/12/2019 03.00,12/12/2019 04.00,0,0,0,4.227
12/12/2019 04.00,12/12/2019 05.00,0,0,0,4.224
12/12/2019 05.00,12/12/2019 06.00,0,0,0,4.155
12/12/2019 06.00,12/12/2019 07.00,0,0,0,4.072
12/12/2019 07.00,12/12/2019 08.00,0,0,0,3.944
12/12/2019 08.00,12/12/2019 09.00,0,0.001,0.007,3.93
12/12/2019 09.00,12/12/2019 10.00,0.007,0.002,0.021,4.06
12/12/2019 10.00,12/12/2019 11.00,0.012,0.002,0.028,4.267
12/12/2019 11.00,12/12/2019 12.00,0.021,0.004,0.037,4.596
12/12/2019 12.00,12/12/2019 13.00,0.026,0.006,0.041,4.98
12/12/2019 13.00,12/12/2019 14.00,0.019,0.007,0.03,5.103
12/12/2019 14.00,12/12/2019 15.00,0,0.003,0.007,4.677
12/12/2019 15.00,12/12/2019 16.00,0,0,0,4.169
12/12/2019 16.00,12/12/2019 17.00,0,0,0,3.74
12/12/2019 17.00,12/12/2019 18.00,0,0,0,3.336
12/12/2019 18.00,12/12/2019 19.00,0,0,0,2.977
12/12/2019 19.00,12/12/2019 20.00,0,0,0,2.664
12/12/2019 20.00,12/12/2019 21.00,0,0,0,2.332
12/12/2019 21.00,12/12/2019 22.00,0,0,0,2.158
12/12/2019 22.00,12/12/2019 23.00,0,0,0,1.788
12/12/2019 23.00,13/12/2019 00.00,0,0,0,1.641
13/12/2019 00.00,13/12/2019 01.00,0,0,0,1.642
13/12/2019 01.00,13/12/2019 02.00,0,0,0,1.713
13/12/2019 02.00,13/12/2019 03.00,0,0,0,1.968
13/12/2019 03.00,13/12/2019 04.00,0,0,0,2.201
13/12/2019 04.00,13/12/2019 05.00,0,0,0,2.403
13/12/2019 05.00,13/12/2019 06.00,0,0,0,2.451
13/12/2019 06.00,13/12/2019 07.00,0,0,0,2.54
13/12/2019 07.00,13/12/2019 08.00,0,0,0,2.501
13/12/2019 08.00,13/12/2019 09.00,0.011,0.015,0.014,2.53
13/12/2019 09.00,13/12/2019 10.00,0.089,0.062,0.05,2.84
13/12/2019 10.00,13/12/2019 11.00,0.166,0.117,0.072,3.214
13/12/2019 11.00,13/12/2019 12.00,0.182,0.128,0.078,3.524
13/12/2019 12.00,13/12/2019 13.00,0.146,0.101,0.069,3.71
13/12/2019 13.00,13/12/2019 14.00,0.07,0.049,0.043,3.706
13/12/2019 14.00,13/12/2019 15.00,0.001,0.009,0.008,3.52
13/12/2019 15.00,13/12/2019 16.00,0,0,0,3.412
13/12/2019 16.00,13/12/2019 17.00,0,0,0,3.402
13/12/2019 17.00,13/12/2019 18.00,0,0,0,3.377
13/12/2019 18.00,13/12/2019 19.00,0,0,0,3.315
13/12/2019 19.00,13/12/2019 20.00,0,0,0,3.261
13/12/2019 20.00,13/12/2019 21.00,0,0,0,3.084
13/12/2019 21.00,13/12/2019 22.00,0,0,0,2.831
13/12/2019 22.00,13/12/2019 23.00,0,0,0,2.548
13/12/2019 23.00,14/12/2019 00.00,0,0,0,2.284
14/12/2019 00.00,14/12/2019 01.00,0,0,0,2.051
14/12/2019 01.00,14/12/2019 02.00,0,0,0,1.822
14/12/2019 02.00,14/12/2019 03.00,0,0,0,1.644
14/12/2019 03.00,14/12/2019 04.00,0,0,0,1.513
14/12/2019 04.00,14/12/2019 05.00,0,0,0,1.478
14/12/2019 05.00,14/12/2019 06.00,0,0,0,1.487
14/12/2019 06.00,14/12/2019 07.00,0,0,0,1.571
14/12/2019 07.00,14/12/2019 08.00,0,0,0,1.689
14/12/2019 08.00,14/12/2019 09.00,0,0,0.004,1.913
14/12/2019 09.00,14/12/2019 10.00,0.001,0.001,0.015,2.347
14/12/2019 10.00,14/12/2019 11.00,0.006,0.001,0.021,2.844
14/12/2019 11.00,14/12/2019 12.00,0.01,0.002,0.027,3.288
14/12/2019 12.00,14/12/2019 13.00,0.007,0.001,0.023,3.555
14/12/2019 13.00,14/12/2019 14.00,0,0.001,0.011,3.669
14/12/2019 14.00,14/12/2019 15.00,0,0,0.002,3.68
14/12/2019 15.00,14/12/2019 16.00,0,0,0,3.624
14/12/2019 16.00,14/12/2019 17.00,0,0,0,3.684
14/12/2019 17.00,14/12/2019 18.00,0,0,0,3.815
14/12/2019 18.00,14/12/2019 19.00,0,0,0,4.057
14/12/2019 19.00,14/12/2019 20.00,0,0,0,4.363
14/12/2019 20.00,14/12/2019 21.00,0,0,0,4.698
14/12/2019 21.00,14/12/2019 22.00,0,0,0,4.961
14/12/2019 22.00,14/12/2019 23.00,0,0,0,5.076
14/12/2019 23.00,15/12/2019 00.00,0,0,0,5.064
15/12/2019 00.00,15/12/2019 01.00,0,0,0,5.16
15/12/2019 01.00,15/12/2019 02.00,0,0,0,5.272
15/12/2019 02.00,15/12/2019 03.00,0,0,0,5.253
15/12/2019 03.00,15/12/2019 04.00,0,0,0,4.868
15/12/2019 04.00,15/12/2019 05.00,0,0,0,3.977
15/12/2019 05.00,15/12/2019 06.00,0,0,0,3.429
15/12/2019 06.00,15/12/2019 07.00,0,0,0,3.235
15/12/2019 07.00,15/12/2019 08.00,0,0,0,2.91
15/12/2019 08.00,15/12/2019 09.00,0,0,0.004,2.241
15/12/2019 09.00,15/12/2019 10.00,0,0.001,0.012,2.239
15/12/2019 10.00,15/12/2019 11.00,0.008,0.001,0.023,3.15
15/12/2019 11.00,15/12/2019 12.00,0.017,0.003,0.034,4.213
15/12/2019 12.00,15/12/2019 13.00,0.019,0.004,0.035,4.614
15/12/2019 13.00,15/12/2019 14.00,0.005,0.002,0.019,4.596
15/12/2019 14.00,15/12/2019 15.00,0,0,0.002,4.704
15/12/2019 15.00,15/12/2019 16.00,0,0,0,4.908
15/12/2019 16.00,15/12/2019 17.00,0,0,0,4.833
15/12/2019 17.00,15/12/2019 18.00,0,0,0,4.661
15/12/2019 18.00,15/12/2019 19.00,0,0,0,4.533
15/12/2019 19.00,15/12/2019 20.00,0,0,0,4.513
15/12/2019 20.00,15/12/2019 21.00,0,0,0,4.647
15/12/2019 21.00,15/12/2019 22.00,0,0,0,4.827
15/12/2019 22.00,15/12/2019 23.00,0,0,0,4.896
15/12/2019 23.00,16/12/2019 00.00,0,0,0,4.881
16/12/2019 00.00,16/12/2019 01.00,0,0,0,4.698
16/12/2019 01.00,16/12/2019 02.00,0,0,0,4.336
16/12/2019 02.00,16/12/2019 03.00,0,0,0,4.379
16/12/2019 03.00,16/12/2019 04.00,0,0,0,4.654
16/12/2019 04.00,16/12/2019 05.00,0,0,0,4.779
16/12/2019 05.00,16/12/2019 06.00,0,0,0,4.81
16/12/2019 06.00,16/12/2019 07.00,0,0,0,5.06
16/12/2019 07.00,16/12/2019 08.00,0,0,0,5.457
16/12/2019 08.00,16/12/2019 09.00,0,0,0.004,5.733
16/12/2019 09.00,16/12/2019 10.00,0.001,0.001,0.015,5.711
16/12/2019 10.00,16/12/2019 11.00,0.003,0.001,0.018,5.324
16/12/2019 11.00,16/12/2019 12.00,0.003,0.001,0.018,4.96
16/12/2019 12.00,16/12/2019 13.00,0.005,0.001,0.02,5.411
16/12/2019 13.00,16/12/2019 14.00,0.015,0.006,0.028,6.014
16/12/2019 14.00,16/12/2019 15.00,0,0.003,0.007,5.929
16/12/2019 15.00,16/12/2019 16.00,0,0,0,5.648
16/12/2019 16.00,16/12/2019 17.00,0,0,0,5.547
16/12/2019 17.00,16/12/2019 18.00,0,0,0,5.478
16/12/2019 18.00,16/12/2019 19.00,0,0,0,5.421
16/12/2019 19.00,16/12/2019 20.00,0,0,0,5.301
16/12/2019 20.00,16/12/2019 21.00,0,0,0,5.164
16/12/2019 21.00,16/12/2019 22.00,0,0,0,5.045
16/12/2019 22.00,16/12/2019 23.00,0,0,0,4.911
16/12/2019 23.00,17/12/2019 00.00,0,0,0,4.596
17/12/2019 00.00,17/12/2019 01.00,0,0,0,4.477
17/12/2019 01.00,17/12/2019 02.00,0,0,0,4.313
17/12/2019 02.00,17/12/2019 03.00,0,0,0,4.196
17/12/2019 03.00,17/12/2019 04.00,0,0,0,4.19
17/12/2019 04.00,17/12/2019 05.00,0,0,0,4.314
17/12/2019 05.00,17/12/2019 06.00,0,0,0,4.352
17/12/2019 06.00,17/12/2019 07.00,0,0,0,4.34
17/12/2019 07.00,17/12/2019 08.00,0,0,0,4.25
17/12/2019 08.00,17/12/2019 09.00,0,0,0.003,4.143
17/12/2019 09.00,17/12/2019 10.00,0,0.001,0.013,4.149
17/12/2019 10.00,17/12/2019 11.00,0.003,0.001,0.018,4.099
17/12/2019 11.00,17/12/2019 12.00,0.003,0.001,0.018,4.017
17/12/2019 12.00,17/12/2019 13.00,0,0.001,0.014,4.001
17/12/2019 13.00,17/12/2019 14.00,0,0,0.008,4.081
17/12/2019 14.00,17/12/2019 15.00,0,0,0.002,4.086
17/12/2019 15.00,17/12/2019 16.00,0,0,0,4.165
17/12/2019 16.00,17/12/2019 17.00,0,0,0,4.394
17/12/2019 17.00,17/12/2019 18.00,0,0,0,4.583
17/12/2019 18.00,17/12/2019 19.00,0,0,0,4.792
17/12/2019 19.00,17/12/2019 20.00,0,0,0,5.115
17/12/2019 20.00,17/12/2019 21.00,0,0,0,5.519
17/12/2019 21.00,17/12/2019 22.00,0,0,0,5.556
17/12/2019 22.00,17/12/2019 23.00,0,0,0,5.269
17/12/2019 23.00,18/12/2019 00.00,0,0,0,4.945
18/12/2019 00.00,18/12/2019 01.00,0,0,0,4.532
18/12/2019 01.00,18/12/2019 02.00,0,0,0,4.151
18/12/2019 02.00,18/12/2019 03.00,0,0,0,4.011
18/12/2019 03.00,18/12/2019 04.00,0,0,0,3.794
18/12/2019 04.00,18/12/2019 05.00,0,0,0,3.38
18/12/2019 05.00,18/12/2019 06.00,0,0,0,3.038
18/12/2019 06.00,18/12/2019 07.00,0,0,0,3.623
18/12/2019 07.00,18/12/2019 08.00,0,0,0,4.302
18/12/2019 08.00,18/12/2019 09.00,0,0.004,0.008,4.846
18/12/2019 09.00,18/12/2019 10.00,0.034,0.016,0.038,5.378
18/12/2019 10.00,18/12/2019 11.00,0.076,0.036,0.063,5.818
18/12/2019 11.00,18/12/2019 12.00,0.09,0.043,0.071,6.124
18/12/2019 12.00,18/12/2019 13.00,0.066,0.031,0.059,6.24
18/12/2019 13.00,18/12/2019 14.00,0.031,0.017,0.035,6.1
18/12/2019 14.00,18/12/2019 15.00,0,0.002,0.005,5.816
18/12/2019 15.00,18/12/2019 16.00,0,0,0,5.636
18/12/2019 16.00,18/12/2019 17.00,0,0,0,5.301
18/12/2019 17.00,18/12/2019 18.00,0,0,0,4.486
18/12/2019 18.00,18/12/2019 19.00,0,0,0,3.572
18/12/2019 19.00,18/12/2019 20.00,0,0,0,3.072
18/12/2019 20.00,18/12/2019 21.00,0,0,0,3.014
18/12/2019 21.00,18/12/2019 22.00,0,0,0,2.728
18/12/2019 22.00,18/12/2019 23.00,0,0,0,2.77
18/12/2019 23.00,19/12/2019 00.00,0,0,0,3.021
19/12/2019 00.00,19/12/2019 01.00,0,0,0,3.497
19/12/2019 01.00,19/12/2019 02.00,0,0,0,3.496
19/12/2019 02.00,19/12/2019 03.00,0,0,0,3.355
19/12/2019 03.00,19/12/2019 04.00,0,0,0,3.284
19/12/2019 04.00,19/12/2019 05.00,0,0,0,3.304
19/12/2019 05.00,19/12/2019 06.00,0,0,0,3.525
19/12/2019 06.00,19/12/2019 07.00,0,0,0,3.931
19/12/2019 07.00,19/12/2019 08.00,0,0,0,4.267
19/12/2019 08.00,19/12/2019 09.00,0,0.001,0.004,4.475
19/12/2019 09.00,19/12/2019 10.00,0.003,0.002,0.018,4.676
19/12/2019 10.00,19/12/2019 11.00,0.012,0.002,0.028,4.88
19/12/2019 11.00,19/12/2019 12.00,0.017,0.003,0.034,5.145
19/12/2019 12.00,19/12/2019 13.00,0.01,0.002,0.025,5.426
19/12/2019 13.00,19/12/2019 14.00,0.001,0.001,0.015,5.597
19/12/2019 14.00,19/12/2019 15.00,0,0,0.003,5.619
19/12/2019 15.00,19/12/2019 16.00,0,0,0,5.597
19/12/2019 16.00,19/12/2019 17.00,0,0,0,5.583
19/12/2019 17.00,19/12/2019 18.00,0,0,0,5.492
19/12/2019 18.00,19/12/2019 19.00,0,0,0,5.274
19/12/2019 19.00,19/12/2019 20.00,0,0,0,5
19/12/2019 20.00,19/12/2019 21.00,0,0,0,4.799
19/12/2019 21.00,19/12/2019 22.00,0,0,0,4.715
19/12/2019 22.00,19/12/2019 23.00,0,0,0,4.698
19/12/2019 23.00,20/12/2019 00.00,0,0,0,4.56
20/12/2019 00.00,20/12/2019 01.00,0,0,0,4.414
20/12/2019 01.00,20/12/2019 02.00,0,0,0,4.347
20/12/2019 02.00,20/12/2019 03.00,0,0,0,4.454
20/12/2019 03.00,20/12/2019 04.00,0,0,0,4.577
20/12/2019 04.00,20/12/2019 05.00,0,0,0,4.612
20/12/2019 05.00,20/12/2019 06.00,0,0,0,4.569
20/12/2019 06.00,20/12/2019 07.00,0,0,0,4.504
20/12/2019 07.00,20/12/2019 08.00,0,0,0,4.518
20/12/2019 08.00,20/12/2019 09.00,0,0.001,0.004,4.536
20/12/2019 09.00,20/12/2019 10.00,0.004,0.002,0.018,4.591
20/12/2019 10.00,20/12/2019 11.00,0.014,0.003,0.03,4.666
20/12/2019 11.00,20/12/2019 12.00,0.029,0.006,0.043,4.899
20/12/2019 12.00,20/12/2019 13.00,0.029,0.007,0.042,5.095
20/12/2019 13.00,20/12/2019 14.00,0.007,0.003,0.021,5.017
20/12/2019 14.00,20/12/2019 15.00,0,0.001,0.003,4.901
20/12/2019 15.00,20/12/2019 16.00,0,0,0,4.926
20/12/2019 16.00,20/12/2019 17.00,0,0,0,5.058
20/12/2019 17.00,20/12/2019 18.00,0,0,0,5.097
20/12/2019 18.00,20/12/2019 19.00,0,0,0,5.064
20/12/2019 19.00,20/12/2019 20.00,0,0,0,5.123
20/12/2019 20.00,20/12/2019 21.00,0,0,0,5.36
20/12/2019 21.00,20/12/2019 22.00,0,0,0,5.597
20/12/2019 22.00,20/12/2019 23.00,0,0,0,5.789
20/12/2019 23.00,21/12/2019 00.00,0,0,0,6.082
21/12/2019 00.00,21/12/2019 01.00,0,0,0,6.358
21/12/2019 01.00,21/12/2019 02.00,0,0,0,6.366
21/12/2019 02.00,21/12/2019 03.00,0,0,0,6.468
21/12/2019 03.00,21/12/2019 04.00,0,0,0,6.587
21/12/2019 04.00,21/12/2019 05.00,0,0,0,6.589
21/12/2019 05.00,21/12/2019 06.00,0,0,0,6.538
21/12/2019 06.00,21/12/2019 07.00,0,0,0,6.392
21/12/2019 07.00,21/12/2019 08.00,0,0,0,6.141
21/12/2019 08.00,21/12/2019 09.00,0,0.006,0.009,5.962
21/12/2019 09.00,21/12/2019 10.00,0.043,0.024,0.042,6.105
21/12/2019 10.00,21/12/2019 11.00,0.076,0.036,0.063,6.297
21/12/2019 11.00,21/12/2019 12.00,0.079,0.036,0.068,6.409
21/12/2019 12.00,21/12/2019 13.00,0.061,0.027,0.057,6.338
21/12/2019 13.00,21/12/2019 14.00,0.027,0.014,0.033,5.991
21/12/2019 14.00,21/12/2019 15.00,0,0.002,0.004,5.458
21/12/2019 15.00,21/12/2019 16.00,0,0,0,5.141
21/12/2019 16.00,21/12/2019 17.00,0,0,0,5.011
21/12/2019 17.00,21/12/2019 18.00,0,0,0,5.006
21/12/2019 18.00,21/12/2019 19.00,0,0,0,5.191
21/12/2019 19.00,21/12/2019 20.00,0,0,0,5.31
21/12/2019 20.00,21/12/2019 21.00,0,0,0,5.411
21/12/2019 21.00,21/12/2019 22.00,0,0,0,5.419
21/12/2019 22.00,21/12/2019 23.00,0,0,0,5.427
21/12/2019 23.00,22/12/2019 00.00,0,0,0,5.319
22/12/2019 00.00,22/12/2019 01.00,0,0,0,5.183
22/12/2019 01.00,22/12/2019 02.00,0,0,0,4.993
22/12/2019 02.00,22/12/2019 03.00,0,0,0,4.768
22/12/2019 03.00,22/12/2019 04.00,0,0,0,4.582
22/12/2019 04.00,22/12/2019 05.00,0,0,0,4.339
22/12/2019 05.00,22/12/2019 06.00,0,0,0,4.218
22/12/2019 06.00,22/12/2019 07.00,0,0,0,4.19
22/12/2019 07.00,22/12/2019 08.00,0,0,0,4.143
22/12/2019 08.00,22/12/2019 09.00,0,0.001,0.005,4.059
22/12/2019 09.00,22/12/2019 10.00,0.006,0.002,0.02,3.866
22/12/2019 10.00,22/12/2019 11.00,0.016,0.003,0.032,3.766
22/12/2019 11.00,22/12/2019 12.00,0.019,0.003,0.035,3.89
22/12/2019 12.00,22/12/2019 13.00,0.011,0.002,0.026,3.997
22/12/2019 13.00,22/12/2019 14.00,0,0.001,0.014,4.073
22/12/2019 14.00,22/12/2019 15.00,0,0,0.002,4.114
22/12/2019 15.00,22/12/2019 16.00,0,0,0,4.175
22/12/2019 16.00,22/12/2019 17.00,0,0,0,4.266
22/12/2019 17.00,22/12/2019 18.00,0,0,0,4.375
22/12/2019 18.00,22/12/2019 19.00,0,0,0,4.396
22/12/2019 19.00,22/12/2019 20.00,0,0,0,4.324
22/12/2019 20.00,22/12/2019 21.00,0,0,0,4.264
22/12/2019 21.00,22/12/2019 22.00,0,0,0,4.251
22/12/2019 22.00,22/12/2019 23.00,0,0,0,4.245
22/12/2019 23.00,23/12/2019 00.00,0,0,0,4.224
23/12/2019 00.00,23/12/2019 01.00,0,0,0,4.197
23/12/2019 01.00,23/12/2019 02.00,0,0,0,4.142
23/12/2019 02.00,23/12/2019 03.00,0,0,0,4.082
23/12/2019 03.00,23/12/2019 04.00,0,0,0,4.061
23/12/2019 04.00,23/12/2019 05.00,0,0,0,4.122
23/12/2019 05.00,23/12/2019 06.00,0,0,0,4.237
23/12/2019 06.00,23/12/2019 07.00,0,0,0,4.343
23/12/2019 07.00,23/12/2019 08.00,0,0,0,4.397
23/12/2019 08.00,23/12/2019 09.00,0,0.001,0.004,4.511
23/12/2019 09.00,23/12/2019 10.00,0.003,0.002,0.018,4.796
23/12/2019 10.00,23/12/2019 11.00,0.011,0.002,0.027,5.088
23/12/2019 11.00,23/12/2019 12.00,0.014,0.002,0.031,5.351
23/12/2019 12.00,23/12/2019 13.00,0.012,0.002,0.028,5.469
23/12/2019 13.00,23/12/2019 14.00,0.005,0.002,0.019,5.335
23/12/2019 14.00,23/12/2019 15.00,0,0.001,0.003,5.057
23/12/2019 15.00,23/12/2019 16.00,0,0,0,5.038
23/12/2019 16.00,23/12/2019 17.00,0,0,0,5.061
23/12/2019 17.00,23/12/2019 18.00,0,0,0,5.112
23/12/2019 18.00,23/12/2019 19.00,0,0,0,5.171
23/12/2019 19.00,23/12/2019 20.00,0,0,0,5.217
23/12/2019 20.00,23/12/2019 21.00,0,0,0,5.198
23/12/2019 21.00,23/12/2019 22.00,0,0,0,5.239
23/12/2019 22.00,23/12/2019 23.00,0,0,0,5.389
23/12/2019 23.00,24/12/2019 00.00,0,0,0,5.442
24/12/2019 00.00,24/12/2019 01.00,0,0,0,5.438
24/12/2019 01.00,24/12/2019 02.00,0,0,0,5.567
24/12/2019 02.00,24/12/2019 03.00,0,0,0,5.78
24/12/2019 03.00,24/12/2019 04.00,0,0,0,5.983
24/12/2019 04.00,24/12/2019 05.00,0,0,0,6.016
24/12/2019 05.00,24/12/2019 06.00,0,0,0,6.018
24/12/2019 06.00,24/12/2019 07.00,0,0,0,5.934
24/12/2019 07.00,24/12/2019 08.00,0,0,0,5.963
24/12/2019 08.00,24/12/2019 09.00,0,0.001,0.004,6.026
24/12/2019 09.00,24/12/2019 10.00,0.006,0.002,0.021,6.132
24/12/2019 10.00,24/12/2019 11.00,0.018,0.004,0.034,6.272
24/12/2019 11.00,24/12/2019 12.00,0.03,0.006,0.045,6.302
24/12/2019 12.00,24/12/2019 13.00,0.016,0.003,0.032,6.22
24/12/2019 13.00,24/12/2019 14.00,0.001,0.001,0.015,6.026
24/12/2019 14.00,24/12/2019 15.00,0,0,0.002,5.774
24/12/2019 15.00,24/12/2019 16.00,0,0,0,5.638
24/12/2019 16.00,24/12/2019 17.00,0,0,0,5.569
24/12/2019 17.00,24/12/2019 18.00,0,0,0,5.462
24/12/2019 18.00,24/12/2019 19.00,0,0,0,5.376
24/12/2019 19.00,24/12/2019 20.00,0,0,0,5.29
24/12/2019 20.00,24/12/2019 21.00,0,0,0,5.214
24/12/2019 21.00,24/12/2019 22.00,0,0,0,5.122
24/12/2019 22.00,24/12/2019 23.00,0,0,0,5.138
24/12/2019 23.00,25/12/2019 00.00,0,0,0,5.063
25/12/2019 00.00,25/12/2019 01.00,0,0,0,4.948
25/12/2019 01.00,25/12/2019 02.00,0,0,0,4.87
25/12/2019 02.00,25/12/2019 03.00,0,0,0,4.856
25/12/2019 03.00,25/12/2019 04.00,0,0,0,4.763
25/12/2019 04.00,25/12/2019 05.00,0,0,0,4.543
25/12/2019 05.00,25/12/2019 06.00,0,0,0,4.246
25/12/2019 06.00,25/12/2019 07.00,0,0,0,4.034
25/12/2019 07.00,25/12/2019 08.00,0,0,0,3.694
25/12/2019 08.00,25/12/2019 09.00,0.011,0.017,0.012,3.374
25/12/2019 09.00,25/12/2019 10.00,0.105,0.08,0.048,4.065
25/12/2019 10.00,25/12/2019 11.00,0.188,0.145,0.068,4.927
25/12/2019 11.00,25/12/2019 12.00,0.198,0.15,0.074,5.392
25/12/2019 12.00,25/12/2019 13.00,0.144,0.102,0.066,5.491
25/12/2019 13.00,25/12/2019 14.00,0.052,0.036,0.038,5.221
25/12/2019 14.00,25/12/2019 15.00,0,0.006,0.006,4.647
25/12/2019 15.00,25/12/2019 16.00,0,0,0,4.684
25/12/2019 16.00,25/12/2019 17.00,0,0,0,4.903
25/12/2019 17.00,25/12/2019 18.00,0,0,0,4.983
25/12/2019 18.00,25/12/2019 19.00,0,0,0,5.005
25/12/2019 19.00,25/12/2019 20.00,0,0,0,5.039
25/12/2019 20.00,25/12/2019 21.00,0,0,0,4.941
25/12/2019 21.00,25/12/2019 22.00,0,0,0,4.813
25/12/2019 22.00,25/12/2019 23.00,0,0,0,4.592
25/12/2019 23.00,26/12/2019 00.00,0,0,0,4.271
26/12/2019 00.00,26/12/2019 01.00,0,0,0,3.789
26/12/2019 01.00,26/12/2019 02.00,0,0,0,3.375
26/12/2019 02.00,26/12/2019 03.00,0,0,0,3.175
26/12/2019 03.00,26/12/2019 04.00,0,0,0,2.907
26/12/2019 04.00,26/12/2019 05.00,0,0,0,2.458
26/12/2019 05.00,26/12/2019 06.00,0,0,0,1.961
26/12/2019 06.00,26/12/2019 07.00,0,0,0,1.688
26/12/2019 07.00,26/12/2019 08.00,0,0,0,1.644
26/12/2019 08.00,26/12/2019 09.00,0.053,0.061,0.014,1.829
26/12/2019 09.00,26/12/2019 10.00,0.212,0.193,0.043,2.44
26/12/2019 10.00,26/12/2019 11.00,0.328,0.303,0.054,3.07
26/12/2019 11.00,26/12/2019 12.00,0.354,0.328,0.058,3.357
26/12/2019 12.00,26/12/2019 13.00,0.304,0.278,0.054,3.224
26/12/2019 13.00,26/12/2019 14.00,0.162,0.145,0.04,2.614
26/12/2019 14.00,26/12/2019 15.00,0.012,0.022,0.008,1.708
26/12/2019 15.00,26/12/2019 16.00,0,0,0,0.915
26/12/2019 16.00,26/12/2019 17.00,0,0,0,0.675
26/12/2019 17.00,26/12/2019 18.00,0,0,0,0.669
26/12/2019 18.00,26/12/2019 19.00,0,0,0,0.413
26/12/2019 19.00,26/12/2019 20.00,0,0,0,0.124
26/12/2019 20.00,26/12/2019 21.00,0,0,0,-0.077
26/12/2019 21.00,26/12/2019 22.00,0,0,0,-0.256
26/12/2019 22.00,26/12/2019 23.00,0,0,0,-0.337
26/12/2019 23.00,27/12/2019 00.00,0,0,0,-0.43
27/12/2019 00.00,27/12/2019 01.00,0,0,0,-0.51
27/12/2019 01.00,27/12/2019 02.00,0,0,0,-0.514
27/12/2019 02.00,27/12/2019 03.00,0,0,0,-0.469
27/12/2019 03.00,27/12/2019 04.00,0,0,0,-0.489
27/12/2019 04.00,27/12/2019 05.00,0,0,0,-0.516
27/12/2019 05.00,27/12/2019 06.00,0,0,0,-0.609
27/12/2019 06.00,27/12/2019 07.00,0,0,0,-0.821
27/12/2019 07.00,27/12/2019 08.00,0,0,0,-0.957
27/12/2019 08.00,27/12/2019 09.00,0.05,0.057,0.014,-0.651
27/12/2019 09.00,27/12/2019 10.00,0.203,0.181,0.043,0.427
27/12/2019 10.00,27/12/2019 11.00,0.327,0.298,0.055,1.259
27/12/2019 11.00,27/12/2019 12.00,0.368,0.342,0.056,1.616
27/12/2019 12.00,27/12/2019 13.00,0.337,0.313,0.051,1.455
27/12/2019 13.00,27/12/2019 14.00,0.204,0.187,0.038,0.536
27/12/2019 14.00,27/12/2019 15.00,0.023,0.034,0.008,-0.755
27/12/2019 15.00,27/12/2019 16.00,0,0,0,-1.236
27/12/2019 16.00,27/12/2019 17.00,0,0,0,-1.377
27/12/2019 17.00,27/12/2019 18.00,0,0,0,-1.514
27/12/2019 18.00,27/12/2019 19.00,0,0,0,-1.638
27/12/2019 19.00,27/12/2019 20.00,0,0,0,-1.747
27/12/2019 20.00,27/12/2019 21.00,0,0,0,-1.831
27/12/2019 21.00,27/12/2019 22.00,0,0,0,-1.823
27/12/2019 22.00,27/12/2019 23.00,0,0,0,-1.629
27/12/2019 23.00,28/12/2019 00.00,0,0,0,-1.46
28/12/2019 00.00,28/12/2019 01.00,0,0,0,-1.607
28/12/2019 01.00,28/12/2019 02.00,0,0,0,-1.811
28/12/2019 02.00,28/12/2019 03.00,0,0,0,-1.855
28/12/2019 03.00,28/12/2019 04.00,0,0,0,-1.839
28/12/2019 04.00,28/12/2019 05.00,0,0,0,-1.669
28/12/2019 05.00,28/12/2019 06.00,0,0,0,-1.231
28/12/2019 06.00,28/12/2019 07.00,0,0,0,-0.965
28/12/2019 07.00,28/12/2019 08.00,0,0,0,-0.825
28/12/2019 08.00,28/12/2019 09.00,0.001,0.006,0.01,-0.633
28/12/2019 09.00,28/12/2019 10.00,0.022,0.008,0.033,-0.178
28/12/2019 10.00,28/12/2019 11.00,0.026,0.006,0.04,0.25
28/12/2019 11.00,28/12/2019 12.00,0.017,0.003,0.033,0.576
28/12/2019 12.00,28/12/2019 13.00,0.006,0.001,0.022,0.776
28/12/2019 13.00,28/12/2019 14.00,0,0.001,0.01,0.847
28/12/2019 14.00,28/12/2019 15.00,0,0,0.001,0.891
28/12/2019 15.00,28/12/2019 16.00,0,0,0,0.92
28/12/2019 16.00,28/12/2019 17.00,0,0,0,0.851
28/12/2019 17.00,28/12/2019 18.00,0,0,0,0.628
28/12/2019 18.00,28/12/2019 19.00,0,0,0,0.351
28/12/2019 19.00,28/12/2019 20.00,0,0,0,0.235
28/12/2019 20.00,28/12/2019 21.00,0,0,0,0.347
28/12/2019 21.00,28/12/2019 22.00,0,0,0,0.604
28/12/2019 22.00,28/12/2019 23.00,0,0,0,0.687
28/12/2019 23.00,29/12/2019 00.00,0,0,0,0.914
29/12/2019 00.00,29/12/2019 01.00,0,0,0,1.172
29/12/2019 01.00,29/12/2019 02.00,0,0,0,1.428
29/12/2019 02.00,29/12/2019 03.00,0,0,0,1.876
29/12/2019 03.00,29/12/2019 04.00,0,0,0,2.532
29/12/2019 04.00,29/12/2019 05.00,0,0,0,3.074
29/12/2019 05.00,29/12/2019 06.00,0,0,0,3.58
29/12/2019 06.00,29/12/2019 07.00,0,0,0,4.315
29/12/2019 07.00,29/12/2019 08.00,0,0,0,4.731
29/12/2019 08.00,29/12/2019 09.00,0,0,0.003,5.041
29/12/2019 09.00,29/12/2019 10.00,0,0.001,0.012,5.225
29/12/2019 10.00,29/12/2019 11.00,0.004,0.001,0.019,5.454
29/12/2019 11.00,29/12/2019 12.00,0.006,0.001,0.022,5.834
29/12/2019 12.00,29/12/2019 13.00,0.005,0.001,0.021,6.085
29/12/2019 13.00,29/12/2019 14.00,0.001,0.001,0.015,6.119
29/12/2019 14.00,29/12/2019 15.00,0,0,0.003,6.055
29/12/2019 15.00,29/12/2019 16.00,0,0,0,5.951
29/12/2019 16.00,29/12/2019 17.00,0,0,0,5.699
29/12/2019 17.00,29/12/2019 18.00,0,0,0,5.667
29/12/2019 18.00,29/12/2019 19.00,0,0,0,5.643
29/12/2019 19.00,29/12/2019 20.00,0,0,0,5.601
29/12/2019 20.00,29/12/2019 21.00,0,0,0,5.784
29/12/2019 21.00,29/12/2019 22.00,0,0,0,6.204
29/12/2019 22.00,29/12/2019 23.00,0,0,0,6.431
29/12/2019 23.00,30/12/2019 00.00,0,0,0,6.624
30/12/2019 00.00,30/12/2019 01.00,0,0,0,6.71
30/12/2019 01.00,30/12/2019 02.00,0,0,0,6.772
30/12/2019 02.00,30/12/2019 03.00,0,0,0,6.797
30/12/2019 03.00,30/12/2019 04.00,0,0,0,6.842
30/12/2019 04.00,30/12/2019 05.00,0,0,0,6.892
30/12/2019 05.00,30/12/2019 06.00,0,0,0,6.87
30/12/2019 06.00,30/12/2019 07.00,0,0,0,6.767
30/12/2019 07.00,30/12/2019 08.00,0,0,0,6.693
30/12/2019 08.00,30/12/2019 09.00,0.003,0.008,0.012,6.805
30/12/2019 09.00,30/12/2019 10.00,0.027,0.011,0.037,7.142
30/12/2019 10.00,30/12/2019 11.00,0.033,0.008,0.046,7.4
30/12/2019 11.00,30/12/2019 12.00,0.025,0.005,0.041,7.51
30/12/2019 12.00,30/12/2019 13.00,0.009,0.002,0.025,7.503
30/12/2019 13.00,30/12/2019 14.00,0,0.001,0.01,7.417
30/12/2019 14.00,30/12/2019 15.00,0,0,0.001,7.292
30/12/2019 15.00,30/12/2019 16.00,0,0,0,7.285
30/12/2019 16.00,30/12/2019 17.00,0,0,0,7.356
30/12/2019 17.00,30/12/2019 18.00,0,0,0,7.363
30/12/2019 18.00,30/12/2019 19.00,0,0,0,7.268
30/12/2019 19.00,30/12/2019 20.00,0,0,0,7.076
30/12/2019 20.00,30/12/2019 21.00,0,0,0,6.786
30/12/2019 21.00,30/12/2019 22.00,0,0,0,6.373
30/12/2019 22.00,30/12/2019 23.00,0,0,0,6.083
30/12/2019 23.00,31/12/2019 00.00,0,0,0,5.975
31/12/2019 00.00,31/12/2019 01.00,0,0,0,6.018
31/12/2019 01.00,31/12/2019 02.00,0,0,0,6.21
31/12/2019 02.00,31/12/2019 03.00,0,0,0,6.639
31/12/2019 03.00,31/12/2019 04.00,0,0,0,6.732
31/12/2019 04.00,31/12/2019 05.00,0,0,0,6.364
31/12/2019 05.00,31/12/2019 06.00,0,0,0,5.825
31/12/2019 06.00,31/12/2019 07.00,0,0,0,5.437
31/12/2019 07.00,31/12/2019 08.00,0,0,0,5.127
31/12/2019 08.00,31/12/2019 09.00,0.052,0.059,0.016,4.936
31/12/2019 09.00,31/12/2019 10.00,0.225,0.208,0.044,5.089
31/12/2019 10.00,31/12/2019 11.00,0.35,0.331,0.054,5.291
31/12/2019 11.00,31/12/2019 12.00,0.387,0.371,0.056,5.371
31/12/2019 12.00,31/12/2019 13.00,0.336,0.317,0.053,5.248
31/12/2019 13.00,31/12/2019 14.00,0.196,0.181,0.04,4.823
31/12/2019 14.00,31/12/2019 15.00,0.024,0.035,0.009,4.041
31/12/2019 15.00,31/12/2019 16.00,0,0,0,3.492
31/12/2019 16.00,31/12/2019 17.00,0,0,0,3.195
31/12/2019 17.00,31/12/2019 18.00,0,0,0,3.052
31/12/2019 18.00,31/12/2019 19.00,0,0,0,2.781
31/12/2019 19.00,31/12/2019 20.00,0,0,0,2.485
31/12/2019 20.00,31/12/2019 21.00,0,0,0,2.318
31/12/2019 21.00,31/12/2019 22.00,0,0,0,2.317
31/12/2019 22.00,31/12/2019 23.00,0,0,0,2.425
31/12/2019 23.00,01/01/2020 00.00,0,0,0,3.169
