timestamp,Skive_Solar,Skive_Onshore_Wind,Battery_Dispatch_MW,Battery_Charge_MW,Battery_SOC_MWh,Skive_el_Load_MW,Boiler_Skive_MW,El_to_TES_Rondo_MW,TES_Rondo_to_Heat_MW,Grid_Exchange_MW,Rondo_Energy_MWh
2017-01-01 00:00:00,0.0,31.86,22.0,0.0,65.08333333326,2.0,0.0,0.0,5.555555555555555,-51.86,93.24444444444444
2017-01-01 01:00:00,0.0,28.296,22.0,0.0,42.16666666652,2.0,0.0,0.0,5.555555555555555,-48.296,86.56995555555555
2017-01-01 02:00:00,0.0,23.868,0.0,0.0,42.16666666652,2.0,0.0,0.0,5.555555555555555,-21.868,79.97556053333332
2017-01-01 03:00:00,0.0,19.926,0.0,0.0,42.16666666652,2.0,0.0,0.0,5.555555555555555,-17.926,73.46029825137776
2017-01-01 04:00:00,0.0,16.686,0.0,22.0,63.28666666652,2.0,5.555555555555555,4.928706336969248,0.0,17.798261892524806,77.4089068825911
2017-01-01 05:00:00,0.0,13.446,0.0,22.0,84.40666666652,2.0,5.555555555555555,24.0,0.0,40.10955555555556,100.0
2017-01-01 06:00:00,0.0,13.662,0.0,3.7430555557083376,88.0,2.0,5.555555555555555,1.2244897959183703,0.0,-1.138899092817736,100.0
2017-01-01 07:00:00,0.0,13.284,0.0,0.0,88.0,2.0,5.555555555555555,1.2244897959183703,0.0,-4.503954648526074,100.0
2017-01-01 08:00:00,0.18,13.662,0.0,0.0,88.0,2.0,5.555555555555555,1.2244897959183703,0.0,-5.061954648526074,100.0
2017-01-01 09:00:00,0.864,13.068,0.0,0.0,88.0,2.0,0.0,0.0,5.555555555555555,-11.932,93.24444444444444
2017-01-01 10:00:00,1.728,13.554,0.0,0.0,88.0,2.0,0.0,0.0,5.555555555555555,-13.282,86.56995555555555
2017-01-01 11:00:00,2.304,14.418,0.0,0.0,88.0,2.0,0.0,0.0,5.555555555555555,-14.722,79.97556053333332
2017-01-01 12:00:00,2.304,10.476,0.0,0.0,88.0,2.0,0.0,0.0,5.555555555555555,-10.780000000000001,73.46029825137776
2017-01-01 13:00:00,2.304,10.044,0.0,0.0,88.0,2.0,0.0,0.0,5.555555555555555,-10.348,67.02321911680568
2017-01-01 14:00:00,2.484,8.856,0.0,0.0,88.0,2.0,0.0,0.0,5.555555555555555,-9.34,60.663384931848455
2017-01-01 15:00:00,0.0,7.83,22.0,0.0,65.08333333326,2.0,0.0,0.0,5.555555555555555,-27.83,54.379868757110714
2017-01-01 16:00:00,0.0,7.074,22.0,0.0,42.16666666652,2.0,0.0,0.0,5.555555555555555,-27.073999999999998,48.171754776469825
2017-01-01 17:00:00,0.0,6.75,16.82559999980536,0.0,24.64,2.0,0.0,0.0,5.555555555555555,-21.57559999980536,42.03813816359663
2017-01-01 18:00:00,0.0,7.614,0.0,0.0,24.64,2.0,0.0,0.0,5.555555555555555,-5.614,35.97812495007791
2017-01-01 19:00:00,0.0,8.316,0.0,0.0,24.64,2.0,0.0,0.0,5.555555555555555,-6.316000000000001,29.990831895121417
2017-01-01 20:00:00,0.0,9.018,0.0,0.0,24.64,2.0,0.0,0.0,5.555555555555555,-7.018000000000001,24.075386356824403
2017-01-01 21:00:00,0.0,8.478,0.0,0.0,24.64,2.0,0.0,0.0,5.555555555555555,-6.478,18.230926164986954
2017-01-01 22:00:00,0.0,8.748,0.0,0.0,24.64,2.0,0.0,0.0,5.555555555555555,-6.747999999999999,12.456599495451554
2017-01-01 23:00:00,0.0,8.91,0.0,0.0,24.64,2.0,0.0,0.0,5.555555555555555,-6.91,6.75156474595058
2017-01-02 00:00:00,0.0,8.424,0.0,0.0,24.64,2.0,5.555555555555555,3.6784711617997736,0.0,2.8100267173553295,10.27544770756295
2017-01-02 01:00:00,0.0,8.046,0.0,22.0,45.76,2.0,5.555555555555555,24.0,0.0,45.50955555555556,33.672142335072195
2017-01-02 02:00:00,0.0,7.992,0.0,22.0,66.88,2.0,5.555555555555555,24.0,0.0,45.56355555555556,56.78807662705133
2017-01-02 03:00:00,0.0,7.884,0.0,22.0,88.0,2.0,5.555555555555555,24.0,0.0,45.67155555555556,79.62661970752671
2017-01-02 04:00:00,0.0,8.154,0.0,0.0,88.0,2.0,5.555555555555555,0.0,0.0,-0.5984444444444446,78.6711002710364
2017-01-02 05:00:00,0.0,8.262,0.0,0.0,88.0,2.0,0.0,0.0,5.555555555555555,-6.2620000000000005,72.1714915122284
2017-01-02 06:00:00,0.0,6.318,0.0,0.0,88.0,2.0,0.0,0.0,5.555555555555555,-4.318,65.74987805852611
2017-01-02 07:00:00,0.0,7.074,0.0,0.0,88.0,2.0,0.0,0.0,5.555555555555555,-5.074,59.40532396626824
2017-01-02 08:00:00,1.764,7.884,0.0,0.0,88.0,2.0,0.0,0.0,5.555555555555555,-7.648000000000001,53.136904523117465
2017-01-02 09:00:00,10.368,9.288,0.0,0.0,88.0,2.0,0.0,0.0,5.555555555555555,-17.656,46.9437061132845
2017-01-02 10:00:00,15.696,10.962,0.0,0.0,88.0,2.0,0.0,0.0,5.555555555555555,-24.658,40.824826084369526
2017-01-02 11:00:00,17.604,11.61,0.0,0.0,88.0,2.0,0.0,0.0,5.555555555555555,-27.214,34.779372615801535
2017-01-02 12:00:00,15.588,8.856,0.0,0.0,88.0,2.0,0.0,0.0,5.555555555555555,-22.444,28.806464588856358
2017-01-02 13:00:00,10.404,9.828,0.0,0.0,88.0,2.0,0.0,0.0,5.555555555555555,-18.232,22.905231458234528
2017-01-02 14:00:00,4.248,9.828,18.47999999972965,0.0,68.75000000022001,2.0,0.0,0.0,5.555555555555555,-30.555999999729654,17.074813125180157
2017-01-02 15:00:00,0.0,10.854,22.0,0.0,45.833333333480006,2.0,0.0,0.0,5.555555555555555,-30.854,11.314359812122438
2017-01-02 16:00:00,0.0,11.34,22.0,0.0,22.916666666740003,2.0,0.0,0.0,5.555555555555555,-31.34,5.623031938821413
2017-01-02 17:00:00,0.0,12.258,22.0,0.0,0.0,2.0,0.0,0.0,5.555555555555555,-32.257999999999996,0.0
2017-01-02 18:00:00,0.0,8.586,0.0,0.0,0.0,2.0,5.555555555555555,0.0,0.0,-1.030444444444445,0.0
2017-01-02 19:00:00,0.0,8.802,0.0,0.0,0.0,2.0,5.555555555555555,0.0,0.0,-1.2464444444444442,0.0
2017-01-02 20:00:00,0.0,8.64,0.0,0.0,0.0,2.0,5.555555555555555,0.0,0.0,-1.0844444444444452,0.0
2017-01-02 21:00:00,0.0,8.262,0.0,0.0,0.0,2.0,5.555555555555555,0.0,0.0,-0.7064444444444451,0.0
2017-01-02 22:00:00,0.0,8.64,0.0,0.0,0.0,2.0,5.555555555555555,0.0,0.0,-1.0844444444444452,0.0
2017-01-02 23:00:00,0.0,10.314,0.0,0.0,0.0,2.0,5.555555555555555,0.0,0.0,-2.7584444444444447,0.0
2017-01-03 00:00:00,0.0,14.148,0.0,0.0,0.0,2.0,5.555555555555555,0.0,0.0,-6.592444444444444,0.0
2017-01-03 01:00:00,0.0,18.63,0.0,1.8715277778541726,1.7966666667400055,2.0,5.555555555555555,0.0,0.0,-9.202916666590271,0.0
2017-01-03 02:00:00,0.0,20.682,0.0,22.0,22.916666666740003,2.0,5.555555555555555,0.0,0.0,8.873555555555559,0.0
2017-01-03 03:00:00,0.0,19.278,0.0,0.0,22.916666666740003,2.0,5.555555555555555,0.0,0.0,-11.722444444444443,0.0
2017-01-03 04:00:00,0.0,19.008,0.0,0.0,22.916666666740003,2.0,5.555555555555555,0.0,0.0,-11.452444444444444,0.0
2017-01-03 05:00:00,0.0,19.116,0.0,0.0,22.916666666740003,2.0,5.555555555555555,0.0,0.0,-11.560444444444444,0.0
2017-01-03 06:00:00,0.0,14.634,0.0,0.0,22.916666666740003,2.0,5.555555555555555,0.0,0.0,-7.078444444444445,0.0
2017-01-03 07:00:00,0.0,17.172,0.0,0.0,22.916666666740003,2.0,5.555555555555555,5.737787692674911,0.0,-3.878656751769533,5.623031938821413
2017-01-03 08:00:00,0.252,24.948,22.0,0.0,0.0,2.0,0.0,0.0,5.555555555555555,-45.2,0.0
2017-01-03 09:00:00,0.792,30.24,0.0,0.0,0.0,2.0,5.555555555555555,0.0,0.0,-23.476444444444446,0.0
2017-01-03 10:00:00,1.044,34.776,0.0,0.0,0.0,2.0,5.555555555555555,0.0,0.0,-28.264444444444447,0.0
2017-01-03 11:00:00,0.612,38.448,0.0,0.0,0.0,2.0,5.555555555555555,0.0,0.0,-31.50444444444444,0.0
2017-01-03 12:00:00,0.576,41.526,0.0,0.0,0.0,2.0,5.555555555555555,0.0,0.0,-34.54644444444445,0.0
2017-01-03 13:00:00,0.576,42.012,0.0,0.0,0.0,2.0,5.555555555555555,0.0,0.0,-35.032444444444444,0.0
2017-01-03 14:00:00,0.36,42.876,0.0,0.0,0.0,2.0,5.555555555555555,0.0,0.0,-35.68044444444444,0.0
2017-01-03 15:00:00,0.0,43.74,0.0,0.0,0.0,2.0,5.555555555555555,0.0,0.0,-36.184444444444445,0.0
2017-01-03 16:00:00,0.0,43.686,0.0,0.0,0.0,2.0,5.555555555555555,0.0,0.0,-36.13044444444444,0.0
2017-01-03 17:00:00,0.0,42.984,0.0,0.0,0.0,2.0,5.555555555555555,0.0,0.0,-35.428444444444445,0.0
2017-01-03 18:00:00,0.0,41.256,0.0,0.0,0.0,2.0,5.555555555555555,0.0,0.0,-33.70044444444444,0.0
2017-01-03 19:00:00,0.0,42.768,0.0,0.0,0.0,2.0,5.555555555555555,0.0,0.0,-35.21244444444444,0.0
2017-01-03 20:00:00,0.0,44.442,0.0,0.0,0.0,2.0,5.555555555555555,0.0,0.0,-36.88644444444444,0.0
2017-01-03 21:00:00,0.0,44.874,0.0,0.0,0.0,2.0,5.555555555555555,0.0,0.0,-37.318444444444445,0.0
2017-01-03 22:00:00,0.0,0.0,0.0,0.0,0.0,2.0,5.555555555555555,0.0,0.0,7.555555555555555,0.0
2017-01-03 23:00:00,0.0,0.0,0.0,3.66666666666667,3.520000000000003,2.0,5.555555555555555,8.138716421833657,0.0,19.36093864405588,7.9759420933969825
2017-01-04 00:00:00,0.0,0.0,0.0,22.0,24.64,2.0,5.555555555555555,24.0,0.0,53.55555555555556,31.400230788276218
2017-01-04 01:00:00,0.0,0.0,0.0,22.0,45.76,2.0,5.555555555555555,24.0,0.0,53.55555555555556,54.543428018816904
2017-01-04 02:00:00,0.0,0.0,0.0,22.0,66.88,2.0,5.555555555555555,24.0,0.0,53.55555555555556,77.4089068825911
2017-01-04 03:00:00,0.0,0.0,0.0,22.0,88.0,2.0,5.555555555555555,24.0,0.0,53.55555555555556,100.0
2017-01-04 04:00:00,0.0,41.472,0.0,0.0,88.0,2.0,5.555555555555555,1.2244897959183703,0.0,-32.69195464852608,100.0
2017-01-04 05:00:00,0.0,39.906,0.0,0.0,88.0,2.0,5.555555555555555,1.2244897959183703,0.0,-31.125954648526072,100.0
2017-01-04 06:00:00,0.0,39.69,0.0,0.0,88.0,2.0,0.0,0.0,5.555555555555555,-37.69,93.24444444444444
2017-01-04 07:00:00,0.0,37.854,0.0,0.0,88.0,2.0,0.0,0.0,5.555555555555555,-35.854,86.56995555555555
2017-01-04 08:00:00,1.116,36.234,0.0,0.0,88.0,2.0,0.0,0.0,5.555555555555555,-35.35,79.97556053333332
2017-01-04 09:00:00,5.4,38.178,0.0,0.0,88.0,2.0,0.0,0.0,5.555555555555555,-41.577999999999996,73.46029825137776
2017-01-04 10:00:00,7.668,40.23,0.0,0.0,88.0,2.0,0.0,0.0,5.555555555555555,-45.897999999999996,67.02321911680568
2017-01-04 11:00:00,8.316,41.148,0.0,0.0,88.0,2.0,0.0,0.0,5.555555555555555,-47.464000000000006,60.663384931848455
2017-01-04 12:00:00,8.244,29.106,0.0,0.0,88.0,2.0,0.0,0.0,5.555555555555555,-35.35,54.379868757110714
2017-01-04 13:00:00,7.704,30.888,0.0,0.0,88.0,2.0,0.0,0.0,5.555555555555555,-36.592,48.171754776469825
2017-01-04 14:00:00,5.112,29.214,0.0,0.0,88.0,2.0,0.0,0.0,5.555555555555555,-32.326,42.03813816359663
2017-01-04 15:00:00,0.0,29.052,0.0,0.0,88.0,2.0,0.0,0.0,5.555555555555555,-27.052,35.97812495007791
2017-01-04 16:00:00,0.0,29.052,20.275199999935122,0.0,66.88,2.0,0.0,0.0,5.555555555555555,-47.32719999993512,29.990831895121417
2017-01-04 17:00:00,0.0,28.944,0.0,0.0,66.88,2.0,0.0,0.0,5.555555555555555,-26.944,24.075386356824403
2017-01-04 18:00:00,0.0,22.41,0.0,0.0,66.88,2.0,0.0,0.0,5.555555555555555,-20.41,18.230926164986954
2017-01-04 19:00:00,0.0,22.464,0.0,0.0,66.88,2.0,0.0,0.0,5.555555555555555,-20.464,12.456599495451554
2017-01-04 20:00:00,0.0,20.412,0.0,0.0,66.88,2.0,0.0,0.0,5.555555555555555,-18.412,6.75156474595058
2017-01-04 21:00:00,0.0,18.144,0.0,0.0,66.88,2.0,0.0,0.0,5.555555555555555,-16.144,1.1149904134436168
2017-01-04 22:00:00,0.0,17.118,0.0,0.0,66.88,2.0,4.453945027073262,0.0,1.1016105284822935,-10.664054972926735,0.0
2017-01-04 23:00:00,0.0,16.686,0.0,0.0,66.88,2.0,5.555555555555555,0.0,0.0,-9.130444444444445,0.0
2017-01-05 00:00:00,0.0,19.494,0.0,0.0,66.88,2.0,5.555555555555555,6.690257557429382,0.0,-5.248186887015063,6.556452406280794
2017-01-05 01:00:00,0.0,19.98,0.0,0.0,66.88,2.0,5.555555555555555,24.0,0.0,11.575555555555557,29.997774977405424
2017-01-05 02:00:00,0.0,21.438,0.0,0.0,66.88,2.0,5.555555555555555,24.0,0.0,10.117555555555558,53.15780167767656
2017-01-05 03:00:00,0.0,19.926,0.0,0.0,66.88,2.0,5.555555555555555,24.0,0.0,11.629555555555559,76.03990805754444
2017-01-05 04:00:00,0.0,18.36,0.0,22.0,88.0,2.0,5.555555555555555,24.0,0.0,35.19555555555556,98.6474291608539
2017-01-05 05:00:00,0.0,17.388,0.0,0.0,88.0,2.0,0.0,0.0,5.555555555555555,-15.388000000000002,91.9081044553681
2017-01-05 06:00:00,0.0,14.364,0.0,0.0,88.0,2.0,0.0,0.0,5.555555555555555,-12.364,85.24965164634813
2017-01-05 07:00:00,0.0,14.472,0.0,0.0,88.0,2.0,0.0,0.0,5.555555555555555,-12.472,78.6711002710364
2017-01-05 08:00:00,1.476,12.96,0.0,0.0,88.0,2.0,0.0,0.0,5.555555555555555,-12.436,72.1714915122284
2017-01-05 09:00:00,7.92,10.854,0.0,0.0,88.0,2.0,0.0,0.0,5.555555555555555,-16.774,65.74987805852611
2017-01-05 10:00:00,12.636,8.91,0.0,0.0,88.0,2.0,0.0,0.0,5.555555555555555,-19.546,59.40532396626824
2017-01-05 11:00:00,14.328,7.29,0.0,0.0,88.0,2.0,0.0,0.0,5.555555555555555,-19.618,53.136904523117465
2017-01-05 12:00:00,13.788,5.832,0.0,0.0,88.0,2.0,0.0,0.0,5.555555555555555,-17.62,46.9437061132845
2017-01-05 13:00:00,11.16,5.454,0.0,0.0,88.0,2.0,0.0,0.0,5.555555555555555,-14.614,40.824826084369526
2017-01-05 14:00:00,6.66,4.212,18.47999999972965,0.0,68.75000000022001,2.0,0.0,0.0,5.555555555555555,-27.351999999729653,34.779372615801535
2017-01-05 15:00:00,0.0,3.24,22.0,0.0,45.833333333480006,2.0,0.0,0.0,5.555555555555555,-23.240000000000002,28.806464588856358
2017-01-05 16:00:00,0.0,2.7,22.0,0.0,22.916666666740003,2.0,0.0,0.0,5.555555555555555,-22.7,22.905231458234528
2017-01-05 17:00:00,0.0,2.106,22.0,0.0,0.0,2.0,0.0,0.0,5.555555555555555,-22.106,17.074813125180157
2017-01-05 18:00:00,0.0,2.7,0.0,0.0,0.0,2.0,0.0,0.0,5.555555555555555,-0.7000000000000002,11.314359812122438
2017-01-05 19:00:00,0.0,2.052,0.0,0.0,0.0,2.0,0.0,0.0,5.555555555555555,-0.052000000000000046,5.623031938821413
2017-01-05 20:00:00,0.0,1.404,0.0,0.0,0.0,2.0,0.0,0.0,5.555555555555555,0.5960000000000001,0.0
2017-01-05 21:00:00,0.0,1.026,0.0,0.0,0.0,2.0,5.555555555555555,0.0,0.0,6.529555555555556,0.0
2017-01-05 22:00:00,0.0,1.08,0.0,0.0,0.0,2.0,5.555555555555555,11.545265114410652,0.0,18.020820669966206,11.314359812122438
2017-01-05 23:00:00,0.0,1.404,0.0,0.0,0.0,2.0,0.0,0.0,5.555555555555555,0.5960000000000001,5.623031938821413
2017-01-06 00:00:00,0.0,1.728,0.0,0.0,0.0,2.0,0.0,0.0,5.555555555555555,0.272,0.0
2017-01-06 01:00:00,0.0,2.106,0.0,0.0,0.0,2.0,5.555555555555555,0.0,0.0,5.4495555555555555,0.0
2017-01-06 02:00:00,0.0,2.808,0.0,0.0,0.0,2.0,5.555555555555555,0.0,0.0,4.7475555555555555,0.0
2017-01-06 03:00:00,0.0,4.158,0.0,0.0,0.0,2.0,5.555555555555555,0.0,0.0,3.397555555555555,0.0
2017-01-06 04:00:00,0.0,5.4,0.0,0.0,0.0,2.0,5.555555555555555,5.737787692674911,0.0,7.893343248230467,5.623031938821413
2017-01-06 05:00:00,0.0,6.534,0.0,0.0,0.0,2.0,0.0,0.0,5.555555555555555,-4.534,0.0
2017-01-06 06:00:00,0.0,7.56,0.0,0.0,0.0,2.0,5.555555555555555,0.0,0.0,-0.004444444444444251,0.0
2017-01-06 07:00:00,0.0,9.18,0.0,0.0,0.0,2.0,5.555555555555555,0.0,0.0,-1.6244444444444444,0.0
2017-01-06 08:00:00,2.052,11.772,0.0,0.0,0.0,2.0,5.555555555555555,0.0,0.0,-6.2684444444444445,0.0
2017-01-06 09:00:00,9.828,15.39,0.0,0.0,0.0,2.0,5.555555555555555,0.0,0.0,-17.662444444444446,0.0
2017-01-06 10:00:00,14.616,18.252,0.0,0.0,0.0,2.0,5.555555555555555,0.0,0.0,-25.312444444444445,0.0
2017-01-06 11:00:00,15.984,19.818,0.0,0.0,0.0,2.0,5.555555555555555,0.0,0.0,-28.246444444444446,0.0
2017-01-06 12:00:00,14.58,15.228,0.0,0.0,0.0,2.0,5.555555555555555,0.0,0.0,-22.252444444444443,0.0
2017-01-06 13:00:00,10.62,18.738,0.0,0.0,0.0,2.0,5.555555555555555,0.0,0.0,-21.802444444444443,0.0
2017-01-06 14:00:00,5.4,20.088,0.0,0.0,0.0,2.0,5.555555555555555,0.0,0.0,-17.932444444444446,0.0
2017-01-06 15:00:00,0.0,22.788,0.0,0.0,0.0,2.0,5.555555555555555,0.0,0.0,-15.232444444444445,0.0
2017-01-06 16:00:00,0.0,25.542,0.0,0.0,0.0,2.0,5.555555555555555,0.0,0.0,-17.986444444444444,0.0
2017-01-06 17:00:00,0.0,28.296,0.0,0.0,0.0,2.0,5.555555555555555,0.0,0.0,-20.740444444444442,0.0
2017-01-06 18:00:00,0.0,25.002,0.0,0.0,0.0,2.0,5.555555555555555,0.0,0.0,-17.446444444444445,0.0
2017-01-06 19:00:00,0.0,29.43,0.0,0.0,0.0,2.0,5.555555555555555,0.0,0.0,-21.874444444444443,0.0
2017-01-06 20:00:00,0.0,31.32,0.0,0.0,0.0,2.0,5.555555555555555,0.0,0.0,-23.764444444444443,0.0
2017-01-06 21:00:00,0.0,33.426,0.0,0.0,0.0,2.0,5.555555555555555,0.0,0.0,-25.870444444444445,0.0
2017-01-06 22:00:00,0.0,35.154,0.0,0.0,0.0,2.0,5.555555555555555,0.0,0.0,-27.598444444444446,0.0
2017-01-06 23:00:00,0.0,36.288,0.0,0.0,0.0,2.0,5.555555555555555,0.0,0.0,-28.73244444444444,0.0
2017-01-07 00:00:00,0.0,37.044,0.0,22.0,21.119999999999997,2.0,5.555555555555555,0.0,0.0,-7.48844444444444,0.0
2017-01-07 01:00:00,0.0,36.018,0.0,22.0,42.239999999999995,2.0,5.555555555555555,0.0,0.0,-6.4624444444444435,0.0
2017-01-07 02:00:00,0.0,34.506,0.0,22.0,63.35999999999999,2.0,5.555555555555555,24.0,0.0,19.049555555555557,23.52
2017-01-07 03:00:00,0.0,31.266,0.0,22.0,84.47999999999999,2.0,5.555555555555555,17.94598580037707,0.0,16.235541355932632,40.824826084369526
2017-01-07 04:00:00,0.0,27.432,0.0,3.6666666666666776,88.0,2.0,0.0,0.0,5.555555555555555,-21.76533333333332,34.779372615801535
2017-01-07 05:00:00,0.0,24.138,0.0,0.0,88.0,2.0,0.0,0.0,5.555555555555555,-22.138,28.806464588856358
2017-01-07 06:00:00,0.0,25.002,0.0,0.0,88.0,2.0,0.0,0.0,5.555555555555555,-23.002,22.905231458234528
2017-01-07 07:00:00,0.0,21.654,0.0,0.0,88.0,2.0,0.0,0.0,5.555555555555555,-19.654,17.074813125180157
2017-01-07 08:00:00,0.144,18.738,0.0,0.0,88.0,2.0,0.0,0.0,5.555555555555555,-16.881999999999998,11.314359812122438
2017-01-07 09:00:00,0.612,16.794,0.0,0.0,88.0,2.0,0.0,0.0,5.555555555555555,-15.406,5.623031938821413
2017-01-07 10:00:00,1.836,15.39,0.0,0.0,88.0,2.0,0.0,0.0,5.555555555555555,-15.226,0.0
2017-01-07 11:00:00,3.492,14.418,0.0,0.0,88.0,2.0,5.555555555555555,0.0,0.0,-10.354444444444443,0.0
2017-01-07 12:00:00,5.184,13.716,0.0,0.0,88.0,2.0,5.555555555555555,0.0,0.0,-11.344444444444445,0.0
2017-01-07 13:00:00,5.22,13.716,0.0,0.0,88.0,2.0,5.555555555555555,0.0,0.0,-11.380444444444443,0.0
2017-01-07 14:00:00,3.564,12.042,0.0,0.0,88.0,2.0,5.555555555555555,0.0,0.0,-8.050444444444445,0.0
2017-01-07 15:00:00,0.0,9.45,0.0,0.0,88.0,2.0,5.555555555555555,0.0,0.0,-1.894444444444444,0.0
2017-01-07 16:00:00,0.0,8.046,0.0,0.0,88.0,2.0,5.555555555555555,0.0,0.0,-0.490444444444444,0.0
2017-01-07 17:00:00,0.0,6.804,0.0,0.0,88.0,2.0,5.555555555555555,0.0,0.0,0.7515555555555551,0.0
2017-01-07 18:00:00,0.0,4.86,0.0,0.0,88.0,2.0,5.555555555555555,0.0,0.0,2.695555555555555,0.0
2017-01-07 19:00:00,0.0,5.454,0.0,0.0,88.0,2.0,5.555555555555555,0.0,0.0,2.1015555555555556,0.0
2017-01-07 20:00:00,0.0,4.752,0.0,0.0,88.0,2.0,5.555555555555555,0.0,0.0,2.8035555555555556,0.0
2017-01-07 21:00:00,0.0,4.05,0.0,0.0,88.0,2.0,5.555555555555555,0.0,0.0,3.5055555555555555,0.0
2017-01-07 22:00:00,0.0,3.402,0.0,0.0,88.0,2.0,5.555555555555555,0.0,0.0,4.153555555555555,0.0
2017-01-07 23:00:00,0.0,2.754,0.0,0.0,88.0,2.0,5.555555555555555,0.0,0.0,4.801555555555556,0.0
2017-01-08 00:00:00,0.0,2.106,0.0,0.0,88.0,2.0,5.555555555555555,0.0,0.0,5.4495555555555555,0.0
2017-01-08 01:00:00,0.0,1.512,0.0,0.0,88.0,2.0,5.555555555555555,0.0,0.0,6.043555555555555,0.0
2017-01-08 02:00:00,0.0,1.188,0.0,0.0,88.0,2.0,5.555555555555555,0.0,0.0,6.367555555555556,0.0
2017-01-08 03:00:00,0.0,0.918,0.0,0.0,88.0,2.0,5.555555555555555,0.0,0.0,6.637555555555555,0.0
2017-01-08 04:00:00,0.0,0.81,0.0,0.0,88.0,2.0,5.555555555555555,0.0,0.0,6.745555555555555,0.0
2017-01-08 05:00:00,0.0,0.918,0.0,0.0,88.0,2.0,5.555555555555555,0.0,0.0,6.637555555555555,0.0
2017-01-08 06:00:00,0.0,0.702,0.0,0.0,88.0,2.0,5.555555555555555,0.0,0.0,6.853555555555555,0.0
2017-01-08 07:00:00,0.0,1.188,0.0,0.0,88.0,2.0,5.555555555555555,0.0,0.0,6.367555555555556,0.0
2017-01-08 08:00:00,0.576,1.62,0.0,0.0,88.0,2.0,5.555555555555555,5.737787692674911,0.0,11.097343248230466,5.623031938821413
2017-01-08 09:00:00,3.888,1.89,22.0,0.0,65.08333333326,2.0,0.0,0.0,5.555555555555555,-25.778,0.0
2017-01-08 10:00:00,6.552,2.376,0.0,22.0,86.20333333325999,2.0,5.555555555555555,24.0,0.0,44.62755555555556,23.52
2017-01-08 11:00:00,7.452,3.024,0.0,0.0,86.20333333325999,2.0,0.0,0.0,5.555555555555555,-8.475999999999999,17.682204444444444
2017-01-08 12:00:00,6.732,3.132,0.0,0.0,86.20333333325999,2.0,0.0,0.0,5.555555555555555,-7.864000000000001,11.914462435555555
2017-01-08 13:00:00,4.5,3.51,0.0,0.0,86.20333333325999,2.0,0.0,0.0,5.555555555555555,-6.01,6.215933330773332
2017-01-08 14:00:00,2.052,4.482,0.0,0.0,86.20333333325999,2.0,5.555555555555555,0.0,0.0,1.021555555555555,6.141342130804052
2017-01-08 15:00:00,0.0,5.022,22.0,0.0,63.28666666651999,2.0,0.0,0.0,5.555555555555555,-25.022,0.5120904696788475
2017-01-08 16:00:00,0.0,5.346,22.0,0.0,40.36999999977999,2.0,5.049610171512854,0.0,0.5059453840427014,-20.296389828487147,0.0
2017-01-08 17:00:00,0.0,5.724,0.0,0.0,40.36999999977999,2.0,5.555555555555555,0.0,0.0,1.8315555555555552,0.0
2017-01-08 18:00:00,0.0,6.966,0.0,0.0,40.36999999977999,2.0,5.555555555555555,0.0,0.0,0.5895555555555552,0.0
2017-01-08 19:00:00,0.0,8.154,0.0,0.0,40.36999999977999,2.0,5.555555555555555,0.0,0.0,-0.5984444444444446,0.0
2017-01-08 20:00:00,0.0,10.044,0.0,0.0,40.36999999977999,2.0,5.555555555555555,0.0,0.0,-2.488444444444445,0.0
2017-01-08 21:00:00,0.0,10.422,0.0,0.0,40.36999999977999,2.0,5.555555555555555,0.0,0.0,-2.8664444444444452,0.0
2017-01-08 22:00:00,0.0,10.314,0.0,0.0,40.36999999977999,2.0,5.555555555555555,0.0,0.0,-2.7584444444444447,0.0
2017-01-08 23:00:00,0.0,9.72,0.0,0.0,40.36999999977999,2.0,5.555555555555555,0.0,0.0,-2.1644444444444453,0.0
2017-01-09 00:00:00,0.0,8.046,0.0,7.562500000458358,47.630000000220015,2.0,5.555555555555555,0.0,0.0,7.072055556013913,0.0
2017-01-09 01:00:00,0.0,8.748,0.0,22.0,68.75000000022001,2.0,5.555555555555555,0.0,0.0,20.80755555555556,0.0
2017-01-09 02:00:00,0.0,9.558,0.0,0.0,68.75000000022001,2.0,5.555555555555555,11.971072922118577,0.0,9.96862847767413,11.731651463676204
2017-01-09 03:00:00,0.0,10.476,0.0,0.0,68.75000000022001,2.0,5.555555555555555,0.0,0.0,-2.9204444444444455,11.59087164611209
2017-01-09 04:00:00,0.0,11.232,0.0,0.0,68.75000000022001,2.0,5.555555555555555,0.0,0.0,-3.676444444444444,11.451781186358744
2017-01-09 05:00:00,0.0,11.61,0.0,0.0,68.75000000022001,2.0,5.555555555555555,0.0,0.0,-4.054444444444444,11.314359812122438
2017-01-09 06:00:00,0.0,10.746,22.0,0.0,45.833333333480006,2.0,0.0,0.0,5.555555555555555,-30.746000000000002,5.623031938821413
2017-01-09 07:00:00,0.0,14.202,22.0,0.0,22.916666666740003,2.0,0.0,0.0,5.555555555555555,-34.202,0.0
2017-01-09 08:00:00,0.18,17.928,22.0,0.0,0.0,2.0,5.555555555555555,0.0,0.0,-32.55244444444445,0.0
2017-01-09 09:00:00,0.828,20.25,0.0,0.0,0.0,2.0,5.555555555555555,0.0,0.0,-13.522444444444444,0.0
2017-01-09 10:00:00,1.404,22.842,0.0,0.0,0.0,2.0,5.555555555555555,0.0,0.0,-16.690444444444445,0.0
2017-01-09 11:00:00,1.692,24.516,0.0,0.0,0.0,2.0,5.555555555555555,0.0,0.0,-18.65244444444444,0.0
2017-01-09 12:00:00,1.44,20.52,0.0,0.0,0.0,2.0,5.555555555555555,0.0,0.0,-14.404444444444444,0.0
2017-01-09 13:00:00,1.008,23.49,0.0,0.0,0.0,2.0,5.555555555555555,0.0,0.0,-16.942444444444444,0.0
2017-01-09 14:00:00,0.684,26.028,0.0,0.0,0.0,2.0,5.555555555555555,0.0,0.0,-19.156444444444443,0.0
2017-01-09 15:00:00,0.0,27.918,0.0,0.0,0.0,2.0,5.555555555555555,0.0,0.0,-20.362444444444442,0.0
2017-01-09 16:00:00,0.0,29.376,0.0,0.0,0.0,2.0,5.555555555555555,0.0,0.0,-21.820444444444448,0.0
2017-01-09 17:00:00,0.0,30.618,0.0,0.0,0.0,2.0,5.555555555555555,0.0,0.0,-23.062444444444445,0.0
2017-01-09 18:00:00,0.0,28.998,0.0,0.0,0.0,2.0,5.555555555555555,0.0,0.0,-21.442444444444448,0.0
2017-01-09 19:00:00,0.0,32.4,0.0,0.0,0.0,2.0,5.555555555555555,0.0,0.0,-24.84444444444444,0.0
2017-01-09 20:00:00,0.0,34.074,0.0,0.0,0.0,2.0,5.555555555555555,0.0,0.0,-26.51844444444444,0.0
2017-01-09 21:00:00,0.0,35.046,0.0,0.0,0.0,2.0,5.555555555555555,0.0,0.0,-27.490444444444442,0.0
2017-01-09 22:00:00,0.0,35.964,0.0,0.0,0.0,2.0,5.555555555555555,0.0,0.0,-28.40844444444444,0.0
2017-01-09 23:00:00,0.0,36.234,0.0,22.0,21.119999999999997,2.0,5.555555555555555,0.0,0.0,-6.678444444444445,0.0
2017-01-10 00:00:00,0.0,34.398,0.0,22.0,42.239999999999995,2.0,5.555555555555555,24.0,0.0,19.157555555555554,23.52
2017-01-10 01:00:00,0.0,34.722,0.0,22.0,63.35999999999999,2.0,5.555555555555555,24.0,0.0,18.833555555555556,46.75776
2017-01-10 02:00:00,0.0,34.29,0.0,22.0,84.47999999999999,2.0,5.555555555555555,24.0,0.0,19.265555555555558,69.71666687999999
2017-01-10 03:00:00,0.0,33.318,0.0,3.6666666666666776,88.0,2.0,0.0,0.0,5.555555555555555,-27.65133333333332,63.32451132188443
2017-01-10 04:00:00,0.0,31.86,0.0,0.0,88.0,2.0,0.0,0.0,5.555555555555555,-29.86,57.009061630466256
2017-01-10 05:00:00,0.0,30.186,0.0,0.0,88.0,2.0,0.0,0.0,5.555555555555555,-28.186,50.769397335345104
2017-01-10 06:00:00,0.0,28.08,0.0,0.0,88.0,2.0,0.0,0.0,5.555555555555555,-26.08,44.604609011765405
2017-01-10 07:00:00,0.0,27.918,22.0,0.0,65.08333333326,2.0,0.0,0.0,5.555555555555555,-47.918,38.51379814806866
2017-01-10 08:00:00,0.108,26.784,22.0,0.0,42.16666666652,2.0,0.0,0.0,5.555555555555555,-46.891999999999996,32.49607701473628
2017-01-10 09:00:00,0.468,26.298,0.0,0.0,42.16666666652,2.0,0.0,0.0,5.555555555555555,-24.766,26.550568535003883
2017-01-10 10:00:00,0.9,24.894,0.0,0.0,42.16666666652,2.0,0.0,0.0,5.555555555555555,-23.793999999999997,20.676406157028282
2017-01-10 11:00:00,1.332,22.626,0.0,0.0,42.16666666652,2.0,0.0,0.0,5.555555555555555,-21.958000000000002,14.872733727588388
2017-01-10 12:00:00,1.8,17.442,0.0,0.0,42.16666666652,2.0,0.0,0.0,5.555555555555555,-17.242,9.138705367301771
2017-01-10 13:00:00,1.692,19.008,0.0,0.0,42.16666666652,2.0,0.0,0.0,5.555555555555555,-18.7,3.4734853473385936
2017-01-10 14:00:00,0.972,20.844,0.0,0.0,42.16666666652,2.0,2.1237520323850254,0.0,3.4318035231705304,-17.692247967614975,0.0
2017-01-10 15:00:00,0.0,22.518,22.0,0.0,19.249999999779998,2.0,5.555555555555555,0.0,0.0,-36.96244444444444,0.0
2017-01-10 16:00:00,0.0,24.192,18.47999999972966,0.0,0.0,2.0,5.555555555555555,0.0,0.0,-35.11644444417411,0.0
2017-01-10 17:00:00,0.0,25.758,0.0,0.0,0.0,2.0,5.555555555555555,0.0,0.0,-18.202444444444446,0.0
2017-01-10 18:00:00,0.0,24.354,0.0,0.0,0.0,2.0,5.555555555555555,0.0,0.0,-16.798444444444442,0.0
2017-01-10 19:00:00,0.0,28.134,0.0,0.0,0.0,2.0,5.555555555555555,0.0,0.0,-20.578444444444443,0.0
2017-01-10 20:00:00,0.0,28.08,0.0,0.0,0.0,2.0,5.555555555555555,0.0,0.0,-20.52444444444444,0.0
2017-01-10 21:00:00,0.0,27.162,0.0,0.0,0.0,2.0,5.555555555555555,0.0,0.0,-19.606444444444442,0.0
2017-01-10 22:00:00,0.0,27.216,0.0,0.0,0.0,2.0,5.555555555555555,0.0,0.0,-19.660444444444444,0.0
2017-01-10 23:00:00,0.0,28.62,0.0,0.0,0.0,2.0,5.555555555555555,0.0,0.0,-21.064444444444447,0.0
2017-01-11 00:00:00,0.0,33.21,0.0,22.0,21.119999999999997,2.0,5.555555555555555,17.530076413676863,0.0,13.875631969232423,17.179474885403327
2017-01-11 01:00:00,0.0,37.746,0.0,22.0,42.239999999999995,2.0,5.555555555555555,24.0,0.0,15.809555555555555,40.49332118677849
2017-01-11 02:00:00,0.0,41.256,0.0,22.0,63.35999999999999,2.0,5.555555555555555,24.0,0.0,12.299555555555557,63.52740133253714
2017-01-11 03:00:00,0.0,44.334,0.0,22.0,84.47999999999999,2.0,5.555555555555555,24.0,0.0,9.221555555555554,86.28507251654669
2017-01-11 04:00:00,0.0,46.062,0.0,3.6666666666666776,88.0,2.0,5.555555555555555,0.0,0.0,-34.83977777777777,85.24965164634813
2017-01-11 05:00:00,0.0,45.846,0.0,0.0,88.0,2.0,0.0,0.0,5.555555555555555,-43.846,78.6711002710364
2017-01-11 06:00:00,0.0,45.09,0.0,0.0,88.0,2.0,0.0,0.0,5.555555555555555,-43.09,72.1714915122284
2017-01-11 07:00:00,0.0,46.494,0.0,0.0,88.0,2.0,0.0,0.0,5.555555555555555,-44.494,65.74987805852611
2017-01-11 08:00:00,0.036,46.764,0.0,0.0,88.0,2.0,0.0,0.0,5.555555555555555,-44.800000000000004,59.40532396626824
2017-01-11 09:00:00,0.18,43.848,0.0,0.0,88.0,2.0,0.0,0.0,5.555555555555555,-42.028,53.136904523117465
2017-01-11 10:00:00,1.008,41.742,0.0,0.0,88.0,2.0,0.0,0.0,5.555555555555555,-40.75,46.9437061132845
2017-01-11 11:00:00,4.14,41.58,0.0,0.0,88.0,2.0,0.0,0.0,5.555555555555555,-43.72,40.824826084369526
2017-01-11 12:00:00,5.076,38.34,0.0,0.0,88.0,2.0,0.0,0.0,5.555555555555555,-41.416000000000004,34.779372615801535
2017-01-11 13:00:00,4.5,39.42,0.0,0.0,88.0,2.0,0.0,0.0,5.555555555555555,-41.92,28.806464588856358
2017-01-11 14:00:00,1.944,39.798,18.47999999972965,0.0,68.75000000022001,2.0,0.0,0.0,5.555555555555555,-58.22199999972966,22.905231458234528
2017-01-11 15:00:00,0.0,39.528,22.0,0.0,45.833333333480006,2.0,0.0,0.0,5.555555555555555,-59.528,17.074813125180157
2017-01-11 16:00:00,0.0,39.528,22.0,0.0,22.916666666740003,2.0,0.0,0.0,5.555555555555555,-59.528,11.314359812122438
2017-01-11 17:00:00,0.0,39.204,22.0,0.0,0.0,2.0,0.0,0.0,5.555555555555555,-59.204,5.623031938821413
2017-01-11 18:00:00,0.0,38.718,0.0,0.0,0.0,2.0,0.0,0.0,5.555555555555555,-36.718,0.0
2017-01-11 19:00:00,0.0,39.474,0.0,0.0,0.0,2.0,5.555555555555555,0.0,0.0,-31.91844444444444,0.0
2017-01-11 20:00:00,0.0,36.666,0.0,0.0,0.0,2.0,5.555555555555555,0.0,0.0,-29.11044444444444,0.0
2017-01-11 21:00:00,0.0,35.91,0.0,0.0,0.0,2.0,5.555555555555555,0.0,0.0,-28.35444444444444,0.0
2017-01-11 22:00:00,0.0,36.072,0.0,0.0,0.0,2.0,5.555555555555555,0.0,0.0,-28.516444444444446,0.0
2017-01-11 23:00:00,0.0,0.0,0.0,3.66666666666667,3.520000000000003,2.0,5.555555555555555,8.138716421833657,0.0,19.36093864405588,7.9759420933969825
2017-01-12 00:00:00,0.0,0.0,0.0,22.0,24.64,2.0,5.555555555555555,24.0,0.0,53.55555555555556,31.400230788276218
2017-01-12 01:00:00,0.0,0.0,0.0,22.0,45.76,2.0,5.555555555555555,24.0,0.0,53.55555555555556,54.543428018816904
2017-01-12 02:00:00,0.0,0.0,0.0,22.0,66.88,2.0,5.555555555555555,24.0,0.0,53.55555555555556,77.4089068825911
2017-01-12 03:00:00,0.0,0.0,0.0,22.0,88.0,2.0,5.555555555555555,24.0,0.0,53.55555555555556,100.0
2017-01-12 04:00:00,0.0,41.256,0.0,0.0,88.0,2.0,5.555555555555555,1.2244897959183703,0.0,-32.47595464852607,100.0
2017-01-12 05:00:00,0.0,41.202,0.0,0.0,88.0,2.0,0.0,0.0,5.555555555555555,-39.202,93.24444444444444
2017-01-12 06:00:00,0.0,40.77,0.0,0.0,88.0,2.0,0.0,0.0,5.555555555555555,-38.77,86.56995555555555
2017-01-12 07:00:00,0.0,42.444,0.0,0.0,88.0,2.0,0.0,0.0,5.555555555555555,-40.444,79.97556053333332
2017-01-12 08:00:00,1.8,42.552,0.0,0.0,88.0,2.0,0.0,0.0,5.555555555555555,-42.352,73.46029825137776
2017-01-12 09:00:00,7.632,43.578,0.0,0.0,88.0,2.0,0.0,0.0,5.555555555555555,-49.21,67.02321911680568
2017-01-12 10:00:00,11.52,44.01,0.0,0.0,88.0,2.0,0.0,0.0,5.555555555555555,-53.53,60.663384931848455
2017-01-12 11:00:00,13.428,43.902,0.0,0.0,88.0,2.0,0.0,0.0,5.555555555555555,-55.33,54.379868757110714
2017-01-12 12:00:00,13.932,40.77,0.0,0.0,88.0,2.0,0.0,0.0,5.555555555555555,-52.702000000000005,48.171754776469825
2017-01-12 13:00:00,10.368,38.07,0.0,0.0,88.0,2.0,0.0,0.0,5.555555555555555,-46.438,42.03813816359663
2017-01-12 14:00:00,6.12,35.424,0.0,0.0,88.0,2.0,0.0,0.0,5.555555555555555,-39.544,35.97812495007791
2017-01-12 15:00:00,0.0,33.21,0.0,0.0,88.0,2.0,0.0,0.0,5.555555555555555,-31.21,29.990831895121417
2017-01-12 16:00:00,0.0,30.348,0.0,0.0,88.0,2.0,0.0,0.0,5.555555555555555,-28.348,24.075386356824403
2017-01-12 17:00:00,0.0,26.406,0.0,0.0,88.0,2.0,0.0,0.0,5.555555555555555,-24.406,18.230926164986954
2017-01-12 18:00:00,0.0,19.44,0.0,0.0,88.0,2.0,0.0,0.0,5.555555555555555,-17.44,12.456599495451554
2017-01-12 19:00:00,0.0,15.552,0.0,0.0,88.0,2.0,0.0,0.0,5.555555555555555,-13.552,6.75156474595058
2017-01-12 20:00:00,0.0,10.962,0.0,0.0,88.0,2.0,0.0,0.0,5.555555555555555,-8.962,1.1149904134436168
2017-01-12 21:00:00,0.0,8.478,0.0,0.0,88.0,2.0,4.453945027073262,0.0,1.1016105284822935,-2.024054972926737,0.0
2017-01-12 22:00:00,0.0,6.696,0.0,0.0,88.0,2.0,5.555555555555555,0.0,0.0,0.8595555555555556,0.0
2017-01-12 23:00:00,0.0,5.184,0.0,0.0,88.0,2.0,5.555555555555555,0.0,0.0,2.371555555555555,0.0
2017-01-13 00:00:00,0.0,3.726,0.0,0.0,88.0,2.0,5.555555555555555,0.0,0.0,3.8295555555555554,0.0
2017-01-13 01:00:00,0.0,2.592,0.0,0.0,88.0,2.0,5.555555555555555,0.7903992170861254,0.0,5.753954772641681,0.7745912327444029
2017-01-13 02:00:00,0.0,1.728,0.0,0.0,88.0,2.0,5.555555555555555,24.0,0.0,29.827555555555556,24.28529613795147
2017-01-13 03:00:00,0.0,1.08,0.0,0.0,88.0,2.0,5.555555555555555,24.0,0.0,30.47555555555556,47.51387258429605
2017-01-13 04:00:00,0.0,0.972,0.0,0.0,88.0,2.0,5.555555555555555,0.0,0.0,6.583555555555556,46.9437061132845
2017-01-13 05:00:00,0.0,1.08,0.0,0.0,88.0,2.0,0.0,0.0,5.555555555555555,0.9199999999999999,40.824826084369526
2017-01-13 06:00:00,0.0,1.728,18.47999999972965,0.0,68.75000000022001,2.0,0.0,0.0,5.555555555555555,-18.207999999729655,34.779372615801535
2017-01-13 07:00:00,0.0,3.078,22.0,0.0,45.833333333480006,2.0,0.0,0.0,5.555555555555555,-23.078,28.806464588856358
2017-01-13 08:00:00,1.332,4.482,22.0,0.0,22.916666666740003,2.0,0.0,0.0,5.555555555555555,-25.814,22.905231458234528
2017-01-13 09:00:00,8.784,4.59,22.0,0.0,0.0,2.0,0.0,0.0,5.555555555555555,-33.374,17.074813125180157
2017-01-13 10:00:00,14.184,5.022,0.0,0.0,0.0,2.0,0.0,0.0,5.555555555555555,-17.206,11.314359812122438
2017-01-13 11:00:00,16.632,5.292,0.0,0.0,0.0,2.0,0.0,0.0,5.555555555555555,-19.924,5.623031938821413
2017-01-13 12:00:00,16.128,7.722,0.0,0.0,0.0,2.0,0.0,0.0,5.555555555555555,-21.85,0.0
2017-01-13 13:00:00,12.492,7.398,0.0,22.0,21.119999999999997,2.0,5.555555555555555,0.0,0.0,9.665555555555557,0.0
2017-01-13 14:00:00,6.192,6.966,0.0,22.0,42.239999999999995,2.0,5.555555555555555,17.423278699163426,0.0,33.82083425471898,17.074813125180157
2017-01-13 15:00:00,0.0,7.128,0.0,0.0,42.239999999999995,2.0,0.0,0.0,5.555555555555555,-5.128,11.314359812122438
2017-01-13 16:00:00,0.0,7.56,22.0,0.0,19.323333333259992,2.0,0.0,0.0,5.555555555555555,-27.56,5.623031938821413
2017-01-13 17:00:00,0.0,8.1,18.55039999987023,0.0,0.0,2.0,0.0,0.0,5.555555555555555,-24.65039999987023,0.0
2017-01-13 18:00:00,0.0,5.67,0.0,0.0,0.0,2.0,5.555555555555555,0.0,0.0,1.8855555555555554,0.0
2017-01-13 19:00:00,0.0,4.806,0.0,0.0,0.0,2.0,5.555555555555555,0.0,0.0,2.7495555555555553,0.0
2017-01-13 20:00:00,0.0,3.348,0.0,0.0,0.0,2.0,5.555555555555555,0.0,0.0,4.2075555555555555,0.0
2017-01-13 21:00:00,0.0,2.862,0.0,0.0,0.0,2.0,5.555555555555555,0.0,0.0,4.693555555555555,0.0
2017-01-13 22:00:00,0.0,5.994,0.0,0.0,0.0,2.0,5.555555555555555,0.0,0.0,1.5615555555555556,0.0
2017-01-13 23:00:00,0.0,12.258,0.0,0.0,0.0,2.0,5.555555555555555,0.0,0.0,-4.702444444444444,0.0
2017-01-14 00:00:00,0.0,16.848,0.0,0.0,0.0,2.0,5.555555555555555,0.0,0.0,-9.292444444444444,0.0
2017-01-14 01:00:00,0.0,19.17,0.0,22.0,21.119999999999997,2.0,5.555555555555555,0.0,0.0,10.385555555555555,0.0
2017-01-14 02:00:00,0.0,21.924,0.0,22.0,42.239999999999995,2.0,5.555555555555555,0.0,0.0,7.631555555555558,0.0
2017-01-14 03:00:00,0.0,23.22,0.0,22.0,63.35999999999999,2.0,5.555555555555555,0.0,0.0,6.335555555555558,0.0
2017-01-14 04:00:00,0.0,24.246,0.0,22.0,84.47999999999999,2.0,5.555555555555555,24.0,0.0,29.30955555555556,23.52
2017-01-14 05:00:00,0.0,24.192,0.0,0.0,84.47999999999999,2.0,0.0,0.0,5.555555555555555,-22.192,17.682204444444444
2017-01-14 06:00:00,0.0,20.034,0.0,0.0,84.47999999999999,2.0,5.555555555555555,5.5461361909422635,0.0,-6.93230825350218,22.905231458234528
2017-01-14 07:00:00,0.0,19.116,22.0,0.0,61.56333333325999,2.0,0.0,0.0,5.555555555555555,-39.116,17.074813125180157
2017-01-14 08:00:00,1.512,18.468,0.0,0.0,61.56333333325999,2.0,0.0,0.0,5.555555555555555,-17.98,11.314359812122438
2017-01-14 09:00:00,8.136,18.252,0.0,0.0,61.56333333325999,2.0,0.0,0.0,5.555555555555555,-24.387999999999998,5.623031938821413
2017-01-14 10:00:00,12.852,19.116,0.0,0.0,61.56333333325999,2.0,0.0,0.0,5.555555555555555,-29.968,0.0
2017-01-14 11:00:00,13.464,19.98,0.0,0.0,61.56333333325999,2.0,5.555555555555555,0.0,0.0,-25.888444444444445,0.0
2017-01-14 12:00:00,11.844,18.36,0.0,0.0,61.56333333325999,2.0,5.555555555555555,0.0,0.0,-22.648444444444443,0.0
2017-01-14 13:00:00,8.208,19.386,0.0,0.0,61.56333333325999,2.0,5.555555555555555,0.0,0.0,-20.038444444444444,0.0
2017-01-14 14:00:00,4.464,22.032,0.0,0.0,61.56333333325999,2.0,5.555555555555555,0.0,0.0,-18.940444444444445,0.0
2017-01-14 15:00:00,0.0,24.57,0.0,0.0,61.56333333325999,2.0,5.555555555555555,0.0,0.0,-17.014444444444443,0.0
2017-01-14 16:00:00,0.0,26.46,22.0,0.0,38.64666666651999,2.0,5.555555555555555,0.0,0.0,-40.904444444444444,0.0
2017-01-14 17:00:00,0.0,27.432,22.0,0.0,15.729999999779988,2.0,5.555555555555555,0.0,0.0,-41.876444444444445,0.0
2017-01-14 18:00:00,0.0,23.544,15.100799999740465,0.0,0.0,2.0,5.555555555555555,0.0,0.0,-31.08924444418491,0.0
2017-01-14 19:00:00,0.0,21.708,0.0,0.0,0.0,2.0,5.555555555555555,0.0,0.0,-14.152444444444443,0.0
2017-01-14 20:00:00,0.0,20.196,0.0,0.0,0.0,2.0,5.555555555555555,0.0,0.0,-12.640444444444446,0.0
2017-01-14 21:00:00,0.0,19.008,0.0,0.0,0.0,2.0,5.555555555555555,0.0,0.0,-11.452444444444444,0.0
2017-01-14 22:00:00,0.0,18.252,0.0,0.0,0.0,2.0,5.555555555555555,0.0,0.0,-10.696444444444444,0.0
2017-01-14 23:00:00,0.0,17.442,0.0,0.0,0.0,2.0,5.555555555555555,0.0,0.0,-9.886444444444445,0.0
2017-01-15 00:00:00,0.0,18.414,0.0,3.66666666666667,3.520000000000003,2.0,5.555555555555555,0.0,0.0,-7.1917777777777765,0.0
2017-01-15 01:00:00,0.0,17.712,0.0,22.0,24.64,2.0,5.555555555555555,0.0,0.0,11.843555555555557,0.0
2017-01-15 02:00:00,0.0,14.85,0.0,22.0,45.76,2.0,5.555555555555555,19.590979149509018,0.0,34.29653470506457,19.199159566518837
2017-01-15 03:00:00,0.0,12.312,0.0,22.0,66.88,2.0,5.555555555555555,24.0,0.0,41.24355555555556,42.48876965172061
2017-01-15 04:00:00,0.0,10.152,0.0,0.0,66.88,2.0,0.0,0.0,5.555555555555555,-8.152,36.423348860344404
2017-01-15 05:00:00,0.0,8.1,0.0,0.0,66.88,2.0,0.0,0.0,5.555555555555555,-6.1,30.43071311846472
2017-01-15 06:00:00,0.0,4.914,0.0,22.0,88.0,2.0,5.555555555555555,24.0,0.0,48.641555555555556,53.58554456104314
2017-01-15 07:00:00,0.0,4.428,0.0,0.0,88.0,2.0,0.0,0.0,5.555555555555555,-2.428,47.386962470755066
2017-01-15 08:00:00,2.664,4.05,0.0,0.0,88.0,2.0,0.0,0.0,5.555555555555555,-4.714,41.26276336555045
2017-01-15 09:00:00,11.556,3.726,0.0,0.0,88.0,2.0,0.0,0.0,5.555555555555555,-13.282,35.212054649608284
2017-01-15 10:00:00,17.316,3.564,0.0,0.0,88.0,2.0,0.0,0.0,5.555555555555555,-18.88,29.23395443825743
2017-01-15 11:00:00,19.584,3.348,0.0,0.0,88.0,2.0,0.0,0.0,5.555555555555555,-20.932,23.327591429442787
2017-01-15 12:00:00,19.008,2.43,0.0,0.0,88.0,2.0,0.0,0.0,5.555555555555555,-19.438,17.49210477673392
2017-01-15 13:00:00,15.516,2.538,0.0,0.0,88.0,2.0,5.555555555555555,0.0,0.0,-10.498444444444445,17.282199519413115
2017-01-15 14:00:00,9.252,2.7,0.0,0.0,88.0,2.0,5.555555555555555,0.0,0.0,-4.3964444444444455,17.074813125180157
2017-01-15 15:00:00,0.0,2.916,0.0,0.0,88.0,2.0,0.0,0.0,5.555555555555555,-0.9159999999999999,11.314359812122438
2017-01-15 16:00:00,0.0,3.024,22.0,0.0,65.08333333326,2.0,0.0,0.0,5.555555555555555,-23.024,5.623031938821413
2017-01-15 17:00:00,0.0,2.916,22.0,0.0,42.16666666652,2.0,0.0,0.0,5.555555555555555,-22.916,0.0
2017-01-15 18:00:00,0.0,2.268,0.0,0.0,42.16666666652,2.0,5.555555555555555,0.0,0.0,5.287555555555556,0.0
2017-01-15 19:00:00,0.0,2.052,0.0,0.0,42.16666666652,2.0,5.555555555555555,0.0,0.0,5.503555555555556,0.0
2017-01-15 20:00:00,0.0,1.836,0.0,0.0,42.16666666652,2.0,5.555555555555555,0.0,0.0,5.719555555555555,0.0
2017-01-15 21:00:00,0.0,1.998,0.0,0.0,42.16666666652,2.0,5.555555555555555,0.0,0.0,5.557555555555555,0.0
2017-01-15 22:00:00,0.0,1.944,0.0,0.0,42.16666666652,2.0,5.555555555555555,0.0,0.0,5.611555555555555,0.0
2017-01-15 23:00:00,0.0,1.836,0.0,0.0,42.16666666652,2.0,5.555555555555555,0.0,0.0,5.719555555555555,0.0
2017-01-16 00:00:00,0.0,2.16,0.0,3.74305555570833,45.76,2.0,5.555555555555555,0.0,0.0,9.138611111263886,0.0
2017-01-16 01:00:00,0.0,2.052,0.0,22.0,66.88,2.0,5.555555555555555,23.47948287597725,0.0,50.98303843153281,23.009893218457705
2017-01-16 02:00:00,0.0,1.62,0.0,22.0,88.0,2.0,5.555555555555555,24.0,0.0,51.93555555555556,46.25377449983621
2017-01-16 03:00:00,0.0,1.89,0.0,0.0,88.0,2.0,5.555555555555555,24.0,0.0,29.665555555555557,69.21872920583817
2017-01-16 04:00:00,0.0,2.052,0.0,0.0,88.0,2.0,5.555555555555555,24.0,0.0,29.503555555555558,91.9081044553681
2017-01-16 05:00:00,0.0,2.214,0.0,0.0,88.0,2.0,0.0,0.0,5.555555555555555,-0.21399999999999997,85.24965164634813
2017-01-16 06:00:00,0.0,2.538,0.0,0.0,88.0,2.0,0.0,0.0,5.555555555555555,-0.5379999999999998,78.6711002710364
2017-01-16 07:00:00,0.0,2.592,0.0,0.0,88.0,2.0,0.0,0.0,5.555555555555555,-0.5920000000000001,72.1714915122284
2017-01-16 08:00:00,3.852,2.7,0.0,0.0,88.0,2.0,0.0,0.0,5.555555555555555,-4.552,65.74987805852611
2017-01-16 09:00:00,12.816,2.862,0.0,0.0,88.0,2.0,0.0,0.0,5.555555555555555,-13.678,59.40532396626824
2017-01-16 10:00:00,18.18,3.186,0.0,0.0,88.0,2.0,0.0,0.0,5.555555555555555,-19.366,53.136904523117465
2017-01-16 11:00:00,20.196,3.294,0.0,0.0,88.0,2.0,0.0,0.0,5.555555555555555,-21.490000000000002,46.9437061132845
2017-01-16 12:00:00,19.476,3.78,0.0,0.0,88.0,2.0,0.0,0.0,5.555555555555555,-21.256,40.824826084369526
2017-01-16 13:00:00,15.84,3.942,18.47999999972965,0.0,68.75000000022001,2.0,0.0,0.0,5.555555555555555,-36.26199999972965,34.779372615801535
2017-01-16 14:00:00,9.468,3.888,0.0,0.0,68.75000000022001,2.0,0.0,0.0,5.555555555555555,-11.356,28.806464588856358
2017-01-16 15:00:00,0.0,3.726,22.0,0.0,45.833333333480006,2.0,0.0,0.0,5.555555555555555,-23.726,22.905231458234528
2017-01-16 16:00:00,0.0,3.456,22.0,0.0,22.916666666740003,2.0,0.0,0.0,5.555555555555555,-23.456,17.074813125180157
2017-01-16 17:00:00,0.0,2.97,22.0,0.0,0.0,2.0,0.0,0.0,5.555555555555555,-22.97,11.314359812122438
2017-01-16 18:00:00,0.0,2.646,0.0,0.0,0.0,2.0,0.0,0.0,5.555555555555555,-0.6459999999999999,5.623031938821413
2017-01-16 19:00:00,0.0,2.268,0.0,0.0,0.0,2.0,0.0,0.0,5.555555555555555,-0.2679999999999998,0.0
2017-01-16 20:00:00,0.0,1.512,0.0,0.0,0.0,2.0,5.555555555555555,0.0,0.0,6.043555555555555,0.0
2017-01-16 21:00:00,0.0,1.188,0.0,0.0,0.0,2.0,5.555555555555555,0.0,0.0,6.367555555555556,0.0
2017-01-16 22:00:00,0.0,1.026,0.0,3.66666666666667,3.520000000000003,2.0,5.555555555555555,0.0,0.0,10.196222222222225,0.0
2017-01-16 23:00:00,0.0,0.864,0.0,22.0,24.64,2.0,5.555555555555555,0.0,0.0,28.691555555555556,0.0
2017-01-17 00:00:00,0.0,0.648,0.0,22.0,45.76,2.0,5.555555555555555,0.0,0.0,28.907555555555557,0.0
2017-01-17 01:00:00,0.0,0.918,0.0,22.0,66.88,2.0,5.555555555555555,0.0,0.0,28.637555555555558,0.0
2017-01-17 02:00:00,0.0,1.296,0.0,22.0,88.0,2.0,5.555555555555555,24.0,0.0,52.25955555555556,23.52
2017-01-17 03:00:00,0.0,1.62,0.0,0.0,88.0,2.0,5.555555555555555,17.94598580037707,0.0,23.881541355932622,40.824826084369526
2017-01-17 04:00:00,0.0,1.836,0.0,0.0,88.0,2.0,0.0,0.0,5.555555555555555,0.16399999999999992,34.779372615801535
2017-01-17 05:00:00,0.0,1.944,0.0,0.0,88.0,2.0,0.0,0.0,5.555555555555555,0.05600000000000005,28.806464588856358
2017-01-17 06:00:00,0.0,1.62,22.0,0.0,65.08333333326,2.0,0.0,0.0,5.555555555555555,-21.62,22.905231458234528
2017-01-17 07:00:00,0.0,1.944,22.0,0.0,42.16666666652,2.0,0.0,0.0,5.555555555555555,-21.944,17.074813125180157
2017-01-17 08:00:00,0.684,3.348,22.0,0.0,19.249999999779998,2.0,0.0,0.0,5.555555555555555,-24.032,11.314359812122438
2017-01-17 09:00:00,2.916,4.59,18.47999999972966,0.0,0.0,2.0,0.0,0.0,5.555555555555555,-23.98599999972966,5.623031938821413
2017-01-17 10:00:00,4.608,5.886,0.0,0.0,0.0,2.0,0.0,0.0,5.555555555555555,-8.494,0.0
2017-01-17 11:00:00,4.068,6.75,0.0,0.0,0.0,2.0,5.555555555555555,0.0,0.0,-3.2624444444444443,0.0
2017-01-17 12:00:00,3.168,5.508,0.0,0.0,0.0,2.0,5.555555555555555,0.0,0.0,-1.1204444444444448,0.0
2017-01-17 13:00:00,2.376,7.29,0.0,0.0,0.0,2.0,5.555555555555555,0.0,0.0,-2.1104444444444446,0.0
2017-01-17 14:00:00,1.224,9.342,0.0,0.0,0.0,2.0,5.555555555555555,0.0,0.0,-3.0104444444444454,0.0
2017-01-17 15:00:00,0.0,11.016,0.0,0.0,0.0,2.0,5.555555555555555,0.0,0.0,-3.4604444444444447,0.0
2017-01-17 16:00:00,0.0,12.15,0.0,0.0,0.0,2.0,5.555555555555555,0.0,0.0,-4.594444444444445,0.0
2017-01-17 17:00:00,0.0,12.636,0.0,0.0,0.0,2.0,5.555555555555555,0.0,0.0,-5.080444444444444,0.0
2017-01-17 18:00:00,0.0,10.422,0.0,0.0,0.0,2.0,5.555555555555555,0.0,0.0,-2.8664444444444452,0.0
2017-01-17 19:00:00,0.0,11.772,0.0,0.0,0.0,2.0,5.555555555555555,0.0,0.0,-4.216444444444445,0.0
2017-01-17 20:00:00,0.0,13.23,0.0,0.0,0.0,2.0,5.555555555555555,0.0,0.0,-5.674444444444445,0.0
2017-01-17 21:00:00,0.0,15.12,0.0,0.0,0.0,2.0,5.555555555555555,0.0,0.0,-7.564444444444444,0.0
2017-01-17 22:00:00,0.0,16.632,0.0,0.0,0.0,2.0,5.555555555555555,0.0,0.0,-9.076444444444446,0.0
2017-01-17 23:00:00,0.0,18.036,0.0,0.0,0.0,2.0,5.555555555555555,0.0,0.0,-10.480444444444446,0.0
2017-01-18 00:00:00,0.0,16.092,0.0,0.0,0.0,2.0,5.555555555555555,0.0,0.0,-8.536444444444443,0.0
2017-01-18 01:00:00,0.0,18.144,0.0,22.0,21.119999999999997,2.0,5.555555555555555,0.0,0.0,11.411555555555559,0.0
2017-01-18 02:00:00,0.0,18.414,0.0,0.0,21.119999999999997,2.0,5.555555555555555,5.949406462300377,0.0,-4.909037982144069,5.83041833305437
2017-01-18 03:00:00,0.0,17.388,0.0,0.0,21.119999999999997,2.0,5.555555555555555,0.0,0.0,-9.832444444444446,5.760453313057718
2017-01-18 04:00:00,0.0,16.686,0.0,0.0,21.119999999999997,2.0,5.555555555555555,0.0,0.0,-9.130444444444445,5.6913278733010255
2017-01-18 05:00:00,0.0,16.524,0.0,0.0,21.119999999999997,2.0,5.555555555555555,0.0,0.0,-8.968444444444446,5.623031938821413
2017-01-18 06:00:00,0.0,16.74,0.0,0.0,21.119999999999997,2.0,0.0,0.0,5.555555555555555,-14.739999999999998,0.0
2017-01-18 07:00:00,0.0,17.496,20.275199999935115,0.0,0.0,2.0,5.555555555555555,0.0,0.0,-30.215644444379556,0.0
2017-01-18 08:00:00,0.18,17.874,0.0,0.0,0.0,2.0,5.555555555555555,0.0,0.0,-10.498444444444443,0.0
2017-01-18 09:00:00,0.504,18.576,0.0,0.0,0.0,2.0,5.555555555555555,0.0,0.0,-11.524444444444445,0.0
2017-01-18 10:00:00,0.9,19.062,0.0,0.0,0.0,2.0,5.555555555555555,0.0,0.0,-12.406444444444446,0.0
2017-01-18 11:00:00,1.044,19.278,0.0,0.0,0.0,2.0,5.555555555555555,0.0,0.0,-12.766444444444444,0.0
2017-01-18 12:00:00,0.9,20.412,0.0,0.0,0.0,2.0,5.555555555555555,0.0,0.0,-13.756444444444444,0.0
2017-01-18 13:00:00,0.468,21.222,0.0,0.0,0.0,2.0,5.555555555555555,0.0,0.0,-14.134444444444446,0.0
2017-01-18 14:00:00,0.18,21.06,0.0,0.0,0.0,2.0,5.555555555555555,0.0,0.0,-13.684444444444443,0.0
2017-01-18 15:00:00,0.0,20.304,0.0,0.0,0.0,2.0,5.555555555555555,0.0,0.0,-12.748444444444443,0.0
2017-01-18 16:00:00,0.0,19.764,0.0,0.0,0.0,2.0,5.555555555555555,0.0,0.0,-12.208444444444444,0.0
2017-01-18 17:00:00,0.0,19.116,0.0,0.0,0.0,2.0,5.555555555555555,0.0,0.0,-11.560444444444444,0.0
2017-01-18 18:00:00,0.0,18.414,0.0,0.0,0.0,2.0,5.555555555555555,0.0,0.0,-10.858444444444446,0.0
2017-01-18 19:00:00,0.0,18.414,0.0,0.0,0.0,2.0,5.555555555555555,0.0,0.0,-10.858444444444446,0.0
2017-01-18 20:00:00,0.0,17.496,0.0,0.0,0.0,2.0,5.555555555555555,0.0,0.0,-9.940444444444443,0.0
2017-01-18 21:00:00,0.0,15.714,0.0,0.0,0.0,2.0,5.555555555555555,0.0,0.0,-8.158444444444445,0.0
2017-01-18 22:00:00,0.0,14.31,0.0,0.0,0.0,2.0,5.555555555555555,0.0,0.0,-6.754444444444445,0.0
2017-01-18 23:00:00,0.0,13.176,0.0,0.0,0.0,2.0,5.555555555555555,0.0,0.0,-5.620444444444445,0.0
2017-01-19 00:00:00,0.0,13.014,0.0,22.0,21.119999999999997,2.0,5.555555555555555,0.0,0.0,16.541555555555558,0.0
2017-01-19 01:00:00,0.0,13.014,0.0,22.0,42.239999999999995,2.0,5.555555555555555,5.82122271025791,0.0,22.36277826581347,5.704798256052752
2017-01-19 02:00:00,0.0,11.934,0.0,22.0,63.35999999999999,2.0,5.555555555555555,24.0,0.0,41.62155555555556,29.15634067698012
2017-01-19 03:00:00,0.0,12.582,0.0,0.0,63.35999999999999,2.0,5.555555555555555,0.0,0.0,-5.026444444444445,28.806464588856358
2017-01-19 04:00:00,0.0,13.23,0.0,0.0,63.35999999999999,2.0,0.0,0.0,5.555555555555555,-11.23,22.905231458234528
2017-01-19 05:00:00,0.0,13.932,0.0,0.0,63.35999999999999,2.0,0.0,0.0,5.555555555555555,-11.932,17.074813125180157
2017-01-19 06:00:00,0.0,12.096,0.0,0.0,63.35999999999999,2.0,0.0,0.0,5.555555555555555,-10.096,11.314359812122438
2017-01-19 07:00:00,0.0,12.366,22.0,0.0,40.443333333259986,2.0,0.0,0.0,5.555555555555555,-32.366,5.623031938821413
2017-01-19 08:00:00,0.324,13.986,22.0,0.0,17.526666666519983,2.0,0.0,0.0,5.555555555555555,-34.31,0.0
2017-01-19 09:00:00,1.584,14.58,16.82559999980534,0.0,0.0,2.0,5.555555555555555,0.0,0.0,-25.434044444249785,0.0
2017-01-19 10:00:00,2.664,15.012,0.0,0.0,0.0,2.0,5.555555555555555,0.0,0.0,-10.120444444444445,0.0
2017-01-19 11:00:00,3.06,14.958,0.0,0.0,0.0,2.0,5.555555555555555,0.0,0.0,-10.462444444444445,0.0
2017-01-19 12:00:00,2.232,16.686,0.0,0.0,0.0,2.0,5.555555555555555,0.0,0.0,-11.362444444444446,0.0
2017-01-19 13:00:00,1.152,15.984,0.0,0.0,0.0,2.0,5.555555555555555,0.0,0.0,-9.580444444444444,0.0
2017-01-19 14:00:00,0.432,13.716,0.0,0.0,0.0,2.0,5.555555555555555,0.0,0.0,-6.592444444444444,0.0
2017-01-19 15:00:00,0.0,11.718,0.0,0.0,0.0,2.0,5.555555555555555,0.0,0.0,-4.162444444444445,0.0
2017-01-19 16:00:00,0.0,10.584,0.0,0.0,0.0,2.0,5.555555555555555,0.0,0.0,-3.0284444444444443,0.0
2017-01-19 17:00:00,0.0,9.882,0.0,0.0,0.0,2.0,5.555555555555555,0.0,0.0,-2.3264444444444443,0.0
2017-01-19 18:00:00,0.0,12.96,0.0,0.0,0.0,2.0,5.555555555555555,0.0,0.0,-5.4044444444444455,0.0
2017-01-19 19:00:00,0.0,13.392,0.0,0.0,0.0,2.0,5.555555555555555,0.0,0.0,-5.836444444444444,0.0
2017-01-19 20:00:00,0.0,13.77,0.0,0.0,0.0,2.0,5.555555555555555,0.0,0.0,-6.214444444444444,0.0
2017-01-19 21:00:00,0.0,13.068,0.0,0.0,0.0,2.0,5.555555555555555,0.0,0.0,-5.512444444444444,0.0
2017-01-19 22:00:00,0.0,12.636,0.0,0.0,0.0,2.0,5.555555555555555,0.0,0.0,-5.080444444444444,0.0
2017-01-19 23:00:00,0.0,12.366,0.0,22.0,21.119999999999997,2.0,5.555555555555555,0.0,0.0,17.189555555555557,0.0
2017-01-20 00:00:00,0.0,13.176,0.0,22.0,42.239999999999995,2.0,5.555555555555555,0.0,0.0,16.379555555555555,0.0
2017-01-20 01:00:00,0.0,14.148,0.0,22.0,63.35999999999999,2.0,5.555555555555555,0.0,0.0,15.407555555555557,0.0
2017-01-20 02:00:00,0.0,15.066,0.0,22.0,84.47999999999999,2.0,5.555555555555555,11.971072922118577,0.0,26.460628477674135,11.731651463676204
2017-01-20 03:00:00,0.0,14.796,0.0,0.0,84.47999999999999,2.0,5.555555555555555,0.0,0.0,-7.240444444444444,11.59087164611209
2017-01-20 04:00:00,0.0,14.418,0.0,0.0,84.47999999999999,2.0,5.555555555555555,0.0,0.0,-6.862444444444444,11.451781186358744
2017-01-20 05:00:00,0.0,13.77,0.0,0.0,84.47999999999999,2.0,5.555555555555555,0.0,0.0,-6.214444444444444,11.314359812122438
2017-01-20 06:00:00,0.0,11.988,11.721599999751271,0.0,72.27000000022001,2.0,0.0,0.0,5.555555555555555,-21.709599999751273,5.623031938821413
2017-01-20 07:00:00,0.0,12.366,22.0,0.0,49.35333333348001,2.0,0.0,0.0,5.555555555555555,-32.366,0.0
2017-01-20 08:00:00,0.72,12.906,22.0,0.0,26.436666666740006,2.0,5.555555555555555,0.0,0.0,-28.070444444444444,0.0
2017-01-20 09:00:00,2.556,13.392,22.0,0.0,3.520000000000003,2.0,5.555555555555555,0.0,0.0,-30.392444444444447,0.0
2017-01-20 10:00:00,4.284,14.364,0.0,0.0,3.520000000000003,2.0,5.555555555555555,0.0,0.0,-11.092444444444446,0.0
2017-01-20 11:00:00,4.104,15.444,0.0,0.0,3.520000000000003,2.0,5.555555555555555,0.0,0.0,-11.992444444444445,0.0
2017-01-20 12:00:00,2.988,16.578,0.0,0.0,3.520000000000003,2.0,5.555555555555555,0.0,0.0,-12.010444444444444,0.0
2017-01-20 13:00:00,2.196,17.01,0.0,0.0,3.520000000000003,2.0,5.555555555555555,0.0,0.0,-11.650444444444446,0.0
2017-01-20 14:00:00,1.26,16.038,0.0,0.0,3.520000000000003,2.0,5.555555555555555,0.0,0.0,-9.742444444444445,0.0
2017-01-20 15:00:00,0.0,14.148,0.0,0.0,3.520000000000003,2.0,5.555555555555555,0.0,0.0,-6.592444444444444,0.0
2017-01-20 16:00:00,0.0,12.798,0.0,0.0,3.520000000000003,2.0,5.555555555555555,0.0,0.0,-5.242444444444445,0.0
2017-01-20 17:00:00,0.0,11.772,0.0,0.0,3.520000000000003,2.0,5.555555555555555,0.0,0.0,-4.216444444444445,0.0
2017-01-20 18:00:00,0.0,11.664,0.0,0.0,3.520000000000003,2.0,5.555555555555555,0.0,0.0,-4.108444444444444,0.0
2017-01-20 19:00:00,0.0,11.394,0.0,0.0,3.520000000000003,2.0,5.555555555555555,0.0,0.0,-3.8384444444444448,0.0
2017-01-20 20:00:00,0.0,10.8,0.0,0.0,3.520000000000003,2.0,5.555555555555555,0.0,0.0,-3.2444444444444454,0.0
2017-01-20 21:00:00,0.0,9.018,0.0,0.0,3.520000000000003,2.0,5.555555555555555,0.0,0.0,-1.4624444444444453,0.0
2017-01-20 22:00:00,0.0,7.344,0.0,0.0,3.520000000000003,2.0,5.555555555555555,0.0,0.0,0.21155555555555505,0.0
2017-01-20 23:00:00,0.0,5.832,0.0,0.0,3.520000000000003,2.0,5.555555555555555,0.0,0.0,1.7235555555555555,0.0
2017-01-21 00:00:00,0.0,5.13,0.0,22.0,24.64,2.0,5.555555555555555,0.0,0.0,24.425555555555558,0.0
2017-01-21 01:00:00,0.0,4.752,0.0,22.0,45.76,2.0,5.555555555555555,0.0,0.0,24.80355555555556,0.0
2017-01-21 02:00:00,0.0,4.266,0.0,22.0,66.88,2.0,5.555555555555555,0.0,0.0,25.28955555555556,0.0
2017-01-21 03:00:00,0.0,3.996,0.0,22.0,88.0,2.0,5.555555555555555,0.0,0.0,25.55955555555556,0.0
2017-01-21 04:00:00,0.0,3.672,0.0,0.0,88.0,2.0,5.555555555555555,0.0,0.0,3.883555555555555,0.0
2017-01-21 05:00:00,0.0,3.24,0.0,0.0,88.0,2.0,5.555555555555555,0.0,0.0,4.315555555555555,0.0
2017-01-21 06:00:00,0.0,2.97,0.0,0.0,88.0,2.0,5.555555555555555,0.0,0.0,4.585555555555555,0.0
2017-01-21 07:00:00,0.0,2.646,0.0,0.0,88.0,2.0,5.555555555555555,0.0,0.0,4.9095555555555555,0.0
2017-01-21 08:00:00,0.432,2.376,0.0,0.0,88.0,2.0,5.555555555555555,0.0,0.0,4.7475555555555555,0.0
2017-01-21 09:00:00,1.332,2.214,0.0,0.0,88.0,2.0,5.555555555555555,0.0,0.0,4.009555555555555,0.0
2017-01-21 10:00:00,1.872,2.106,0.0,0.0,88.0,2.0,5.555555555555555,0.0,0.0,3.5775555555555556,0.0
2017-01-21 11:00:00,1.8,1.944,0.0,0.0,88.0,2.0,5.555555555555555,0.0,0.0,3.8115555555555556,0.0
2017-01-21 12:00:00,1.512,2.268,0.0,0.0,88.0,2.0,5.555555555555555,0.0,0.0,3.7755555555555556,0.0
2017-01-21 13:00:00,0.864,1.89,0.0,0.0,88.0,2.0,5.555555555555555,5.8780135847527735,0.0,10.679569140308327,5.760453313057718
2017-01-21 14:00:00,0.36,1.512,0.0,0.0,88.0,2.0,5.555555555555555,0.0,0.0,5.683555555555555,5.6913278733010255
2017-01-21 15:00:00,0.0,1.35,0.0,0.0,88.0,2.0,5.555555555555555,0.0,0.0,6.205555555555556,5.623031938821413
2017-01-21 16:00:00,0.0,1.188,22.0,0.0,65.08333333326,2.0,0.0,0.0,5.555555555555555,-21.188,0.0
2017-01-21 17:00:00,0.0,1.08,22.0,0.0,42.16666666652,2.0,5.555555555555555,0.0,0.0,-15.524444444444445,0.0
2017-01-21 18:00:00,0.0,0.81,0.0,0.0,42.16666666652,2.0,5.555555555555555,0.0,0.0,6.745555555555555,0.0
2017-01-21 19:00:00,0.0,1.08,0.0,0.0,42.16666666652,2.0,5.555555555555555,0.0,0.0,6.475555555555555,0.0
2017-01-21 20:00:00,0.0,1.188,0.0,0.0,42.16666666652,2.0,5.555555555555555,0.0,0.0,6.367555555555556,0.0
2017-01-21 21:00:00,0.0,1.026,0.0,0.0,42.16666666652,2.0,5.555555555555555,0.0,0.0,6.529555555555556,0.0
2017-01-21 22:00:00,0.0,0.918,0.0,0.0,42.16666666652,2.0,5.555555555555555,0.0,0.0,6.637555555555555,0.0
2017-01-21 23:00:00,0.0,0.864,0.0,0.0,42.16666666652,2.0,5.555555555555555,0.0,0.0,6.6915555555555555,0.0
2017-01-22 00:00:00,0.0,0.81,0.0,0.0,42.16666666652,2.0,5.555555555555555,0.0,0.0,6.745555555555555,0.0
2017-01-22 01:00:00,0.0,0.918,0.0,3.74305555570833,45.76,2.0,5.555555555555555,0.0,0.0,10.380611111263887,0.0
2017-01-22 02:00:00,0.0,0.972,0.0,22.0,66.88,2.0,5.555555555555555,0.0,0.0,28.583555555555556,0.0
2017-01-22 03:00:00,0.0,0.81,0.0,22.0,88.0,2.0,5.555555555555555,0.0,0.0,28.74555555555556,0.0
2017-01-22 04:00:00,0.0,0.81,0.0,0.0,88.0,2.0,5.555555555555555,0.0,0.0,6.745555555555555,0.0
2017-01-22 05:00:00,0.0,0.972,0.0,0.0,88.0,2.0,5.555555555555555,0.0,0.0,6.583555555555556,0.0
2017-01-22 06:00:00,0.0,1.404,0.0,0.0,88.0,2.0,5.555555555555555,0.0,0.0,6.151555555555555,0.0
2017-01-22 07:00:00,0.0,1.728,0.0,0.0,88.0,2.0,5.555555555555555,0.0,0.0,5.827555555555556,0.0
2017-01-22 08:00:00,0.324,2.322,0.0,0.0,88.0,2.0,5.555555555555555,0.0,0.0,4.9095555555555555,0.0
2017-01-22 09:00:00,0.936,2.862,0.0,0.0,88.0,2.0,5.555555555555555,0.0,0.0,3.7575555555555553,0.0
2017-01-22 10:00:00,1.656,3.348,0.0,0.0,88.0,2.0,5.555555555555555,0.0,0.0,2.551555555555556,0.0
2017-01-22 11:00:00,2.268,3.51,0.0,0.0,88.0,2.0,5.555555555555555,0.0,0.0,1.7775555555555558,0.0
2017-01-22 12:00:00,3.348,2.376,0.0,0.0,88.0,2.0,5.555555555555555,0.0,0.0,1.831555555555556,0.0
2017-01-22 13:00:00,3.852,2.16,0.0,0.0,88.0,2.0,5.555555555555555,0.0,0.0,1.5435555555555553,0.0
2017-01-22 14:00:00,2.412,2.484,0.0,0.0,88.0,2.0,5.555555555555555,0.0,0.0,2.6595555555555555,0.0
2017-01-22 15:00:00,0.0,2.646,0.0,0.0,88.0,2.0,5.555555555555555,0.0,0.0,4.9095555555555555,0.0
2017-01-22 16:00:00,0.0,2.862,22.0,0.0,65.08333333326,2.0,5.555555555555555,0.0,0.0,-17.306444444444445,0.0
2017-01-22 17:00:00,0.0,3.078,22.0,0.0,42.16666666652,2.0,5.555555555555555,0.0,0.0,-17.522444444444446,0.0
2017-01-22 18:00:00,0.0,3.942,0.0,0.0,42.16666666652,2.0,5.555555555555555,0.0,0.0,3.613555555555555,0.0
2017-01-22 19:00:00,0.0,3.996,0.0,0.0,42.16666666652,2.0,5.555555555555555,0.0,0.0,3.5595555555555554,0.0
2017-01-22 20:00:00,0.0,4.158,0.0,0.0,42.16666666652,2.0,5.555555555555555,0.0,0.0,3.397555555555555,0.0
2017-01-22 21:00:00,0.0,4.59,0.0,0.0,42.16666666652,2.0,5.555555555555555,0.0,0.0,2.9655555555555555,0.0
2017-01-22 22:00:00,0.0,5.076,0.0,0.0,42.16666666652,2.0,5.555555555555555,0.0,0.0,2.4795555555555557,0.0
2017-01-22 23:00:00,0.0,5.508,0.0,0.0,42.16666666652,2.0,5.555555555555555,0.0,0.0,2.0475555555555554,0.0
2017-01-23 00:00:00,0.0,4.266,0.0,3.74305555570833,45.76,2.0,5.555555555555555,0.0,0.0,7.032611111263886,0.0
2017-01-23 01:00:00,0.0,3.888,0.0,22.0,66.88,2.0,5.555555555555555,0.0,0.0,25.66755555555556,0.0
2017-01-23 02:00:00,0.0,3.51,0.0,22.0,88.0,2.0,5.555555555555555,11.971072922118577,0.0,38.01662847767414,11.731651463676204
2017-01-23 03:00:00,0.0,3.78,0.0,0.0,88.0,2.0,5.555555555555555,0.0,0.0,3.7755555555555556,11.59087164611209
2017-01-23 04:00:00,0.0,4.05,0.0,0.0,88.0,2.0,5.555555555555555,0.0,0.0,3.5055555555555555,11.451781186358744
2017-01-23 05:00:00,0.0,4.482,0.0,0.0,88.0,2.0,5.555555555555555,0.0,0.0,3.073555555555555,11.314359812122438
2017-01-23 06:00:00,0.0,4.536,0.0,0.0,88.0,2.0,0.0,0.0,5.555555555555555,-2.5359999999999996,5.623031938821413
2017-01-23 07:00:00,0.0,4.59,0.0,0.0,88.0,2.0,0.0,0.0,5.555555555555555,-2.59,0.0
2017-01-23 08:00:00,0.684,5.13,0.0,0.0,88.0,2.0,5.555555555555555,0.0,0.0,1.7415555555555553,0.0
2017-01-23 09:00:00,2.016,5.832,0.0,0.0,88.0,2.0,5.555555555555555,0.0,0.0,-0.2924444444444445,0.0
2017-01-23 10:00:00,3.204,6.642,0.0,0.0,88.0,2.0,5.555555555555555,0.0,0.0,-2.290444444444445,0.0
2017-01-23 11:00:00,3.96,7.02,0.0,0.0,88.0,2.0,5.555555555555555,0.0,0.0,-3.424444444444444,0.0
2017-01-23 12:00:00,3.816,5.508,0.0,0.0,88.0,2.0,5.555555555555555,0.0,0.0,-1.7684444444444445,0.0
2017-01-23 13:00:00,2.88,5.238,0.0,0.0,88.0,2.0,5.555555555555555,0.0,0.0,-0.562444444444445,0.0
2017-01-23 14:00:00,2.34,5.13,0.0,0.0,88.0,2.0,5.555555555555555,0.0,0.0,0.0855555555555556,0.0
2017-01-23 15:00:00,0.0,4.86,0.0,0.0,88.0,2.0,5.555555555555555,0.0,0.0,2.695555555555555,0.0
2017-01-23 16:00:00,0.0,4.698,20.275199999935122,0.0,66.88,2.0,5.555555555555555,0.0,0.0,-17.41764444437957,0.0
2017-01-23 17:00:00,0.0,4.266,0.0,0.0,66.88,2.0,5.555555555555555,0.0,0.0,3.2895555555555553,0.0
2017-01-23 18:00:00,0.0,5.076,0.0,0.0,66.88,2.0,5.555555555555555,0.0,0.0,2.4795555555555557,0.0
2017-01-23 19:00:00,0.0,5.13,0.0,0.0,66.88,2.0,5.555555555555555,0.0,0.0,2.4255555555555555,0.0
2017-01-23 20:00:00,0.0,5.4,0.0,0.0,66.88,2.0,5.555555555555555,0.0,0.0,2.155555555555555,0.0
2017-01-23 21:00:00,0.0,5.292,0.0,0.0,66.88,2.0,5.555555555555555,0.0,0.0,2.2635555555555555,0.0
2017-01-23 22:00:00,0.0,4.806,0.0,22.0,88.0,2.0,5.555555555555555,0.0,0.0,24.749555555555556,0.0
2017-01-23 23:00:00,0.0,4.104,0.0,0.0,88.0,2.0,5.555555555555555,0.0,0.0,3.4515555555555553,0.0
2017-01-24 00:00:00,0.0,5.724,0.0,0.0,88.0,2.0,5.555555555555555,0.0,0.0,1.8315555555555552,0.0
2017-01-24 01:00:00,0.0,4.86,0.0,0.0,88.0,2.0,5.555555555555555,3.524764138629265,0.0,6.220319694184821,3.4542688558566796
2017-01-24 02:00:00,0.0,4.482,0.0,0.0,88.0,2.0,5.555555555555555,24.0,0.0,27.073555555555558,26.9328176295864
2017-01-24 03:00:00,0.0,4.698,0.0,0.0,88.0,2.0,5.555555555555555,24.0,0.0,26.857555555555557,50.12962381803136
2017-01-24 04:00:00,0.0,5.022,0.0,0.0,88.0,2.0,5.555555555555555,24.0,0.0,26.53355555555556,73.04806833221498
2017-01-24 05:00:00,0.0,5.4,0.0,0.0,88.0,2.0,5.555555555555555,0.0,0.0,2.155555555555555,72.1714915122284
2017-01-24 06:00:00,0.0,4.968,0.0,0.0,88.0,2.0,0.0,0.0,5.555555555555555,-2.968,65.74987805852611
2017-01-24 07:00:00,0.0,5.022,22.0,0.0,65.08333333326,2.0,0.0,0.0,5.555555555555555,-25.022,59.40532396626824
2017-01-24 08:00:00,1.044,5.346,22.0,0.0,42.16666666652,2.0,0.0,0.0,5.555555555555555,-26.39,53.136904523117465
2017-01-24 09:00:00,2.952,5.4,22.0,0.0,19.249999999779998,2.0,0.0,0.0,5.555555555555555,-28.351999999999997,46.9437061132845
2017-01-24 10:00:00,4.464,5.454,18.47999999972966,0.0,0.0,2.0,0.0,0.0,5.555555555555555,-26.397999999729663,40.824826084369526
2017-01-24 11:00:00,5.724,5.4,0.0,0.0,0.0,2.0,0.0,0.0,5.555555555555555,-9.124,34.779372615801535
2017-01-24 12:00:00,6.084,7.344,0.0,0.0,0.0,2.0,0.0,0.0,5.555555555555555,-11.428,28.806464588856358
2017-01-24 13:00:00,5.292,6.048,0.0,22.0,21.119999999999997,2.0,0.0,0.0,5.555555555555555,12.659999999999998,22.905231458234528
2017-01-24 14:00:00,3.528,5.778,0.0,22.0,42.239999999999995,2.0,0.0,0.0,5.555555555555555,14.694,17.074813125180157
2017-01-24 15:00:00,0.0,6.912,0.0,3.743055555708345,45.833333333480006,2.0,0.0,0.0,5.555555555555555,-1.1689444442916548,11.314359812122438
2017-01-24 16:00:00,0.0,7.938,22.0,0.0,22.916666666740003,2.0,0.0,0.0,5.555555555555555,-27.938,5.623031938821413
2017-01-24 17:00:00,0.0,8.694,22.0,0.0,0.0,2.0,0.0,0.0,5.555555555555555,-28.694000000000003,0.0
2017-01-24 18:00:00,0.0,9.666,0.0,0.0,0.0,2.0,5.555555555555555,0.0,0.0,-2.110444444444445,0.0
2017-01-24 19:00:00,0.0,10.314,0.0,0.0,0.0,2.0,5.555555555555555,0.0,0.0,-2.7584444444444447,0.0
2017-01-24 20:00:00,0.0,10.422,0.0,0.0,0.0,2.0,5.555555555555555,0.0,0.0,-2.8664444444444452,0.0
2017-01-24 21:00:00,0.0,9.882,0.0,0.0,0.0,2.0,5.555555555555555,0.0,0.0,-2.3264444444444443,0.0
2017-01-24 22:00:00,0.0,9.396,0.0,22.0,21.119999999999997,2.0,5.555555555555555,0.0,0.0,20.159555555555556,0.0
2017-01-24 23:00:00,0.0,9.126,0.0,0.0,21.119999999999997,2.0,5.555555555555555,0.0,0.0,-1.570444444444444,0.0
2017-01-25 00:00:00,0.0,12.366,0.0,22.0,42.239999999999995,2.0,5.555555555555555,0.0,0.0,17.189555555555557,0.0
2017-01-25 01:00:00,0.0,13.554,0.0,22.0,63.35999999999999,2.0,5.555555555555555,0.0,0.0,16.001555555555555,0.0
2017-01-25 02:00:00,0.0,14.202,0.0,22.0,84.47999999999999,2.0,5.555555555555555,0.0,0.0,15.353555555555557,0.0
2017-01-25 03:00:00,0.0,14.472,0.0,0.0,84.47999999999999,2.0,5.555555555555555,0.0,0.0,-6.916444444444444,0.0
2017-01-25 04:00:00,0.0,14.634,0.0,3.6666666666666776,88.0,2.0,5.555555555555555,23.656563928607092,0.0,20.244786150829327,23.18343265003495
2017-01-25 05:00:00,0.0,14.418,0.0,0.0,88.0,2.0,5.555555555555555,0.0,0.0,-6.862444444444444,22.905231458234528
2017-01-25 06:00:00,0.0,13.284,18.47999999972965,0.0,68.75000000022001,2.0,0.0,0.0,5.555555555555555,-29.763999999729656,17.074813125180157
2017-01-25 07:00:00,0.0,12.312,22.0,0.0,45.833333333480006,2.0,0.0,0.0,5.555555555555555,-32.312,11.314359812122438
2017-01-25 08:00:00,0.396,12.474,22.0,0.0,22.916666666740003,2.0,0.0,0.0,5.555555555555555,-32.870000000000005,5.623031938821413
2017-01-25 09:00:00,1.008,13.446,0.0,0.0,22.916666666740003,2.0,0.0,0.0,5.555555555555555,-12.454,0.0
2017-01-25 10:00:00,1.476,13.932,0.0,0.0,22.916666666740003,2.0,5.555555555555555,0.0,0.0,-7.852444444444445,0.0
2017-01-25 11:00:00,1.764,13.662,0.0,0.0,22.916666666740003,2.0,5.555555555555555,0.0,0.0,-7.870444444444446,0.0
2017-01-25 12:00:00,1.62,10.422,0.0,0.0,22.916666666740003,2.0,5.555555555555555,0.0,0.0,-4.486444444444445,0.0
2017-01-25 13:00:00,1.152,9.396,0.0,0.0,22.916666666740003,2.0,5.555555555555555,0.0,0.0,-2.9924444444444456,0.0
2017-01-25 14:00:00,0.576,8.91,0.0,0.0,22.916666666740003,2.0,5.555555555555555,5.807477421735739,0.0,3.8770329772912935,5.6913278733010255
2017-01-25 15:00:00,0.0,8.91,0.0,0.0,22.916666666740003,2.0,5.555555555555555,0.0,0.0,-1.3544444444444448,5.623031938821413
2017-01-25 16:00:00,0.0,9.396,22.0,0.0,0.0,2.0,0.0,0.0,5.555555555555555,-29.396,0.0
2017-01-25 17:00:00,0.0,10.044,0.0,0.0,0.0,2.0,5.555555555555555,0.0,0.0,-2.488444444444445,0.0
2017-01-25 18:00:00,0.0,9.342,0.0,0.0,0.0,2.0,5.555555555555555,0.0,0.0,-1.7864444444444452,0.0
2017-01-25 19:00:00,0.0,9.342,0.0,0.0,0.0,2.0,5.555555555555555,0.0,0.0,-1.7864444444444452,0.0
2017-01-25 20:00:00,0.0,8.64,0.0,0.0,0.0,2.0,5.555555555555555,0.0,0.0,-1.0844444444444452,0.0
2017-01-25 21:00:00,0.0,9.126,0.0,0.0,0.0,2.0,5.555555555555555,0.0,0.0,-1.570444444444444,0.0
2017-01-25 22:00:00,0.0,9.828,0.0,3.66666666666667,3.520000000000003,2.0,5.555555555555555,0.0,0.0,1.3942222222222256,0.0
2017-01-25 23:00:00,0.0,10.476,0.0,0.0,3.520000000000003,2.0,5.555555555555555,0.0,0.0,-2.9204444444444455,0.0
2017-01-26 00:00:00,0.0,10.152,0.0,22.0,24.64,2.0,5.555555555555555,0.0,0.0,19.403555555555556,0.0
2017-01-26 01:00:00,0.0,9.18,0.0,22.0,45.76,2.0,5.555555555555555,0.0,0.0,20.375555555555557,0.0
2017-01-26 02:00:00,0.0,8.694,0.0,22.0,66.88,2.0,5.555555555555555,18.384568055919075,0.0,39.24612361147463,18.016876694800693
2017-01-26 03:00:00,0.0,8.316,0.0,22.0,88.0,2.0,5.555555555555555,24.0,0.0,45.239555555555555,41.320674174463086
2017-01-26 04:00:00,0.0,7.938,0.0,0.0,88.0,2.0,5.555555555555555,0.0,0.0,-0.38244444444444436,40.824826084369526
2017-01-26 05:00:00,0.0,7.344,0.0,0.0,88.0,2.0,0.0,0.0,5.555555555555555,-5.344,34.779372615801535
2017-01-26 06:00:00,0.0,4.914,0.0,0.0,88.0,2.0,0.0,0.0,5.555555555555555,-2.9139999999999997,28.806464588856358
2017-01-26 07:00:00,0.0,4.536,22.0,0.0,65.08333333326,2.0,0.0,0.0,5.555555555555555,-24.536,22.905231458234528
2017-01-26 08:00:00,0.864,6.102,18.479999999729657,0.0,45.833333333480006,2.0,0.0,0.0,5.555555555555555,-23.445999999729658,17.074813125180157
2017-01-26 09:00:00,2.304,7.884,0.0,0.0,45.833333333480006,2.0,0.0,0.0,5.555555555555555,-8.188,11.314359812122438
2017-01-26 10:00:00,4.428,8.964,0.0,0.0,45.833333333480006,2.0,0.0,0.0,5.555555555555555,-11.392,5.623031938821413
2017-01-26 11:00:00,7.776,9.072,0.0,0.0,45.833333333480006,2.0,0.0,0.0,5.555555555555555,-14.847999999999999,0.0
2017-01-26 12:00:00,10.908,6.102,0.0,0.0,45.833333333480006,2.0,5.555555555555555,0.0,0.0,-9.454444444444444,0.0
2017-01-26 13:00:00,9.54,5.94,0.0,0.0,45.833333333480006,2.0,5.555555555555555,0.0,0.0,-7.924444444444444,0.0
2017-01-26 14:00:00,5.904,5.454,0.0,0.0,45.833333333480006,2.0,5.555555555555555,0.0,0.0,-3.8024444444444443,0.0
2017-01-26 15:00:00,0.396,5.184,0.0,0.0,45.833333333480006,2.0,5.555555555555555,0.0,0.0,1.9755555555555553,0.0
2017-01-26 16:00:00,0.0,5.886,22.0,0.0,22.916666666740003,2.0,5.555555555555555,0.0,0.0,-20.330444444444446,0.0
2017-01-26 17:00:00,0.0,6.588,22.0,0.0,0.0,2.0,5.555555555555555,0.0,0.0,-21.032444444444444,0.0
2017-01-26 18:00:00,0.0,7.29,0.0,0.0,0.0,2.0,5.555555555555555,0.0,0.0,0.2655555555555553,0.0
2017-01-26 19:00:00,0.0,8.478,0.0,0.0,0.0,2.0,5.555555555555555,0.0,0.0,-0.9224444444444444,0.0
2017-01-26 20:00:00,0.0,9.288,0.0,0.0,0.0,2.0,5.555555555555555,0.0,0.0,-1.732444444444445,0.0
2017-01-26 21:00:00,0.0,8.748,0.0,0.0,0.0,2.0,5.555555555555555,0.0,0.0,-1.192444444444444,0.0
2017-01-26 22:00:00,0.0,8.262,0.0,0.0,0.0,2.0,5.555555555555555,0.0,0.0,-0.7064444444444451,0.0
2017-01-26 23:00:00,0.0,7.776,0.0,22.0,21.119999999999997,2.0,5.555555555555555,0.0,0.0,21.779555555555557,0.0
2017-01-27 00:00:00,0.0,6.372,0.0,22.0,42.239999999999995,2.0,5.555555555555555,0.0,0.0,23.183555555555557,0.0
2017-01-27 01:00:00,0.0,6.966,0.0,22.0,63.35999999999999,2.0,5.555555555555555,0.0,0.0,22.589555555555556,0.0
2017-01-27 02:00:00,0.0,8.586,0.0,22.0,84.47999999999999,2.0,5.555555555555555,24.0,0.0,44.96955555555556,23.52
2017-01-27 03:00:00,0.0,10.314,0.0,3.6666666666666776,88.0,2.0,5.555555555555555,6.039368037734817,0.0,6.94759025995705,29.15634067698012
2017-01-27 04:00:00,0.0,12.582,0.0,0.0,88.0,2.0,5.555555555555555,0.0,0.0,-5.026444444444445,28.806464588856358
2017-01-27 05:00:00,0.0,14.904,0.0,0.0,88.0,2.0,0.0,0.0,5.555555555555555,-12.904,22.905231458234528
2017-01-27 06:00:00,0.0,17.496,22.0,0.0,65.08333333326,2.0,0.0,0.0,5.555555555555555,-37.495999999999995,17.074813125180157
2017-01-27 07:00:00,0.18,18.738,22.0,0.0,42.16666666652,2.0,0.0,0.0,5.555555555555555,-38.918,11.314359812122438
2017-01-27 08:00:00,6.444,21.924,22.0,0.0,19.249999999779998,2.0,0.0,0.0,5.555555555555555,-48.368,5.623031938821413
2017-01-27 09:00:00,14.544,22.41,0.0,0.0,19.249999999779998,2.0,0.0,0.0,5.555555555555555,-34.954,0.0
2017-01-27 10:00:00,18.972,22.626,0.0,0.0,19.249999999779998,2.0,5.555555555555555,0.0,0.0,-34.04244444444445,0.0
2017-01-27 11:00:00,21.024,21.654,0.0,0.0,19.249999999779998,2.0,5.555555555555555,0.0,0.0,-35.12244444444445,0.0
2017-01-27 12:00:00,21.276,16.686,0.0,0.0,19.249999999779998,2.0,5.555555555555555,0.0,0.0,-30.406444444444446,0.0
2017-01-27 13:00:00,18.504,14.04,0.0,0.0,19.249999999779998,2.0,5.555555555555555,0.0,0.0,-24.988444444444447,0.0
2017-01-27 14:00:00,12.204,10.8,0.0,0.0,19.249999999779998,2.0,5.555555555555555,0.0,0.0,-15.448444444444446,0.0
2017-01-27 15:00:00,1.296,9.072,0.0,0.0,19.249999999779998,2.0,5.555555555555555,0.0,0.0,-2.812444444444444,0.0
2017-01-27 16:00:00,0.0,7.992,18.47999999972966,0.0,0.0,2.0,5.555555555555555,0.0,0.0,-18.916444444174104,0.0
2017-01-27 17:00:00,0.0,7.02,0.0,0.0,0.0,2.0,5.555555555555555,0.0,0.0,0.5355555555555558,0.0
2017-01-27 18:00:00,0.0,4.482,0.0,0.0,0.0,2.0,5.555555555555555,0.0,0.0,3.073555555555555,0.0
2017-01-27 19:00:00,0.0,3.51,0.0,0.0,0.0,2.0,5.555555555555555,0.0,0.0,4.045555555555556,0.0
2017-01-27 20:00:00,0.0,2.484,0.0,0.0,0.0,2.0,5.555555555555555,0.0,0.0,5.071555555555555,0.0
2017-01-27 21:00:00,0.0,2.484,0.0,0.0,0.0,2.0,5.555555555555555,0.0,0.0,5.071555555555555,0.0
2017-01-27 22:00:00,0.0,2.646,0.0,0.0,0.0,2.0,5.555555555555555,0.0,0.0,4.9095555555555555,0.0
2017-01-27 23:00:00,0.0,3.024,0.0,0.0,0.0,2.0,5.555555555555555,0.0,0.0,4.531555555555555,0.0
2017-01-28 00:00:00,0.0,2.592,0.0,0.0,0.0,2.0,5.555555555555555,0.0,0.0,4.963555555555555,0.0
2017-01-28 01:00:00,0.0,3.024,0.0,3.743055555708345,3.593333333480011,2.0,5.555555555555555,0.0,0.0,8.274611111263901,0.0
2017-01-28 02:00:00,0.0,3.51,0.0,22.0,24.71333333348001,2.0,5.555555555555555,0.0,0.0,26.04555555555556,0.0
2017-01-28 03:00:00,0.0,4.32,0.0,22.0,45.833333333480006,2.0,5.555555555555555,0.0,0.0,25.235555555555557,0.0
2017-01-28 04:00:00,0.0,5.508,0.0,0.0,45.833333333480006,2.0,5.555555555555555,0.0,0.0,2.0475555555555554,0.0
2017-01-28 05:00:00,0.0,6.912,0.0,0.0,45.833333333480006,2.0,5.555555555555555,0.0,0.0,0.6435555555555554,0.0
2017-01-28 06:00:00,0.0,7.452,0.0,0.0,45.833333333480006,2.0,5.555555555555555,0.0,0.0,0.1035555555555554,0.0
2017-01-28 07:00:00,0.288,8.37,0.0,0.0,45.833333333480006,2.0,5.555555555555555,0.0,0.0,-1.102444444444444,0.0
2017-01-28 08:00:00,5.328,9.072,0.0,0.0,45.833333333480006,2.0,5.555555555555555,0.0,0.0,-6.844444444444444,0.0
2017-01-28 09:00:00,11.736,9.072,0.0,0.0,45.833333333480006,2.0,5.555555555555555,0.0,0.0,-13.252444444444444,0.0
2017-01-28 10:00:00,15.912,9.18,0.0,0.0,45.833333333480006,2.0,5.555555555555555,0.0,0.0,-17.536444444444445,0.0
2017-01-28 11:00:00,17.676,9.342,0.0,0.0,45.833333333480006,2.0,5.555555555555555,0.0,0.0,-19.462444444444444,0.0
2017-01-28 12:00:00,16.74,7.992,0.0,0.0,45.833333333480006,2.0,5.555555555555555,0.0,0.0,-17.176444444444442,0.0
2017-01-28 13:00:00,13.896,8.964,0.0,0.0,45.833333333480006,2.0,5.555555555555555,0.0,0.0,-15.304444444444446,0.0
2017-01-28 14:00:00,8.676,10.098,0.0,0.0,45.833333333480006,2.0,5.555555555555555,0.0,0.0,-11.218444444444446,0.0
2017-01-28 15:00:00,1.98,11.772,0.0,0.0,45.833333333480006,2.0,5.555555555555555,0.0,0.0,-6.196444444444445,0.0
2017-01-28 16:00:00,0.0,13.176,22.0,0.0,22.916666666740003,2.0,5.555555555555555,0.0,0.0,-27.620444444444445,0.0
2017-01-28 17:00:00,0.0,13.77,22.0,0.0,0.0,2.0,5.555555555555555,0.0,0.0,-28.214444444444446,0.0
2017-01-28 18:00:00,0.0,14.58,0.0,0.0,0.0,2.0,5.555555555555555,0.0,0.0,-7.024444444444445,0.0
2017-01-28 19:00:00,0.0,13.608,0.0,0.0,0.0,2.0,5.555555555555555,0.0,0.0,-6.052444444444445,0.0
2017-01-28 20:00:00,0.0,12.366,0.0,0.0,0.0,2.0,5.555555555555555,0.0,0.0,-4.810444444444444,0.0
2017-01-28 21:00:00,0.0,9.72,0.0,0.0,0.0,2.0,5.555555555555555,0.0,0.0,-2.1644444444444453,0.0
2017-01-28 22:00:00,0.0,8.046,0.0,0.0,0.0,2.0,5.555555555555555,0.0,0.0,-0.490444444444444,0.0
2017-01-28 23:00:00,0.0,6.804,0.0,0.0,0.0,2.0,5.555555555555555,0.0,0.0,0.7515555555555551,0.0
2017-01-29 00:00:00,0.0,7.182,0.0,0.0,0.0,2.0,5.555555555555555,0.0,0.0,0.373555555555555,0.0
2017-01-29 01:00:00,0.0,7.02,0.0,0.0,0.0,2.0,5.555555555555555,0.0,0.0,0.5355555555555558,0.0
2017-01-29 02:00:00,0.0,7.506,0.0,22.0,21.119999999999997,2.0,5.555555555555555,0.0,0.0,22.049555555555557,0.0
2017-01-29 03:00:00,0.0,9.882,0.0,22.0,42.239999999999995,2.0,5.555555555555555,0.0,0.0,19.67355555555556,0.0
2017-01-29 04:00:00,0.0,12.096,0.0,0.0,42.239999999999995,2.0,5.555555555555555,0.0,0.0,-4.540444444444445,0.0
2017-01-29 05:00:00,0.0,14.364,0.0,3.66666666666667,45.76,2.0,5.555555555555555,0.0,0.0,-3.141777777777776,0.0
2017-01-29 06:00:00,0.0,12.96,0.0,0.0,45.76,2.0,5.555555555555555,0.0,0.0,-5.4044444444444455,0.0
2017-01-29 07:00:00,0.036,14.148,0.0,0.0,45.76,2.0,5.555555555555555,0.0,0.0,-6.628444444444444,0.0
2017-01-29 08:00:00,0.972,15.498,0.0,0.0,45.76,2.0,5.555555555555555,0.0,0.0,-8.914444444444444,0.0
2017-01-29 09:00:00,3.06,16.092,0.0,0.0,45.76,2.0,5.555555555555555,0.0,0.0,-11.596444444444444,0.0
2017-01-29 10:00:00,5.076,17.118,0.0,0.0,45.76,2.0,5.555555555555555,0.0,0.0,-14.638444444444442,0.0
2017-01-29 11:00:00,6.084,17.118,0.0,0.0,45.76,2.0,5.555555555555555,0.0,0.0,-15.646444444444443,0.0
2017-01-29 12:00:00,6.048,14.634,0.0,0.0,45.76,2.0,5.555555555555555,0.0,0.0,-13.126444444444445,0.0
2017-01-29 13:00:00,3.996,14.958,0.0,0.0,45.76,2.0,5.555555555555555,0.0,0.0,-11.398444444444445,0.0
2017-01-29 14:00:00,2.052,15.12,0.0,0.0,45.76,2.0,5.555555555555555,0.0,0.0,-9.616444444444443,0.0
2017-01-29 15:00:00,0.504,14.688,0.0,0.0,45.76,2.0,5.555555555555555,0.0,0.0,-7.636444444444445,0.0
2017-01-29 16:00:00,0.0,13.932,0.0,0.0,45.76,2.0,5.555555555555555,0.0,0.0,-6.376444444444445,0.0
2017-01-29 17:00:00,0.0,12.528,0.0,0.0,45.76,2.0,5.555555555555555,0.0,0.0,-4.972444444444445,0.0
2017-01-29 18:00:00,0.0,10.8,0.0,0.0,45.76,2.0,5.555555555555555,0.0,0.0,-3.2444444444444454,0.0
2017-01-29 19:00:00,0.0,9.234,0.0,0.0,45.76,2.0,5.555555555555555,0.0,0.0,-1.6784444444444446,0.0
2017-01-29 20:00:00,0.0,8.91,0.0,0.0,45.76,2.0,5.555555555555555,0.0,0.0,-1.3544444444444448,0.0
2017-01-29 21:00:00,0.0,8.856,0.0,0.0,45.76,2.0,5.555555555555555,0.0,0.0,-1.3004444444444445,0.0
2017-01-29 22:00:00,0.0,8.37,0.0,0.0,45.76,2.0,5.555555555555555,0.0,0.0,-0.8144444444444439,0.0
2017-01-29 23:00:00,0.0,7.56,0.0,0.0,45.76,2.0,5.555555555555555,0.0,0.0,-0.004444444444444251,0.0
2017-01-30 00:00:00,0.0,6.264,0.0,22.0,66.88,2.0,5.555555555555555,24.0,0.0,47.291555555555554,23.52
2017-01-30 01:00:00,0.0,4.482,0.0,22.0,88.0,2.0,5.555555555555555,24.0,0.0,49.07355555555556,46.75776
2017-01-30 02:00:00,0.0,3.348,0.0,0.0,88.0,2.0,5.555555555555555,24.0,0.0,28.207555555555558,69.71666687999999
2017-01-30 03:00:00,0.0,3.132,0.0,0.0,88.0,2.0,5.555555555555555,0.0,0.0,4.423555555555556,68.88006687743999
2017-01-30 04:00:00,0.0,3.402,0.0,0.0,88.0,2.0,0.0,0.0,5.555555555555555,-1.4020000000000001,62.49795051935514
2017-01-30 05:00:00,0.0,3.726,0.0,0.0,88.0,2.0,0.0,0.0,5.555555555555555,-1.726,56.19241955756733
2017-01-30 06:00:00,0.0,2.7,0.0,0.0,88.0,2.0,0.0,0.0,5.555555555555555,-0.7000000000000002,49.96255496732096
2017-01-30 07:00:00,0.108,2.484,18.47999999972965,0.0,68.75000000022001,2.0,0.0,0.0,5.555555555555555,-19.071999999729652,43.807448752157555
2017-01-30 08:00:00,1.8,2.7,0.0,0.0,68.75000000022001,2.0,0.0,0.0,5.555555555555555,-2.5,37.726203811576106
2017-01-30 09:00:00,3.744,2.97,0.0,0.0,68.75000000022001,2.0,0.0,0.0,5.555555555555555,-4.714,31.717933810281636
2017-01-30 10:00:00,5.616,3.672,0.0,0.0,68.75000000022001,2.0,0.0,0.0,5.555555555555555,-7.288,25.7817630490027
2017-01-30 11:00:00,6.552,4.698,0.0,0.0,68.75000000022001,2.0,0.0,0.0,5.555555555555555,-9.25,19.91682633685911
2017-01-30 12:00:00,5.4,4.32,0.0,0.0,68.75000000022001,2.0,0.0,0.0,5.555555555555555,-7.720000000000001,14.122268865261246
2017-01-30 13:00:00,3.42,6.102,0.0,0.0,68.75000000022001,2.0,5.555555555555555,0.0,0.0,-1.9664444444444449,13.95280163887811
2017-01-30 14:00:00,2.7,8.154,0.0,0.0,68.75000000022001,2.0,5.555555555555555,3.356576638743453,0.0,0.05813219429900851,17.074813125180157
2017-01-30 15:00:00,1.548,9.558,22.0,0.0,45.833333333480006,2.0,0.0,0.0,5.555555555555555,-31.106,11.314359812122438
2017-01-30 16:00:00,0.0,11.016,22.0,0.0,22.916666666740003,2.0,0.0,0.0,5.555555555555555,-31.016,5.623031938821413
2017-01-30 17:00:00,0.0,11.448,22.0,0.0,0.0,2.0,0.0,0.0,5.555555555555555,-31.448,0.0
2017-01-30 18:00:00,0.0,10.962,0.0,0.0,0.0,2.0,5.555555555555555,0.0,0.0,-3.4064444444444444,0.0
2017-01-30 19:00:00,0.0,12.69,0.0,0.0,0.0,2.0,5.555555555555555,0.0,0.0,-5.134444444444444,0.0
2017-01-30 20:00:00,0.0,13.932,0.0,0.0,0.0,2.0,5.555555555555555,0.0,0.0,-6.376444444444445,0.0
2017-01-30 21:00:00,0.0,14.148,0.0,0.0,0.0,2.0,5.555555555555555,0.0,0.0,-6.592444444444444,0.0
2017-01-30 22:00:00,0.0,14.526,0.0,0.0,0.0,2.0,5.555555555555555,0.0,0.0,-6.970444444444444,0.0
2017-01-30 23:00:00,0.0,14.796,0.0,22.0,21.119999999999997,2.0,5.555555555555555,24.0,0.0,38.75955555555556,23.52
2017-01-31 00:00:00,0.0,14.256,0.0,22.0,42.239999999999995,2.0,5.555555555555555,0.0,0.0,15.299555555555557,23.237759999999998
2017-01-31 01:00:00,0.0,14.094,0.0,22.0,63.35999999999999,2.0,5.555555555555555,24.0,0.0,39.461555555555556,46.47890688
2017-01-31 02:00:00,0.0,14.148,0.0,22.0,84.47999999999999,2.0,5.555555555555555,24.0,0.0,39.40755555555556,69.44115999744
2017-01-31 03:00:00,0.0,13.446,0.0,3.6666666666666776,88.0,2.0,5.555555555555555,11.243626153118365,0.0,9.0198483753406,79.62661970752671
2017-01-31 04:00:00,0.0,12.906,0.0,0.0,88.0,2.0,5.555555555555555,0.0,0.0,-5.350444444444445,78.6711002710364
2017-01-31 05:00:00,0.0,12.366,0.0,0.0,88.0,2.0,0.0,0.0,5.555555555555555,-10.366,72.1714915122284
2017-01-31 06:00:00,0.0,10.908,18.47999999972965,0.0,68.75000000022001,2.0,0.0,0.0,5.555555555555555,-27.38799999972965,65.74987805852611
2017-01-31 07:00:00,0.036,11.34,22.0,0.0,45.833333333480006,2.0,0.0,0.0,5.555555555555555,-31.376,59.40532396626824
2017-01-31 08:00:00,0.504,10.53,22.0,0.0,22.916666666740003,2.0,0.0,0.0,5.555555555555555,-31.034000000000002,53.136904523117465
2017-01-31 09:00:00,1.152,10.044,22.0,0.0,0.0,2.0,0.0,0.0,5.555555555555555,-31.196,46.9437061132845
2017-01-31 10:00:00,1.836,9.828,0.0,0.0,0.0,2.0,0.0,0.0,5.555555555555555,-9.664,40.824826084369526
2017-01-31 11:00:00,2.304,9.558,0.0,0.0,0.0,2.0,0.0,0.0,5.555555555555555,-9.862,34.779372615801535
2017-01-31 12:00:00,2.34,10.206,0.0,0.0,0.0,2.0,0.0,0.0,5.555555555555555,-10.546,28.806464588856358
2017-01-31 13:00:00,1.8,9.234,0.0,0.0,0.0,2.0,0.0,0.0,5.555555555555555,-9.034,22.905231458234528
2017-01-31 14:00:00,0.828,7.938,0.0,22.0,21.119999999999997,2.0,0.0,0.0,5.555555555555555,15.234000000000002,17.074813125180157
2017-01-31 15:00:00,0.288,6.264,0.0,1.8715277778541726,22.916666666740003,2.0,0.0,0.0,5.555555555555555,-2.6804722221458275,11.314359812122438
2017-01-31 16:00:00,0.0,5.562,22.0,0.0,0.0,2.0,0.0,0.0,5.555555555555555,-25.562,5.623031938821413
2017-01-31 17:00:00,0.0,5.292,0.0,0.0,0.0,2.0,0.0,0.0,5.555555555555555,-3.292,0.0
2017-01-31 18:00:00,0.0,4.806,0.0,0.0,0.0,2.0,5.555555555555555,0.0,0.0,2.7495555555555553,0.0
2017-01-31 19:00:00,0.0,5.022,0.0,0.0,0.0,2.0,5.555555555555555,0.0,0.0,2.533555555555555,0.0
2017-01-31 20:00:00,0.0,5.724,0.0,0.0,0.0,2.0,5.555555555555555,0.0,0.0,1.8315555555555552,0.0
2017-01-31 21:00:00,0.0,5.832,0.0,0.0,0.0,2.0,5.555555555555555,0.0,0.0,1.7235555555555555,0.0
2017-01-31 22:00:00,0.0,6.372,0.0,0.0,0.0,2.0,5.555555555555555,0.0,0.0,1.1835555555555555,0.0
2017-01-31 23:00:00,0.0,7.128,0.0,22.0,21.119999999999997,2.0,5.555555555555555,0.0,0.0,22.427555555555557,0.0
2017-02-01 00:00:00,0.0,6.588,0.0,22.0,42.239999999999995,2.0,5.555555555555555,0.0,0.0,22.967555555555556,0.0
2017-02-01 01:00:00,0.0,6.588,0.0,22.0,63.35999999999999,2.0,5.555555555555555,6.186964257051024,0.0,29.15451981260658,6.063224971910003
2017-02-01 02:00:00,0.0,6.48,0.0,22.0,84.47999999999999,2.0,5.555555555555555,24.0,0.0,47.07555555555555,29.510466272247083
2017-02-01 03:00:00,0.0,6.75,0.0,3.6666666666666776,88.0,2.0,5.555555555555555,0.0,0.0,4.472222222222232,29.15634067698012
2017-02-01 04:00:00,0.0,7.506,0.0,0.0,88.0,2.0,5.555555555555555,0.0,0.0,0.04955555555555513,28.806464588856358
2017-02-01 05:00:00,0.0,8.694,0.0,0.0,88.0,2.0,0.0,0.0,5.555555555555555,-6.694000000000001,22.905231458234528
2017-02-01 06:00:00,0.0,8.37,22.0,0.0,65.08333333326,2.0,0.0,0.0,5.555555555555555,-28.369999999999997,17.074813125180157
2017-02-01 07:00:00,0.036,9.828,22.0,0.0,42.16666666652,2.0,0.0,0.0,5.555555555555555,-29.864,11.314359812122438
2017-02-01 08:00:00,0.468,12.636,22.0,0.0,19.249999999779998,2.0,0.0,0.0,5.555555555555555,-33.104,5.623031938821413
2017-02-01 09:00:00,1.08,14.418,18.47999999972966,0.0,0.0,2.0,0.0,0.0,5.555555555555555,-31.97799999972966,0.0
2017-02-01 10:00:00,1.764,15.768,0.0,0.0,0.0,2.0,5.555555555555555,0.0,0.0,-9.976444444444445,0.0
2017-02-01 11:00:00,2.232,16.902,0.0,0.0,0.0,2.0,5.555555555555555,0.0,0.0,-11.578444444444447,0.0
2017-02-01 12:00:00,2.232,17.226,0.0,0.0,0.0,2.0,5.555555555555555,0.0,0.0,-11.902444444444445,0.0
2017-02-01 13:00:00,1.62,17.712,0.0,0.0,0.0,2.0,5.555555555555555,0.0,0.0,-11.776444444444444,0.0
2017-02-01 14:00:00,0.828,18.468,0.0,0.0,0.0,2.0,5.555555555555555,0.0,0.0,-11.740444444444444,0.0
2017-02-01 15:00:00,0.252,18.738,0.0,0.0,0.0,2.0,5.555555555555555,0.0,0.0,-11.434444444444445,0.0
2017-02-01 16:00:00,0.0,19.656,0.0,0.0,0.0,2.0,5.555555555555555,0.0,0.0,-12.100444444444443,0.0
2017-02-01 17:00:00,0.0,20.844,0.0,0.0,0.0,2.0,5.555555555555555,0.0,0.0,-13.288444444444446,0.0
2017-02-01 18:00:00,0.0,21.708,0.0,0.0,0.0,2.0,5.555555555555555,0.0,0.0,-14.152444444444443,0.0
2017-02-01 19:00:00,0.0,24.732,0.0,0.0,0.0,2.0,5.555555555555555,0.0,0.0,-17.176444444444442,0.0
2017-02-01 20:00:00,0.0,25.056,0.0,0.0,0.0,2.0,5.555555555555555,0.0,0.0,-17.500444444444447,0.0
2017-02-01 21:00:00,0.0,24.84,0.0,0.0,0.0,2.0,5.555555555555555,0.0,0.0,-17.284444444444446,0.0
2017-02-01 22:00:00,0.0,25.38,0.0,22.0,21.119999999999997,2.0,5.555555555555555,0.0,0.0,4.175555555555558,0.0
2017-02-01 23:00:00,0.0,25.974,0.0,3.66666666666667,24.64,2.0,5.555555555555555,0.0,0.0,-14.751777777777775,0.0
2017-02-02 00:00:00,0.0,22.788,0.0,22.0,45.76,2.0,5.555555555555555,0.0,0.0,6.767555555555557,0.0
2017-02-02 01:00:00,0.0,23.166,0.0,22.0,66.88,2.0,5.555555555555555,0.0,0.0,6.389555555555557,0.0
2017-02-02 02:00:00,0.0,22.302,0.0,22.0,88.0,2.0,5.555555555555555,24.0,0.0,31.253555555555558,23.52
2017-02-02 03:00:00,0.0,21.438,0.0,0.0,88.0,2.0,5.555555555555555,12.20819810770216,0.0,-1.6742463367422822,35.201794145548114
2017-02-02 04:00:00,0.0,21.114,0.0,0.0,88.0,2.0,5.555555555555555,0.0,0.0,-13.558444444444445,34.779372615801535
2017-02-02 05:00:00,0.0,21.438,0.0,0.0,88.0,2.0,0.0,0.0,5.555555555555555,-19.438,28.806464588856358
2017-02-02 06:00:00,0.0,19.44,0.0,0.0,88.0,2.0,0.0,0.0,5.555555555555555,-17.44,22.905231458234528
2017-02-02 07:00:00,0.036,19.818,0.0,0.0,88.0,2.0,0.0,0.0,5.555555555555555,-17.854000000000003,17.074813125180157
2017-02-02 08:00:00,0.432,19.116,0.0,0.0,88.0,2.0,0.0,0.0,5.555555555555555,-17.548,11.314359812122438
2017-02-02 09:00:00,1.008,17.604,0.0,0.0,88.0,2.0,0.0,0.0,5.555555555555555,-16.612,5.623031938821413
2017-02-02 10:00:00,1.584,16.308,0.0,0.0,88.0,2.0,0.0,0.0,5.555555555555555,-15.892,0.0
2017-02-02 11:00:00,1.8,15.552,0.0,0.0,88.0,2.0,5.555555555555555,0.0,0.0,-9.796444444444445,0.0
2017-02-02 12:00:00,1.584,13.932,22.0,0.0,65.08333333326,2.0,5.555555555555555,0.0,0.0,-29.960444444444445,0.0
2017-02-02 13:00:00,1.08,14.148,0.0,0.0,65.08333333326,2.0,5.555555555555555,0.0,0.0,-7.672444444444444,0.0
2017-02-02 14:00:00,0.612,14.418,0.0,0.0,65.08333333326,2.0,5.555555555555555,0.0,0.0,-7.474444444444444,0.0
2017-02-02 15:00:00,0.18,15.768,15.100799999740468,0.0,49.35333333348001,2.0,5.555555555555555,0.0,0.0,-23.493244444184914,0.0
2017-02-02 16:00:00,0.0,17.28,22.0,0.0,26.436666666740006,2.0,5.555555555555555,0.0,0.0,-31.724444444444444,0.0
2017-02-02 17:00:00,0.0,18.36,22.0,0.0,3.520000000000003,2.0,5.555555555555555,0.0,0.0,-32.80444444444444,0.0
2017-02-02 18:00:00,0.0,20.466,0.0,0.0,3.520000000000003,2.0,5.555555555555555,0.0,0.0,-12.910444444444446,0.0
2017-02-02 19:00:00,0.0,21.6,0.0,0.0,3.520000000000003,2.0,5.555555555555555,0.0,0.0,-14.044444444444446,0.0
2017-02-02 20:00:00,0.0,20.952,0.0,0.0,3.520000000000003,2.0,5.555555555555555,0.0,0.0,-13.396444444444446,0.0
2017-02-02 21:00:00,0.0,19.278,0.0,0.0,3.520000000000003,2.0,5.555555555555555,0.0,0.0,-11.722444444444443,0.0
2017-02-02 22:00:00,0.0,17.874,0.0,0.0,3.520000000000003,2.0,5.555555555555555,0.0,0.0,-10.318444444444443,0.0
2017-02-02 23:00:00,0.0,16.848,0.0,22.0,24.64,2.0,5.555555555555555,0.0,0.0,12.707555555555558,0.0
2017-02-03 00:00:00,0.0,18.306,0.0,22.0,45.76,2.0,5.555555555555555,0.0,0.0,11.249555555555556,0.0
2017-02-03 01:00:00,0.0,19.17,0.0,22.0,66.88,2.0,5.555555555555555,0.0,0.0,10.385555555555555,0.0
2017-02-03 02:00:00,0.0,19.548,0.0,22.0,88.0,2.0,5.555555555555555,24.0,0.0,34.007555555555555,23.52
2017-02-03 03:00:00,0.0,18.252,0.0,0.0,88.0,2.0,5.555555555555555,6.039368037734817,0.0,-4.657076406709628,29.15634067698012
2017-02-03 04:00:00,0.0,17.334,0.0,0.0,88.0,2.0,5.555555555555555,0.0,0.0,-9.778444444444444,28.806464588856358
2017-02-03 05:00:00,0.0,17.064,0.0,0.0,88.0,2.0,0.0,0.0,5.555555555555555,-15.064,22.905231458234528
2017-02-03 06:00:00,0.0,17.496,0.0,0.0,88.0,2.0,0.0,0.0,5.555555555555555,-15.495999999999999,17.074813125180157
2017-02-03 07:00:00,0.036,17.172,0.0,0.0,88.0,2.0,0.0,0.0,5.555555555555555,-15.208,11.314359812122438
2017-02-03 08:00:00,0.396,16.2,0.0,0.0,88.0,2.0,0.0,0.0,5.555555555555555,-14.596,5.623031938821413
2017-02-03 09:00:00,0.864,14.094,0.0,0.0,88.0,2.0,0.0,0.0,5.555555555555555,-12.958,0.0
2017-02-03 10:00:00,1.26,12.15,0.0,0.0,88.0,2.0,5.555555555555555,0.0,0.0,-5.854444444444445,0.0
2017-02-03 11:00:00,1.512,10.044,0.0,0.0,88.0,2.0,5.555555555555555,0.0,0.0,-4.000444444444446,0.0
2017-02-03 12:00:00,1.512,8.748,18.47999999972965,0.0,68.75000000022001,2.0,5.555555555555555,0.0,0.0,-21.184444444174098,0.0
2017-02-03 13:00:00,1.116,8.802,0.0,0.0,68.75000000022001,2.0,5.555555555555555,0.0,0.0,-2.3624444444444443,0.0
2017-02-03 14:00:00,0.612,8.478,0.0,0.0,68.75000000022001,2.0,5.555555555555555,0.0,0.0,-1.5344444444444445,0.0
2017-02-03 15:00:00,0.18,8.262,22.0,0.0,45.833333333480006,2.0,5.555555555555555,11.545265114410652,0.0,-11.341179330033793,11.314359812122438
2017-02-03 16:00:00,0.0,8.748,22.0,0.0,22.916666666740003,2.0,0.0,0.0,5.555555555555555,-28.747999999999998,5.623031938821413
2017-02-03 17:00:00,0.0,9.396,22.0,0.0,0.0,2.0,0.0,0.0,5.555555555555555,-29.396,0.0
2017-02-03 18:00:00,0.0,9.342,0.0,0.0,0.0,2.0,5.555555555555555,0.0,0.0,-1.7864444444444452,0.0
2017-02-03 19:00:00,0.0,10.908,0.0,0.0,0.0,2.0,5.555555555555555,0.0,0.0,-3.352444444444444,0.0
2017-02-03 20:00:00,0.0,12.15,0.0,0.0,0.0,2.0,5.555555555555555,0.0,0.0,-4.594444444444445,0.0
2017-02-03 21:00:00,0.0,13.122,0.0,0.0,0.0,2.0,5.555555555555555,0.0,0.0,-5.5664444444444445,0.0
2017-02-03 22:00:00,0.0,13.824,0.0,0.0,0.0,2.0,5.555555555555555,0.0,0.0,-6.2684444444444445,0.0
2017-02-03 23:00:00,0.0,13.878,0.0,22.0,21.119999999999997,2.0,5.555555555555555,24.0,0.0,39.67755555555556,23.52
2017-02-04 00:00:00,0.0,10.422,0.0,3.66666666666667,24.64,2.0,0.0,0.0,5.555555555555555,-4.755333333333331,17.682204444444444
2017-02-04 01:00:00,0.0,10.908,0.0,22.0,45.76,2.0,0.0,0.0,5.555555555555555,13.092,11.914462435555555
2017-02-04 02:00:00,0.0,12.042,0.0,22.0,66.88,2.0,5.555555555555555,0.0,0.0,17.513555555555556,11.771488886328887
2017-02-04 03:00:00,0.0,12.744,0.0,22.0,88.0,2.0,5.555555555555555,0.0,0.0,16.811555555555557,11.63023101969294
2017-02-04 04:00:00,0.0,13.23,0.0,0.0,88.0,2.0,5.555555555555555,0.0,0.0,-5.674444444444445,11.490668247456625
2017-02-04 05:00:00,0.0,13.446,0.0,0.0,88.0,2.0,5.555555555555555,0.0,0.0,-5.890444444444444,11.352780228487145
2017-02-04 06:00:00,0.0,15.012,0.0,0.0,88.0,2.0,5.555555555555555,0.0,0.0,-7.456444444444445,11.216546865745299
2017-02-04 07:00:00,0.036,13.824,0.0,0.0,88.0,2.0,5.555555555555555,0.0,0.0,-6.304444444444444,11.081948303356356
2017-02-04 08:00:00,0.36,12.582,0.0,0.0,88.0,2.0,0.22962257066088812,0.0,5.325932984894667,-10.712377429339112,5.623031938821413
2017-02-04 09:00:00,0.72,10.152,0.0,0.0,88.0,2.0,0.0,0.0,5.555555555555555,-8.872,0.0
2017-02-04 10:00:00,1.08,8.046,0.0,0.0,88.0,2.0,5.555555555555555,0.0,0.0,-1.570444444444444,0.0
2017-02-04 11:00:00,1.26,6.048,0.0,0.0,88.0,2.0,5.555555555555555,0.0,0.0,0.2475555555555553,0.0
2017-02-04 12:00:00,1.152,4.158,0.0,0.0,88.0,2.0,5.555555555555555,0.0,0.0,2.245555555555555,0.0
2017-02-04 13:00:00,0.792,3.294,0.0,0.0,88.0,2.0,5.555555555555555,5.8780135847527735,0.0,9.347569140308329,5.760453313057718
2017-02-04 14:00:00,0.432,2.754,0.0,0.0,88.0,2.0,5.555555555555555,0.0,0.0,4.369555555555555,5.6913278733010255
2017-02-04 15:00:00,0.18,2.538,22.0,0.0,65.08333333326,2.0,5.555555555555555,0.0,0.0,-17.162444444444443,5.623031938821413
2017-02-04 16:00:00,0.0,2.43,22.0,0.0,42.16666666652,2.0,0.0,0.0,5.555555555555555,-22.43,0.0
2017-02-04 17:00:00,0.0,2.214,22.0,0.0,19.249999999779998,2.0,5.555555555555555,0.0,0.0,-16.658444444444445,0.0
2017-02-04 18:00:00,0.0,2.43,18.47999999972966,0.0,0.0,2.0,5.555555555555555,0.0,0.0,-13.354444444174105,0.0
2017-02-04 19:00:00,0.0,1.674,0.0,0.0,0.0,2.0,5.555555555555555,0.0,0.0,5.881555555555556,0.0
2017-02-04 20:00:00,0.0,1.296,0.0,0.0,0.0,2.0,5.555555555555555,0.0,0.0,6.259555555555555,0.0
2017-02-04 21:00:00,0.0,1.458,0.0,0.0,0.0,2.0,5.555555555555555,0.0,0.0,6.097555555555555,0.0
2017-02-04 22:00:00,0.0,1.782,0.0,0.0,0.0,2.0,5.555555555555555,0.0,0.0,5.773555555555555,0.0
2017-02-04 23:00:00,0.0,2.268,0.0,0.0,0.0,2.0,5.555555555555555,0.0,0.0,5.287555555555556,0.0
2017-02-05 00:00:00,0.0,2.862,0.0,0.0,0.0,2.0,5.555555555555555,0.0,0.0,4.693555555555555,0.0
2017-02-05 01:00:00,0.0,2.808,0.0,0.0,0.0,2.0,5.555555555555555,0.0,0.0,4.7475555555555555,0.0
2017-02-05 02:00:00,0.0,2.7,0.0,22.0,21.119999999999997,2.0,5.555555555555555,0.0,0.0,26.855555555555558,0.0
2017-02-05 03:00:00,0.0,3.402,0.0,22.0,42.239999999999995,2.0,5.555555555555555,0.0,0.0,26.153555555555556,0.0
2017-02-05 04:00:00,0.0,4.482,0.0,7.409722222375015,49.35333333348001,2.0,5.555555555555555,0.0,0.0,10.48327777793057,0.0
2017-02-05 05:00:00,0.0,5.454,0.0,0.0,49.35333333348001,2.0,5.555555555555555,0.0,0.0,2.1015555555555556,0.0
2017-02-05 06:00:00,0.0,7.398,0.0,0.0,49.35333333348001,2.0,5.555555555555555,0.0,0.0,0.15755555555555567,0.0
2017-02-05 07:00:00,0.072,7.344,0.0,0.0,49.35333333348001,2.0,5.555555555555555,0.0,0.0,0.13955555555555504,0.0
2017-02-05 08:00:00,0.432,8.1,0.0,0.0,49.35333333348001,2.0,5.555555555555555,0.0,0.0,-0.9764444444444442,0.0
2017-02-05 09:00:00,1.008,10.26,0.0,0.0,49.35333333348001,2.0,5.555555555555555,0.0,0.0,-3.7124444444444444,0.0
2017-02-05 10:00:00,1.584,12.15,0.0,0.0,49.35333333348001,2.0,5.555555555555555,0.0,0.0,-6.178444444444445,0.0
2017-02-05 11:00:00,1.584,13.23,0.0,0.0,49.35333333348001,2.0,5.555555555555555,0.0,0.0,-7.258444444444445,0.0
2017-02-05 12:00:00,1.368,12.852,0.0,0.0,49.35333333348001,2.0,5.555555555555555,0.0,0.0,-6.664444444444445,0.0
2017-02-05 13:00:00,1.152,13.014,0.0,0.0,49.35333333348001,2.0,5.555555555555555,0.0,0.0,-6.610444444444444,0.0
2017-02-05 14:00:00,0.684,12.204,0.0,0.0,49.35333333348001,2.0,5.555555555555555,5.807477421735739,0.0,0.475032977291293,5.6913278733010255
2017-02-05 15:00:00,0.18,10.8,0.0,0.0,49.35333333348001,2.0,5.555555555555555,0.0,0.0,-3.4244444444444455,5.623031938821413
2017-02-05 16:00:00,0.0,10.584,22.0,0.0,26.436666666740006,2.0,0.0,0.0,5.555555555555555,-30.584,0.0
2017-02-05 17:00:00,0.0,11.394,22.0,0.0,3.520000000000003,2.0,5.555555555555555,0.0,0.0,-25.838444444444445,0.0
2017-02-05 18:00:00,0.0,12.96,0.0,0.0,3.520000000000003,2.0,5.555555555555555,0.0,0.0,-5.4044444444444455,0.0
2017-02-05 19:00:00,0.0,14.256,0.0,0.0,3.520000000000003,2.0,5.555555555555555,0.0,0.0,-6.700444444444445,0.0
2017-02-05 20:00:00,0.0,15.876,0.0,0.0,3.520000000000003,2.0,5.555555555555555,0.0,0.0,-8.320444444444444,0.0
2017-02-05 21:00:00,0.0,16.47,0.0,0.0,3.520000000000003,2.0,5.555555555555555,0.0,0.0,-8.914444444444444,0.0
2017-02-05 22:00:00,0.0,17.82,0.0,0.0,3.520000000000003,2.0,5.555555555555555,0.0,0.0,-10.264444444444445,0.0
2017-02-05 23:00:00,0.0,19.224,0.0,22.0,24.64,2.0,5.555555555555555,0.0,0.0,10.331555555555557,0.0
2017-02-06 00:00:00,0.0,18.306,0.0,22.0,45.76,2.0,5.555555555555555,0.0,0.0,11.249555555555556,0.0
2017-02-06 01:00:00,0.0,19.98,0.0,22.0,66.88,2.0,5.555555555555555,6.186964257051024,0.0,15.76251981260658,6.063224971910003
2017-02-06 02:00:00,0.0,21.384,0.0,22.0,88.0,2.0,5.555555555555555,24.0,0.0,32.17155555555556,29.510466272247083
2017-02-06 03:00:00,0.0,22.248,0.0,0.0,88.0,2.0,5.555555555555555,0.0,0.0,-14.692444444444446,29.15634067698012
2017-02-06 04:00:00,0.0,22.842,0.0,0.0,88.0,2.0,5.555555555555555,0.0,0.0,-15.286444444444443,28.806464588856358
2017-02-06 05:00:00,0.0,22.194,0.0,0.0,88.0,2.0,0.0,0.0,5.555555555555555,-20.194,22.905231458234528
2017-02-06 06:00:00,0.0,17.226,18.47999999972965,0.0,68.75000000022001,2.0,0.0,0.0,5.555555555555555,-33.705999999729656,17.074813125180157
2017-02-06 07:00:00,0.288,18.954,22.0,0.0,45.833333333480006,2.0,0.0,0.0,5.555555555555555,-39.242,11.314359812122438
2017-02-06 08:00:00,1.944,22.086,22.0,0.0,22.916666666740003,2.0,0.0,0.0,5.555555555555555,-44.03,5.623031938821413
2017-02-06 09:00:00,4.284,23.22,0.0,0.0,22.916666666740003,2.0,0.0,0.0,5.555555555555555,-25.503999999999998,0.0
2017-02-06 10:00:00,5.94,22.68,0.0,0.0,22.916666666740003,2.0,5.555555555555555,0.0,0.0,-21.064444444444444,0.0
2017-02-06 11:00:00,6.192,20.142,0.0,0.0,22.916666666740003,2.0,5.555555555555555,0.0,0.0,-18.778444444444446,0.0
2017-02-06 12:00:00,5.796,15.606,0.0,0.0,22.916666666740003,2.0,5.555555555555555,0.0,0.0,-13.846444444444444,0.0
2017-02-06 13:00:00,3.96,14.904,0.0,0.0,22.916666666740003,2.0,5.555555555555555,0.0,0.0,-11.308444444444444,0.0
2017-02-06 14:00:00,2.268,14.418,0.0,0.0,22.916666666740003,2.0,5.555555555555555,0.0,0.0,-9.130444444444443,0.0
2017-02-06 15:00:00,1.152,14.796,0.0,0.0,22.916666666740003,2.0,5.555555555555555,0.0,0.0,-8.392444444444443,0.0
2017-02-06 16:00:00,0.0,16.038,22.0,0.0,0.0,2.0,5.555555555555555,0.0,0.0,-30.482444444444447,0.0
2017-02-06 17:00:00,0.0,17.172,0.0,0.0,0.0,2.0,5.555555555555555,0.0,0.0,-9.616444444444445,0.0
2017-02-06 18:00:00,0.0,19.602,0.0,0.0,0.0,2.0,5.555555555555555,0.0,0.0,-12.046444444444445,0.0
2017-02-06 19:00:00,0.0,19.656,0.0,0.0,0.0,2.0,5.555555555555555,0.0,0.0,-12.100444444444443,0.0
2017-02-06 20:00:00,0.0,19.872,0.0,0.0,0.0,2.0,5.555555555555555,0.0,0.0,-12.316444444444445,0.0
2017-02-06 21:00:00,0.0,21.762,0.0,0.0,0.0,2.0,5.555555555555555,0.0,0.0,-14.206444444444445,0.0
2017-02-06 22:00:00,0.0,23.544,0.0,22.0,21.119999999999997,2.0,5.555555555555555,0.0,0.0,6.011555555555557,0.0
2017-02-06 23:00:00,0.0,25.218,0.0,3.66666666666667,24.64,2.0,5.555555555555555,0.0,0.0,-13.995777777777775,0.0
2017-02-07 00:00:00,0.0,21.816,0.0,22.0,45.76,2.0,5.555555555555555,0.0,0.0,7.739555555555558,0.0
2017-02-07 01:00:00,0.0,22.68,0.0,22.0,66.88,2.0,5.555555555555555,0.0,0.0,6.875555555555557,0.0
2017-02-07 02:00:00,0.0,23.436,0.0,22.0,88.0,2.0,5.555555555555555,11.971072922118577,0.0,18.090628477674137,11.731651463676204
2017-02-07 03:00:00,0.0,23.382,0.0,0.0,88.0,2.0,5.555555555555555,0.0,0.0,-15.826444444444446,11.59087164611209
2017-02-07 04:00:00,0.0,24.138,0.0,0.0,88.0,2.0,5.555555555555555,0.0,0.0,-16.582444444444448,11.451781186358744
2017-02-07 05:00:00,0.0,25.65,0.0,0.0,88.0,2.0,5.555555555555555,0.0,0.0,-18.09444444444444,11.314359812122438
2017-02-07 06:00:00,0.0,31.374,0.0,0.0,88.0,2.0,0.0,0.0,5.555555555555555,-29.374,5.623031938821413
2017-02-07 07:00:00,0.36,33.102,0.0,0.0,88.0,2.0,0.0,0.0,5.555555555555555,-31.461999999999996,0.0
2017-02-07 08:00:00,1.692,33.21,0.0,0.0,88.0,2.0,5.555555555555555,0.0,0.0,-27.346444444444444,0.0
2017-02-07 09:00:00,3.204,33.642,0.0,0.0,88.0,2.0,5.555555555555555,0.0,0.0,-29.290444444444447,0.0
2017-02-07 10:00:00,3.924,33.696,0.0,0.0,88.0,2.0,5.555555555555555,0.0,0.0,-30.06444444444444,0.0
2017-02-07 11:00:00,4.068,33.804,0.0,0.0,88.0,2.0,5.555555555555555,0.0,0.0,-30.316444444444443,0.0
2017-02-07 12:00:00,3.816,34.128,0.0,0.0,88.0,2.0,5.555555555555555,0.0,0.0,-30.388444444444442,0.0
2017-02-07 13:00:00,2.772,34.02,0.0,0.0,88.0,2.0,5.555555555555555,0.0,0.0,-29.236444444444444,0.0
2017-02-07 14:00:00,1.8,34.344,0.0,0.0,88.0,2.0,5.555555555555555,0.0,0.0,-28.588444444444445,0.0
2017-02-07 15:00:00,0.792,33.264,0.0,0.0,88.0,2.0,5.555555555555555,0.0,0.0,-26.500444444444447,0.0
2017-02-07 16:00:00,0.0,33.156,0.0,0.0,88.0,2.0,5.555555555555555,0.0,0.0,-25.60044444444444,0.0
2017-02-07 17:00:00,0.0,32.94,0.0,0.0,88.0,2.0,5.555555555555555,0.0,0.0,-25.38444444444444,0.0
2017-02-07 18:00:00,0.0,31.698,0.0,0.0,88.0,2.0,5.555555555555555,0.0,0.0,-24.142444444444443,0.0
2017-02-07 19:00:00,0.0,33.21,0.0,0.0,88.0,2.0,5.555555555555555,0.0,0.0,-25.654444444444444,0.0
2017-02-07 20:00:00,0.0,33.696,0.0,0.0,88.0,2.0,5.555555555555555,0.0,0.0,-26.14044444444444,0.0
2017-02-07 21:00:00,0.0,33.426,0.0,0.0,88.0,2.0,5.555555555555555,0.0,0.0,-25.870444444444445,0.0
2017-02-07 22:00:00,0.0,33.156,0.0,0.0,88.0,2.0,5.555555555555555,0.0,0.0,-25.60044444444444,0.0
2017-02-07 23:00:00,0.0,32.562,0.0,0.0,88.0,2.0,5.555555555555555,0.0,0.0,-25.00644444444444,0.0
2017-02-08 00:00:00,0.0,31.104,0.0,0.0,88.0,2.0,5.555555555555555,0.0,0.0,-23.548444444444442,0.0
2017-02-08 01:00:00,0.0,31.212,0.0,0.0,88.0,2.0,5.555555555555555,0.0,0.0,-23.656444444444446,0.0
2017-02-08 02:00:00,0.0,31.752,0.0,0.0,88.0,2.0,5.555555555555555,17.84908650687135,0.0,-6.347357937573097,17.49210477673392
2017-02-08 03:00:00,0.0,31.698,0.0,0.0,88.0,2.0,5.555555555555555,0.0,0.0,-24.142444444444443,17.282199519413115
2017-02-08 04:00:00,0.0,31.536,0.0,0.0,88.0,2.0,5.555555555555555,0.0,0.0,-23.980444444444444,17.074813125180157
2017-02-08 05:00:00,0.0,30.996,0.0,0.0,88.0,2.0,0.0,0.0,5.555555555555555,-28.996,11.314359812122438
2017-02-08 06:00:00,0.0,28.458,0.0,0.0,88.0,2.0,0.0,0.0,5.555555555555555,-26.458,5.623031938821413
2017-02-08 07:00:00,0.324,30.24,0.0,0.0,88.0,2.0,0.0,0.0,5.555555555555555,-28.564,0.0
2017-02-08 08:00:00,1.368,31.86,0.0,0.0,88.0,2.0,5.555555555555555,0.0,0.0,-25.67244444444444,0.0
2017-02-08 09:00:00,2.88,31.806,0.0,0.0,88.0,2.0,5.555555555555555,0.0,0.0,-27.130444444444446,0.0
2017-02-08 10:00:00,4.104,31.32,0.0,0.0,88.0,2.0,5.555555555555555,0.0,0.0,-27.868444444444442,0.0
2017-02-08 11:00:00,4.68,30.24,0.0,0.0,88.0,2.0,5.555555555555555,0.0,0.0,-27.364444444444445,0.0
2017-02-08 12:00:00,4.428,26.946,0.0,0.0,88.0,2.0,5.555555555555555,0.0,0.0,-23.81844444444445,0.0
2017-02-08 13:00:00,3.816,25.704,0.0,0.0,88.0,2.0,5.555555555555555,0.0,0.0,-21.964444444444442,0.0
2017-02-08 14:00:00,2.052,25.596,0.0,0.0,88.0,2.0,5.555555555555555,0.0,0.0,-20.092444444444446,0.0
2017-02-08 15:00:00,0.792,24.678,0.0,0.0,88.0,2.0,5.555555555555555,0.0,0.0,-17.91444444444445,0.0
2017-02-08 16:00:00,0.0,24.732,0.0,0.0,88.0,2.0,5.555555555555555,0.0,0.0,-17.176444444444442,0.0
2017-02-08 17:00:00,0.0,24.894,0.0,0.0,88.0,2.0,5.555555555555555,0.0,0.0,-17.33844444444444,0.0
2017-02-08 18:00:00,0.0,22.734,0.0,0.0,88.0,2.0,5.555555555555555,0.0,0.0,-15.178444444444446,0.0
2017-02-08 19:00:00,0.0,23.004,0.0,0.0,88.0,2.0,5.555555555555555,0.0,0.0,-15.448444444444446,0.0
2017-02-08 20:00:00,0.0,22.248,0.0,0.0,88.0,2.0,5.555555555555555,0.0,0.0,-14.692444444444446,0.0
2017-02-08 21:00:00,0.0,20.25,0.0,0.0,88.0,2.0,5.555555555555555,0.0,0.0,-12.694444444444445,0.0
2017-02-08 22:00:00,0.0,18.522,0.0,0.0,88.0,2.0,5.555555555555555,0.0,0.0,-10.966444444444443,0.0
2017-02-08 23:00:00,0.0,16.74,0.0,0.0,88.0,2.0,5.555555555555555,0.0,0.0,-9.184444444444443,0.0
2017-02-09 00:00:00,0.0,14.148,0.0,0.0,88.0,2.0,5.555555555555555,0.0,0.0,-6.592444444444444,0.0
2017-02-09 01:00:00,0.0,13.77,0.0,0.0,88.0,2.0,5.555555555555555,24.0,0.0,17.785555555555558,23.52
2017-02-09 02:00:00,0.0,12.744,0.0,0.0,88.0,2.0,5.555555555555555,24.0,0.0,18.811555555555557,46.75776
2017-02-09 03:00:00,0.0,12.204,0.0,0.0,88.0,2.0,5.555555555555555,16.61503838811466,0.0,11.966593943670212,62.47940450035236
2017-02-09 04:00:00,0.0,11.988,0.0,0.0,88.0,2.0,5.555555555555555,24.0,0.0,19.567555555555558,85.24965164634813
2017-02-09 05:00:00,0.0,11.718,0.0,0.0,88.0,2.0,0.0,0.0,5.555555555555555,-9.718,78.6711002710364
2017-02-09 06:00:00,0.0,9.342,18.47999999972965,0.0,68.75000000022001,2.0,0.0,0.0,5.555555555555555,-25.821999999729655,72.1714915122284
2017-02-09 07:00:00,0.396,9.45,22.0,0.0,45.833333333480006,2.0,0.0,0.0,5.555555555555555,-29.846,65.74987805852611
2017-02-09 08:00:00,1.944,8.856,22.0,0.0,22.916666666740003,2.0,0.0,0.0,5.555555555555555,-30.8,59.40532396626824
2017-02-09 09:00:00,3.924,8.478,22.0,0.0,0.0,2.0,0.0,0.0,5.555555555555555,-32.402,53.136904523117465
2017-02-09 10:00:00,5.868,8.154,0.0,22.0,21.119999999999997,2.0,0.0,0.0,5.555555555555555,9.978,46.9437061132845
2017-02-09 11:00:00,6.552,7.938,0.0,22.0,42.239999999999995,2.0,0.0,0.0,5.555555555555555,9.510000000000002,40.824826084369526
2017-02-09 12:00:00,6.228,6.696,15.100799999740454,0.0,26.510000000220018,2.0,0.0,0.0,5.555555555555555,-26.02479999974046,34.779372615801535
2017-02-09 13:00:00,6.588,6.858,0.0,22.0,47.630000000220015,2.0,0.0,0.0,5.555555555555555,10.553999999999998,28.806464588856358
2017-02-09 14:00:00,3.888,7.074,0.0,22.0,68.75000000022001,2.0,0.0,0.0,5.555555555555555,13.038000000000002,22.905231458234528
2017-02-09 15:00:00,1.764,7.182,22.0,0.0,45.833333333480006,2.0,0.0,0.0,5.555555555555555,-28.946,17.074813125180157
2017-02-09 16:00:00,0.0,7.884,22.0,0.0,22.916666666740003,2.0,0.0,0.0,5.555555555555555,-27.884,11.314359812122438
2017-02-09 17:00:00,0.0,8.1,22.0,0.0,0.0,2.0,0.0,0.0,5.555555555555555,-28.1,5.623031938821413
2017-02-09 18:00:00,0.0,9.234,0.0,0.0,0.0,2.0,0.0,0.0,5.555555555555555,-7.234,0.0
2017-02-09 19:00:00,0.0,9.018,0.0,0.0,0.0,2.0,5.555555555555555,0.0,0.0,-1.4624444444444453,0.0
2017-02-09 20:00:00,0.0,9.288,0.0,0.0,0.0,2.0,5.555555555555555,0.0,0.0,-1.732444444444445,0.0
2017-02-09 21:00:00,0.0,9.45,0.0,0.0,0.0,2.0,5.555555555555555,0.0,0.0,-1.894444444444444,0.0
2017-02-09 22:00:00,0.0,9.99,0.0,0.0,0.0,2.0,5.555555555555555,0.0,0.0,-2.434444444444445,0.0
2017-02-09 23:00:00,0.0,10.908,0.0,0.0,0.0,2.0,5.555555555555555,0.0,0.0,-3.352444444444444,0.0
2017-02-10 00:00:00,0.0,8.478,0.0,0.0,0.0,2.0,5.555555555555555,0.0,0.0,-0.9224444444444444,0.0
2017-02-10 01:00:00,0.0,11.07,0.0,22.0,21.119999999999997,2.0,5.555555555555555,0.0,0.0,18.485555555555557,0.0
2017-02-10 02:00:00,0.0,13.23,0.0,22.0,42.239999999999995,2.0,5.555555555555555,0.0,0.0,16.325555555555557,0.0
2017-02-10 03:00:00,0.0,14.202,0.0,3.743055555708345,45.833333333480006,2.0,5.555555555555555,11.827420047053153,0.0,8.924031158317055,11.59087164611209
2017-02-10 04:00:00,0.0,15.066,0.0,0.0,45.833333333480006,2.0,5.555555555555555,0.0,0.0,-7.510444444444445,11.451781186358744
2017-02-10 05:00:00,0.0,15.552,0.0,0.0,45.833333333480006,2.0,5.555555555555555,0.0,0.0,-7.996444444444444,11.314359812122438
2017-02-10 06:00:00,0.0,12.42,22.0,0.0,22.916666666740003,2.0,0.0,0.0,5.555555555555555,-32.42,5.623031938821413
2017-02-10 07:00:00,0.36,16.362,22.0,0.0,0.0,2.0,0.0,0.0,5.555555555555555,-36.721999999999994,0.0
2017-02-10 08:00:00,1.512,21.762,0.0,0.0,0.0,2.0,5.555555555555555,0.0,0.0,-15.718444444444446,0.0
2017-02-10 09:00:00,2.808,24.192,0.0,0.0,0.0,2.0,5.555555555555555,0.0,0.0,-19.444444444444443,0.0
2017-02-10 10:00:00,3.744,25.38,0.0,0.0,0.0,2.0,5.555555555555555,0.0,0.0,-21.568444444444445,0.0
2017-02-10 11:00:00,4.212,25.434,0.0,0.0,0.0,2.0,5.555555555555555,0.0,0.0,-22.090444444444447,0.0
2017-02-10 12:00:00,3.636,23.004,0.0,0.0,0.0,2.0,5.555555555555555,0.0,0.0,-19.084444444444447,0.0
2017-02-10 13:00:00,3.132,26.676,0.0,0.0,0.0,2.0,5.555555555555555,0.0,0.0,-22.252444444444446,0.0
2017-02-10 14:00:00,1.728,29.106,0.0,0.0,0.0,2.0,5.555555555555555,0.0,0.0,-23.278444444444446,0.0
2017-02-10 15:00:00,0.648,28.296,0.0,0.0,0.0,2.0,5.555555555555555,0.0,0.0,-21.388444444444442,0.0
2017-02-10 16:00:00,0.0,27.486,0.0,0.0,0.0,2.0,5.555555555555555,0.0,0.0,-19.930444444444447,0.0
2017-02-10 17:00:00,0.0,25.38,0.0,0.0,0.0,2.0,5.555555555555555,0.0,0.0,-17.824444444444445,0.0
2017-02-10 18:00:00,0.0,24.3,0.0,0.0,0.0,2.0,5.555555555555555,0.0,0.0,-16.744444444444447,0.0
2017-02-10 19:00:00,0.0,23.652,0.0,0.0,0.0,2.0,5.555555555555555,0.0,0.0,-16.096444444444444,0.0
2017-02-10 20:00:00,0.0,23.814,0.0,0.0,0.0,2.0,5.555555555555555,0.0,0.0,-16.258444444444443,0.0
2017-02-10 21:00:00,0.0,22.572,0.0,0.0,0.0,2.0,5.555555555555555,0.0,0.0,-15.016444444444444,0.0
2017-02-10 22:00:00,0.0,21.816,0.0,0.0,0.0,2.0,5.555555555555555,0.0,0.0,-14.260444444444444,0.0
2017-02-10 23:00:00,0.0,21.6,0.0,0.0,0.0,2.0,5.555555555555555,0.0,0.0,-14.044444444444446,0.0
2017-02-11 00:00:00,0.0,22.734,0.0,0.0,0.0,2.0,5.555555555555555,0.0,0.0,-15.178444444444446,0.0
2017-02-11 01:00:00,0.0,25.164,0.0,0.0,0.0,2.0,5.555555555555555,0.0,0.0,-17.608444444444444,0.0
2017-02-11 02:00:00,0.0,26.622,0.0,0.0,0.0,2.0,5.555555555555555,0.0,0.0,-19.066444444444443,0.0
2017-02-11 03:00:00,0.0,27.54,0.0,0.0,0.0,2.0,5.555555555555555,0.0,0.0,-19.984444444444442,0.0
2017-02-11 04:00:00,0.0,28.458,0.0,0.0,0.0,2.0,5.555555555555555,0.0,0.0,-20.90244444444444,0.0
2017-02-11 05:00:00,0.0,29.052,0.0,0.0,0.0,2.0,5.555555555555555,0.0,0.0,-21.496444444444442,0.0
2017-02-11 06:00:00,0.0,28.242,0.0,0.0,0.0,2.0,5.555555555555555,0.0,0.0,-20.686444444444447,0.0
2017-02-11 07:00:00,1.152,30.132,0.0,0.0,0.0,2.0,5.555555555555555,0.0,0.0,-23.72844444444445,0.0
2017-02-11 08:00:00,5.652,33.642,0.0,0.0,0.0,2.0,5.555555555555555,0.0,0.0,-31.738444444444447,0.0
2017-02-11 09:00:00,11.808,35.262,0.0,0.0,0.0,2.0,5.555555555555555,0.0,0.0,-39.51444444444444,0.0
2017-02-11 10:00:00,18.612,35.802,0.0,0.0,0.0,2.0,5.555555555555555,0.0,0.0,-46.858444444444444,0.0
2017-02-11 11:00:00,22.644,35.532,0.0,0.0,0.0,2.0,5.555555555555555,0.0,0.0,-50.62044444444444,0.0
2017-02-11 12:00:00,22.86,30.996,0.0,0.0,0.0,2.0,5.555555555555555,0.0,0.0,-46.300444444444445,0.0
2017-02-11 13:00:00,20.016,33.102,0.0,0.0,0.0,2.0,5.555555555555555,0.0,0.0,-45.56244444444444,0.0
2017-02-11 14:00:00,14.364,33.75,0.0,0.0,0.0,2.0,5.555555555555555,0.0,0.0,-40.55844444444445,0.0
2017-02-11 15:00:00,5.724,32.67,0.0,0.0,0.0,2.0,5.555555555555555,0.0,0.0,-30.838444444444445,0.0
2017-02-11 16:00:00,0.0,32.292,0.0,0.0,0.0,2.0,5.555555555555555,0.0,0.0,-24.736444444444444,0.0
2017-02-11 17:00:00,0.0,31.968,0.0,0.0,0.0,2.0,5.555555555555555,0.0,0.0,-24.412444444444446,0.0
2017-02-11 18:00:00,0.0,27.27,0.0,0.0,0.0,2.0,5.555555555555555,0.0,0.0,-19.714444444444446,0.0
2017-02-11 19:00:00,0.0,27.702,0.0,0.0,0.0,2.0,5.555555555555555,0.0,0.0,-20.146444444444448,0.0
2017-02-11 20:00:00,0.0,28.08,0.0,0.0,0.0,2.0,5.555555555555555,0.0,0.0,-20.52444444444444,0.0
2017-02-11 21:00:00,0.0,27.81,0.0,0.0,0.0,2.0,5.555555555555555,0.0,0.0,-20.254444444444445,0.0
2017-02-11 22:00:00,0.0,27.378,0.0,0.0,0.0,2.0,5.555555555555555,0.0,0.0,-19.822444444444443,0.0
2017-02-11 23:00:00,0.0,26.676,0.0,0.0,0.0,2.0,5.555555555555555,0.0,0.0,-19.120444444444445,0.0
2017-02-12 00:00:00,0.0,26.784,0.0,0.0,0.0,2.0,5.555555555555555,0.0,0.0,-19.228444444444442,0.0
2017-02-12 01:00:00,0.0,27.378,0.0,0.0,0.0,2.0,5.555555555555555,0.0,0.0,-19.822444444444443,0.0
2017-02-12 02:00:00,0.0,27.81,0.0,0.0,0.0,2.0,5.555555555555555,0.0,0.0,-20.254444444444445,0.0
2017-02-12 03:00:00,0.0,26.892,0.0,22.0,21.119999999999997,2.0,5.555555555555555,0.0,0.0,2.6635555555555577,0.0
2017-02-12 04:00:00,0.0,25.974,0.0,22.0,42.239999999999995,2.0,5.555555555555555,0.0,0.0,3.581555555555557,0.0
2017-02-12 05:00:00,0.0,24.948,0.0,22.0,63.35999999999999,2.0,5.555555555555555,0.0,0.0,4.607555555555557,0.0
2017-02-12 06:00:00,0.0,23.328,0.0,3.66666666666667,66.88,2.0,5.555555555555555,17.423278699163426,0.0,5.317500921385651,17.074813125180157
2017-02-12 07:00:00,0.36,27.0,0.0,0.0,66.88,2.0,0.0,0.0,5.555555555555555,-25.36,11.314359812122438
2017-02-12 08:00:00,1.512,27.81,0.0,0.0,66.88,2.0,0.0,0.0,5.555555555555555,-27.322,5.623031938821413
2017-02-12 09:00:00,3.096,26.028,0.0,0.0,66.88,2.0,0.0,0.0,5.555555555555555,-27.124,0.0
2017-02-12 10:00:00,4.5,24.138,0.0,0.0,66.88,2.0,5.555555555555555,0.0,0.0,-21.082444444444448,0.0
2017-02-12 11:00:00,5.04,21.762,0.0,0.0,66.88,2.0,5.555555555555555,0.0,0.0,-19.246444444444446,0.0
2017-02-12 12:00:00,4.608,15.552,0.0,0.0,66.88,2.0,5.555555555555555,0.0,0.0,-12.604444444444443,0.0
2017-02-12 13:00:00,4.212,16.308,0.0,22.0,88.0,2.0,5.555555555555555,23.656563928607092,0.0,32.692119484162646,23.18343265003495
2017-02-12 14:00:00,2.7,15.822,0.0,0.0,88.0,2.0,5.555555555555555,0.0,0.0,-10.966444444444445,22.905231458234528
2017-02-12 15:00:00,1.188,15.12,0.0,0.0,88.0,2.0,0.0,0.0,5.555555555555555,-14.308,17.074813125180157
2017-02-12 16:00:00,0.0,14.256,22.0,0.0,65.08333333326,2.0,0.0,0.0,5.555555555555555,-34.256,11.314359812122438
2017-02-12 17:00:00,0.0,12.366,22.0,0.0,42.16666666652,2.0,0.0,0.0,5.555555555555555,-32.366,5.623031938821413
2017-02-12 18:00:00,0.0,11.394,22.0,0.0,19.249999999779998,2.0,0.0,0.0,5.555555555555555,-31.394,0.0
2017-02-12 19:00:00,0.0,9.828,0.0,0.0,19.249999999779998,2.0,5.555555555555555,0.0,0.0,-2.272444444444444,0.0
2017-02-12 20:00:00,0.0,9.288,0.0,0.0,19.249999999779998,2.0,5.555555555555555,0.0,0.0,-1.732444444444445,0.0
2017-02-12 21:00:00,0.0,8.64,0.0,0.0,19.249999999779998,2.0,5.555555555555555,0.0,0.0,-1.0844444444444452,0.0
2017-02-12 22:00:00,0.0,7.614,0.0,0.0,19.249999999779998,2.0,5.555555555555555,0.0,0.0,-0.05844444444444452,0.0
2017-02-12 23:00:00,0.0,6.48,0.0,22.0,40.36999999977999,2.0,5.555555555555555,24.0,0.0,47.07555555555555,23.52
2017-02-13 00:00:00,0.0,4.752,0.0,22.0,61.48999999977999,2.0,5.555555555555555,0.0,0.0,24.80355555555556,23.237759999999998
2017-02-13 01:00:00,0.0,4.482,0.0,5.614583333562506,66.88,2.0,0.0,0.0,5.555555555555555,3.132583333562506,17.403351324444444
2017-02-13 02:00:00,0.0,3.618,0.0,22.0,88.0,2.0,5.555555555555555,24.0,0.0,49.937555555555555,40.71451110855111
2017-02-13 03:00:00,0.0,3.402,0.0,0.0,88.0,2.0,5.555555555555555,0.0,0.0,4.153555555555555,40.225936975248494
2017-02-13 04:00:00,0.0,3.078,0.0,0.0,88.0,2.0,0.0,0.0,5.555555555555555,-1.0779999999999998,34.18767017598996
2017-02-13 05:00:00,0.0,2.808,0.0,0.0,88.0,2.0,0.0,0.0,5.555555555555555,-0.8079999999999998,28.221862578322522
2017-02-13 06:00:00,0.0,2.214,22.0,0.0,65.08333333326,2.0,0.0,0.0,5.555555555555555,-22.214,22.327644671827095
2017-02-13 07:00:00,0.684,2.916,22.0,0.0,42.16666666652,2.0,0.0,0.0,5.555555555555555,-23.6,16.504157380209612
2017-02-13 08:00:00,2.916,3.672,22.0,0.0,19.249999999779998,2.0,0.0,0.0,5.555555555555555,-26.588,10.750551936091542
2017-02-13 09:00:00,6.372,4.374,18.47999999972966,0.0,0.0,2.0,0.0,0.0,5.555555555555555,-27.22599999972966,5.065989757302887
2017-02-13 10:00:00,11.124,4.428,0.0,0.0,0.0,2.0,0.5503576753403028,0.0,5.005197880215253,-13.001642324659699,0.0
2017-02-13 11:00:00,15.948,3.888,0.0,0.0,0.0,2.0,5.555555555555555,0.0,0.0,-12.280444444444445,0.0
2017-02-13 12:00:00,20.52,3.402,0.0,0.0,0.0,2.0,5.555555555555555,0.0,0.0,-16.366444444444443,0.0
2017-02-13 13:00:00,19.44,3.672,0.0,0.0,0.0,2.0,5.555555555555555,0.0,0.0,-15.556444444444447,0.0
2017-02-13 14:00:00,15.48,3.834,0.0,0.0,0.0,2.0,5.555555555555555,0.0,0.0,-11.758444444444445,0.0
2017-02-13 15:00:00,8.892,2.97,0.0,0.0,0.0,2.0,5.555555555555555,0.0,0.0,-4.306444444444445,0.0
2017-02-13 16:00:00,0.0,2.7,0.0,0.0,0.0,2.0,5.555555555555555,0.0,0.0,4.855555555555555,0.0
2017-02-13 17:00:00,0.0,2.322,0.0,0.0,0.0,2.0,5.555555555555555,0.0,0.0,5.233555555555555,0.0
2017-02-13 18:00:00,0.0,2.376,0.0,0.0,0.0,2.0,5.555555555555555,0.0,0.0,5.179555555555556,0.0
2017-02-13 19:00:00,0.0,2.484,0.0,0.0,0.0,2.0,5.555555555555555,0.0,0.0,5.071555555555555,0.0
2017-02-13 20:00:00,0.0,2.754,0.0,0.0,0.0,2.0,5.555555555555555,0.0,0.0,4.801555555555556,0.0
2017-02-13 21:00:00,0.0,2.376,0.0,0.0,0.0,2.0,5.555555555555555,0.0,0.0,5.179555555555556,0.0
2017-02-13 22:00:00,0.0,2.214,0.0,0.0,0.0,2.0,5.555555555555555,0.0,0.0,5.341555555555555,0.0
2017-02-13 23:00:00,0.0,2.052,0.0,22.0,21.119999999999997,2.0,5.555555555555555,0.0,0.0,27.503555555555558,0.0
2017-02-14 00:00:00,0.0,2.106,0.0,22.0,42.239999999999995,2.0,5.555555555555555,0.0,0.0,27.449555555555555,0.0
2017-02-14 01:00:00,0.0,1.998,0.0,22.0,63.35999999999999,2.0,5.555555555555555,0.0,0.0,27.557555555555556,0.0
2017-02-14 02:00:00,0.0,1.782,0.0,22.0,84.47999999999999,2.0,5.555555555555555,24.0,0.0,51.77355555555556,23.52
2017-02-14 03:00:00,0.0,1.836,0.0,3.6666666666666776,88.0,2.0,5.555555555555555,11.777155730409731,0.0,21.163377952631965,34.779372615801535
2017-02-14 04:00:00,0.0,2.052,0.0,0.0,88.0,2.0,0.0,0.0,5.555555555555555,-0.052000000000000046,28.806464588856358
2017-02-14 05:00:00,0.0,2.322,0.0,0.0,88.0,2.0,0.0,0.0,5.555555555555555,-0.32200000000000006,22.905231458234528
2017-02-14 06:00:00,0.0,2.754,15.030399999599886,0.0,72.34333333370002,2.0,0.0,0.0,5.555555555555555,-15.784399999599886,17.074813125180157
2017-02-14 07:00:00,3.024,2.916,22.0,0.0,49.42666666696002,2.0,0.0,0.0,5.555555555555555,-25.94,11.314359812122438
2017-02-14 08:00:00,12.312,2.808,22.0,0.0,26.510000000220018,2.0,0.0,0.0,5.555555555555555,-35.12,5.623031938821413
2017-02-14 09:00:00,19.152,2.97,0.0,0.0,26.510000000220018,2.0,0.0,0.0,5.555555555555555,-20.122,0.0
2017-02-14 10:00:00,23.292,3.132,0.0,0.0,26.510000000220018,2.0,5.555555555555555,0.0,0.0,-18.868444444444446,0.0
2017-02-14 11:00:00,24.876,3.456,0.0,0.0,26.510000000220018,2.0,5.555555555555555,0.0,0.0,-20.776444444444444,0.0
2017-02-14 12:00:00,24.444,3.618,0.0,0.0,26.510000000220018,2.0,5.555555555555555,0.0,0.0,-20.506444444444444,0.0
2017-02-14 13:00:00,21.6,3.726,0.0,0.0,26.510000000220018,2.0,5.555555555555555,0.0,0.0,-17.770444444444447,0.0
2017-02-14 14:00:00,16.488,3.456,0.0,22.0,47.630000000220015,2.0,5.555555555555555,0.0,0.0,9.611555555555558,0.0
2017-02-14 15:00:00,9.36,3.834,0.0,22.0,68.75000000022001,2.0,5.555555555555555,17.423278699163426,0.0,33.78483425471898,17.074813125180157
2017-02-14 16:00:00,0.0,4.59,22.0,0.0,45.833333333480006,2.0,0.0,0.0,5.555555555555555,-24.59,11.314359812122438
2017-02-14 17:00:00,0.0,5.184,22.0,0.0,22.916666666740003,2.0,0.0,0.0,5.555555555555555,-25.184,5.623031938821413
2017-02-14 18:00:00,0.0,4.536,22.0,0.0,0.0,2.0,0.0,0.0,5.555555555555555,-24.536,0.0
2017-02-14 19:00:00,0.0,3.834,0.0,0.0,0.0,2.0,5.555555555555555,0.0,0.0,3.7215555555555553,0.0
2017-02-14 20:00:00,0.0,3.078,0.0,0.0,0.0,2.0,5.555555555555555,0.0,0.0,4.477555555555556,0.0
2017-02-14 21:00:00,0.0,2.484,0.0,0.0,0.0,2.0,5.555555555555555,0.0,0.0,5.071555555555555,0.0
2017-02-14 22:00:00,0.0,2.322,0.0,22.0,21.119999999999997,2.0,5.555555555555555,0.0,0.0,27.233555555555558,0.0
2017-02-14 23:00:00,0.0,2.376,0.0,22.0,42.239999999999995,2.0,5.555555555555555,11.475647379429375,0.0,38.655202934984935,11.246134431840789
2017-02-15 00:00:00,0.0,2.16,0.0,22.0,63.35999999999999,2.0,5.555555555555555,24.0,0.0,51.39555555555556,34.6311808186587
2017-02-15 01:00:00,0.0,2.16,0.0,22.0,84.47999999999999,2.0,5.555555555555555,24.0,0.0,51.39555555555556,57.73560664883479
2017-02-15 02:00:00,0.0,1.998,0.0,3.6666666666666776,88.0,2.0,5.555555555555555,24.0,0.0,33.22422222222224,80.56277936904877
2017-02-15 03:00:00,0.0,1.998,0.0,0.0,88.0,2.0,5.555555555555555,0.0,0.0,5.557555555555555,79.59602601662019
2017-02-15 04:00:00,0.0,2.106,0.0,0.0,88.0,2.0,0.0,0.0,5.555555555555555,-0.10599999999999987,73.08531814886518
2017-02-15 05:00:00,0.0,2.214,0.0,0.0,88.0,2.0,0.0,0.0,5.555555555555555,-0.21399999999999997,66.65273877552325
2017-02-15 06:00:00,0.0,1.458,22.0,0.0,65.08333333326,2.0,0.0,0.0,5.555555555555555,-21.458,60.297350354661404
2017-02-15 07:00:00,3.564,1.458,22.0,0.0,42.16666666652,2.0,0.0,0.0,5.555555555555555,-25.022,54.01822659484991
2017-02-15 08:00:00,13.104,1.62,22.0,0.0,19.249999999779998,2.0,0.0,0.0,5.555555555555555,-34.724000000000004,47.81445232015615
2017-02-15 09:00:00,20.016,1.404,18.47999999972966,0.0,0.0,2.0,0.0,0.0,5.555555555555555,-37.89999999972966,41.68512333675872
2017-02-15 10:00:00,24.048,1.242,0.0,22.0,21.119999999999997,2.0,0.0,0.0,5.555555555555555,-1.2899999999999991,35.62934630116206
2017-02-15 11:00:00,25.128,1.134,0.0,22.0,42.239999999999995,2.0,5.555555555555555,0.0,0.0,3.2935555555555567,35.201794145548114
2017-02-15 12:00:00,23.292,0.648,0.0,22.0,63.35999999999999,2.0,5.555555555555555,0.0,0.0,5.615555555555556,34.779372615801535
2017-02-15 13:00:00,20.052,0.702,0.0,0.0,63.35999999999999,2.0,0.0,0.0,5.555555555555555,-18.753999999999998,28.806464588856358
2017-02-15 14:00:00,14.328,0.864,0.0,5.614583333562521,68.75000000022001,2.0,0.0,0.0,5.555555555555555,-7.577416666437478,22.905231458234528
2017-02-15 15:00:00,8.1,1.188,22.0,0.0,45.833333333480006,2.0,0.0,0.0,5.555555555555555,-29.287999999999997,17.074813125180157
2017-02-15 16:00:00,0.0,1.782,22.0,0.0,22.916666666740003,2.0,0.0,0.0,5.555555555555555,-21.782,11.314359812122438
2017-02-15 17:00:00,0.0,2.322,22.0,0.0,0.0,2.0,0.0,0.0,5.555555555555555,-22.322,5.623031938821413
2017-02-15 18:00:00,0.0,3.186,0.0,0.0,0.0,2.0,0.0,0.0,5.555555555555555,-1.186,0.0
2017-02-15 19:00:00,0.0,3.834,0.0,0.0,0.0,2.0,5.555555555555555,0.0,0.0,3.7215555555555553,0.0
2017-02-15 20:00:00,0.0,4.158,0.0,0.0,0.0,2.0,5.555555555555555,0.0,0.0,3.397555555555555,0.0
2017-02-15 21:00:00,0.0,4.698,0.0,0.0,0.0,2.0,5.555555555555555,0.0,0.0,2.857555555555555,0.0
2017-02-15 22:00:00,0.0,5.508,0.0,0.0,0.0,2.0,5.555555555555555,0.0,0.0,2.0475555555555554,0.0
2017-02-15 23:00:00,0.0,6.264,0.0,0.0,0.0,2.0,5.555555555555555,0.0,0.0,1.2915555555555551,0.0
2017-02-16 00:00:00,0.0,6.21,0.0,0.0,0.0,2.0,5.555555555555555,0.0,0.0,1.3455555555555554,0.0
2017-02-16 01:00:00,0.0,7.452,0.0,0.0,0.0,2.0,5.555555555555555,0.0,0.0,0.1035555555555554,0.0
2017-02-16 02:00:00,0.0,7.452,0.0,0.0,0.0,2.0,5.555555555555555,0.0,0.0,0.1035555555555554,0.0
2017-02-16 03:00:00,0.0,8.748,0.0,0.0,0.0,2.0,5.555555555555555,5.8780135847527735,0.0,4.6855691403083295,5.760453313057718
2017-02-16 04:00:00,0.0,10.368,0.0,0.0,0.0,2.0,5.555555555555555,0.0,0.0,-2.812444444444445,5.6913278733010255
2017-02-16 05:00:00,0.0,12.852,0.0,0.0,0.0,2.0,5.555555555555555,0.0,0.0,-5.296444444444445,5.623031938821413
2017-02-16 06:00:00,0.0,15.768,0.0,0.0,0.0,2.0,0.0,0.0,5.555555555555555,-13.768,0.0
2017-02-16 07:00:00,0.792,18.684,0.0,0.0,0.0,2.0,5.555555555555555,0.0,0.0,-11.920444444444446,0.0
2017-02-16 08:00:00,1.224,20.736,0.0,0.0,0.0,2.0,5.555555555555555,0.0,0.0,-14.404444444444445,0.0
2017-02-16 09:00:00,1.548,21.87,0.0,0.0,0.0,2.0,5.555555555555555,0.0,0.0,-15.862444444444446,0.0
2017-02-16 10:00:00,1.944,23.382,0.0,0.0,0.0,2.0,5.555555555555555,0.0,0.0,-17.770444444444447,0.0
2017-02-16 11:00:00,2.088,23.922,0.0,0.0,0.0,2.0,5.555555555555555,0.0,0.0,-18.454444444444448,0.0
2017-02-16 12:00:00,1.764,18.738,0.0,0.0,0.0,2.0,5.555555555555555,0.0,0.0,-12.946444444444444,0.0
2017-02-16 13:00:00,1.296,20.25,0.0,0.0,0.0,2.0,5.555555555555555,0.0,0.0,-13.990444444444444,0.0
2017-02-16 14:00:00,0.756,19.332,0.0,0.0,0.0,2.0,5.555555555555555,0.0,0.0,-12.532444444444446,0.0
2017-02-16 15:00:00,0.36,17.604,0.0,0.0,0.0,2.0,5.555555555555555,0.0,0.0,-10.408444444444443,0.0
2017-02-16 16:00:00,0.0,17.118,0.0,0.0,0.0,2.0,5.555555555555555,0.0,0.0,-9.562444444444443,0.0
2017-02-16 17:00:00,0.0,17.442,0.0,0.0,0.0,2.0,5.555555555555555,0.0,0.0,-9.886444444444445,0.0
2017-02-16 18:00:00,0.0,15.66,0.0,0.0,0.0,2.0,5.555555555555555,0.0,0.0,-8.104444444444445,0.0
2017-02-16 19:00:00,0.0,17.118,0.0,0.0,0.0,2.0,5.555555555555555,0.0,0.0,-9.562444444444443,0.0
2017-02-16 20:00:00,0.0,16.794,0.0,0.0,0.0,2.0,5.555555555555555,0.0,0.0,-9.238444444444445,0.0
2017-02-16 21:00:00,0.0,15.282,0.0,0.0,0.0,2.0,5.555555555555555,0.0,0.0,-7.726444444444445,0.0
2017-02-16 22:00:00,0.0,13.446,0.0,0.0,0.0,2.0,5.555555555555555,0.0,0.0,-5.890444444444444,0.0
2017-02-16 23:00:00,0.0,11.232,0.0,22.0,21.119999999999997,2.0,5.555555555555555,0.0,0.0,18.323555555555558,0.0
2017-02-17 00:00:00,0.0,9.342,0.0,22.0,42.239999999999995,2.0,5.555555555555555,24.0,0.0,44.21355555555556,23.52
2017-02-17 01:00:00,0.0,6.966,0.0,22.0,63.35999999999999,2.0,5.555555555555555,0.0,0.0,22.589555555555556,23.237759999999998
2017-02-17 02:00:00,0.0,4.806,0.0,5.614583333562521,68.75000000022001,2.0,5.555555555555555,0.0,0.0,8.364138889118077,22.958906879999997
2017-02-17 03:00:00,0.0,3.402,0.0,0.0,68.75000000022001,2.0,5.555555555555555,0.0,0.0,4.153555555555555,22.68339999744
2017-02-17 04:00:00,0.0,2.7,0.0,0.0,68.75000000022001,2.0,5.555555555555555,0.0,0.0,4.855555555555555,22.41119919747072
2017-02-17 05:00:00,0.0,2.376,0.0,0.0,68.75000000022001,2.0,0.0,0.0,5.555555555555555,-0.3759999999999999,16.586709251545514
2017-02-17 06:00:00,0.0,3.24,0.0,0.0,68.75000000022001,2.0,0.0,0.0,5.555555555555555,-1.2400000000000002,10.832113184971414
2017-02-17 07:00:00,0.612,3.78,22.0,0.0,45.833333333480006,2.0,0.0,0.0,5.555555555555555,-24.392,5.1465722711962005
2017-02-17 08:00:00,1.548,4.32,22.0,0.0,22.916666666740003,2.0,0.47074215161370975,0.0,5.084813403941846,-25.39725784838629,0.0
2017-02-17 09:00:00,2.34,5.238,22.0,0.0,0.0,2.0,5.555555555555555,0.0,0.0,-22.022444444444446,0.0
2017-02-17 10:00:00,3.456,6.156,0.0,0.0,0.0,2.0,5.555555555555555,0.0,0.0,-2.0564444444444443,0.0
2017-02-17 11:00:00,3.492,6.75,0.0,0.0,0.0,2.0,5.555555555555555,0.0,0.0,-2.6864444444444446,0.0
2017-02-17 12:00:00,3.348,5.616,0.0,0.0,0.0,2.0,5.555555555555555,0.0,0.0,-1.4084444444444442,0.0
2017-02-17 13:00:00,3.204,6.048,0.0,0.0,0.0,2.0,5.555555555555555,0.0,0.0,-1.6964444444444449,0.0
2017-02-17 14:00:00,2.484,5.832,0.0,0.0,0.0,2.0,5.555555555555555,0.0,0.0,-0.7604444444444445,0.0
2017-02-17 15:00:00,1.296,5.022,0.0,0.0,0.0,2.0,5.555555555555555,0.0,0.0,1.237555555555555,0.0
2017-02-17 16:00:00,0.0,4.698,0.0,0.0,0.0,2.0,5.555555555555555,0.0,0.0,2.857555555555555,0.0
2017-02-17 17:00:00,0.0,4.806,0.0,0.0,0.0,2.0,5.555555555555555,0.0,0.0,2.7495555555555553,0.0
2017-02-17 18:00:00,0.0,4.644,0.0,0.0,0.0,2.0,5.555555555555555,0.0,0.0,2.9115555555555552,0.0
2017-02-17 19:00:00,0.0,6.426,0.0,0.0,0.0,2.0,5.555555555555555,0.0,0.0,1.1295555555555552,0.0
2017-02-17 20:00:00,0.0,7.614,0.0,0.0,0.0,2.0,5.555555555555555,0.0,0.0,-0.05844444444444452,0.0
2017-02-17 21:00:00,0.0,7.722,0.0,0.0,0.0,2.0,5.555555555555555,0.0,0.0,-0.16644444444444506,0.0
2017-02-17 22:00:00,0.0,7.452,0.0,0.0,0.0,2.0,5.555555555555555,0.0,0.0,0.1035555555555554,0.0
2017-02-17 23:00:00,0.0,6.318,0.0,0.0,0.0,2.0,5.555555555555555,0.0,0.0,1.2375555555555557,0.0
2017-02-18 00:00:00,0.0,6.75,0.0,0.0,0.0,2.0,5.555555555555555,0.0,0.0,0.8055555555555554,0.0
2017-02-18 01:00:00,0.0,6.372,0.0,0.0,0.0,2.0,5.555555555555555,0.0,0.0,1.1835555555555555,0.0
2017-02-18 02:00:00,0.0,6.534,0.0,0.0,0.0,2.0,5.555555555555555,0.0,0.0,1.0215555555555556,0.0
2017-02-18 03:00:00,0.0,7.398,0.0,0.0,0.0,2.0,5.555555555555555,0.0,0.0,0.15755555555555567,0.0
2017-02-18 04:00:00,0.0,7.83,0.0,0.0,0.0,2.0,5.555555555555555,0.0,0.0,-0.2744444444444447,0.0
2017-02-18 05:00:00,0.0,7.83,0.0,0.0,0.0,2.0,5.555555555555555,0.0,0.0,-0.2744444444444447,0.0
2017-02-18 06:00:00,0.0,5.724,0.0,0.0,0.0,2.0,5.555555555555555,0.0,0.0,1.8315555555555552,0.0
2017-02-18 07:00:00,1.116,6.534,0.0,0.0,0.0,2.0,5.555555555555555,0.0,0.0,-0.09444444444444455,0.0
2017-02-18 08:00:00,3.708,7.884,0.0,0.0,0.0,2.0,5.555555555555555,0.0,0.0,-4.036444444444445,0.0
2017-02-18 09:00:00,4.176,9.666,0.0,0.0,0.0,2.0,5.555555555555555,0.0,0.0,-6.286444444444445,0.0
2017-02-18 10:00:00,3.96,11.34,0.0,0.0,0.0,2.0,5.555555555555555,0.0,0.0,-7.7444444444444445,0.0
2017-02-18 11:00:00,3.744,13.392,0.0,0.0,0.0,2.0,5.555555555555555,0.0,0.0,-9.580444444444444,0.0
2017-02-18 12:00:00,3.132,14.256,0.0,0.0,0.0,2.0,5.555555555555555,0.0,0.0,-9.832444444444445,0.0
2017-02-18 13:00:00,1.98,16.308,0.0,0.0,0.0,2.0,5.555555555555555,0.0,0.0,-10.732444444444445,0.0
2017-02-18 14:00:00,1.008,18.414,0.0,0.0,0.0,2.0,5.555555555555555,0.0,0.0,-11.866444444444447,0.0
2017-02-18 15:00:00,0.432,20.412,0.0,0.0,0.0,2.0,5.555555555555555,0.0,0.0,-13.288444444444444,0.0
2017-02-18 16:00:00,0.0,22.95,0.0,0.0,0.0,2.0,5.555555555555555,0.0,0.0,-15.394444444444444,0.0
2017-02-18 17:00:00,0.0,25.758,0.0,0.0,0.0,2.0,5.555555555555555,0.0,0.0,-18.202444444444446,0.0
2017-02-18 18:00:00,0.0,29.484,0.0,0.0,0.0,2.0,5.555555555555555,0.0,0.0,-21.928444444444445,0.0
2017-02-18 19:00:00,0.0,32.67,0.0,0.0,0.0,2.0,5.555555555555555,0.0,0.0,-25.114444444444445,0.0
2017-02-18 20:00:00,0.0,33.75,0.0,0.0,0.0,2.0,5.555555555555555,0.0,0.0,-26.194444444444443,0.0
2017-02-18 21:00:00,0.0,34.29,0.0,0.0,0.0,2.0,5.555555555555555,0.0,0.0,-26.734444444444442,0.0
2017-02-18 22:00:00,0.0,33.696,0.0,0.0,0.0,2.0,5.555555555555555,0.0,0.0,-26.14044444444444,0.0
2017-02-18 23:00:00,0.0,0.0,0.0,22.0,21.119999999999997,2.0,5.555555555555555,24.0,0.0,53.55555555555556,23.52
2017-02-19 00:00:00,0.0,0.0,0.0,22.0,42.239999999999995,2.0,5.555555555555555,24.0,0.0,53.55555555555556,46.75776
2017-02-19 01:00:00,0.0,0.0,0.0,22.0,63.35999999999999,2.0,5.555555555555555,24.0,0.0,53.55555555555556,69.71666687999999
2017-02-19 02:00:00,0.0,0.0,0.0,22.0,84.47999999999999,2.0,5.555555555555555,24.0,0.0,53.55555555555556,92.40006687743998
2017-02-19 03:00:00,0.0,0.0,0.0,3.6666666666666776,88.0,2.0,5.555555555555555,8.886463188866623,0.0,20.108685411088857,100.0
2017-02-19 04:00:00,0.0,26.568,0.0,0.0,88.0,2.0,5.555555555555555,1.2244897959183703,0.0,-17.787954648526075,100.0
2017-02-19 05:00:00,0.0,23.274,0.0,0.0,88.0,2.0,5.555555555555555,1.2244897959183703,0.0,-14.493954648526074,100.0
2017-02-19 06:00:00,0.0,19.332,0.0,0.0,88.0,2.0,5.4029847164094615,0.0,0.15257083914609382,-11.929015283590537,98.6474291608539
2017-02-19 07:00:00,0.144,18.9,0.0,0.0,88.0,2.0,0.0,0.0,5.555555555555555,-17.043999999999997,91.9081044553681
2017-02-19 08:00:00,0.504,18.252,0.0,0.0,88.0,2.0,0.0,0.0,5.555555555555555,-16.756,85.24965164634813
2017-02-19 09:00:00,1.152,17.82,0.0,0.0,88.0,2.0,0.0,0.0,5.555555555555555,-16.972,78.6711002710364
2017-02-19 10:00:00,2.304,17.766,0.0,0.0,88.0,2.0,0.0,0.0,5.555555555555555,-18.069999999999997,72.1714915122284
2017-02-19 11:00:00,4.932,17.442,0.0,0.0,88.0,2.0,0.0,0.0,5.555555555555555,-20.374000000000002,65.74987805852611
2017-02-19 12:00:00,6.48,16.362,0.0,0.0,88.0,2.0,0.0,0.0,5.555555555555555,-20.842,59.40532396626824
2017-02-19 13:00:00,5.868,14.796,0.0,0.0,88.0,2.0,0.0,0.0,5.555555555555555,-18.664,53.136904523117465
2017-02-19 14:00:00,3.816,13.824,0.0,0.0,88.0,2.0,0.0,0.0,5.555555555555555,-15.64,46.9437061132845
2017-02-19 15:00:00,1.692,12.96,0.0,0.0,88.0,2.0,0.0,0.0,5.555555555555555,-12.652000000000001,40.824826084369526
2017-02-19 16:00:00,0.0,12.852,22.0,0.0,65.08333333326,2.0,0.0,0.0,5.555555555555555,-32.852000000000004,34.779372615801535
2017-02-19 17:00:00,0.0,14.04,22.0,0.0,42.16666666652,2.0,0.0,0.0,5.555555555555555,-34.04,28.806464588856358
2017-02-19 18:00:00,0.0,18.414,22.0,0.0,19.249999999779998,2.0,0.0,0.0,5.555555555555555,-38.414,22.905231458234528
2017-02-19 19:00:00,0.0,21.276,18.47999999972966,0.0,0.0,2.0,0.0,0.0,5.555555555555555,-37.75599999972966,17.074813125180157
2017-02-19 20:00:00,0.0,24.084,0.0,0.0,0.0,2.0,0.0,0.0,5.555555555555555,-22.084,11.314359812122438
2017-02-19 21:00:00,0.0,26.73,0.0,0.0,0.0,2.0,0.0,0.0,5.555555555555555,-24.73,5.623031938821413
2017-02-19 22:00:00,0.0,28.944,0.0,0.0,0.0,2.0,0.0,0.0,5.555555555555555,-26.944,0.0
2017-02-19 23:00:00,0.0,30.402,0.0,0.0,0.0,2.0,5.555555555555555,0.0,0.0,-22.846444444444444,0.0
2017-02-20 00:00:00,0.0,0.0,0.0,3.66666666666667,3.520000000000003,2.0,5.555555555555555,0.0,0.0,11.222222222222225,0.0
2017-02-20 01:00:00,0.0,0.0,0.0,22.0,24.64,2.0,5.555555555555555,24.0,0.0,53.55555555555556,23.52
2017-02-20 02:00:00,0.0,0.0,0.0,22.0,45.76,2.0,5.555555555555555,24.0,0.0,53.55555555555556,46.75776
2017-02-20 03:00:00,0.0,0.0,0.0,22.0,66.88,2.0,5.555555555555555,24.0,0.0,53.55555555555556,69.71666687999999
2017-02-20 04:00:00,0.0,0.0,0.0,22.0,88.0,2.0,5.555555555555555,24.0,0.0,53.55555555555556,92.40006687743998
2017-02-20 05:00:00,0.0,40.338,0.0,0.0,88.0,2.0,0.0,0.0,5.555555555555555,-38.338,85.73571051935515
2017-02-20 06:00:00,0.0,39.474,22.0,0.0,65.08333333326,2.0,0.0,0.0,5.555555555555555,-59.474,79.15132643756733
2017-02-20 07:00:00,0.108,37.854,22.0,0.0,42.16666666652,2.0,0.0,0.0,5.555555555555555,-57.961999999999996,72.64595496476097
2017-02-20 08:00:00,0.396,35.802,22.0,0.0,19.249999999779998,2.0,0.0,0.0,5.555555555555555,-56.198,66.21864794962829
2017-02-20 09:00:00,0.864,35.964,18.47999999972966,0.0,0.0,2.0,0.0,0.0,5.555555555555555,-53.30799999972965,59.8684686186772
2017-02-20 10:00:00,1.296,36.558,0.0,0.0,0.0,2.0,0.0,0.0,5.555555555555555,-35.854,53.594491439697514
2017-02-20 11:00:00,1.296,38.016,0.0,1.8715277778541726,1.7966666667400055,2.0,0.0,0.0,5.555555555555555,-35.44047222214582,47.395801986865585
2017-02-20 12:00:00,1.044,36.882,0.0,22.0,22.916666666740003,2.0,0.0,0.0,5.555555555555555,-13.925999999999998,41.27149680746764
2017-02-20 13:00:00,0.684,40.122,22.0,0.0,0.0,2.0,0.0,0.0,5.555555555555555,-60.806,35.220683290222475
2017-02-20 14:00:00,0.36,41.688,0.0,0.0,0.0,2.0,0.0,0.0,5.555555555555555,-40.048,29.242479535184245
2017-02-20 15:00:00,0.18,42.012,0.0,0.0,0.0,2.0,0.0,0.0,5.555555555555555,-40.192,23.336014225206476
2017-02-20 16:00:00,0.0,43.038,0.0,0.0,0.0,2.0,0.0,0.0,5.555555555555555,-41.038,17.500426498948443
2017-02-20 17:00:00,0.0,44.064,0.0,0.0,0.0,2.0,0.0,0.0,5.555555555555555,-42.064,11.734865825405505
2017-02-20 18:00:00,0.0,42.93,0.0,0.0,0.0,2.0,0.0,0.0,5.555555555555555,-40.93,6.038491879945083
2017-02-20 19:00:00,0.0,0.0,0.0,22.0,21.119999999999997,2.0,5.555555555555555,24.0,0.0,53.55555555555556,29.48602997738574
2017-02-20 20:00:00,0.0,0.0,0.0,22.0,42.239999999999995,2.0,5.555555555555555,24.0,0.0,53.55555555555556,52.65219761765711
2017-02-20 21:00:00,0.0,0.0,0.0,22.0,63.35999999999999,2.0,5.555555555555555,24.0,0.0,53.55555555555556,75.54037124624523
2017-02-20 22:00:00,0.0,0.0,0.0,22.0,84.47999999999999,2.0,5.555555555555555,24.0,0.0,53.55555555555556,98.15388679129028
2017-02-20 23:00:00,0.0,0.0,0.0,3.6666666666666776,88.0,2.0,5.555555555555555,3.0856733165359205,0.0,14.307895538758153,100.0
2017-02-21 00:00:00,0.0,41.094,0.0,0.0,88.0,2.0,0.0,0.0,5.555555555555555,-39.094,93.24444444444444
2017-02-21 01:00:00,0.0,38.88,0.0,0.0,88.0,2.0,5.555555555555555,8.035192743764174,0.0,-23.289251700680275,100.0
2017-02-21 02:00:00,0.0,37.314,0.0,0.0,88.0,2.0,5.555555555555555,1.2244897959183703,0.0,-28.533954648526073,100.0
2017-02-21 03:00:00,0.0,37.368,0.0,0.0,88.0,2.0,5.555555555555555,1.2244897959183703,0.0,-28.587954648526075,100.0
2017-02-21 04:00:00,0.0,37.044,0.0,0.0,88.0,2.0,5.4029847164094615,0.0,0.15257083914609382,-29.641015283590534,98.6474291608539
2017-02-21 05:00:00,0.0,36.234,0.0,0.0,88.0,2.0,0.0,0.0,5.555555555555555,-34.234,91.9081044553681
2017-02-21 06:00:00,0.0,38.124,0.0,0.0,88.0,2.0,0.0,0.0,5.555555555555555,-36.124,85.24965164634813
2017-02-21 07:00:00,3.312,40.284,0.0,0.0,88.0,2.0,0.0,0.0,5.555555555555555,-41.596,78.6711002710364
2017-02-21 08:00:00,9.324,42.282,0.0,0.0,88.0,2.0,0.0,0.0,5.555555555555555,-49.605999999999995,72.1714915122284
2017-02-21 09:00:00,14.04,42.822,0.0,0.0,88.0,2.0,0.0,0.0,5.555555555555555,-54.862,65.74987805852611
2017-02-21 10:00:00,16.344,42.93,0.0,0.0,88.0,2.0,0.0,0.0,5.555555555555555,-57.274,59.40532396626824
2017-02-21 11:00:00,16.236,42.174,0.0,0.0,88.0,2.0,0.0,0.0,5.555555555555555,-56.41,53.136904523117465
2017-02-21 12:00:00,14.724,37.692,0.0,0.0,88.0,2.0,0.0,0.0,5.555555555555555,-50.416,46.9437061132845
2017-02-21 13:00:00,13.716,35.478,0.0,0.0,88.0,2.0,0.0,0.0,5.555555555555555,-47.194,40.824826084369526
2017-02-21 14:00:00,11.772,31.32,0.0,0.0,88.0,2.0,0.0,0.0,5.555555555555555,-41.092,34.779372615801535
2017-02-21 15:00:00,6.624,26.244,0.0,0.0,88.0,2.0,0.0,0.0,5.555555555555555,-30.868,28.806464588856358
2017-02-21 16:00:00,0.0,22.896,22.0,0.0,65.08333333326,2.0,0.0,0.0,5.555555555555555,-42.896,22.905231458234528
2017-02-21 17:00:00,0.0,22.356,22.0,0.0,42.16666666652,2.0,0.0,0.0,5.555555555555555,-42.356,17.074813125180157
2017-02-21 18:00:00,0.0,18.09,22.0,0.0,19.249999999779998,2.0,0.0,0.0,5.555555555555555,-38.09,11.314359812122438
2017-02-21 19:00:00,0.0,19.44,18.47999999972966,0.0,0.0,2.0,0.0,0.0,5.555555555555555,-35.91999999972966,5.623031938821413
2017-02-21 20:00:00,0.0,19.116,0.0,0.0,0.0,2.0,0.0,0.0,5.555555555555555,-17.116,0.0
2017-02-21 21:00:00,0.0,25.002,0.0,0.0,0.0,2.0,5.555555555555555,0.0,0.0,-17.446444444444445,0.0
2017-02-21 22:00:00,0.0,32.292,0.0,0.0,0.0,2.0,5.555555555555555,0.0,0.0,-24.736444444444444,0.0
2017-02-21 23:00:00,0.0,37.8,0.0,0.0,0.0,2.0,5.555555555555555,0.0,0.0,-30.24444444444444,0.0
2017-02-22 00:00:00,0.0,41.094,0.0,3.66666666666667,3.520000000000003,2.0,5.555555555555555,6.690257557429382,0.0,-23.181520220348396,6.556452406280794
2017-02-22 01:00:00,0.0,43.578,0.0,22.0,24.64,2.0,5.555555555555555,24.0,0.0,9.977555555555554,29.997774977405424
2017-02-22 02:00:00,0.0,43.902,0.0,22.0,45.76,2.0,5.555555555555555,24.0,0.0,9.653555555555556,53.15780167767656
2017-02-22 03:00:00,0.0,44.118,0.0,22.0,66.88,2.0,5.555555555555555,24.0,0.0,9.437555555555555,76.03990805754444
2017-02-22 04:00:00,0.0,44.172,0.0,22.0,88.0,2.0,5.555555555555555,24.0,0.0,9.38355555555556,98.6474291608539
2017-02-22 05:00:00,0.0,41.688,0.0,0.0,88.0,2.0,0.0,0.0,5.555555555555555,-39.688,91.9081044553681
2017-02-22 06:00:00,0.0,39.15,22.0,0.0,65.08333333326,2.0,0.0,0.0,5.555555555555555,-59.15,85.24965164634813
2017-02-22 07:00:00,2.412,36.396,22.0,0.0,42.16666666652,2.0,0.0,0.0,5.555555555555555,-58.808,78.6711002710364
2017-02-22 08:00:00,9.108,38.556,18.47999999972966,0.0,22.916666666740003,2.0,0.0,0.0,5.555555555555555,-64.14399999972966,72.1714915122284
2017-02-22 09:00:00,15.48,42.552,0.0,0.0,22.916666666740003,2.0,0.0,0.0,5.555555555555555,-56.032,65.74987805852611
2017-02-22 10:00:00,21.204,44.604,0.0,0.0,22.916666666740003,2.0,0.0,0.0,5.555555555555555,-63.808,59.40532396626824
2017-02-22 11:00:00,20.088,45.576,0.0,0.0,22.916666666740003,2.0,0.0,0.0,5.555555555555555,-63.664,53.136904523117465
2017-02-22 12:00:00,19.008,46.494,0.0,0.0,22.916666666740003,2.0,0.0,0.0,5.555555555555555,-63.501999999999995,46.9437061132845
2017-02-22 13:00:00,14.652,46.386,0.0,0.0,22.916666666740003,2.0,0.0,0.0,5.555555555555555,-59.038000000000004,40.824826084369526
2017-02-22 14:00:00,9.216,46.44,0.0,0.0,22.916666666740003,2.0,0.0,0.0,5.555555555555555,-53.656,34.779372615801535
2017-02-22 15:00:00,3.42,46.548,0.0,0.0,22.916666666740003,2.0,0.0,0.0,5.555555555555555,-47.968,28.806464588856358
2017-02-22 16:00:00,0.252,46.494,0.0,0.0,22.916666666740003,2.0,0.0,0.0,5.555555555555555,-44.746,22.905231458234528
2017-02-22 17:00:00,0.0,46.494,22.0,0.0,0.0,2.0,0.0,0.0,5.555555555555555,-66.494,17.074813125180157
2017-02-22 18:00:00,0.0,46.44,0.0,0.0,0.0,2.0,0.0,0.0,5.555555555555555,-44.44,11.314359812122438
2017-02-22 19:00:00,0.0,46.818,0.0,0.0,0.0,2.0,0.0,0.0,5.555555555555555,-44.818,5.623031938821413
2017-02-22 20:00:00,0.0,46.926,0.0,0.0,0.0,2.0,0.0,0.0,5.555555555555555,-44.926,0.0
2017-02-22 21:00:00,0.0,46.926,0.0,0.0,0.0,2.0,5.555555555555555,0.0,0.0,-39.370444444444445,0.0
2017-02-22 22:00:00,0.0,46.872,0.0,3.66666666666667,3.520000000000003,2.0,5.555555555555555,8.138716421833657,0.0,-27.51106135594412,7.9759420933969825
2017-02-22 23:00:00,0.0,0.0,0.0,22.0,24.64,2.0,5.555555555555555,24.0,0.0,53.55555555555556,31.400230788276218
2017-02-23 00:00:00,0.0,0.0,0.0,22.0,45.76,2.0,5.555555555555555,24.0,0.0,53.55555555555556,54.543428018816904
2017-02-23 01:00:00,0.0,0.0,0.0,22.0,66.88,2.0,5.555555555555555,24.0,0.0,53.55555555555556,77.4089068825911
2017-02-23 02:00:00,0.0,0.0,0.0,22.0,88.0,2.0,5.555555555555555,24.0,0.0,53.55555555555556,100.0
2017-02-23 03:00:00,0.0,33.858,0.0,0.0,88.0,2.0,5.555555555555555,1.2244897959183703,0.0,-25.07795464852607,100.0
2017-02-23 04:00:00,0.0,24.948,0.0,0.0,88.0,2.0,0.0,0.0,5.555555555555555,-22.948,93.24444444444444
2017-02-23 05:00:00,0.0,18.036,0.0,0.0,88.0,2.0,0.0,0.0,5.555555555555555,-16.036,86.56995555555555
2017-02-23 06:00:00,0.0,15.39,0.0,0.0,88.0,2.0,0.0,0.0,5.555555555555555,-13.39,79.97556053333332
2017-02-23 07:00:00,2.88,12.69,0.0,0.0,88.0,2.0,0.0,0.0,5.555555555555555,-13.57,73.46029825137776
2017-02-23 08:00:00,5.076,8.586,0.0,0.0,88.0,2.0,0.0,0.0,5.555555555555555,-11.661999999999999,67.02321911680568
2017-02-23 09:00:00,6.228,4.914,22.0,0.0,65.08333333326,2.0,0.0,0.0,5.555555555555555,-31.142000000000003,60.663384931848455
2017-02-23 10:00:00,6.336,3.564,22.0,0.0,42.16666666652,2.0,0.0,0.0,5.555555555555555,-29.9,54.379868757110714
2017-02-23 11:00:00,4.608,3.078,0.0,0.0,42.16666666652,2.0,0.0,0.0,5.555555555555555,-5.686,48.171754776469825
2017-02-23 12:00:00,3.06,4.806,0.0,0.0,42.16666666652,2.0,0.0,0.0,5.555555555555555,-5.866,42.03813816359663
2017-02-23 13:00:00,1.836,9.126,0.0,0.0,42.16666666652,2.0,0.0,0.0,5.555555555555555,-8.962,35.97812495007791
2017-02-23 14:00:00,1.044,14.904,0.0,0.0,42.16666666652,2.0,0.0,0.0,5.555555555555555,-13.948,29.990831895121417
2017-02-23 15:00:00,0.288,17.118,0.0,0.0,42.16666666652,2.0,0.0,0.0,5.555555555555555,-15.405999999999999,24.075386356824403
2017-02-23 16:00:00,0.0,20.844,0.0,0.0,42.16666666652,2.0,0.0,0.0,5.555555555555555,-18.844,18.230926164986954
2017-02-23 17:00:00,0.0,22.734,22.0,0.0,19.249999999779998,2.0,0.0,0.0,5.555555555555555,-42.734,12.456599495451554
2017-02-23 18:00:00,0.0,18.198,18.47999999972966,0.0,0.0,2.0,0.0,0.0,5.555555555555555,-34.677999999729664,6.75156474595058
2017-02-23 19:00:00,0.0,17.712,0.0,0.0,0.0,2.0,0.0,0.0,5.555555555555555,-15.712,1.1149904134436168
2017-02-23 20:00:00,0.0,22.356,0.0,0.0,0.0,2.0,4.453945027073262,0.0,1.1016105284822935,-15.902054972926738,0.0
2017-02-23 21:00:00,0.0,25.218,0.0,0.0,0.0,2.0,5.555555555555555,0.0,0.0,-17.662444444444446,0.0
2017-02-23 22:00:00,0.0,27.594,0.0,0.0,0.0,2.0,5.555555555555555,0.0,0.0,-20.038444444444444,0.0
2017-02-23 23:00:00,0.0,28.782,0.0,22.0,21.119999999999997,2.0,5.555555555555555,24.0,0.0,24.773555555555557,23.52
2017-02-24 00:00:00,0.0,0.0,0.0,22.0,42.239999999999995,2.0,5.555555555555555,24.0,0.0,53.55555555555556,46.75776
2017-02-24 01:00:00,0.0,0.0,0.0,22.0,63.35999999999999,2.0,5.555555555555555,24.0,0.0,53.55555555555556,69.71666687999999
2017-02-24 02:00:00,0.0,0.0,0.0,22.0,84.47999999999999,2.0,5.555555555555555,24.0,0.0,53.55555555555556,92.40006687743998
2017-02-24 03:00:00,0.0,16.2,0.0,3.6666666666666776,88.0,2.0,5.555555555555555,8.886463188866623,0.0,3.9086854110888574,100.0
2017-02-24 04:00:00,0.0,11.448,0.0,0.0,88.0,2.0,0.0,0.0,5.555555555555555,-9.448,93.24444444444444
2017-02-24 05:00:00,0.0,8.262,0.0,0.0,88.0,2.0,0.0,0.0,5.555555555555555,-6.2620000000000005,86.56995555555555
2017-02-24 06:00:00,0.036,5.616,22.0,0.0,65.08333333326,2.0,0.0,0.0,5.555555555555555,-25.652,79.97556053333332
2017-02-24 07:00:00,5.976,6.858,22.0,0.0,42.16666666652,2.0,0.0,0.0,5.555555555555555,-32.834,73.46029825137776
2017-02-24 08:00:00,14.904,10.152,22.0,0.0,19.249999999779998,2.0,0.0,0.0,5.555555555555555,-45.056,67.02321911680568
2017-02-24 09:00:00,21.312,15.012,18.47999999972966,0.0,0.0,2.0,0.0,0.0,5.555555555555555,-52.80399999972966,60.663384931848455
2017-02-24 10:00:00,25.128,19.17,0.0,0.0,0.0,2.0,0.0,0.0,5.555555555555555,-42.298,54.379868757110714
2017-02-24 11:00:00,26.532,21.6,0.0,0.0,0.0,2.0,0.0,0.0,5.555555555555555,-46.132000000000005,48.171754776469825
2017-02-24 12:00:00,25.848,22.464,0.0,0.0,0.0,2.0,0.0,0.0,5.555555555555555,-46.312,42.03813816359663
2017-02-24 13:00:00,22.932,22.356,0.0,0.0,0.0,2.0,0.0,0.0,5.555555555555555,-43.288,35.97812495007791
2017-02-24 14:00:00,17.748,17.712,0.0,0.0,0.0,2.0,0.0,0.0,5.555555555555555,-33.46,29.990831895121417
2017-02-24 15:00:00,10.908,14.472,0.0,0.0,0.0,2.0,0.0,0.0,5.555555555555555,-23.38,24.075386356824403
2017-02-24 16:00:00,2.304,14.688,0.0,0.0,0.0,2.0,0.0,0.0,5.555555555555555,-14.992,18.230926164986954
2017-02-24 17:00:00,0.0,16.038,0.0,0.0,0.0,2.0,0.0,0.0,5.555555555555555,-14.038,12.456599495451554
2017-02-24 18:00:00,0.0,19.008,0.0,0.0,0.0,2.0,0.0,0.0,5.555555555555555,-17.008,6.75156474595058
2017-02-24 19:00:00,0.0,18.792,0.0,0.0,0.0,2.0,0.0,0.0,5.555555555555555,-16.792,1.1149904134436168
2017-02-24 20:00:00,0.0,15.606,0.0,0.0,0.0,2.0,4.453945027073262,0.0,1.1016105284822935,-9.152054972926738,0.0
2017-02-24 21:00:00,0.0,12.528,0.0,0.0,0.0,2.0,5.555555555555555,0.0,0.0,-4.972444444444445,0.0
2017-02-24 22:00:00,0.0,10.26,0.0,0.0,0.0,2.0,5.555555555555555,0.0,0.0,-2.7044444444444444,0.0
2017-02-24 23:00:00,0.0,8.316,0.0,3.743055555708345,3.593333333480011,2.0,5.555555555555555,0.0,0.0,2.9826111112638998,0.0
2017-02-25 00:00:00,0.0,7.506,0.0,22.0,24.71333333348001,2.0,5.555555555555555,0.0,0.0,22.049555555555557,0.0
2017-02-25 01:00:00,0.0,5.4,0.0,22.0,45.833333333480006,2.0,5.555555555555555,0.0,0.0,24.15555555555556,0.0
2017-02-25 02:00:00,0.0,4.752,0.0,0.0,45.833333333480006,2.0,5.555555555555555,0.0,0.0,2.8035555555555556,0.0
2017-02-25 03:00:00,0.0,4.212,0.0,0.0,45.833333333480006,2.0,5.555555555555555,0.0,0.0,3.3435555555555556,0.0
2017-02-25 04:00:00,0.0,3.996,0.0,0.0,45.833333333480006,2.0,5.555555555555555,5.737787692674911,0.0,9.297343248230467,5.623031938821413
2017-02-25 05:00:00,0.0,4.59,22.0,0.0,22.916666666740003,2.0,0.0,0.0,5.555555555555555,-24.59,0.0
2017-02-25 06:00:00,0.36,5.616,0.0,0.0,22.916666666740003,2.0,5.555555555555555,0.0,0.0,1.5795555555555558,0.0
2017-02-25 07:00:00,3.492,8.91,0.0,0.0,22.916666666740003,2.0,5.555555555555555,0.0,0.0,-4.846444444444445,0.0
2017-02-25 08:00:00,8.712,14.688,0.0,0.0,22.916666666740003,2.0,5.555555555555555,0.0,0.0,-15.844444444444445,0.0
2017-02-25 09:00:00,12.06,22.086,0.0,0.0,22.916666666740003,2.0,5.555555555555555,0.0,0.0,-26.590444444444444,0.0
2017-02-25 10:00:00,11.556,28.296,22.0,0.0,0.0,2.0,5.555555555555555,0.0,0.0,-54.29644444444444,0.0
2017-02-25 11:00:00,7.596,32.238,0.0,0.0,0.0,2.0,5.555555555555555,0.0,0.0,-32.278444444444446,0.0
2017-02-25 12:00:00,3.456,28.512,0.0,22.0,21.119999999999997,2.0,5.555555555555555,0.0,0.0,-2.4124444444444433,0.0
2017-02-25 13:00:00,1.476,34.398,0.0,22.0,42.239999999999995,2.0,5.555555555555555,24.0,0.0,17.681555555555555,23.52
2017-02-25 14:00:00,0.864,36.828,0.0,0.0,42.239999999999995,2.0,5.2230270137900865,0.0,0.33252854176546975,-30.468972986209916,22.905231458234528
2017-02-25 15:00:00,0.324,37.692,0.0,0.0,42.239999999999995,2.0,0.0,0.0,5.555555555555555,-36.016,17.074813125180157
2017-02-25 16:00:00,0.036,38.34,18.55039999987023,0.0,22.916666666740003,2.0,0.0,0.0,5.555555555555555,-54.926399999870235,11.314359812122438
2017-02-25 17:00:00,0.0,38.232,22.0,0.0,0.0,2.0,0.0,0.0,5.555555555555555,-58.232,5.623031938821413
2017-02-25 18:00:00,0.0,37.692,0.0,0.0,0.0,2.0,0.0,0.0,5.555555555555555,-35.692,0.0
2017-02-25 19:00:00,0.0,36.774,0.0,0.0,0.0,2.0,5.555555555555555,0.0,0.0,-29.218444444444444,0.0
2017-02-25 20:00:00,0.0,35.478,0.0,0.0,0.0,2.0,5.555555555555555,0.0,0.0,-27.922444444444444,0.0
2017-02-25 21:00:00,0.0,33.102,0.0,0.0,0.0,2.0,5.555555555555555,0.0,0.0,-25.54644444444444,0.0
2017-02-25 22:00:00,0.0,31.428,0.0,0.0,0.0,2.0,5.555555555555555,0.0,0.0,-23.872444444444447,0.0
2017-02-25 23:00:00,0.0,29.268,0.0,22.0,21.119999999999997,2.0,5.555555555555555,0.0,0.0,0.28755555555555645,0.0
2017-02-26 00:00:00,0.0,28.782,0.0,22.0,42.239999999999995,2.0,5.555555555555555,24.0,0.0,24.773555555555557,23.52
2017-02-26 01:00:00,0.0,25.002,0.0,22.0,63.35999999999999,2.0,5.555555555555555,24.0,0.0,28.55355555555556,46.75776
2017-02-26 02:00:00,0.0,20.844,0.0,22.0,84.47999999999999,2.0,5.555555555555555,24.0,0.0,32.711555555555556,69.71666687999999
2017-02-26 03:00:00,0.0,18.846,0.0,3.6666666666666776,88.0,2.0,5.555555555555555,15.400062343257812,0.0,7.776284565480044,83.97212797383264
2017-02-26 04:00:00,0.0,16.74,20.275199999935122,0.0,66.88,2.0,0.0,0.0,5.555555555555555,-35.01519999993512,77.4089068825911
2017-02-26 05:00:00,0.0,15.174,0.0,22.0,88.0,2.0,5.555555555555555,24.0,0.0,38.38155555555556,100.0
2017-02-26 06:00:00,0.0,14.094,0.0,0.0,88.0,2.0,0.0,0.0,5.555555555555555,-12.094,93.24444444444444
2017-02-26 07:00:00,0.792,13.338,0.0,0.0,88.0,2.0,0.0,0.0,5.555555555555555,-12.129999999999999,86.56995555555555
2017-02-26 08:00:00,1.728,12.258,0.0,0.0,88.0,2.0,0.0,0.0,5.555555555555555,-11.985999999999999,79.97556053333332
2017-02-26 09:00:00,2.52,13.554,22.0,0.0,65.08333333326,2.0,0.0,0.0,5.555555555555555,-36.074000000000005,73.46029825137776
2017-02-26 10:00:00,2.988,14.148,22.0,0.0,42.16666666652,2.0,0.0,0.0,5.555555555555555,-37.135999999999996,67.02321911680568
2017-02-26 11:00:00,3.672,15.012,15.030399999599886,0.0,26.510000000220018,2.0,0.0,0.0,5.555555555555555,-31.714399999599888,60.663384931848455
2017-02-26 12:00:00,3.96,15.066,0.0,0.0,26.510000000220018,2.0,0.0,0.0,5.555555555555555,-17.026,54.379868757110714
2017-02-26 13:00:00,3.06,15.066,0.0,22.0,47.630000000220015,2.0,0.0,0.0,5.555555555555555,5.873999999999999,48.171754776469825
2017-02-26 14:00:00,1.908,14.796,0.0,22.0,68.75000000022001,2.0,0.0,0.0,5.555555555555555,7.296000000000001,42.03813816359663
2017-02-26 15:00:00,1.008,14.364,0.0,0.0,68.75000000022001,2.0,0.0,0.0,5.555555555555555,-13.372,35.97812495007791
2017-02-26 16:00:00,0.792,15.444,22.0,0.0,45.833333333480006,2.0,0.0,0.0,5.555555555555555,-36.236000000000004,29.990831895121417
2017-02-26 17:00:00,0.0,17.442,22.0,0.0,22.916666666740003,2.0,0.0,0.0,5.555555555555555,-37.442,24.075386356824403
2017-02-26 18:00:00,0.0,15.12,22.0,0.0,0.0,2.0,0.0,0.0,5.555555555555555,-35.12,18.230926164986954
2017-02-26 19:00:00,0.0,19.008,0.0,0.0,0.0,2.0,0.0,0.0,5.555555555555555,-17.008,12.456599495451554
2017-02-26 20:00:00,0.0,22.734,0.0,0.0,0.0,2.0,0.0,0.0,5.555555555555555,-20.734,6.75156474595058
2017-02-26 21:00:00,0.0,24.516,0.0,0.0,0.0,2.0,0.0,0.0,5.555555555555555,-22.516,1.1149904134436168
2017-02-26 22:00:00,0.0,26.19,0.0,22.0,21.119999999999997,2.0,5.555555555555555,24.0,0.0,27.365555555555556,24.621610528482293
2017-02-26 23:00:00,0.0,27.432,16.895999999945925,0.0,3.520000000000003,2.0,0.0,0.0,5.555555555555555,-42.32799999994593,18.77059564658495
2017-02-27 00:00:00,0.0,27.918,0.0,22.0,24.64,2.0,5.555555555555555,24.0,0.0,25.637555555555558,42.06534849882593
2017-02-27 01:00:00,0.0,29.646,0.0,22.0,45.76,2.0,5.555555555555555,24.0,0.0,23.909555555555556,65.08056431684001
2017-02-27 02:00:00,0.0,29.97,0.0,22.0,66.88,2.0,5.555555555555555,24.0,0.0,23.58555555555556,87.81959754503792
2017-02-27 03:00:00,0.0,26.352,0.0,22.0,88.0,2.0,5.555555555555555,13.504324107655643,0.0,16.707879663211198,100.0
2017-02-27 04:00:00,0.0,22.14,0.0,0.0,88.0,2.0,0.0,0.0,5.555555555555555,-20.14,93.24444444444444
2017-02-27 05:00:00,0.0,17.226,0.0,0.0,88.0,2.0,0.0,0.0,5.555555555555555,-15.225999999999999,86.56995555555555
2017-02-27 06:00:00,0.0,13.446,0.0,0.0,88.0,2.0,0.0,0.0,5.555555555555555,-11.446,79.97556053333332
2017-02-27 07:00:00,0.36,15.336,22.0,0.0,65.08333333326,2.0,0.0,0.0,5.555555555555555,-35.696,73.46029825137776
2017-02-27 08:00:00,1.584,18.576,22.0,0.0,42.16666666652,2.0,0.0,0.0,5.555555555555555,-40.160000000000004,67.02321911680568
2017-02-27 09:00:00,1.26,18.9,18.47999999972966,0.0,22.916666666740003,2.0,0.0,0.0,5.555555555555555,-36.63999999972966,60.663384931848455
2017-02-27 10:00:00,1.764,19.386,0.0,0.0,22.916666666740003,2.0,0.0,0.0,5.555555555555555,-19.15,54.379868757110714
2017-02-27 11:00:00,1.296,19.656,0.0,0.0,22.916666666740003,2.0,0.0,0.0,5.555555555555555,-18.951999999999998,48.171754776469825
2017-02-27 12:00:00,1.152,14.958,0.0,0.0,22.916666666740003,2.0,0.0,0.0,5.555555555555555,-14.11,42.03813816359663
2017-02-27 13:00:00,1.008,14.256,0.0,0.0,22.916666666740003,2.0,0.0,0.0,5.555555555555555,-13.264,35.97812495007791
2017-02-27 14:00:00,0.828,12.474,0.0,0.0,22.916666666740003,2.0,0.0,0.0,5.555555555555555,-11.302,29.990831895121417
2017-02-27 15:00:00,0.432,13.608,0.0,0.0,22.916666666740003,2.0,0.0,0.0,5.555555555555555,-12.040000000000001,24.075386356824403
2017-02-27 16:00:00,0.108,15.12,0.0,0.0,22.916666666740003,2.0,0.0,0.0,5.555555555555555,-13.228,18.230926164986954
2017-02-27 17:00:00,0.0,17.01,22.0,0.0,0.0,2.0,0.0,0.0,5.555555555555555,-37.010000000000005,12.456599495451554
2017-02-27 18:00:00,0.0,13.77,0.0,0.0,0.0,2.0,0.0,0.0,5.555555555555555,-11.77,6.75156474595058
2017-02-27 19:00:00,0.0,19.116,0.0,0.0,0.0,2.0,0.0,0.0,5.555555555555555,-17.116,1.1149904134436168
2017-02-27 20:00:00,0.0,24.462,0.0,0.0,0.0,2.0,4.453945027073262,0.0,1.1016105284822935,-18.008054972926736,0.0
2017-02-27 21:00:00,0.0,28.188,0.0,0.0,0.0,2.0,5.555555555555555,0.0,0.0,-20.632444444444445,0.0
2017-02-27 22:00:00,0.0,30.888,0.0,22.0,21.119999999999997,2.0,5.555555555555555,24.0,0.0,22.667555555555555,23.52
2017-02-27 23:00:00,0.0,32.13,0.0,22.0,42.239999999999995,2.0,5.555555555555555,24.0,0.0,21.425555555555555,46.75776
2017-02-28 00:00:00,0.0,33.426,0.0,22.0,63.35999999999999,2.0,5.555555555555555,24.0,0.0,20.129555555555555,69.71666687999999
2017-02-28 01:00:00,0.0,36.342,0.0,22.0,84.47999999999999,2.0,5.555555555555555,24.0,0.0,17.21355555555556,92.40006687743998
2017-02-28 02:00:00,0.0,37.368,0.0,3.6666666666666776,88.0,2.0,5.555555555555555,8.886463188866623,0.0,-17.259314588911145,100.0
2017-02-28 03:00:00,0.0,36.828,0.0,0.0,88.0,2.0,5.555555555555555,1.2244897959183703,0.0,-28.047954648526076,100.0
2017-02-28 04:00:00,0.0,36.126,0.0,0.0,88.0,2.0,5.555555555555555,1.2244897959183703,0.0,-27.34595464852607,100.0
2017-02-28 05:00:00,0.0,33.804,0.0,0.0,88.0,2.0,0.0,0.0,5.555555555555555,-31.804000000000002,93.24444444444444
2017-02-28 06:00:00,0.072,31.158,0.0,0.0,88.0,2.0,0.0,0.0,5.555555555555555,-29.23,86.56995555555555
2017-02-28 07:00:00,1.26,31.104,18.47999999972965,0.0,68.75000000022001,2.0,0.0,0.0,5.555555555555555,-48.843999999729654,79.97556053333332
2017-02-28 08:00:00,4.392,30.456,0.0,0.0,68.75000000022001,2.0,0.0,0.0,5.555555555555555,-32.848,73.46029825137776
2017-02-28 09:00:00,6.444,31.212,0.0,0.0,68.75000000022001,2.0,0.0,0.0,5.555555555555555,-35.656,67.02321911680568
2017-02-28 10:00:00,7.2,31.86,0.0,0.0,68.75000000022001,2.0,0.0,0.0,5.555555555555555,-37.06,60.663384931848455
2017-02-28 11:00:00,5.004,32.778,0.0,0.0,68.75000000022001,2.0,0.0,0.0,5.555555555555555,-35.782,54.379868757110714
2017-02-28 12:00:00,5.004,34.452,0.0,0.0,68.75000000022001,2.0,0.0,0.0,5.555555555555555,-37.455999999999996,48.171754776469825
2017-02-28 13:00:00,6.048,31.914,0.0,0.0,68.75000000022001,2.0,0.0,0.0,5.555555555555555,-35.962,42.03813816359663
2017-02-28 14:00:00,5.832,28.728,0.0,0.0,68.75000000022001,2.0,0.0,0.0,5.555555555555555,-32.56,35.97812495007791
2017-02-28 15:00:00,3.96,26.514,0.0,0.0,68.75000000022001,2.0,0.0,0.0,5.555555555555555,-28.474,29.990831895121417
2017-02-28 16:00:00,1.764,24.678,22.0,0.0,45.833333333480006,2.0,0.0,0.0,5.555555555555555,-46.442,24.075386356824403
2017-02-28 17:00:00,0.0,27.81,22.0,0.0,22.916666666740003,2.0,0.0,0.0,5.555555555555555,-47.81,18.230926164986954
2017-02-28 18:00:00,0.0,36.774,22.0,0.0,0.0,2.0,0.0,0.0,5.555555555555555,-56.774,12.456599495451554
2017-02-28 19:00:00,0.0,38.826,0.0,0.0,0.0,2.0,0.0,0.0,5.555555555555555,-36.826,6.75156474595058
2017-02-28 20:00:00,0.0,39.744,0.0,0.0,0.0,2.0,0.0,0.0,5.555555555555555,-37.744,1.1149904134436168
2017-02-28 21:00:00,0.0,40.77,0.0,0.0,0.0,2.0,4.453945027073262,0.0,1.1016105284822935,-34.31605497292674,0.0
2017-02-28 22:00:00,0.0,39.528,0.0,0.0,0.0,2.0,5.555555555555555,0.0,0.0,-31.97244444444444,0.0
2017-02-28 23:00:00,0.0,36.396,0.0,22.0,21.119999999999997,2.0,5.555555555555555,24.0,0.0,17.159555555555556,23.52
2017-03-01 00:00:00,0.0,35.208,0.0,22.0,42.239999999999995,2.0,0.0,0.0,5.555555555555555,-11.207999999999998,17.682204444444444
2017-03-01 01:00:00,0.0,30.942,0.0,22.0,63.35999999999999,2.0,5.555555555555555,24.0,0.0,22.613555555555557,40.99001799111111
2017-03-01 02:00:00,0.0,27.486,0.0,22.0,84.47999999999999,2.0,5.555555555555555,24.0,0.0,26.069555555555556,64.01813777521778
2017-03-01 03:00:00,0.0,28.728,0.0,3.6666666666666776,88.0,2.0,0.0,0.0,5.555555555555555,-23.061333333333323,57.69436456635961
2017-03-01 04:00:00,0.0,29.592,0.0,0.0,88.0,2.0,0.0,0.0,5.555555555555555,-27.592,51.44647663600774
2017-03-01 05:00:00,0.0,30.456,0.0,0.0,88.0,2.0,0.0,0.0,5.555555555555555,-28.456,45.273563360820084
2017-03-01 06:00:00,0.252,30.618,0.0,0.0,88.0,2.0,0.0,0.0,5.555555555555555,-28.869999999999997,39.17472504493468
2017-03-01 07:00:00,3.816,31.266,22.0,0.0,65.08333333326,2.0,0.0,0.0,5.555555555555555,-55.082,33.14907278883991
2017-03-01 08:00:00,9.72,33.588,22.0,0.0,42.16666666652,2.0,0.0,0.0,5.555555555555555,-63.308,27.195728359818276
2017-03-01 09:00:00,14.364,35.856,0.0,0.0,42.16666666652,2.0,0.0,0.0,5.555555555555555,-48.22,21.3138240639449
2017-03-01 10:00:00,17.532,37.044,0.0,0.0,42.16666666652,2.0,0.0,0.0,5.555555555555555,-52.57599999999999,15.502502619622005
2017-03-01 11:00:00,17.028,37.476,0.0,0.0,42.16666666652,2.0,0.0,0.0,5.555555555555555,-52.504,9.760917032630985
2017-03-01 12:00:00,11.268,32.292,0.0,0.0,42.16666666652,2.0,5.555555555555555,0.0,0.0,-36.004444444444445,9.643786028239413
2017-03-01 13:00:00,9.792,31.914,0.0,0.0,42.16666666652,2.0,5.555555555555555,0.0,0.0,-34.150444444444446,9.52806059590054
2017-03-01 14:00:00,9.18,28.026,0.0,0.0,42.16666666652,2.0,5.555555555555555,0.0,0.0,-29.650444444444446,9.413723868749733
2017-03-01 15:00:00,7.02,21.33,0.0,0.0,42.16666666652,2.0,5.555555555555555,0.0,0.0,-20.794444444444444,9.300759182324736
2017-03-01 16:00:00,3.672,17.388,18.47999999972966,0.0,22.916666666740003,2.0,1.9894374222401299,0.0,3.5661181333154257,-35.55056257748953,5.623031938821413
2017-03-01 17:00:00,0.0,16.686,22.0,0.0,0.0,2.0,0.0,0.0,5.555555555555555,-36.686,0.0
2017-03-01 18:00:00,0.0,17.874,0.0,0.0,0.0,2.0,5.555555555555555,0.0,0.0,-10.318444444444443,0.0
2017-03-01 19:00:00,0.0,15.768,0.0,0.0,0.0,2.0,5.555555555555555,0.0,0.0,-8.212444444444445,0.0
2017-03-01 20:00:00,0.0,12.312,0.0,0.0,0.0,2.0,5.555555555555555,0.0,0.0,-4.756444444444444,0.0
2017-03-01 21:00:00,0.0,10.26,0.0,0.0,0.0,2.0,5.555555555555555,0.0,0.0,-2.7044444444444444,0.0
2017-03-01 22:00:00,0.0,8.91,0.0,0.0,0.0,2.0,5.555555555555555,0.0,0.0,-1.3544444444444448,0.0
2017-03-01 23:00:00,0.0,8.478,0.0,0.0,0.0,2.0,5.555555555555555,0.0,0.0,-0.9224444444444444,0.0
2017-03-02 00:00:00,0.0,9.612,0.0,22.0,21.119999999999997,2.0,5.555555555555555,0.0,0.0,19.943555555555555,0.0
2017-03-02 01:00:00,0.0,10.53,0.0,22.0,42.239999999999995,2.0,5.555555555555555,24.0,0.0,43.025555555555556,23.52
2017-03-02 02:00:00,0.0,10.8,0.0,22.0,63.35999999999999,2.0,5.555555555555555,24.0,0.0,42.75555555555556,46.75776
2017-03-02 03:00:00,0.0,10.746,0.0,22.0,84.47999999999999,2.0,5.555555555555555,0.762284931922963,0.0,19.571840487478518,46.9437061132845
2017-03-02 04:00:00,0.0,10.206,0.0,3.6666666666666776,88.0,2.0,0.0,0.0,5.555555555555555,-4.539333333333322,40.824826084369526
2017-03-02 05:00:00,0.0,8.964,0.0,0.0,88.0,2.0,0.0,0.0,5.555555555555555,-6.964,34.779372615801535
2017-03-02 06:00:00,0.216,4.752,22.0,0.0,65.08333333326,2.0,0.0,0.0,5.555555555555555,-24.968,28.806464588856358
2017-03-02 07:00:00,1.404,4.32,22.0,0.0,42.16666666652,2.0,0.0,0.0,5.555555555555555,-25.724,22.905231458234528
2017-03-02 08:00:00,2.88,5.022,22.0,0.0,19.249999999779998,2.0,0.0,0.0,5.555555555555555,-27.901999999999997,17.074813125180157
2017-03-02 09:00:00,5.832,7.02,16.755199999664775,0.0,1.7966666667400055,2.0,0.0,0.0,5.555555555555555,-27.607199999664775,11.314359812122438
2017-03-02 10:00:00,11.052,10.098,0.0,0.0,1.7966666667400055,2.0,0.0,0.0,5.555555555555555,-19.15,5.623031938821413
2017-03-02 11:00:00,16.02,13.122,0.0,0.0,1.7966666667400055,2.0,0.0,0.0,5.555555555555555,-27.142,0.0
2017-03-02 12:00:00,18.36,18.036,0.0,0.0,1.7966666667400055,2.0,5.555555555555555,0.0,0.0,-28.840444444444444,0.0
2017-03-02 13:00:00,17.964,19.71,0.0,0.0,1.7966666667400055,2.0,5.555555555555555,0.0,0.0,-30.118444444444442,0.0
2017-03-02 14:00:00,14.004,19.008,0.0,0.0,1.7966666667400055,2.0,5.555555555555555,0.0,0.0,-25.456444444444443,0.0
2017-03-02 15:00:00,9.108,16.146,0.0,22.0,22.916666666740003,2.0,5.555555555555555,24.0,0.0,28.301555555555556,23.52
2017-03-02 16:00:00,4.176,15.606,0.0,0.0,22.916666666740003,2.0,0.0,0.0,5.555555555555555,-17.782,17.682204444444444
2017-03-02 17:00:00,0.0,17.712,22.0,0.0,0.0,2.0,0.0,0.0,5.555555555555555,-37.712,11.914462435555555
2017-03-02 18:00:00,0.0,18.576,0.0,0.0,0.0,2.0,0.0,0.0,5.555555555555555,-16.576,6.215933330773332
2017-03-02 19:00:00,0.0,19.71,0.0,0.0,0.0,2.0,0.0,0.0,5.555555555555555,-17.71,0.5857865752484965
2017-03-02 20:00:00,0.0,20.844,0.0,0.0,0.0,2.0,4.9767984192100405,0.0,0.5787571363455146,-13.86720158078996,0.0
2017-03-02 21:00:00,0.0,23.382,0.0,0.0,0.0,2.0,5.555555555555555,0.0,0.0,-15.826444444444446,0.0
2017-03-02 22:00:00,0.0,25.542,0.0,22.0,21.119999999999997,2.0,5.555555555555555,24.0,0.0,28.013555555555556,23.52
2017-03-02 23:00:00,0.0,27.162,0.0,22.0,42.239999999999995,2.0,0.0,0.0,5.555555555555555,-3.161999999999999,17.682204444444444
2017-03-03 00:00:00,0.0,28.728,0.0,22.0,63.35999999999999,2.0,5.555555555555555,24.0,0.0,24.827555555555556,40.99001799111111
2017-03-03 01:00:00,0.0,26.622,0.0,22.0,84.47999999999999,2.0,5.555555555555555,24.0,0.0,26.933555555555557,64.01813777521778
2017-03-03 02:00:00,0.0,24.948,0.0,3.6666666666666776,88.0,2.0,0.0,0.0,5.555555555555555,-19.281333333333322,57.69436456635961
2017-03-03 03:00:00,0.0,23.382,0.0,0.0,88.0,2.0,0.0,0.0,5.555555555555555,-21.382,51.44647663600774
2017-03-03 04:00:00,0.0,21.762,0.0,0.0,88.0,2.0,0.0,0.0,5.555555555555555,-19.762,45.273563360820084
2017-03-03 05:00:00,0.0,20.844,0.0,0.0,88.0,2.0,0.0,0.0,5.555555555555555,-18.844,39.17472504493468
2017-03-03 06:00:00,0.468,17.928,0.0,0.0,88.0,2.0,0.0,0.0,5.555555555555555,-16.396,33.14907278883991
2017-03-03 07:00:00,2.232,20.682,22.0,0.0,65.08333333326,2.0,0.0,0.0,5.555555555555555,-42.914,27.195728359818276
2017-03-03 08:00:00,3.744,22.788,16.755199999664768,0.0,47.630000000220015,2.0,0.0,0.0,5.555555555555555,-41.287199999664765,21.3138240639449
2017-03-03 09:00:00,5.94,24.894,0.0,0.0,47.630000000220015,2.0,0.0,0.0,5.555555555555555,-28.834,15.502502619622005
2017-03-03 10:00:00,7.992,26.406,0.0,0.0,47.630000000220015,2.0,0.0,0.0,5.555555555555555,-32.397999999999996,9.760917032630985
2017-03-03 11:00:00,7.92,27.216,0.0,0.0,47.630000000220015,2.0,0.0,0.0,5.555555555555555,-33.136,4.088230472683858
2017-03-03 12:00:00,7.416,24.732,0.0,0.0,47.630000000220015,2.0,1.5163838485439038,0.0,4.0391717070116515,-28.631616151456097,0.0
2017-03-03 13:00:00,7.056,23.868,0.0,0.0,47.630000000220015,2.0,5.555555555555555,0.0,0.0,-23.368444444444446,0.0
2017-03-03 14:00:00,5.04,18.36,0.0,0.0,47.630000000220015,2.0,5.555555555555555,0.0,0.0,-15.844444444444445,0.0
2017-03-03 15:00:00,2.772,11.61,0.0,22.0,68.75000000022001,2.0,5.555555555555555,24.0,0.0,39.17355555555556,23.52
2017-03-03 16:00:00,1.476,7.722,22.0,0.0,45.833333333480006,2.0,0.0,0.0,5.555555555555555,-29.198,17.682204444444444
2017-03-03 17:00:00,0.0,6.21,22.0,0.0,22.916666666740003,2.0,0.0,0.0,5.555555555555555,-26.21,11.914462435555555
2017-03-03 18:00:00,0.0,4.806,22.0,0.0,0.0,2.0,0.0,0.0,5.555555555555555,-24.806,6.215933330773332
2017-03-03 19:00:00,0.0,4.266,0.0,0.0,0.0,2.0,0.0,0.0,5.555555555555555,-2.266,0.5857865752484965
2017-03-03 20:00:00,0.0,3.456,0.0,0.0,0.0,2.0,4.9767984192100405,0.0,0.5787571363455146,3.5207984192100414,0.0
2017-03-03 21:00:00,0.0,2.106,0.0,0.0,0.0,2.0,5.555555555555555,0.0,0.0,5.4495555555555555,0.0
2017-03-03 22:00:00,0.0,1.62,0.0,0.0,0.0,2.0,5.555555555555555,0.0,0.0,5.935555555555555,0.0
2017-03-03 23:00:00,0.0,1.782,0.0,0.0,0.0,2.0,5.555555555555555,0.0,0.0,5.773555555555555,0.0
2017-03-04 00:00:00,0.0,2.43,0.0,0.0,0.0,2.0,5.555555555555555,0.0,0.0,5.125555555555556,0.0
2017-03-04 01:00:00,0.0,4.32,0.0,0.0,0.0,2.0,5.555555555555555,0.0,0.0,3.235555555555555,0.0
2017-03-04 02:00:00,0.0,6.156,0.0,22.0,21.119999999999997,2.0,5.555555555555555,0.0,0.0,23.39955555555556,0.0
2017-03-04 03:00:00,0.0,7.182,0.0,22.0,42.239999999999995,2.0,5.555555555555555,5.737787692674911,0.0,28.11134324823047,5.623031938821413
2017-03-04 04:00:00,0.0,8.586,0.0,0.0,42.239999999999995,2.0,0.0,0.0,5.555555555555555,-6.586,0.0
2017-03-04 05:00:00,0.0,10.044,0.0,22.0,63.35999999999999,2.0,5.555555555555555,24.0,0.0,43.51155555555556,23.52
2017-03-04 06:00:00,0.144,14.472,0.0,0.0,63.35999999999999,2.0,0.0,0.0,5.555555555555555,-12.616,17.682204444444444
2017-03-04 07:00:00,0.9,14.85,0.0,0.0,63.35999999999999,2.0,0.0,0.0,5.555555555555555,-13.75,11.914462435555555
2017-03-04 08:00:00,2.16,16.308,22.0,0.0,40.443333333259986,2.0,0.0,0.0,5.555555555555555,-38.468,6.215933330773332
2017-03-04 09:00:00,4.068,16.686,22.0,0.0,17.526666666519983,2.0,0.0,0.0,5.555555555555555,-40.754,0.5857865752484965
2017-03-04 10:00:00,6.876,18.198,16.82559999980534,0.0,0.0,2.0,4.9767984192100405,0.0,0.5787571363455146,-34.9228015805953,0.0
2017-03-04 11:00:00,10.404,19.98,0.0,0.0,0.0,2.0,5.555555555555555,0.0,0.0,-22.828444444444443,0.0
2017-03-04 12:00:00,11.52,19.71,0.0,0.0,0.0,2.0,5.555555555555555,0.0,0.0,-23.674444444444447,0.0
2017-03-04 13:00:00,11.448,18.144,0.0,0.0,0.0,2.0,5.555555555555555,0.0,0.0,-22.03644444444444,0.0
2017-03-04 14:00:00,6.804,18.198,0.0,22.0,21.119999999999997,2.0,5.555555555555555,11.685491006488515,0.0,16.239046562044074,11.451781186358744
2017-03-04 15:00:00,2.484,18.846,0.0,22.0,42.239999999999995,2.0,5.555555555555555,0.0,0.0,8.225555555555557,11.314359812122438
2017-03-04 16:00:00,0.648,18.954,18.55039999987023,0.0,22.916666666740003,2.0,0.0,0.0,5.555555555555555,-36.152399999870234,5.623031938821413
2017-03-04 17:00:00,0.0,19.116,22.0,0.0,0.0,2.0,0.0,0.0,5.555555555555555,-39.116,0.0
2017-03-04 18:00:00,0.0,14.85,0.0,0.0,0.0,2.0,5.555555555555555,0.0,0.0,-7.294444444444444,0.0
2017-03-04 19:00:00,0.0,14.688,0.0,0.0,0.0,2.0,5.555555555555555,0.0,0.0,-7.132444444444445,0.0
2017-03-04 20:00:00,0.0,15.066,0.0,0.0,0.0,2.0,5.555555555555555,5.737787692674911,0.0,-1.7726567517695333,5.623031938821413
2017-03-04 21:00:00,0.0,16.686,0.0,0.0,0.0,2.0,0.0,0.0,5.555555555555555,-14.686,0.0
2017-03-04 22:00:00,0.0,18.522,0.0,22.0,21.119999999999997,2.0,5.555555555555555,17.423278699163426,0.0,28.456834254718984,17.074813125180157
2017-03-04 23:00:00,0.0,20.142,20.275199999935115,0.0,0.0,2.0,0.0,0.0,5.555555555555555,-38.417199999935114,11.314359812122438
2017-03-05 00:00:00,0.0,19.926,0.0,0.0,0.0,2.0,0.0,0.0,5.555555555555555,-17.926,5.623031938821413
2017-03-05 01:00:00,0.0,20.682,0.0,0.0,0.0,2.0,0.0,0.0,5.555555555555555,-18.682,0.0
2017-03-05 02:00:00,0.0,21.708,0.0,0.0,0.0,2.0,5.555555555555555,0.0,0.0,-14.152444444444443,0.0
2017-03-05 03:00:00,0.0,24.246,0.0,22.0,21.119999999999997,2.0,5.555555555555555,24.0,0.0,29.30955555555556,23.52
2017-03-05 04:00:00,0.0,26.622,0.0,22.0,42.239999999999995,2.0,5.555555555555555,24.0,0.0,26.933555555555557,46.75776
2017-03-05 05:00:00,0.0,27.486,0.0,22.0,63.35999999999999,2.0,0.0,0.0,5.555555555555555,-3.4860000000000007,40.64111132444444
2017-03-05 06:00:00,0.072,29.106,0.0,22.0,84.47999999999999,2.0,5.555555555555555,24.0,0.0,24.377555555555556,63.67341798855111
2017-03-05 07:00:00,0.396,26.298,0.0,3.6666666666666776,88.0,2.0,0.0,0.0,5.555555555555555,-21.02733333333332,57.353781417132936
2017-03-05 08:00:00,0.648,24.408,22.0,0.0,65.08333333326,2.0,0.0,0.0,5.555555555555555,-45.056000000000004,51.109980484571786
2017-03-05 09:00:00,0.828,21.33,0.0,0.0,65.08333333326,2.0,0.0,0.0,5.555555555555555,-20.157999999999998,44.941105163201364
2017-03-05 10:00:00,1.008,19.116,0.0,0.0,65.08333333326,2.0,0.0,0.0,5.555555555555555,-18.124,38.84625634568739
2017-03-05 11:00:00,1.44,17.172,0.0,0.0,65.08333333326,2.0,0.0,0.0,5.555555555555555,-16.612000000000002,32.82454571398358
2017-03-05 12:00:00,1.62,16.362,0.0,1.8715277778541615,66.88,2.0,5.555555555555555,22.564058013674615,0.0,14.00914134708433,54.543428018816904
2017-03-05 13:00:00,1.62,14.85,0.0,22.0,88.0,2.0,5.555555555555555,24.0,0.0,37.08555555555556,77.4089068825911
2017-03-05 14:00:00,1.08,13.176,0.0,0.0,88.0,2.0,5.555555555555555,24.0,0.0,17.299555555555557,100.0
2017-03-05 15:00:00,0.612,10.854,0.0,0.0,88.0,2.0,0.0,0.0,5.555555555555555,-9.466,93.24444444444444
2017-03-05 16:00:00,0.324,8.964,0.0,0.0,88.0,2.0,0.0,0.0,5.555555555555555,-7.288,86.56995555555555
2017-03-05 17:00:00,0.0,7.884,22.0,0.0,65.08333333326,2.0,0.0,0.0,5.555555555555555,-27.884,79.97556053333332
2017-03-05 18:00:00,0.0,7.884,22.0,0.0,42.16666666652,2.0,0.0,0.0,5.555555555555555,-27.884,73.46029825137776
2017-03-05 19:00:00,0.0,8.154,22.0,0.0,19.249999999779998,2.0,0.0,0.0,5.555555555555555,-28.154,67.02321911680568
2017-03-05 20:00:00,0.0,9.342,18.47999999972966,0.0,0.0,2.0,0.0,0.0,5.555555555555555,-25.821999999729663,60.663384931848455
2017-03-05 21:00:00,0.0,10.206,0.0,0.0,0.0,2.0,0.0,0.0,5.555555555555555,-8.206,54.379868757110714
2017-03-05 22:00:00,0.0,11.556,0.0,0.0,0.0,2.0,0.0,0.0,5.555555555555555,-9.556,48.171754776469825
2017-03-05 23:00:00,0.0,13.014,0.0,0.0,0.0,2.0,0.0,0.0,5.555555555555555,-11.014,42.03813816359663
2017-03-06 00:00:00,0.0,13.608,0.0,22.0,21.119999999999997,2.0,0.0,0.0,5.555555555555555,10.392,35.97812495007791
2017-03-06 01:00:00,0.0,16.956,0.0,22.0,42.239999999999995,2.0,2.8632123776967675,0.0,2.6923431778587883,9.90721237769677,32.854044272818186
2017-03-06 02:00:00,0.0,19.656,0.0,22.0,63.35999999999999,2.0,5.555555555555555,24.0,0.0,33.89955555555556,55.97979574154437
2017-03-06 03:00:00,0.0,20.736,0.0,22.0,84.47999999999999,2.0,5.555555555555555,24.0,0.0,32.81955555555555,78.82803819264583
2017-03-06 04:00:00,0.0,22.302,0.0,3.6666666666666776,88.0,2.0,0.0,0.0,5.555555555555555,-16.63533333333332,72.32654617877853
2017-03-06 05:00:00,0.0,24.462,0.0,0.0,88.0,2.0,0.0,0.0,5.555555555555555,-22.462,65.90307206907762
2017-03-06 06:00:00,0.144,27.0,22.0,0.0,65.08333333326,2.0,0.0,0.0,5.555555555555555,-47.144,59.556679648693134
2017-03-06 07:00:00,0.792,30.24,22.0,0.0,42.16666666652,2.0,0.0,0.0,5.555555555555555,-51.032,53.28644393735326
2017-03-06 08:00:00,1.512,31.752,22.0,0.0,19.249999999779998,2.0,0.0,0.0,5.555555555555555,-53.263999999999996,47.09145105454947
2017-03-06 09:00:00,2.412,32.886,18.47999999972966,0.0,0.0,2.0,0.0,0.0,5.555555555555555,-51.777999999729666,40.970798086339315
2017-03-06 10:00:00,3.312,33.912,0.0,0.0,0.0,2.0,0.0,0.0,5.555555555555555,-35.224,34.923592953747686
2017-03-06 11:00:00,3.924,34.56,0.0,0.0,0.0,2.0,0.0,0.0,5.555555555555555,-36.484,28.948954282747163
2017-03-06 12:00:00,3.636,33.264,0.0,0.0,0.0,2.0,0.0,0.0,5.555555555555555,-34.900000000000006,23.046011275798644
2017-03-06 13:00:00,2.916,32.94,0.0,0.0,0.0,2.0,0.0,0.0,5.555555555555555,-33.855999999999995,17.213903584933504
2017-03-06 14:00:00,2.052,32.616,0.0,0.0,0.0,2.0,0.0,0.0,5.555555555555555,-32.668,11.451781186358744
2017-03-06 15:00:00,1.152,31.374,0.0,0.0,0.0,2.0,5.555555555555555,0.0,0.0,-24.970444444444446,11.314359812122438
2017-03-06 16:00:00,0.36,29.538,0.0,0.0,0.0,2.0,0.0,0.0,5.555555555555555,-27.898,5.623031938821413
2017-03-06 17:00:00,0.0,28.296,0.0,0.0,0.0,2.0,0.0,0.0,5.555555555555555,-26.296,0.0
2017-03-06 18:00:00,0.0,21.276,0.0,0.0,0.0,2.0,5.555555555555555,0.0,0.0,-13.720444444444444,0.0
2017-03-06 19:00:00,0.0,23.976,0.0,0.0,0.0,2.0,5.555555555555555,0.0,0.0,-16.420444444444442,0.0
2017-03-06 20:00:00,0.0,25.704,0.0,0.0,0.0,2.0,5.555555555555555,0.0,0.0,-18.148444444444443,0.0
2017-03-06 21:00:00,0.0,24.462,0.0,0.0,0.0,2.0,5.555555555555555,0.0,0.0,-16.906444444444446,0.0
2017-03-06 22:00:00,0.0,23.328,0.0,0.0,0.0,2.0,5.555555555555555,0.0,0.0,-15.772444444444444,0.0
2017-03-06 23:00:00,0.0,21.276,0.0,3.66666666666667,3.520000000000003,2.0,5.555555555555555,0.0,0.0,-10.053777777777775,0.0
2017-03-07 00:00:00,0.0,16.416,0.0,22.0,24.64,2.0,5.555555555555555,24.0,0.0,37.13955555555556,23.52
2017-03-07 01:00:00,0.0,13.446,0.0,22.0,45.76,2.0,5.555555555555555,24.0,0.0,40.10955555555556,46.75776
2017-03-07 02:00:00,0.0,12.366,0.0,22.0,66.88,2.0,5.555555555555555,24.0,0.0,41.18955555555556,69.71666687999999
2017-03-07 03:00:00,0.0,11.124,0.0,22.0,88.0,2.0,5.555555555555555,24.0,0.0,42.431555555555555,92.40006687743998
2017-03-07 04:00:00,0.0,10.098,0.0,0.0,88.0,2.0,5.555555555555555,0.6294269188340764,0.0,-1.9130175256103694,91.9081044553681
2017-03-07 05:00:00,0.0,9.288,0.0,0.0,88.0,2.0,0.0,0.0,5.555555555555555,-7.288,85.24965164634813
2017-03-07 06:00:00,0.396,9.018,0.0,0.0,88.0,2.0,0.0,0.0,5.555555555555555,-7.414000000000001,78.6711002710364
2017-03-07 07:00:00,1.764,9.072,22.0,0.0,65.08333333326,2.0,0.0,0.0,5.555555555555555,-30.836,72.1714915122284
2017-03-07 08:00:00,3.78,8.316,22.0,0.0,42.16666666652,2.0,0.0,0.0,5.555555555555555,-32.096000000000004,65.74987805852611
2017-03-07 09:00:00,6.12,6.804,22.0,0.0,19.249999999779998,2.0,0.0,0.0,5.555555555555555,-32.924,59.40532396626824
2017-03-07 10:00:00,7.704,5.238,18.47999999972966,0.0,0.0,2.0,0.0,0.0,5.555555555555555,-29.42199999972966,53.136904523117465
2017-03-07 11:00:00,8.028,3.78,0.0,0.0,0.0,2.0,0.0,0.0,5.555555555555555,-9.808,46.9437061132845
2017-03-07 12:00:00,7.884,2.376,0.0,0.0,0.0,2.0,0.0,0.0,5.555555555555555,-8.26,40.824826084369526
2017-03-07 13:00:00,6.912,2.268,0.0,0.0,0.0,2.0,0.0,0.0,5.555555555555555,-7.18,34.779372615801535
2017-03-07 14:00:00,5.076,2.592,0.0,22.0,21.119999999999997,2.0,0.0,0.0,5.555555555555555,16.332,28.806464588856358
2017-03-07 15:00:00,3.096,2.214,0.0,22.0,42.239999999999995,2.0,0.0,0.0,5.555555555555555,18.69,22.905231458234528
2017-03-07 16:00:00,1.224,1.566,18.55039999987023,0.0,22.916666666740003,2.0,0.0,0.0,5.555555555555555,-19.34039999987023,17.074813125180157
2017-03-07 17:00:00,0.0,1.296,22.0,0.0,0.0,2.0,0.0,0.0,5.555555555555555,-21.296,11.314359812122438
2017-03-07 18:00:00,0.0,1.08,0.0,0.0,0.0,2.0,0.0,0.0,5.555555555555555,0.9199999999999999,5.623031938821413
2017-03-07 19:00:00,0.0,0.972,0.0,0.0,0.0,2.0,0.0,0.0,5.555555555555555,1.028,0.0
2017-03-07 20:00:00,0.0,0.918,0.0,0.0,0.0,2.0,5.555555555555555,0.0,0.0,6.637555555555555,0.0
2017-03-07 21:00:00,0.0,0.81,0.0,0.0,0.0,2.0,5.555555555555555,0.0,0.0,6.745555555555555,0.0
2017-03-07 22:00:00,0.0,0.864,0.0,0.0,0.0,2.0,5.555555555555555,0.0,0.0,6.6915555555555555,0.0
2017-03-07 23:00:00,0.0,0.81,0.0,0.0,0.0,2.0,5.555555555555555,0.0,0.0,6.745555555555555,0.0
2017-03-08 00:00:00,0.0,1.08,0.0,22.0,21.119999999999997,2.0,5.555555555555555,0.0,0.0,28.47555555555556,0.0
2017-03-08 01:00:00,0.0,1.134,0.0,22.0,42.239999999999995,2.0,5.555555555555555,0.0,0.0,28.421555555555557,0.0
2017-03-08 02:00:00,0.0,1.674,0.0,22.0,63.35999999999999,2.0,5.555555555555555,0.0,0.0,27.881555555555558,0.0
2017-03-08 03:00:00,0.0,2.268,0.0,22.0,84.47999999999999,2.0,5.555555555555555,24.0,0.0,51.28755555555556,23.52
2017-03-08 04:00:00,0.0,3.456,0.0,3.6666666666666776,88.0,2.0,5.555555555555555,5.682351621282,0.0,13.448573843504231,28.806464588856358
2017-03-08 05:00:00,0.0,5.454,0.0,0.0,88.0,2.0,0.0,0.0,5.555555555555555,-3.4539999999999997,22.905231458234528
2017-03-08 06:00:00,0.756,8.316,22.0,0.0,65.08333333326,2.0,0.0,0.0,5.555555555555555,-29.072000000000003,17.074813125180157
2017-03-08 07:00:00,3.276,12.69,22.0,0.0,42.16666666652,2.0,0.0,0.0,5.555555555555555,-35.965999999999994,11.314359812122438
2017-03-08 08:00:00,4.752,16.902,22.0,0.0,19.249999999779998,2.0,0.0,0.0,5.555555555555555,-41.654,5.623031938821413
2017-03-08 09:00:00,5.58,20.034,18.47999999972966,0.0,0.0,2.0,0.0,0.0,5.555555555555555,-42.09399999972966,0.0
2017-03-08 10:00:00,6.3,22.68,0.0,0.0,0.0,2.0,5.555555555555555,0.0,0.0,-21.424444444444443,0.0
2017-03-08 11:00:00,6.048,24.3,0.0,0.0,0.0,2.0,5.555555555555555,0.0,0.0,-22.79244444444445,0.0
2017-03-08 12:00:00,4.608,22.896,0.0,0.0,0.0,2.0,5.555555555555555,0.0,0.0,-19.948444444444444,0.0
2017-03-08 13:00:00,2.916,24.354,0.0,0.0,0.0,2.0,5.555555555555555,0.0,0.0,-19.714444444444442,0.0
2017-03-08 14:00:00,1.8,23.868,0.0,0.0,0.0,2.0,5.555555555555555,0.0,0.0,-18.112444444444446,0.0
2017-03-08 15:00:00,0.972,21.924,0.0,0.0,0.0,2.0,5.555555555555555,0.0,0.0,-15.340444444444444,0.0
2017-03-08 16:00:00,0.252,20.142,0.0,0.0,0.0,2.0,5.555555555555555,0.0,0.0,-12.838444444444445,0.0
2017-03-08 17:00:00,0.0,17.658,0.0,0.0,0.0,2.0,5.555555555555555,0.0,0.0,-10.102444444444446,0.0
2017-03-08 18:00:00,0.0,18.198,0.0,0.0,0.0,2.0,5.555555555555555,0.0,0.0,-10.642444444444445,0.0
2017-03-08 19:00:00,0.0,15.876,0.0,0.0,0.0,2.0,5.555555555555555,0.0,0.0,-8.320444444444444,0.0
2017-03-08 20:00:00,0.0,11.988,0.0,0.0,0.0,2.0,5.555555555555555,0.0,0.0,-4.432444444444444,0.0
2017-03-08 21:00:00,0.0,9.558,0.0,0.0,0.0,2.0,5.555555555555555,0.0,0.0,-2.0024444444444445,0.0
2017-03-08 22:00:00,0.0,8.37,0.0,22.0,21.119999999999997,2.0,5.555555555555555,5.737787692674911,0.0,26.923343248230466,5.623031938821413
2017-03-08 23:00:00,0.0,8.694,0.0,0.0,21.119999999999997,2.0,0.0,0.0,5.555555555555555,-6.694000000000001,0.0
2017-03-09 00:00:00,0.0,12.906,0.0,3.66666666666667,24.64,2.0,5.555555555555555,0.0,0.0,-1.6837777777777756,0.0
2017-03-09 01:00:00,0.0,13.554,0.0,22.0,45.76,2.0,5.555555555555555,0.0,0.0,16.001555555555555,0.0
2017-03-09 02:00:00,0.0,11.718,0.0,22.0,66.88,2.0,5.555555555555555,17.872455263539543,0.0,35.7100108190951,17.51500615826875
2017-03-09 03:00:00,0.0,9.882,0.0,22.0,88.0,2.0,5.555555555555555,24.0,0.0,43.67355555555556,40.824826084369526
2017-03-09 04:00:00,0.0,7.614,0.0,0.0,88.0,2.0,0.0,0.0,5.555555555555555,-5.614,34.779372615801535
2017-03-09 05:00:00,0.0,6.102,0.0,0.0,88.0,2.0,0.0,0.0,5.555555555555555,-4.102,28.806464588856358
2017-03-09 06:00:00,0.936,6.318,18.47999999972965,0.0,68.75000000022001,2.0,0.0,0.0,5.555555555555555,-23.733999999729654,22.905231458234528
2017-03-09 07:00:00,5.04,8.64,22.0,0.0,45.833333333480006,2.0,0.0,0.0,5.555555555555555,-33.68,17.074813125180157
2017-03-09 08:00:00,8.1,10.476,22.0,0.0,22.916666666740003,2.0,0.0,0.0,5.555555555555555,-38.576,11.314359812122438
2017-03-09 09:00:00,8.244,10.8,22.0,0.0,0.0,2.0,0.0,0.0,5.555555555555555,-39.044,5.623031938821413
2017-03-09 10:00:00,7.452,9.936,0.0,0.0,0.0,2.0,0.0,0.0,5.555555555555555,-15.388,0.0
2017-03-09 11:00:00,5.688,9.396,0.0,0.0,0.0,2.0,5.555555555555555,0.0,0.0,-7.528444444444445,0.0
2017-03-09 12:00:00,4.32,8.316,0.0,0.0,0.0,2.0,5.555555555555555,0.0,0.0,-5.080444444444446,0.0
2017-03-09 13:00:00,2.736,7.992,0.0,0.0,0.0,2.0,5.555555555555555,0.0,0.0,-3.172444444444445,0.0
2017-03-09 14:00:00,1.728,5.778,0.0,0.0,0.0,2.0,5.555555555555555,0.0,0.0,0.0495555555555558,0.0
2017-03-09 15:00:00,1.008,3.78,0.0,0.0,0.0,2.0,5.555555555555555,0.0,0.0,2.7675555555555555,0.0
2017-03-09 16:00:00,0.432,4.968,0.0,0.0,0.0,2.0,5.555555555555555,0.0,0.0,2.1555555555555554,0.0
2017-03-09 17:00:00,0.0,8.1,0.0,0.0,0.0,2.0,5.555555555555555,0.0,0.0,-0.5444444444444443,0.0
2017-03-09 18:00:00,0.0,9.774,0.0,0.0,0.0,2.0,5.555555555555555,0.0,0.0,-2.2184444444444438,0.0
2017-03-09 19:00:00,0.0,12.312,0.0,0.0,0.0,2.0,5.555555555555555,0.0,0.0,-4.756444444444444,0.0
2017-03-09 20:00:00,0.0,12.852,0.0,0.0,0.0,2.0,5.555555555555555,0.0,0.0,-5.296444444444445,0.0
2017-03-09 21:00:00,0.0,13.932,0.0,0.0,0.0,2.0,5.555555555555555,0.0,0.0,-6.376444444444445,0.0
2017-03-09 22:00:00,0.0,15.552,0.0,0.0,0.0,2.0,5.555555555555555,0.0,0.0,-7.996444444444444,0.0
2017-03-09 23:00:00,0.0,17.982,0.0,22.0,21.119999999999997,2.0,5.555555555555555,24.0,0.0,35.57355555555556,23.52
2017-03-10 00:00:00,0.0,22.032,0.0,22.0,42.239999999999995,2.0,5.555555555555555,24.0,0.0,31.523555555555557,46.75776
2017-03-10 01:00:00,0.0,24.732,0.0,22.0,63.35999999999999,2.0,5.555555555555555,24.0,0.0,28.823555555555558,69.71666687999999
2017-03-10 02:00:00,0.0,25.434,0.0,22.0,84.47999999999999,2.0,5.555555555555555,24.0,0.0,28.121555555555556,92.40006687743998
2017-03-10 03:00:00,0.0,24.894,0.0,3.6666666666666776,88.0,2.0,5.555555555555555,0.6294269188340764,0.0,-13.04235085894369,91.9081044553681
2017-03-10 04:00:00,0.0,23.814,0.0,0.0,88.0,2.0,0.0,0.0,5.555555555555555,-21.814,85.24965164634813
2017-03-10 05:00:00,0.0,21.978,0.0,0.0,88.0,2.0,0.0,0.0,5.555555555555555,-19.978,78.6711002710364
2017-03-10 06:00:00,1.368,24.084,22.0,0.0,65.08333333326,2.0,0.0,0.0,5.555555555555555,-45.452000000000005,72.1714915122284
2017-03-10 07:00:00,7.488,24.786,22.0,0.0,42.16666666652,2.0,0.0,0.0,5.555555555555555,-52.274,65.74987805852611
2017-03-10 08:00:00,12.276,24.84,0.0,0.0,42.16666666652,2.0,0.0,0.0,5.555555555555555,-35.116,59.40532396626824
2017-03-10 09:00:00,15.3,23.112,0.0,0.0,42.16666666652,2.0,0.0,0.0,5.555555555555555,-36.412,53.136904523117465
2017-03-10 10:00:00,17.496,20.736,0.0,0.0,42.16666666652,2.0,0.0,0.0,5.555555555555555,-36.232,46.9437061132845
2017-03-10 11:00:00,19.152,18.198,0.0,0.0,42.16666666652,2.0,0.0,0.0,5.555555555555555,-35.35,40.824826084369526
2017-03-10 12:00:00,20.556,10.908,0.0,0.0,42.16666666652,2.0,0.0,0.0,5.555555555555555,-29.464,34.779372615801535
2017-03-10 13:00:00,21.672,11.178,0.0,0.0,42.16666666652,2.0,0.0,0.0,5.555555555555555,-30.85,28.806464588856358
2017-03-10 14:00:00,17.208,9.882,0.0,0.0,42.16666666652,2.0,0.0,0.0,5.555555555555555,-25.089999999999996,22.905231458234528
2017-03-10 15:00:00,10.476,6.588,0.0,0.0,42.16666666652,2.0,0.0,0.0,5.555555555555555,-15.064,17.074813125180157
2017-03-10 16:00:00,3.636,4.752,0.0,0.0,42.16666666652,2.0,0.0,0.0,5.555555555555555,-6.388,11.314359812122438
2017-03-10 17:00:00,0.0,4.698,22.0,0.0,19.249999999779998,2.0,0.0,0.0,5.555555555555555,-24.698,5.623031938821413
2017-03-10 18:00:00,0.0,4.32,18.47999999972966,0.0,0.0,2.0,0.0,0.0,5.555555555555555,-20.79999999972966,0.0
2017-03-10 19:00:00,0.0,3.942,0.0,0.0,0.0,2.0,5.555555555555555,0.0,0.0,3.613555555555555,0.0
2017-03-10 20:00:00,0.0,3.294,0.0,0.0,0.0,2.0,5.555555555555555,0.0,0.0,4.261555555555555,0.0
2017-03-10 21:00:00,0.0,2.376,0.0,0.0,0.0,2.0,5.555555555555555,0.0,0.0,5.179555555555556,0.0
2017-03-10 22:00:00,0.0,1.836,0.0,0.0,0.0,2.0,5.555555555555555,0.0,0.0,5.719555555555555,0.0
2017-03-10 23:00:00,0.0,1.566,0.0,0.0,0.0,2.0,5.555555555555555,0.0,0.0,5.9895555555555555,0.0
2017-03-11 00:00:00,0.0,1.674,0.0,0.0,0.0,2.0,5.555555555555555,0.0,0.0,5.881555555555556,0.0
2017-03-11 01:00:00,0.0,1.296,0.0,0.0,0.0,2.0,5.555555555555555,0.0,0.0,6.259555555555555,0.0
2017-03-11 02:00:00,0.0,1.188,0.0,22.0,21.119999999999997,2.0,5.555555555555555,0.0,0.0,28.36755555555556,0.0
2017-03-11 03:00:00,0.0,0.972,0.0,22.0,42.239999999999995,2.0,5.555555555555555,24.0,0.0,52.583555555555556,23.52
2017-03-11 04:00:00,0.0,0.864,0.0,0.0,42.239999999999995,2.0,5.555555555555555,0.0,0.0,6.6915555555555555,23.237759999999998
2017-03-11 05:00:00,0.0,0.864,0.0,0.0,42.239999999999995,2.0,0.0,0.0,5.555555555555555,1.1360000000000001,17.403351324444444
2017-03-11 06:00:00,0.72,1.188,0.0,0.0,42.239999999999995,2.0,0.0,0.0,5.555555555555555,0.09200000000000008,11.638955552995556
2017-03-11 07:00:00,3.672,1.296,0.0,0.0,42.239999999999995,2.0,0.0,0.0,5.555555555555555,-2.968,5.943732530804054
2017-03-11 08:00:00,8.856,1.404,0.0,0.0,42.239999999999995,2.0,0.0,0.0,5.555555555555555,-8.26,0.3168521848788499
2017-03-11 09:00:00,13.86,1.35,0.0,0.0,42.239999999999995,2.0,5.242505596895252,0.0,0.3130499586603037,-7.967494403104748,0.0
2017-03-11 10:00:00,17.676,1.512,0.0,0.0,42.239999999999995,2.0,5.555555555555555,0.0,0.0,-11.632444444444443,0.0
2017-03-11 11:00:00,19.836,1.782,0.0,0.0,42.239999999999995,2.0,5.555555555555555,0.0,0.0,-14.062444444444443,0.0
2017-03-11 12:00:00,20.376,1.296,0.0,0.0,42.239999999999995,2.0,5.555555555555555,0.0,0.0,-14.116444444444447,0.0
2017-03-11 13:00:00,19.476,1.458,0.0,22.0,63.35999999999999,2.0,5.555555555555555,0.0,0.0,8.62155555555556,0.0
2017-03-11 14:00:00,15.048,1.728,0.0,5.614583333562521,68.75000000022001,2.0,5.555555555555555,17.634897468788893,0.0,14.02903635790697,17.282199519413115
2017-03-11 15:00:00,8.748,1.89,0.0,0.0,68.75000000022001,2.0,5.555555555555555,0.0,0.0,-3.0824444444444437,17.074813125180157
2017-03-11 16:00:00,3.024,2.376,22.0,0.0,45.833333333480006,2.0,0.0,0.0,5.555555555555555,-25.400000000000002,11.314359812122438
2017-03-11 17:00:00,0.0,3.726,22.0,0.0,22.916666666740003,2.0,0.0,0.0,5.555555555555555,-23.726,5.623031938821413
2017-03-11 18:00:00,0.0,4.158,22.0,0.0,0.0,2.0,0.0,0.0,5.555555555555555,-24.158,0.0
2017-03-11 19:00:00,0.0,5.94,0.0,0.0,0.0,2.0,5.555555555555555,0.0,0.0,1.615555555555555,0.0
2017-03-11 20:00:00,0.0,7.02,0.0,0.0,0.0,2.0,5.555555555555555,0.0,0.0,0.5355555555555558,0.0
2017-03-11 21:00:00,0.0,6.696,0.0,0.0,0.0,2.0,5.555555555555555,0.0,0.0,0.8595555555555556,0.0
2017-03-11 22:00:00,0.0,6.48,0.0,0.0,0.0,2.0,5.555555555555555,0.0,0.0,1.075555555555555,0.0
2017-03-11 23:00:00,0.0,6.264,0.0,3.66666666666667,3.520000000000003,2.0,5.555555555555555,0.0,0.0,4.958222222222225,0.0
2017-03-12 00:00:00,0.0,6.534,0.0,22.0,24.64,2.0,5.555555555555555,24.0,0.0,47.02155555555556,23.52
2017-03-12 01:00:00,0.0,7.506,0.0,22.0,45.76,2.0,0.0,0.0,5.555555555555555,16.494,17.682204444444444
2017-03-12 02:00:00,0.0,9.234,0.0,22.0,66.88,2.0,0.0,0.0,5.555555555555555,14.766,11.914462435555555
2017-03-12 03:00:00,0.0,11.07,0.0,22.0,88.0,2.0,5.555555555555555,24.0,0.0,42.48555555555556,35.291488886328885
2017-03-12 04:00:00,0.0,12.69,0.0,0.0,88.0,2.0,0.0,0.0,5.555555555555555,-10.69,29.31243546413738
2017-03-12 05:00:00,0.0,13.878,0.0,0.0,88.0,2.0,0.0,0.0,5.555555555555555,-11.878,23.405130683012175
2017-03-12 06:00:00,1.116,13.662,0.0,0.0,88.0,2.0,0.0,0.0,5.555555555555555,-12.778,17.568713559260473
2017-03-12 07:00:00,4.176,14.472,0.0,0.0,88.0,2.0,0.0,0.0,5.555555555555555,-16.648,11.802333440993793
2017-03-12 08:00:00,9.036,15.66,0.0,0.0,88.0,2.0,0.0,0.0,5.555555555555555,-22.695999999999998,6.1051498841463125
2017-03-12 09:00:00,14.76,16.2,0.0,0.0,88.0,2.0,0.0,0.0,5.555555555555555,-28.96,0.4763325299810015
2017-03-12 10:00:00,19.944,16.308,0.0,0.0,88.0,2.0,5.084939015934326,0.0,0.47061653962122946,-29.16706098406567,0.0
2017-03-12 11:00:00,22.356,16.092,0.0,0.0,88.0,2.0,5.555555555555555,0.0,0.0,-30.892444444444443,0.0
2017-03-12 12:00:00,21.06,15.606,0.0,0.0,88.0,2.0,5.555555555555555,0.0,0.0,-29.110444444444443,0.0
2017-03-12 13:00:00,17.388,15.228,0.0,0.0,88.0,2.0,5.555555555555555,0.0,0.0,-25.060444444444446,0.0
2017-03-12 14:00:00,12.78,14.742,0.0,0.0,88.0,2.0,5.555555555555555,0.0,0.0,-19.966444444444445,0.0
2017-03-12 15:00:00,8.82,12.96,0.0,0.0,88.0,2.0,5.555555555555555,11.685491006488515,0.0,-2.538953437955932,11.451781186358744
2017-03-12 16:00:00,3.456,10.8,0.0,0.0,88.0,2.0,5.555555555555555,0.0,0.0,-6.700444444444445,11.314359812122438
2017-03-12 17:00:00,0.0,10.8,22.0,0.0,65.08333333326,2.0,0.0,0.0,5.555555555555555,-30.8,5.623031938821413
2017-03-12 18:00:00,0.0,13.932,22.0,0.0,42.16666666652,2.0,0.0,0.0,5.555555555555555,-33.932,0.0
2017-03-12 19:00:00,0.0,13.824,22.0,0.0,19.249999999779998,2.0,5.555555555555555,0.0,0.0,-28.268444444444444,0.0
2017-03-12 20:00:00,0.0,13.5,18.47999999972966,0.0,0.0,2.0,5.555555555555555,0.0,0.0,-24.424444444174107,0.0
2017-03-12 21:00:00,0.0,12.096,0.0,0.0,0.0,2.0,5.555555555555555,0.0,0.0,-4.540444444444445,0.0
2017-03-12 22:00:00,0.0,10.53,0.0,0.0,0.0,2.0,5.555555555555555,0.0,0.0,-2.974444444444444,0.0
2017-03-12 23:00:00,0.0,9.126,0.0,22.0,21.119999999999997,2.0,5.555555555555555,0.0,0.0,20.42955555555556,0.0
2017-03-13 00:00:00,0.0,7.614,0.0,22.0,42.239999999999995,2.0,5.555555555555555,17.26491310539358,0.0,39.206468660949135,16.919614843285707
2017-03-13 01:00:00,0.0,7.668,0.0,22.0,63.35999999999999,2.0,5.555555555555555,24.0,0.0,45.88755555555556,40.23657946516628
2017-03-13 02:00:00,0.0,7.668,0.0,22.0,84.47999999999999,2.0,5.555555555555555,24.0,0.0,45.88755555555556,63.27374051158428
2017-03-13 03:00:00,0.0,7.29,0.0,3.6666666666666776,88.0,2.0,5.555555555555555,24.0,0.0,27.932222222222236,86.03445562544526
2017-03-13 04:00:00,0.0,6.318,0.0,0.0,88.0,2.0,0.0,0.0,5.555555555555555,-4.318,79.44648660238435
2017-03-13 05:00:00,0.0,4.914,0.0,0.0,88.0,2.0,0.0,0.0,5.555555555555555,-2.9139999999999997,72.93757320760018
2017-03-13 06:00:00,1.548,4.914,22.0,0.0,65.08333333326,2.0,0.0,0.0,5.555555555555555,-26.462000000000003,66.50676677355342
2017-03-13 07:00:00,4.284,5.508,22.0,0.0,42.16666666652,2.0,0.0,0.0,5.555555555555555,-29.791999999999998,60.15313001671523
2017-03-13 08:00:00,5.58,6.372,22.0,0.0,19.249999999779998,2.0,0.0,0.0,5.555555555555555,-31.951999999999998,53.87573690095909
2017-03-13 09:00:00,7.308,7.29,0.0,0.0,19.249999999779998,2.0,0.0,0.0,5.555555555555555,-12.597999999999999,47.67367250259203
2017-03-13 10:00:00,10.836,7.506,0.0,0.0,19.249999999779998,2.0,0.0,0.0,5.555555555555555,-16.342,41.546032877005366
2017-03-13 11:00:00,11.088,7.182,0.0,22.0,40.36999999977999,2.0,0.0,0.0,5.555555555555555,5.729999999999999,35.49192492692575
2017-03-13 12:00:00,9.504,5.346,0.0,5.614583333562506,45.76,2.0,0.0,0.0,5.555555555555555,-7.2354166664374935,29.510466272247083
2017-03-13 13:00:00,6.804,5.616,0.0,22.0,66.88,2.0,5.555555555555555,0.0,0.0,17.135555555555555,29.15634067698012
2017-03-13 14:00:00,5.22,4.806,0.0,22.0,88.0,2.0,5.555555555555555,0.0,0.0,19.529555555555557,28.806464588856358
2017-03-13 15:00:00,3.996,4.536,0.0,0.0,88.0,2.0,0.0,0.0,5.555555555555555,-6.532,22.905231458234528
2017-03-13 16:00:00,1.872,4.59,22.0,0.0,65.08333333326,2.0,0.0,0.0,5.555555555555555,-26.462,17.074813125180157
2017-03-13 17:00:00,0.0,5.022,22.0,0.0,42.16666666652,2.0,0.0,0.0,5.555555555555555,-25.022,11.314359812122438
2017-03-13 18:00:00,0.0,5.508,22.0,0.0,19.249999999779998,2.0,0.0,0.0,5.555555555555555,-25.508,5.623031938821413
2017-03-13 19:00:00,0.0,4.752,18.47999999972966,0.0,0.0,2.0,0.0,0.0,5.555555555555555,-21.23199999972966,0.0
2017-03-13 20:00:00,0.0,3.24,0.0,0.0,0.0,2.0,5.555555555555555,0.0,0.0,4.315555555555555,0.0
2017-03-13 21:00:00,0.0,3.456,0.0,0.0,0.0,2.0,5.555555555555555,0.0,0.0,4.099555555555556,0.0
2017-03-13 22:00:00,0.0,3.996,0.0,0.0,0.0,2.0,5.555555555555555,0.0,0.0,3.5595555555555554,0.0
2017-03-13 23:00:00,0.0,4.86,0.0,0.0,0.0,2.0,5.555555555555555,0.0,0.0,2.695555555555555,0.0
2017-03-14 00:00:00,0.0,5.994,0.0,22.0,21.119999999999997,2.0,5.555555555555555,0.0,0.0,23.561555555555557,0.0
2017-03-14 01:00:00,0.0,6.048,0.0,22.0,42.239999999999995,2.0,5.555555555555555,12.064977841803803,0.0,35.57253339735936,11.823678284967727
2017-03-14 02:00:00,0.0,5.994,0.0,22.0,63.35999999999999,2.0,5.555555555555555,24.0,0.0,47.56155555555556,35.201794145548114
2017-03-14 03:00:00,0.0,7.83,0.0,22.0,84.47999999999999,2.0,5.555555555555555,0.0,0.0,21.72555555555556,34.779372615801535
2017-03-14 04:00:00,0.0,10.26,0.0,0.0,84.47999999999999,2.0,0.0,0.0,5.555555555555555,-8.26,28.806464588856358
2017-03-14 05:00:00,0.0,13.554,0.0,0.0,84.47999999999999,2.0,0.0,0.0,5.555555555555555,-11.554,22.905231458234528
2017-03-14 06:00:00,0.648,13.122,22.0,0.0,61.56333333325999,2.0,0.0,0.0,5.555555555555555,-33.77,17.074813125180157
2017-03-14 07:00:00,1.944,17.874,22.0,0.0,38.64666666651999,2.0,0.0,0.0,5.555555555555555,-39.818,11.314359812122438
2017-03-14 08:00:00,3.78,21.87,22.0,0.0,15.729999999779988,2.0,0.0,0.0,5.555555555555555,-45.650000000000006,5.623031938821413
2017-03-14 09:00:00,6.66,26.838,15.100799999740465,0.0,0.0,2.0,0.0,0.0,5.555555555555555,-46.598799999740464,0.0
2017-03-14 10:00:00,9.612,30.78,0.0,0.0,0.0,2.0,5.555555555555555,0.0,0.0,-32.836444444444446,0.0
2017-03-14 11:00:00,7.956,33.156,0.0,0.0,0.0,2.0,5.555555555555555,0.0,0.0,-33.556444444444445,0.0
2017-03-14 12:00:00,4.14,34.56,0.0,0.0,0.0,2.0,5.555555555555555,0.0,0.0,-31.144444444444446,0.0
2017-03-14 13:00:00,1.98,35.424,0.0,0.0,0.0,2.0,5.555555555555555,0.0,0.0,-29.848444444444443,0.0
2017-03-14 14:00:00,1.116,37.368,0.0,0.0,0.0,2.0,5.555555555555555,0.0,0.0,-30.928444444444445,0.0
2017-03-14 15:00:00,0.72,35.046,0.0,0.0,0.0,2.0,5.555555555555555,0.0,0.0,-28.21044444444444,0.0
2017-03-14 16:00:00,0.504,33.534,0.0,0.0,0.0,2.0,5.555555555555555,0.0,0.0,-26.482444444444443,0.0
2017-03-14 17:00:00,0.0,31.212,0.0,0.0,0.0,2.0,5.555555555555555,0.0,0.0,-23.656444444444446,0.0
2017-03-14 18:00:00,0.0,32.508,0.0,0.0,0.0,2.0,5.555555555555555,0.0,0.0,-24.952444444444446,0.0
2017-03-14 19:00:00,0.0,34.506,0.0,0.0,0.0,2.0,5.555555555555555,0.0,0.0,-26.950444444444443,0.0
2017-03-14 20:00:00,0.0,34.128,0.0,0.0,0.0,2.0,5.555555555555555,0.0,0.0,-26.572444444444443,0.0
2017-03-14 21:00:00,0.0,34.506,0.0,0.0,0.0,2.0,5.555555555555555,0.0,0.0,-26.950444444444443,0.0
2017-03-14 22:00:00,0.0,34.938,0.0,0.0,0.0,2.0,5.555555555555555,0.0,0.0,-27.382444444444445,0.0
2017-03-14 23:00:00,0.0,0.0,0.0,22.0,21.119999999999997,2.0,5.555555555555555,24.0,0.0,53.55555555555556,23.52
2017-03-15 00:00:00,0.0,0.0,0.0,22.0,42.239999999999995,2.0,5.555555555555555,24.0,0.0,53.55555555555556,46.75776
2017-03-15 01:00:00,0.0,0.0,0.0,22.0,63.35999999999999,2.0,5.555555555555555,24.0,0.0,53.55555555555556,69.71666687999999
2017-03-15 02:00:00,0.0,0.0,0.0,22.0,84.47999999999999,2.0,5.555555555555555,24.0,0.0,53.55555555555556,92.40006687743998
2017-03-15 03:00:00,0.0,35.532,0.0,3.6666666666666776,88.0,2.0,5.555555555555555,8.886463188866623,0.0,-15.42331458891114,100.0
2017-03-15 04:00:00,0.0,33.372,0.0,0.0,88.0,2.0,5.4029847164094615,0.0,0.15257083914609382,-25.969015283590537,98.6474291608539
2017-03-15 05:00:00,0.0,30.996,0.0,0.0,88.0,2.0,0.0,0.0,5.555555555555555,-28.996,91.9081044553681
2017-03-15 06:00:00,3.06,33.048,22.0,0.0,65.08333333326,2.0,0.0,0.0,5.555555555555555,-56.108000000000004,85.24965164634813
2017-03-15 07:00:00,10.44,36.558,22.0,0.0,42.16666666652,2.0,0.0,0.0,5.555555555555555,-66.998,78.6711002710364
2017-03-15 08:00:00,17.28,37.8,0.0,0.0,42.16666666652,2.0,0.0,0.0,5.555555555555555,-53.08,72.1714915122284
2017-03-15 09:00:00,22.356,37.692,0.0,0.0,42.16666666652,2.0,0.0,0.0,5.555555555555555,-58.048,65.74987805852611
2017-03-15 10:00:00,25.416,36.72,0.0,0.0,42.16666666652,2.0,0.0,0.0,5.555555555555555,-60.135999999999996,59.40532396626824
2017-03-15 11:00:00,26.028,35.802,0.0,0.0,42.16666666652,2.0,0.0,0.0,5.555555555555555,-59.83,53.136904523117465
2017-03-15 12:00:00,24.444,35.586,0.0,0.0,42.16666666652,2.0,0.0,0.0,5.555555555555555,-58.03,46.9437061132845
2017-03-15 13:00:00,21.348,35.856,0.0,22.0,63.28666666652,2.0,0.0,0.0,5.555555555555555,-33.204,40.824826084369526
2017-03-15 14:00:00,16.308,35.37,0.0,22.0,84.40666666652,2.0,0.0,0.0,5.555555555555555,-27.677999999999997,34.779372615801535
2017-03-15 15:00:00,10.08,31.806,0.0,0.0,84.40666666652,2.0,0.0,0.0,5.555555555555555,-39.886,28.806464588856358
2017-03-15 16:00:00,4.032,26.514,0.0,0.0,84.40666666652,2.0,0.0,0.0,5.555555555555555,-28.546,22.905231458234528
2017-03-15 17:00:00,0.0,22.194,22.0,0.0,61.48999999978,2.0,0.0,0.0,5.555555555555555,-42.194,17.074813125180157
2017-03-15 18:00:00,0.0,22.14,22.0,0.0,38.57333333304,2.0,0.0,0.0,5.555555555555555,-42.14,11.314359812122438
2017-03-15 19:00:00,0.0,21.06,22.0,0.0,15.656666666299994,2.0,0.0,0.0,5.555555555555555,-41.06,5.623031938821413
2017-03-15 20:00:00,0.0,20.574,15.030399999599895,0.0,0.0,2.0,0.0,0.0,5.555555555555555,-33.6043999995999,0.0
2017-03-15 21:00:00,0.0,20.466,0.0,0.0,0.0,2.0,5.555555555555555,0.0,0.0,-12.910444444444446,0.0
2017-03-15 22:00:00,0.0,19.386,0.0,22.0,21.119999999999997,2.0,5.555555555555555,24.0,0.0,34.16955555555556,23.52
2017-03-15 23:00:00,0.0,17.658,0.0,22.0,42.239999999999995,2.0,5.555555555555555,24.0,0.0,35.897555555555556,46.75776
2017-03-16 00:00:00,0.0,16.362,0.0,22.0,63.35999999999999,2.0,5.555555555555555,24.0,0.0,37.19355555555556,69.71666687999999
2017-03-16 01:00:00,0.0,15.336,0.0,22.0,84.47999999999999,2.0,5.555555555555555,24.0,0.0,38.21955555555556,92.40006687743998
2017-03-16 02:00:00,0.0,14.904,0.0,3.6666666666666776,88.0,2.0,0.0,0.0,5.555555555555555,-9.237333333333321,85.73571051935515
2017-03-16 03:00:00,0.0,13.878,0.0,0.0,88.0,2.0,0.0,0.0,5.555555555555555,-11.878,79.15132643756733
2017-03-16 04:00:00,0.0,13.5,0.0,0.0,88.0,2.0,0.0,0.0,5.555555555555555,-11.5,72.64595496476097
2017-03-16 05:00:00,0.0,13.824,0.0,0.0,88.0,2.0,0.0,0.0,5.555555555555555,-11.824,66.21864794962829
2017-03-16 06:00:00,0.828,12.366,18.47999999972965,0.0,68.75000000022001,2.0,0.0,0.0,5.555555555555555,-29.673999999729652,59.8684686186772
2017-03-16 07:00:00,2.52,13.878,22.0,0.0,45.833333333480006,2.0,0.0,0.0,5.555555555555555,-36.398,53.594491439697514
2017-03-16 08:00:00,5.004,15.498,22.0,0.0,22.916666666740003,2.0,0.0,0.0,5.555555555555555,-40.501999999999995,47.395801986865585
2017-03-16 09:00:00,8.82,16.092,22.0,0.0,0.0,2.0,0.0,0.0,5.555555555555555,-44.912,41.27149680746764
2017-03-16 10:00:00,14.472,17.928,0.0,0.0,0.0,2.0,0.0,0.0,5.555555555555555,-30.4,35.220683290222475
2017-03-16 11:00:00,18.648,20.628,0.0,0.0,0.0,2.0,0.0,0.0,5.555555555555555,-37.275999999999996,29.242479535184245
2017-03-16 12:00:00,19.98,19.116,0.0,0.0,0.0,2.0,0.0,0.0,5.555555555555555,-37.096000000000004,23.336014225206476
2017-03-16 13:00:00,14.904,25.434,0.0,0.0,0.0,2.0,0.0,0.0,5.555555555555555,-38.338,17.500426498948443
2017-03-16 14:00:00,13.104,29.322,0.0,0.0,0.0,2.0,0.0,0.0,5.555555555555555,-40.426,11.734865825405505
2017-03-16 15:00:00,6.516,29.754,0.0,0.0,0.0,2.0,0.0,0.0,5.555555555555555,-34.27,6.038491879945083
2017-03-16 16:00:00,2.304,29.97,0.0,0.0,0.0,2.0,0.0,0.0,5.555555555555555,-30.273999999999997,0.41047442183018656
2017-03-16 17:00:00,0.0,30.78,0.0,0.0,0.0,2.0,5.1500068267873305,0.0,0.40554872876822434,-23.629993173212668,0.0
2017-03-16 18:00:00,0.0,28.35,0.0,0.0,0.0,2.0,5.555555555555555,0.0,0.0,-20.794444444444444,0.0
2017-03-16 19:00:00,0.0,32.346,0.0,0.0,0.0,2.0,5.555555555555555,0.0,0.0,-24.79044444444444,0.0
2017-03-16 20:00:00,0.0,33.264,0.0,0.0,0.0,2.0,5.555555555555555,0.0,0.0,-25.708444444444446,0.0
2017-03-16 21:00:00,0.0,35.316,0.0,22.0,21.119999999999997,2.0,5.555555555555555,24.0,0.0,18.239555555555555,23.52
2017-03-16 22:00:00,0.0,36.342,0.0,22.0,42.239999999999995,2.0,5.555555555555555,24.0,0.0,17.21355555555556,46.75776
2017-03-16 23:00:00,0.0,34.938,0.0,3.66666666666667,45.76,2.0,5.555555555555555,8.517103202874397,0.0,-15.198674574903379,54.543428018816904
2017-03-17 00:00:00,0.0,30.888,0.0,22.0,66.88,2.0,5.555555555555555,24.0,0.0,22.667555555555555,77.4089068825911
2017-03-17 01:00:00,0.0,25.974,0.0,22.0,88.0,2.0,5.555555555555555,24.0,0.0,27.581555555555557,100.0
2017-03-17 02:00:00,0.0,27.432,0.0,0.0,88.0,2.0,5.555555555555555,1.2244897959183703,0.0,-18.651954648526072,100.0
2017-03-17 03:00:00,0.0,24.57,0.0,0.0,88.0,2.0,0.0,0.0,5.555555555555555,-22.57,93.24444444444444
2017-03-17 04:00:00,0.0,23.22,0.0,0.0,88.0,2.0,0.0,0.0,5.555555555555555,-21.22,86.56995555555555
2017-03-17 05:00:00,0.0,23.22,0.0,0.0,88.0,2.0,0.0,0.0,5.555555555555555,-21.22,79.97556053333332
2017-03-17 06:00:00,2.376,26.676,22.0,0.0,65.08333333326,2.0,0.0,0.0,5.555555555555555,-49.052,73.46029825137776
2017-03-17 07:00:00,8.388,31.104,22.0,0.0,42.16666666652,2.0,0.0,0.0,5.555555555555555,-59.492,67.02321911680568
2017-03-17 08:00:00,14.148,35.694,22.0,0.0,19.249999999779998,2.0,0.0,0.0,5.555555555555555,-69.842,60.663384931848455
2017-03-17 09:00:00,15.948,38.016,18.47999999972966,0.0,0.0,2.0,0.0,0.0,5.555555555555555,-70.44399999972967,54.379868757110714
2017-03-17 10:00:00,15.876,38.934,0.0,0.0,0.0,2.0,0.0,0.0,5.555555555555555,-52.809999999999995,48.171754776469825
2017-03-17 11:00:00,14.256,38.988,0.0,0.0,0.0,2.0,0.0,0.0,5.555555555555555,-51.244,42.03813816359663
2017-03-17 12:00:00,11.16,37.908,0.0,22.0,21.119999999999997,2.0,0.0,0.0,5.555555555555555,-25.068,35.97812495007791
2017-03-17 13:00:00,9.0,36.126,0.0,22.0,42.239999999999995,2.0,5.555555555555555,0.0,0.0,-15.57044444444444,35.546387450676974
2017-03-17 14:00:00,9.144,34.614,0.0,22.0,63.35999999999999,2.0,5.215097370088244,0.0,0.34045818546731255,-14.542902629911753,34.779372615801535
2017-03-17 15:00:00,6.228,30.618,0.0,22.0,84.47999999999999,2.0,0.0,0.0,5.555555555555555,-12.845999999999998,28.806464588856358
2017-03-17 16:00:00,2.664,24.732,22.0,0.0,61.56333333325999,2.0,0.0,0.0,5.555555555555555,-47.396,22.905231458234528
2017-03-17 17:00:00,0.0,19.602,22.0,0.0,38.64666666651999,2.0,0.0,0.0,5.555555555555555,-39.602000000000004,17.074813125180157
2017-03-17 18:00:00,0.0,14.472,22.0,0.0,15.729999999779988,2.0,0.0,0.0,5.555555555555555,-34.472,11.314359812122438
2017-03-17 19:00:00,0.0,14.094,15.100799999740465,0.0,0.0,2.0,0.0,0.0,5.555555555555555,-27.194799999740464,5.623031938821413
2017-03-17 20:00:00,0.0,13.392,0.0,0.0,0.0,2.0,0.0,0.0,5.555555555555555,-11.392,0.0
2017-03-17 21:00:00,0.0,13.662,0.0,0.0,0.0,2.0,5.555555555555555,0.0,0.0,-6.1064444444444455,0.0
2017-03-17 22:00:00,0.0,15.012,0.0,22.0,21.119999999999997,2.0,5.555555555555555,0.0,0.0,14.543555555555557,0.0
2017-03-17 23:00:00,0.0,15.822,0.0,22.0,42.239999999999995,2.0,5.555555555555555,24.0,0.0,37.733555555555554,23.52
2017-03-18 00:00:00,0.0,15.174,0.0,22.0,63.35999999999999,2.0,5.555555555555555,24.0,0.0,38.38155555555556,46.75776
2017-03-18 01:00:00,0.0,12.582,0.0,22.0,84.47999999999999,2.0,5.555555555555555,24.0,0.0,40.973555555555556,69.71666687999999
2017-03-18 02:00:00,0.0,12.798,0.0,3.6666666666666776,88.0,2.0,0.0,0.0,5.555555555555555,-7.131333333333322,63.32451132188443
2017-03-18 03:00:00,0.0,13.662,0.0,0.0,88.0,2.0,0.0,0.0,5.555555555555555,-11.662,57.009061630466256
2017-03-18 04:00:00,0.0,15.876,0.0,0.0,88.0,2.0,0.0,0.0,5.555555555555555,-13.876,50.769397335345104
2017-03-18 05:00:00,0.0,15.012,0.0,0.0,88.0,2.0,0.0,0.0,5.555555555555555,-13.012,44.604609011765405
2017-03-18 06:00:00,1.008,17.118,0.0,0.0,88.0,2.0,0.0,0.0,5.555555555555555,-16.125999999999998,38.51379814806866
2017-03-18 07:00:00,4.716,19.764,22.0,0.0,65.08333333326,2.0,0.0,0.0,5.555555555555555,-44.48,32.49607701473628
2017-03-18 08:00:00,9.828,24.138,22.0,0.0,42.16666666652,2.0,0.0,0.0,5.555555555555555,-53.96600000000001,26.550568535003883
2017-03-18 09:00:00,13.536,27.702,22.0,0.0,19.249999999779998,2.0,0.0,0.0,5.555555555555555,-61.238,20.676406157028282
2017-03-18 10:00:00,17.424,30.834,15.100799999740472,0.0,3.520000000000003,2.0,0.0,0.0,5.555555555555555,-61.35879999974047,14.872733727588388
2017-03-18 11:00:00,21.348,31.968,0.0,0.0,3.520000000000003,2.0,0.0,0.0,5.555555555555555,-51.316,9.138705367301771
2017-03-18 12:00:00,22.788,34.776,0.0,22.0,24.64,2.0,0.0,0.0,5.555555555555555,-33.56400000000001,3.4734853473385936
2017-03-18 13:00:00,23.112,33.588,0.0,22.0,45.76,2.0,5.555555555555555,24.0,0.0,-3.144444444444442,26.95180352317053
2017-03-18 14:00:00,19.152,31.482,0.0,22.0,66.88,2.0,2.635378242764793,0.0,2.920177312790763,-23.998621757235206,23.70820456810172
2017-03-18 15:00:00,12.744,28.404,0.0,22.0,88.0,2.0,5.555555555555555,24.0,0.0,12.407555555555557,46.9437061132845
2017-03-18 16:00:00,5.4,23.166,0.0,0.0,88.0,2.0,0.0,0.0,5.555555555555555,-26.566000000000003,40.824826084369526
2017-03-18 17:00:00,0.0,19.17,22.0,0.0,65.08333333326,2.0,0.0,0.0,5.555555555555555,-39.17,34.779372615801535
2017-03-18 18:00:00,0.0,15.498,22.0,0.0,42.16666666652,2.0,0.0,0.0,5.555555555555555,-35.498,28.806464588856358
2017-03-18 19:00:00,0.0,14.58,18.47999999972966,0.0,22.916666666740003,2.0,0.0,0.0,5.555555555555555,-31.059999999729662,22.905231458234528
2017-03-18 20:00:00,0.0,12.474,0.0,0.0,22.916666666740003,2.0,0.0,0.0,5.555555555555555,-10.474,17.074813125180157
2017-03-18 21:00:00,0.0,8.91,22.0,0.0,0.0,2.0,0.0,0.0,5.555555555555555,-28.91,11.314359812122438
2017-03-18 22:00:00,0.0,6.156,0.0,0.0,0.0,2.0,0.0,0.0,5.555555555555555,-4.156,5.623031938821413
2017-03-18 23:00:00,0.0,3.996,0.0,22.0,21.119999999999997,2.0,0.0,0.0,5.555555555555555,20.004,0.0
2017-03-19 00:00:00,0.0,4.644,0.0,22.0,42.239999999999995,2.0,5.555555555555555,18.08952961896715,0.0,43.00108517452271,17.727739026587805
2017-03-19 01:00:00,0.0,3.132,0.0,22.0,63.35999999999999,2.0,5.555555555555555,0.0,0.0,26.423555555555556,17.51500615826875
2017-03-19 02:00:00,0.0,1.674,0.0,22.0,84.47999999999999,2.0,5.555555555555555,24.0,0.0,51.88155555555556,40.824826084369526
2017-03-19 03:00:00,0.0,1.782,0.0,3.6666666666666776,88.0,2.0,0.0,0.0,5.555555555555555,3.8846666666666776,34.779372615801535
2017-03-19 04:00:00,0.0,3.564,0.0,0.0,88.0,2.0,0.0,0.0,5.555555555555555,-1.564,28.806464588856358
2017-03-19 05:00:00,0.0,6.588,22.0,0.0,65.08333333326,2.0,0.0,0.0,5.555555555555555,-26.588,22.905231458234528
2017-03-19 06:00:00,0.864,5.562,22.0,0.0,42.16666666652,2.0,0.0,0.0,5.555555555555555,-26.426000000000002,17.074813125180157
2017-03-19 07:00:00,1.8,8.1,22.0,0.0,19.249999999779998,2.0,0.0,0.0,5.555555555555555,-29.900000000000002,11.314359812122438
2017-03-19 08:00:00,2.34,12.96,0.0,3.819444444750005,22.916666666740003,2.0,0.0,0.0,5.555555555555555,-9.480555555249996,5.623031938821413
2017-03-19 09:00:00,2.484,19.332,22.0,0.0,0.0,2.0,0.0,0.0,5.555555555555555,-41.816,0.0
2017-03-19 10:00:00,2.34,24.516,0.0,0.0,0.0,2.0,5.555555555555555,0.0,0.0,-19.30044444444444,0.0
2017-03-19 11:00:00,1.908,28.62,0.0,0.0,0.0,2.0,5.555555555555555,0.0,0.0,-22.97244444444445,0.0
2017-03-19 12:00:00,1.584,28.296,0.0,3.66666666666667,3.520000000000003,2.0,5.555555555555555,0.0,0.0,-18.657777777777774,0.0
2017-03-19 13:00:00,1.224,28.242,0.0,22.0,24.64,2.0,5.555555555555555,0.0,0.0,0.08955555555555628,0.0
2017-03-19 14:00:00,0.972,25.434,0.0,22.0,45.76,2.0,5.555555555555555,24.0,0.0,27.149555555555555,23.52
2017-03-19 15:00:00,0.54,20.412,0.0,22.0,66.88,2.0,5.555555555555555,24.0,0.0,32.60355555555556,46.75776
2017-03-19 16:00:00,0.216,17.226,0.0,22.0,88.0,2.0,0.0,0.0,5.555555555555555,6.558000000000001,40.64111132444444
2017-03-19 17:00:00,0.0,14.688,22.0,0.0,65.08333333326,2.0,0.0,0.0,5.555555555555555,-34.688,34.59786243299555
2017-03-19 18:00:00,0.0,12.312,22.0,0.0,42.16666666652,2.0,0.0,0.0,5.555555555555555,-32.312,28.627132528244047
2017-03-19 19:00:00,0.0,14.094,0.0,0.0,42.16666666652,2.0,0.0,0.0,5.555555555555555,-12.094,22.728051382349562
2017-03-19 20:00:00,0.0,15.606,0.0,22.0,63.28666666652,2.0,5.555555555555555,24.0,0.0,37.949555555555555,45.97531476576137
2017-03-19 21:00:00,0.0,13.446,16.82559999980536,0.0,45.76,2.0,0.0,0.0,5.555555555555555,-28.27159999980536,39.86805543301667
2017-03-19 22:00:00,0.0,13.824,0.0,22.0,66.88,2.0,5.555555555555555,24.0,0.0,39.73155555555556,62.90963876782047
2017-03-19 23:00:00,0.0,13.338,0.0,22.0,88.0,2.0,5.555555555555555,22.262658031863282,0.0,38.48021358741884,83.97212797383264
2017-03-20 00:00:00,0.0,8.856,20.275199999935122,0.0,66.88,2.0,0.0,0.0,5.555555555555555,-27.13119999993512,77.4089068825911
2017-03-20 01:00:00,0.0,7.074,0.0,22.0,88.0,2.0,5.555555555555555,24.0,0.0,46.48155555555556,100.0
2017-03-20 02:00:00,0.0,5.346,0.0,0.0,88.0,2.0,5.555555555555555,1.2244897959183703,0.0,3.4340453514739266,100.0
2017-03-20 03:00:00,0.0,3.996,0.0,0.0,88.0,2.0,5.555555555555555,0.0,0.0,3.5595555555555554,98.8
2017-03-20 04:00:00,0.0,3.24,0.0,0.0,88.0,2.0,0.0,0.0,5.555555555555555,-1.2400000000000002,92.05884444444443
2017-03-20 05:00:00,0.0,2.97,18.47999999972965,0.0,68.75000000022001,2.0,0.0,0.0,5.555555555555555,-19.449999999729652,85.39858275555554
2017-03-20 06:00:00,1.656,3.672,22.0,0.0,45.833333333480006,2.0,0.0,0.0,5.555555555555555,-25.328,78.81824420693331
2017-03-20 07:00:00,4.572,4.806,22.0,0.0,22.916666666740003,2.0,0.0,0.0,5.555555555555555,-29.378,72.31686972089456
2017-03-20 08:00:00,8.64,6.318,22.0,0.0,0.0,2.0,0.0,0.0,5.555555555555555,-34.958,65.89351172868827
2017-03-20 09:00:00,9.9,7.614,0.0,0.0,0.0,2.0,0.0,0.0,5.555555555555555,-15.514,59.547234032388445
2017-03-20 10:00:00,10.908,8.316,0.0,0.0,0.0,2.0,0.0,0.0,5.555555555555555,-17.224,53.27711166844423
2017-03-20 11:00:00,9.648,8.478,0.0,0.0,0.0,2.0,0.0,0.0,5.555555555555555,-16.125999999999998,47.08223077286734
2017-03-20 12:00:00,7.092,9.288,0.0,0.0,0.0,2.0,0.0,0.0,5.555555555555555,-14.379999999999999,40.96168844803738
2017-03-20 13:00:00,4.032,12.636,0.0,0.0,0.0,2.0,0.0,0.0,5.555555555555555,-14.668,34.91459263110537
2017-03-20 14:00:00,1.656,13.176,0.0,0.0,0.0,2.0,0.0,0.0,5.555555555555555,-12.832,28.940061963976547
2017-03-20 15:00:00,0.756,14.796,0.0,0.0,0.0,2.0,0.0,0.0,5.555555555555555,-13.552,23.037225664853274
2017-03-20 16:00:00,0.252,17.388,0.0,0.0,0.0,2.0,0.0,0.0,5.555555555555555,-15.640000000000002,17.20522340131948
2017-03-20 17:00:00,0.0,19.17,0.0,0.0,0.0,2.0,0.0,0.0,5.555555555555555,-17.17,11.443205164948091
2017-03-20 18:00:00,0.0,20.682,0.0,0.0,0.0,2.0,0.0,0.0,5.555555555555555,-18.682,5.750331147413158
2017-03-20 19:00:00,0.0,25.488,0.0,0.0,0.0,2.0,0.0,0.0,5.555555555555555,-23.488,0.12577161808864457
2017-03-20 20:00:00,0.0,24.948,0.0,0.0,0.0,2.0,5.431293196883974,0.0,0.12426235867158084,-17.516706803116026,0.0
2017-03-20 21:00:00,0.0,25.11,0.0,0.0,0.0,2.0,5.555555555555555,0.0,0.0,-17.554444444444442,0.0
2017-03-20 22:00:00,0.0,24.3,0.0,22.0,21.119999999999997,2.0,5.555555555555555,24.0,0.0,29.255555555555556,23.52
2017-03-20 23:00:00,0.0,23.652,0.0,3.66666666666667,24.64,2.0,5.555555555555555,8.329051824771653,0.0,-4.100725953006123,31.400230788276218
2017-03-21 00:00:00,0.0,25.488,0.0,22.0,45.76,2.0,5.555555555555555,24.0,0.0,28.067555555555558,54.543428018816904
2017-03-21 01:00:00,0.0,24.408,0.0,22.0,66.88,2.0,5.555555555555555,24.0,0.0,29.147555555555556,77.4089068825911
2017-03-21 02:00:00,0.0,23.598,0.0,22.0,88.0,2.0,5.555555555555555,24.0,0.0,29.957555555555558,100.0
2017-03-21 03:00:00,0.0,23.166,0.0,0.0,88.0,2.0,5.4029847164094615,0.0,0.15257083914609382,-15.763015283590537,98.6474291608539
2017-03-21 04:00:00,0.0,22.41,0.0,0.0,88.0,2.0,0.0,0.0,5.555555555555555,-20.41,91.9081044553681
2017-03-21 05:00:00,0.072,21.816,0.0,0.0,88.0,2.0,0.0,0.0,5.555555555555555,-19.887999999999998,85.24965164634813
2017-03-21 06:00:00,4.14,23.004,22.0,0.0,65.08333333326,2.0,0.0,0.0,5.555555555555555,-47.144000000000005,78.6711002710364
2017-03-21 07:00:00,11.124,29.538,22.0,0.0,42.16666666652,2.0,0.0,0.0,5.555555555555555,-60.662,72.1714915122284
2017-03-21 08:00:00,16.02,31.86,22.0,0.0,19.249999999779998,2.0,0.0,0.0,5.555555555555555,-67.88,65.74987805852611
2017-03-21 09:00:00,17.568,35.532,0.0,0.0,19.249999999779998,2.0,0.0,0.0,5.555555555555555,-51.099999999999994,59.40532396626824
2017-03-21 10:00:00,18.684,37.854,0.0,0.0,19.249999999779998,2.0,0.0,0.0,5.555555555555555,-54.538,53.136904523117465
2017-03-21 11:00:00,18.9,40.014,0.0,0.0,19.249999999779998,2.0,0.0,0.0,5.555555555555555,-56.914,46.9437061132845
2017-03-21 12:00:00,19.44,40.392,0.0,0.0,19.249999999779998,2.0,0.0,0.0,5.555555555555555,-57.83200000000001,40.824826084369526
2017-03-21 13:00:00,20.052,41.904,0.0,0.0,19.249999999779998,2.0,0.0,0.0,5.555555555555555,-59.956,34.779372615801535
2017-03-21 14:00:00,16.128,41.148,0.0,0.0,19.249999999779998,2.0,0.0,0.0,5.555555555555555,-55.276,28.806464588856358
2017-03-21 15:00:00,11.196,38.502,0.0,0.0,19.249999999779998,2.0,0.0,0.0,5.555555555555555,-47.698,22.905231458234528
2017-03-21 16:00:00,4.824,34.668,0.0,0.0,19.249999999779998,2.0,0.0,0.0,5.555555555555555,-37.492,17.074813125180157
2017-03-21 17:00:00,0.0,33.642,18.47999999972966,0.0,0.0,2.0,0.0,0.0,5.555555555555555,-50.12199999972967,11.314359812122438
2017-03-21 18:00:00,0.0,31.158,0.0,0.0,0.0,2.0,0.0,0.0,5.555555555555555,-29.158,5.623031938821413
2017-03-21 19:00:00,0.0,33.426,0.0,0.0,0.0,2.0,0.0,0.0,5.555555555555555,-31.426000000000002,0.0
2017-03-21 20:00:00,0.0,33.264,0.0,22.0,21.119999999999997,2.0,5.555555555555555,24.0,0.0,20.291555555555554,23.52
2017-03-21 21:00:00,0.0,32.832,0.0,22.0,42.239999999999995,2.0,5.555555555555555,24.0,0.0,20.723555555555556,46.75776
2017-03-21 22:00:00,0.0,32.562,0.0,22.0,63.35999999999999,2.0,5.555555555555555,24.0,0.0,20.99355555555556,69.71666687999999
2017-03-21 23:00:00,0.0,31.482,0.0,22.0,84.47999999999999,2.0,5.555555555555555,24.0,0.0,22.073555555555558,92.40006687743998
2017-03-22 00:00:00,0.0,31.86,0.0,3.6666666666666776,88.0,2.0,5.555555555555555,0.0,0.0,-20.637777777777767,91.29126607491071
2017-03-22 01:00:00,0.0,30.186,0.0,0.0,88.0,2.0,5.555555555555555,10.004315426518586,0.0,-12.626129017925859,100.0
2017-03-22 02:00:00,0.0,25.92,0.0,0.0,88.0,2.0,5.555555555555555,1.2244897959183703,0.0,-17.139954648526075,100.0
2017-03-22 03:00:00,0.0,22.572,0.0,0.0,88.0,2.0,0.0,0.0,5.555555555555555,-20.572,93.24444444444444
2017-03-22 04:00:00,0.0,19.98,0.0,0.0,88.0,2.0,0.0,0.0,5.555555555555555,-17.98,86.56995555555555
2017-03-22 05:00:00,0.108,18.792,0.0,0.0,88.0,2.0,0.0,0.0,5.555555555555555,-16.900000000000002,79.97556053333332
2017-03-22 06:00:00,4.14,17.874,0.0,0.0,88.0,2.0,0.0,0.0,5.555555555555555,-20.014,73.46029825137776
2017-03-22 07:00:00,10.584,22.356,18.47999999972965,0.0,68.75000000022001,2.0,0.0,0.0,5.555555555555555,-49.419999999729654,67.02321911680568
2017-03-22 08:00:00,16.02,24.732,0.0,0.0,68.75000000022001,2.0,0.0,0.0,5.555555555555555,-38.751999999999995,60.663384931848455
2017-03-22 09:00:00,21.492,23.112,0.0,0.0,68.75000000022001,2.0,0.0,0.0,5.555555555555555,-42.604,54.379868757110714
2017-03-22 10:00:00,24.84,21.654,0.0,0.0,68.75000000022001,2.0,0.0,0.0,5.555555555555555,-44.494,48.171754776469825
2017-03-22 11:00:00,26.316,20.142,0.0,0.0,68.75000000022001,2.0,0.0,0.0,5.555555555555555,-44.458,42.03813816359663
2017-03-22 12:00:00,25.632,14.634,0.0,0.0,68.75000000022001,2.0,0.0,0.0,5.555555555555555,-38.266000000000005,35.97812495007791
2017-03-22 13:00:00,22.896,13.986,0.0,0.0,68.75000000022001,2.0,0.0,0.0,5.555555555555555,-34.882000000000005,29.990831895121417
2017-03-22 14:00:00,18.144,10.854,0.0,0.0,68.75000000022001,2.0,0.0,0.0,5.555555555555555,-26.997999999999998,24.075386356824403
2017-03-22 15:00:00,11.736,5.778,0.0,0.0,68.75000000022001,2.0,0.0,0.0,5.555555555555555,-15.514,18.230926164986954
2017-03-22 16:00:00,4.716,2.808,22.0,0.0,45.833333333480006,2.0,0.0,0.0,5.555555555555555,-27.524,12.456599495451554
2017-03-22 17:00:00,0.0,1.782,22.0,0.0,22.916666666740003,2.0,0.0,0.0,5.555555555555555,-21.782,6.75156474595058
2017-03-22 18:00:00,0.0,1.674,22.0,0.0,0.0,2.0,0.0,0.0,5.555555555555555,-21.674,1.1149904134436168
2017-03-22 19:00:00,0.0,1.188,0.0,0.0,0.0,2.0,4.453945027073262,0.0,1.1016105284822935,5.265945027073263,0.0
2017-03-22 20:00:00,0.0,0.702,0.0,0.0,0.0,2.0,5.555555555555555,0.0,0.0,6.853555555555555,0.0
2017-03-22 21:00:00,0.0,0.486,0.0,0.0,0.0,2.0,5.555555555555555,0.0,0.0,7.069555555555556,0.0
2017-03-22 22:00:00,0.0,0.486,0.0,3.66666666666667,3.520000000000003,2.0,5.555555555555555,0.0,0.0,10.736222222222224,0.0
2017-03-22 23:00:00,0.0,0.54,0.0,0.0,3.520000000000003,2.0,5.555555555555555,0.0,0.0,7.015555555555555,0.0
2017-03-23 00:00:00,0.0,0.54,0.0,22.0,24.64,2.0,5.555555555555555,0.0,0.0,29.015555555555558,0.0
2017-03-23 01:00:00,0.0,0.756,0.0,22.0,45.76,2.0,5.555555555555555,0.0,0.0,28.799555555555557,0.0
2017-03-23 02:00:00,0.0,1.026,0.0,22.0,66.88,2.0,5.555555555555555,11.628700131993654,0.0,40.15825568754921,11.39612612935378
2017-03-23 03:00:00,0.0,1.35,0.0,22.0,88.0,2.0,5.555555555555555,24.0,0.0,52.205555555555556,34.779372615801535
2017-03-23 04:00:00,0.0,1.62,0.0,0.0,88.0,2.0,0.0,0.0,5.555555555555555,0.3799999999999999,28.806464588856358
2017-03-23 05:00:00,0.144,1.944,0.0,0.0,88.0,2.0,0.0,0.0,5.555555555555555,-0.08799999999999994,22.905231458234528
2017-03-23 06:00:00,4.356,2.214,22.0,0.0,65.08333333326,2.0,0.0,0.0,5.555555555555555,-26.57,17.074813125180157
2017-03-23 07:00:00,11.268,2.538,22.0,0.0,42.16666666652,2.0,0.0,0.0,5.555555555555555,-33.806,11.314359812122438
2017-03-23 08:00:00,17.964,2.376,22.0,0.0,19.249999999779998,2.0,0.0,0.0,5.555555555555555,-40.34,5.623031938821413
2017-03-23 09:00:00,22.68,2.754,0.0,0.0,19.249999999779998,2.0,0.0,0.0,5.555555555555555,-23.434,0.0
2017-03-23 10:00:00,25.416,2.97,0.0,0.0,19.249999999779998,2.0,5.555555555555555,0.0,0.0,-20.830444444444446,0.0
2017-03-23 11:00:00,25.74,3.24,0.0,0.0,19.249999999779998,2.0,5.555555555555555,0.0,0.0,-21.424444444444443,0.0
2017-03-23 12:00:00,24.228,4.59,0.0,0.0,19.249999999779998,2.0,5.555555555555555,0.0,0.0,-21.262444444444448,0.0
2017-03-23 13:00:00,21.132,4.428,0.0,3.819444444750005,22.916666666740003,2.0,5.555555555555555,0.0,0.0,-14.18499999969444,0.0
2017-03-23 14:00:00,17.28,3.834,0.0,0.0,22.916666666740003,2.0,5.555555555555555,0.0,0.0,-13.558444444444445,0.0
2017-03-23 15:00:00,12.06,3.186,0.0,0.0,22.916666666740003,2.0,5.555555555555555,11.685491006488515,0.0,3.9950465620440685,11.451781186358744
2017-03-23 16:00:00,5.4,2.484,0.0,0.0,22.916666666740003,2.0,5.555555555555555,0.0,0.0,-0.328444444444445,11.314359812122438
2017-03-23 17:00:00,0.072,2.214,22.0,0.0,0.0,2.0,0.0,0.0,5.555555555555555,-22.285999999999998,5.623031938821413
2017-03-23 18:00:00,0.0,2.16,0.0,0.0,0.0,2.0,0.0,0.0,5.555555555555555,-0.16000000000000014,0.0
2017-03-23 19:00:00,0.0,1.566,0.0,0.0,0.0,2.0,5.555555555555555,0.0,0.0,5.9895555555555555,0.0
2017-03-23 20:00:00,0.0,1.188,0.0,0.0,0.0,2.0,5.555555555555555,0.0,0.0,6.367555555555556,0.0
2017-03-23 21:00:00,0.0,1.026,0.0,0.0,0.0,2.0,5.555555555555555,0.0,0.0,6.529555555555556,0.0
2017-03-23 22:00:00,0.0,0.972,0.0,0.0,0.0,2.0,5.555555555555555,0.0,0.0,6.583555555555556,0.0
2017-03-23 23:00:00,0.0,0.972,0.0,22.0,21.119999999999997,2.0,5.555555555555555,0.0,0.0,28.583555555555556,0.0
2017-03-24 00:00:00,0.0,0.702,0.0,22.0,42.239999999999995,2.0,5.555555555555555,0.0,0.0,28.85355555555556,0.0
2017-03-24 01:00:00,0.0,0.918,0.0,3.66666666666667,45.76,2.0,5.555555555555555,0.0,0.0,10.304222222222226,0.0
2017-03-24 02:00:00,0.0,1.08,0.0,22.0,66.88,2.0,5.555555555555555,12.064977841803803,0.0,40.54053339735936,11.823678284967727
2017-03-24 03:00:00,0.0,1.296,0.0,22.0,88.0,2.0,5.555555555555555,24.0,0.0,52.25955555555556,35.201794145548114
2017-03-24 04:00:00,0.0,1.728,0.0,0.0,88.0,2.0,5.555555555555555,0.0,0.0,5.827555555555556,34.779372615801535
2017-03-24 05:00:00,0.216,2.43,0.0,0.0,88.0,2.0,0.0,0.0,5.555555555555555,-0.6460000000000001,28.806464588856358
2017-03-24 06:00:00,4.86,2.214,22.0,0.0,65.08333333326,2.0,0.0,0.0,5.555555555555555,-27.073999999999998,22.905231458234528
2017-03-24 07:00:00,11.988,2.484,22.0,0.0,42.16666666652,2.0,0.0,0.0,5.555555555555555,-34.472,17.074813125180157
2017-03-24 08:00:00,18.432,2.43,22.0,0.0,19.249999999779998,2.0,0.0,0.0,5.555555555555555,-40.861999999999995,11.314359812122438
2017-03-24 09:00:00,23.436,2.754,18.47999999972966,0.0,0.0,2.0,0.0,0.0,5.555555555555555,-42.66999999972966,5.623031938821413
2017-03-24 10:00:00,26.352,3.834,0.0,0.0,0.0,2.0,0.0,0.0,5.555555555555555,-28.186,0.0
2017-03-24 11:00:00,27.288,5.616,0.0,0.0,0.0,2.0,5.555555555555555,0.0,0.0,-25.348444444444446,0.0
2017-03-24 12:00:00,26.244,6.642,0.0,0.0,0.0,2.0,5.555555555555555,0.0,0.0,-25.330444444444446,0.0
2017-03-24 13:00:00,23.112,7.668,0.0,0.0,0.0,2.0,5.555555555555555,0.0,0.0,-23.224444444444444,0.0
2017-03-24 14:00:00,17.64,7.398,0.0,0.0,0.0,2.0,5.555555555555555,0.0,0.0,-17.482444444444447,0.0
2017-03-24 15:00:00,10.692,7.182,0.0,0.0,0.0,2.0,5.555555555555555,0.0,0.0,-10.318444444444445,0.0
2017-03-24 16:00:00,3.96,6.372,0.0,0.0,0.0,2.0,5.555555555555555,0.0,0.0,-2.7764444444444445,0.0
2017-03-24 17:00:00,0.072,6.426,0.0,0.0,0.0,2.0,5.555555555555555,0.0,0.0,1.0575555555555551,0.0
2017-03-24 18:00:00,0.0,7.074,0.0,0.0,0.0,2.0,5.555555555555555,0.0,0.0,0.4815555555555555,0.0
2017-03-24 19:00:00,0.0,6.48,0.0,0.0,0.0,2.0,5.555555555555555,0.0,0.0,1.075555555555555,0.0
2017-03-24 20:00:00,0.0,7.344,0.0,0.0,0.0,2.0,5.555555555555555,0.0,0.0,0.21155555555555505,0.0
2017-03-24 21:00:00,0.0,9.126,0.0,0.0,0.0,2.0,5.555555555555555,0.0,0.0,-1.570444444444444,0.0
2017-03-24 22:00:00,0.0,11.34,0.0,0.0,0.0,2.0,5.555555555555555,0.0,0.0,-3.7844444444444445,0.0
2017-03-24 23:00:00,0.0,13.824,0.0,0.0,0.0,2.0,5.555555555555555,0.0,0.0,-6.2684444444444445,0.0
2017-03-25 00:00:00,0.0,19.116,0.0,0.0,0.0,2.0,5.555555555555555,0.0,0.0,-11.560444444444444,0.0
2017-03-25 01:00:00,0.0,19.44,0.0,0.0,0.0,2.0,5.555555555555555,0.0,0.0,-11.884444444444446,0.0
2017-03-25 02:00:00,0.0,19.656,0.0,0.0,0.0,2.0,5.555555555555555,0.0,0.0,-12.100444444444443,0.0
2017-03-25 03:00:00,0.0,19.98,0.0,0.0,0.0,2.0,5.555555555555555,17.634897468788893,0.0,5.210453024344449,17.282199519413115
2017-03-25 04:00:00,0.0,20.358,0.0,0.0,0.0,2.0,5.555555555555555,0.0,0.0,-12.802444444444445,17.074813125180157
2017-03-25 05:00:00,0.144,20.574,0.0,0.0,0.0,2.0,0.0,0.0,5.555555555555555,-18.718,11.314359812122438
2017-03-25 06:00:00,1.872,18.576,0.0,0.0,0.0,2.0,0.0,0.0,5.555555555555555,-18.448,5.623031938821413
2017-03-25 07:00:00,4.644,17.442,0.0,0.0,0.0,2.0,0.0,0.0,5.555555555555555,-20.086,0.0
2017-03-25 08:00:00,8.784,16.038,0.0,0.0,0.0,2.0,5.555555555555555,0.0,0.0,-17.266444444444446,0.0
2017-03-25 09:00:00,14.328,16.146,0.0,0.0,0.0,2.0,5.555555555555555,0.0,0.0,-22.918444444444447,0.0
2017-03-25 10:00:00,20.124,16.362,0.0,0.0,0.0,2.0,5.555555555555555,0.0,0.0,-28.93044444444444,0.0
2017-03-25 11:00:00,23.508,17.064,0.0,22.0,21.119999999999997,2.0,5.555555555555555,0.0,0.0,-11.016444444444442,0.0
2017-03-25 12:00:00,24.156,13.932,0.0,22.0,42.239999999999995,2.0,5.555555555555555,24.0,0.0,15.467555555555556,23.52
2017-03-25 13:00:00,18.72,15.498,0.0,22.0,63.35999999999999,2.0,5.555555555555555,24.0,0.0,19.33755555555556,46.75776
2017-03-25 14:00:00,16.164,14.904,0.0,22.0,84.47999999999999,2.0,5.555555555555555,24.0,0.0,22.48755555555556,69.71666687999999
2017-03-25 15:00:00,10.548,12.15,0.0,3.6666666666666776,88.0,2.0,0.0,0.0,5.555555555555555,-17.031333333333322,63.32451132188443
2017-03-25 16:00:00,4.248,9.342,0.0,0.0,88.0,2.0,0.0,0.0,5.555555555555555,-11.59,57.009061630466256
2017-03-25 17:00:00,0.072,7.236,22.0,0.0,65.08333333326,2.0,0.0,0.0,5.555555555555555,-27.308,50.769397335345104
2017-03-25 18:00:00,0.0,3.186,22.0,0.0,42.16666666652,2.0,0.0,0.0,5.555555555555555,-23.186,44.604609011765405
2017-03-25 19:00:00,0.0,3.132,22.0,0.0,19.249999999779998,2.0,0.0,0.0,5.555555555555555,-23.132,38.51379814806866
2017-03-25 20:00:00,0.0,2.538,18.47999999972966,0.0,0.0,2.0,0.0,0.0,5.555555555555555,-19.01799999972966,32.49607701473628
2017-03-25 21:00:00,0.0,2.43,0.0,0.0,0.0,2.0,0.0,0.0,5.555555555555555,-0.43000000000000016,26.550568535003883
2017-03-25 22:00:00,0.0,2.376,0.0,0.0,0.0,2.0,0.0,0.0,5.555555555555555,-0.3759999999999999,20.676406157028282
2017-03-25 23:00:00,0.0,2.052,0.0,0.0,0.0,2.0,0.0,0.0,5.555555555555555,-0.052000000000000046,14.872733727588388
2017-03-26 00:00:00,0.0,1.296,0.0,0.0,0.0,2.0,0.0,0.0,5.555555555555555,0.704,9.138705367301771
2017-03-26 01:00:00,0.0,0.594,0.0,0.0,0.0,2.0,0.0,0.0,5.555555555555555,1.4060000000000001,3.4734853473385936
2017-03-26 02:00:00,0.0,0.378,0.0,0.0,0.0,2.0,2.1237520323850254,0.0,3.4318035231705304,3.7457520323850257,0.0
2017-03-26 03:00:00,0.0,0.486,0.0,22.0,21.119999999999997,2.0,5.555555555555555,24.0,0.0,53.06955555555556,23.52
2017-03-26 04:00:00,0.0,0.594,0.0,0.0,21.119999999999997,2.0,5.2230270137900865,0.0,0.33252854176546975,6.629027013790086,22.905231458234528
2017-03-26 05:00:00,0.216,0.702,0.0,0.0,21.119999999999997,2.0,0.0,0.0,5.555555555555555,1.082,17.074813125180157
2017-03-26 06:00:00,1.908,0.864,0.0,0.0,21.119999999999997,2.0,0.0,0.0,5.555555555555555,-0.7719999999999998,11.314359812122438
2017-03-26 07:00:00,4.716,1.134,20.275199999935115,0.0,0.0,2.0,0.0,0.0,5.555555555555555,-24.125199999935116,5.623031938821413
2017-03-26 08:00:00,7.56,1.566,0.0,0.0,0.0,2.0,0.0,0.0,5.555555555555555,-7.1259999999999994,0.0
2017-03-26 09:00:00,10.728,1.62,0.0,0.0,0.0,2.0,5.555555555555555,0.0,0.0,-4.7924444444444445,0.0
2017-03-26 10:00:00,13.464,1.89,0.0,0.0,0.0,2.0,5.555555555555555,0.0,0.0,-7.798444444444445,0.0
2017-03-26 11:00:00,15.588,2.268,0.0,3.66666666666667,3.520000000000003,2.0,5.555555555555555,0.0,0.0,-6.633777777777775,0.0
2017-03-26 12:00:00,16.668,2.97,0.0,22.0,24.64,2.0,5.555555555555555,0.0,0.0,9.917555555555559,0.0
2017-03-26 13:00:00,14.904,4.32,0.0,22.0,45.76,2.0,5.555555555555555,24.0,0.0,34.33155555555555,23.52
2017-03-26 14:00:00,11.844,5.4,0.0,22.0,66.88,2.0,5.555555555555555,24.0,0.0,36.31155555555556,46.75776
2017-03-26 15:00:00,7.668,4.968,0.0,22.0,88.0,2.0,5.555555555555555,24.0,0.0,40.919555555555554,69.71666687999999
2017-03-26 16:00:00,3.24,4.32,0.0,0.0,88.0,2.0,0.0,0.0,5.555555555555555,-5.5600000000000005,63.32451132188443
2017-03-26 17:00:00,0.072,3.618,22.0,0.0,65.08333333326,2.0,0.0,0.0,5.555555555555555,-23.689999999999998,57.009061630466256
2017-03-26 18:00:00,0.0,3.24,22.0,0.0,42.16666666652,2.0,0.0,0.0,5.555555555555555,-23.240000000000002,50.769397335345104
2017-03-26 19:00:00,0.0,3.834,0.0,0.0,42.16666666652,2.0,0.0,0.0,5.555555555555555,-1.834,44.604609011765405
2017-03-26 20:00:00,0.0,4.428,0.0,0.0,42.16666666652,2.0,0.0,0.0,5.555555555555555,-2.428,38.51379814806866
2017-03-26 21:00:00,0.0,3.834,0.0,0.0,42.16666666652,2.0,0.0,0.0,5.555555555555555,-1.834,32.49607701473628
2017-03-26 22:00:00,0.0,3.402,0.0,3.74305555570833,45.76,2.0,0.0,0.0,5.555555555555555,2.341055555708331,26.550568535003883
2017-03-26 23:00:00,0.0,3.132,0.0,0.0,45.76,2.0,0.0,0.0,5.555555555555555,-1.1320000000000001,20.676406157028282
2017-03-27 00:00:00,0.0,3.078,0.0,0.0,45.76,2.0,0.0,0.0,5.555555555555555,-1.0779999999999998,14.872733727588388
2017-03-27 01:00:00,0.0,3.51,0.0,22.0,66.88,2.0,5.555555555555555,2.878311464705535,0.0,28.923867020261092,17.51500615826875
2017-03-27 02:00:00,0.0,4.32,0.0,22.0,88.0,2.0,5.555555555555555,24.0,0.0,49.23555555555556,40.824826084369526
2017-03-27 03:00:00,0.0,5.13,0.0,0.0,88.0,2.0,0.0,0.0,5.555555555555555,-3.13,34.779372615801535
2017-03-27 04:00:00,0.0,5.724,0.0,0.0,88.0,2.0,0.0,0.0,5.555555555555555,-3.724,28.806464588856358
2017-03-27 05:00:00,0.144,6.156,22.0,0.0,65.08333333326,2.0,0.0,0.0,5.555555555555555,-26.299999999999997,22.905231458234528
2017-03-27 06:00:00,1.044,7.452,22.0,0.0,42.16666666652,2.0,0.0,0.0,5.555555555555555,-28.496,17.074813125180157
2017-03-27 07:00:00,2.412,8.046,22.0,0.0,19.249999999779998,2.0,0.0,0.0,5.555555555555555,-30.458,11.314359812122438
2017-03-27 08:00:00,4.032,7.992,18.47999999972966,0.0,0.0,2.0,0.0,0.0,5.555555555555555,-28.50399999972966,5.623031938821413
2017-03-27 09:00:00,6.264,9.018,0.0,0.0,0.0,2.0,0.0,0.0,5.555555555555555,-13.282,0.0
2017-03-27 10:00:00,8.208,10.206,0.0,0.0,0.0,2.0,5.555555555555555,0.0,0.0,-10.858444444444444,0.0
2017-03-27 11:00:00,9.288,11.61,0.0,0.0,0.0,2.0,5.555555555555555,0.0,0.0,-13.342444444444444,0.0
2017-03-27 12:00:00,10.476,12.15,0.0,0.0,0.0,2.0,5.555555555555555,0.0,0.0,-15.070444444444446,0.0
2017-03-27 13:00:00,10.404,12.204,0.0,0.0,0.0,2.0,5.555555555555555,0.0,0.0,-15.052444444444445,0.0
2017-03-27 14:00:00,9.0,11.934,0.0,0.0,0.0,2.0,5.555555555555555,0.0,0.0,-13.378444444444444,0.0
2017-03-27 15:00:00,5.832,11.178,0.0,0.0,0.0,2.0,5.555555555555555,0.0,0.0,-9.454444444444444,0.0
2017-03-27 16:00:00,2.484,10.26,0.0,0.0,0.0,2.0,5.555555555555555,0.0,0.0,-5.188444444444444,0.0
2017-03-27 17:00:00,0.108,9.396,0.0,0.0,0.0,2.0,5.555555555555555,0.0,0.0,-1.9484444444444455,0.0
2017-03-27 18:00:00,0.0,8.91,0.0,0.0,0.0,2.0,5.555555555555555,0.0,0.0,-1.3544444444444448,0.0
2017-03-27 19:00:00,0.0,8.262,0.0,0.0,0.0,2.0,5.555555555555555,0.0,0.0,-0.7064444444444451,0.0
2017-03-27 20:00:00,0.0,7.56,0.0,0.0,0.0,2.0,5.555555555555555,0.0,0.0,-0.004444444444444251,0.0
2017-03-27 21:00:00,0.0,6.642,0.0,0.0,0.0,2.0,5.555555555555555,0.0,0.0,0.913555555555555,0.0
2017-03-27 22:00:00,0.0,5.886,0.0,3.66666666666667,3.520000000000003,2.0,5.555555555555555,0.0,0.0,5.336222222222225,0.0
2017-03-27 23:00:00,0.0,5.292,0.0,22.0,24.64,2.0,5.555555555555555,0.0,0.0,24.263555555555556,0.0
2017-03-28 00:00:00,0.0,4.752,0.0,22.0,45.76,2.0,5.555555555555555,0.19437801382066539,0.0,24.99793356937622,0.19049045354425206
2017-03-28 01:00:00,0.0,3.888,0.0,22.0,66.88,2.0,5.555555555555555,24.0,0.0,49.66755555555556,23.70820456810172
2017-03-28 02:00:00,0.0,3.24,0.0,22.0,88.0,2.0,5.555555555555555,24.0,0.0,50.315555555555555,46.9437061132845
2017-03-28 03:00:00,0.0,2.43,0.0,0.0,88.0,2.0,0.0,0.0,5.555555555555555,-0.43000000000000016,40.824826084369526
2017-03-28 04:00:00,0.0,1.728,0.0,0.0,88.0,2.0,0.0,0.0,5.555555555555555,0.272,34.779372615801535
2017-03-28 05:00:00,0.144,1.35,22.0,0.0,65.08333333326,2.0,0.0,0.0,5.555555555555555,-21.494,28.806464588856358
2017-03-28 06:00:00,0.972,0.918,22.0,0.0,42.16666666652,2.0,0.0,0.0,5.555555555555555,-21.89,22.905231458234528
2017-03-28 07:00:00,2.412,1.458,22.0,0.0,19.249999999779998,2.0,0.0,0.0,5.555555555555555,-23.869999999999997,17.074813125180157
2017-03-28 08:00:00,4.14,2.268,18.47999999972966,0.0,0.0,2.0,0.0,0.0,5.555555555555555,-22.88799999972966,11.314359812122438
2017-03-28 09:00:00,6.408,2.7,0.0,0.0,0.0,2.0,0.0,0.0,5.555555555555555,-7.1080000000000005,5.623031938821413
2017-03-28 10:00:00,8.352,2.916,0.0,0.0,0.0,2.0,0.0,0.0,5.555555555555555,-9.268,0.0
2017-03-28 11:00:00,10.116,2.808,0.0,22.0,21.119999999999997,2.0,5.555555555555555,0.0,0.0,16.631555555555558,0.0
2017-03-28 12:00:00,11.196,2.322,0.0,22.0,42.239999999999995,2.0,5.555555555555555,0.0,0.0,16.037555555555556,0.0
2017-03-28 13:00:00,10.404,2.484,0.0,22.0,63.35999999999999,2.0,5.555555555555555,11.628700131993654,0.0,28.29625568754921,11.39612612935378
2017-03-28 14:00:00,8.244,2.484,0.0,22.0,84.47999999999999,2.0,5.555555555555555,24.0,0.0,42.827555555555556,34.779372615801535
2017-03-28 15:00:00,5.508,2.16,0.0,3.6666666666666776,88.0,2.0,0.0,0.0,5.555555555555555,-2.0013333333333225,28.806464588856358
2017-03-28 16:00:00,2.412,1.944,22.0,0.0,65.08333333326,2.0,0.0,0.0,5.555555555555555,-24.355999999999998,22.905231458234528
2017-03-28 17:00:00,0.108,2.106,22.0,0.0,42.16666666652,2.0,0.0,0.0,5.555555555555555,-22.214000000000002,17.074813125180157
2017-03-28 18:00:00,0.0,3.348,22.0,0.0,19.249999999779998,2.0,0.0,0.0,5.555555555555555,-23.348,11.314359812122438
2017-03-28 19:00:00,0.0,4.59,18.47999999972966,0.0,0.0,2.0,0.0,0.0,5.555555555555555,-21.06999999972966,5.623031938821413
2017-03-28 20:00:00,0.0,5.778,0.0,0.0,0.0,2.0,0.0,0.0,5.555555555555555,-3.7779999999999996,0.0
2017-03-28 21:00:00,0.0,5.616,0.0,0.0,0.0,2.0,5.555555555555555,0.0,0.0,1.9395555555555557,0.0
2017-03-28 22:00:00,0.0,5.454,0.0,0.0,0.0,2.0,5.555555555555555,0.0,0.0,2.1015555555555556,0.0
2017-03-28 23:00:00,0.0,4.968,0.0,22.0,21.119999999999997,2.0,5.555555555555555,0.0,0.0,24.587555555555557,0.0
2017-03-29 00:00:00,0.0,4.05,0.0,22.0,42.239999999999995,2.0,5.555555555555555,0.0,0.0,25.505555555555556,0.0
2017-03-29 01:00:00,0.0,3.996,0.0,22.0,63.35999999999999,2.0,5.555555555555555,0.0,0.0,25.55955555555556,0.0
2017-03-29 02:00:00,0.0,3.78,0.0,22.0,84.47999999999999,2.0,5.555555555555555,24.0,0.0,49.775555555555556,23.52
2017-03-29 03:00:00,0.0,4.482,0.0,3.6666666666666776,88.0,2.0,5.555555555555555,17.94598580037707,0.0,24.686208022599303,40.824826084369526
2017-03-29 04:00:00,0.0,5.508,22.0,0.0,65.08333333326,2.0,0.0,0.0,5.555555555555555,-25.508,34.779372615801535
2017-03-29 05:00:00,0.144,6.912,22.0,0.0,42.16666666652,2.0,0.0,0.0,5.555555555555555,-27.055999999999997,28.806464588856358
2017-03-29 06:00:00,0.576,8.856,22.0,0.0,19.249999999779998,2.0,0.0,0.0,5.555555555555555,-29.432000000000002,22.905231458234528
2017-03-29 07:00:00,1.296,10.638,18.47999999972966,0.0,0.0,2.0,0.0,0.0,5.555555555555555,-28.41399999972966,17.074813125180157
2017-03-29 08:00:00,1.764,11.448,0.0,0.0,0.0,2.0,0.0,0.0,5.555555555555555,-11.212,11.314359812122438
2017-03-29 09:00:00,2.664,11.016,0.0,3.66666666666667,3.520000000000003,2.0,0.0,0.0,5.555555555555555,-8.01333333333333,5.623031938821413
2017-03-29 10:00:00,3.528,11.286,0.0,22.0,24.64,2.0,0.0,0.0,5.555555555555555,9.186,0.0
2017-03-29 11:00:00,4.392,11.34,0.0,22.0,45.76,2.0,5.555555555555555,0.0,0.0,13.823555555555558,0.0
2017-03-29 12:00:00,3.96,10.746,0.0,22.0,66.88,2.0,5.555555555555555,0.0,0.0,14.849555555555554,0.0
2017-03-29 13:00:00,3.492,9.882,0.0,22.0,88.0,2.0,5.555555555555555,24.0,0.0,40.18155555555556,23.52
2017-03-29 14:00:00,3.168,7.56,0.0,0.0,88.0,2.0,5.555555555555555,11.777155730409731,0.0,8.60471128596529,34.779372615801535
2017-03-29 15:00:00,2.556,4.482,0.0,0.0,88.0,2.0,0.0,0.0,5.555555555555555,-5.038,28.806464588856358
2017-03-29 16:00:00,1.44,2.43,18.47999999972965,0.0,68.75000000022001,2.0,0.0,0.0,5.555555555555555,-20.349999999729654,22.905231458234528
2017-03-29 17:00:00,0.18,1.35,22.0,0.0,45.833333333480006,2.0,0.0,0.0,5.555555555555555,-21.53,17.074813125180157
2017-03-29 18:00:00,0.0,1.026,22.0,0.0,22.916666666740003,2.0,0.0,0.0,5.555555555555555,-21.026,11.314359812122438
2017-03-29 19:00:00,0.0,0.972,22.0,0.0,0.0,2.0,0.0,0.0,5.555555555555555,-20.972,5.623031938821413
2017-03-29 20:00:00,0.0,1.026,0.0,0.0,0.0,2.0,0.0,0.0,5.555555555555555,0.974,0.0
2017-03-29 21:00:00,0.0,1.08,0.0,0.0,0.0,2.0,5.555555555555555,0.0,0.0,6.475555555555555,0.0
2017-03-29 22:00:00,0.0,1.188,0.0,3.66666666666667,3.520000000000003,2.0,5.555555555555555,0.0,0.0,10.034222222222224,0.0
2017-03-29 23:00:00,0.0,1.134,0.0,22.0,24.64,2.0,5.555555555555555,0.0,0.0,28.421555555555557,0.0
2017-03-30 00:00:00,0.0,0.918,0.0,22.0,45.76,2.0,5.555555555555555,0.0,0.0,28.637555555555558,0.0
2017-03-30 01:00:00,0.0,0.81,0.0,22.0,66.88,2.0,5.555555555555555,24.0,0.0,52.745555555555555,23.52
2017-03-30 02:00:00,0.0,1.404,0.0,22.0,88.0,2.0,5.555555555555555,24.0,0.0,52.15155555555556,46.75776
2017-03-30 03:00:00,0.0,2.7,0.0,0.0,88.0,2.0,0.18371475992508657,0.0,5.371840795630469,-0.5162852400749136,40.824826084369526
2017-03-30 04:00:00,0.0,4.536,18.47999999972965,0.0,68.75000000022001,2.0,0.0,0.0,5.555555555555555,-21.01599999972965,34.779372615801535
2017-03-30 05:00:00,0.144,7.344,22.0,0.0,45.833333333480006,2.0,0.0,0.0,5.555555555555555,-27.488,28.806464588856358
2017-03-30 06:00:00,0.54,13.986,22.0,0.0,22.916666666740003,2.0,0.0,0.0,5.555555555555555,-34.526,22.905231458234528
2017-03-30 07:00:00,0.684,18.306,0.0,0.0,22.916666666740003,2.0,0.0,0.0,5.555555555555555,-16.990000000000002,17.074813125180157
2017-03-30 08:00:00,0.72,21.87,22.0,0.0,0.0,2.0,0.0,0.0,5.555555555555555,-42.59,11.314359812122438
2017-03-30 09:00:00,0.972,20.358,0.0,0.0,0.0,2.0,0.0,0.0,5.555555555555555,-19.330000000000002,5.623031938821413
2017-03-30 10:00:00,1.476,20.79,0.0,0.0,0.0,2.0,0.0,0.0,5.555555555555555,-20.266,0.0
2017-03-30 11:00:00,2.124,21.006,0.0,0.0,0.0,2.0,5.555555555555555,0.0,0.0,-15.574444444444445,0.0
2017-03-30 12:00:00,2.232,19.224,0.0,0.0,0.0,2.0,5.555555555555555,0.0,0.0,-13.900444444444446,0.0
2017-03-30 13:00:00,1.836,21.654,0.0,0.0,0.0,2.0,5.555555555555555,0.0,0.0,-15.934444444444445,0.0
2017-03-30 14:00:00,1.548,22.302,0.0,0.0,0.0,2.0,5.555555555555555,0.0,0.0,-16.294444444444444,0.0
2017-03-30 15:00:00,1.332,21.06,0.0,0.0,0.0,2.0,5.555555555555555,0.0,0.0,-14.836444444444444,0.0
2017-03-30 16:00:00,0.828,19.71,0.0,0.0,0.0,2.0,5.555555555555555,0.0,0.0,-12.982444444444445,0.0
2017-03-30 17:00:00,0.108,18.198,0.0,0.0,0.0,2.0,5.555555555555555,0.0,0.0,-10.750444444444446,0.0
2017-03-30 18:00:00,0.0,13.662,0.0,0.0,0.0,2.0,5.555555555555555,0.0,0.0,-6.1064444444444455,0.0
2017-03-30 19:00:00,0.0,13.338,0.0,0.0,0.0,2.0,5.555555555555555,0.0,0.0,-5.782444444444444,0.0
2017-03-30 20:00:00,0.0,13.068,0.0,0.0,0.0,2.0,5.555555555555555,0.0,0.0,-5.512444444444444,0.0
2017-03-30 21:00:00,0.0,11.286,0.0,0.0,0.0,2.0,5.555555555555555,0.0,0.0,-3.7304444444444442,0.0
2017-03-30 22:00:00,0.0,9.396,0.0,3.66666666666667,3.520000000000003,2.0,5.555555555555555,0.0,0.0,1.8262222222222242,0.0
2017-03-30 23:00:00,0.0,8.1,0.0,22.0,24.64,2.0,5.555555555555555,0.0,0.0,21.455555555555556,0.0
2017-03-31 00:00:00,0.0,8.802,0.0,22.0,45.76,2.0,5.555555555555555,6.668412801838901,0.0,27.421968357394455,6.535044545802123
2017-03-31 01:00:00,0.0,8.046,0.0,22.0,66.88,2.0,5.555555555555555,24.0,0.0,45.50955555555556,29.976624011252497
2017-03-31 02:00:00,0.0,7.236,0.0,22.0,88.0,2.0,5.555555555555555,24.0,0.0,46.31955555555556,53.136904523117465
2017-03-31 03:00:00,0.0,6.426,0.0,0.0,88.0,2.0,0.0,0.0,5.555555555555555,-4.426,46.9437061132845
2017-03-31 04:00:00,0.0,5.724,0.0,0.0,88.0,2.0,0.0,0.0,5.555555555555555,-3.724,40.824826084369526
2017-03-31 05:00:00,0.468,5.238,22.0,0.0,65.08333333326,2.0,0.0,0.0,5.555555555555555,-25.706,34.779372615801535
2017-03-31 06:00:00,2.88,3.726,22.0,0.0,42.16666666652,2.0,0.0,0.0,5.555555555555555,-26.605999999999998,28.806464588856358
2017-03-31 07:00:00,6.696,3.834,22.0,0.0,19.249999999779998,2.0,0.0,0.0,5.555555555555555,-30.53,22.905231458234528
2017-03-31 08:00:00,10.08,4.104,18.47999999972966,0.0,0.0,2.0,0.0,0.0,5.555555555555555,-30.66399999972966,17.074813125180157
2017-03-31 09:00:00,12.456,5.022,0.0,0.0,0.0,2.0,0.0,0.0,5.555555555555555,-15.478,11.314359812122438
2017-03-31 10:00:00,14.832,6.696,0.0,0.0,0.0,2.0,0.0,0.0,5.555555555555555,-19.528,5.623031938821413
2017-03-31 11:00:00,17.532,9.072,0.0,0.0,0.0,2.0,0.0,0.0,5.555555555555555,-24.604,0.0
2017-03-31 12:00:00,18.072,9.018,0.0,3.743055555708345,3.593333333480011,2.0,5.555555555555555,0.0,0.0,-15.7913888887361,0.0
2017-03-31 13:00:00,16.416,10.206,0.0,22.0,24.71333333348001,2.0,5.555555555555555,0.0,0.0,2.9335555555555572,0.0
2017-03-31 14:00:00,13.644,9.18,0.0,22.0,45.833333333480006,2.0,5.555555555555555,17.423278699163426,0.0,24.154834254718985,17.074813125180157
2017-03-31 15:00:00,9.18,6.642,0.0,0.0,45.833333333480006,2.0,0.0,0.0,5.555555555555555,-13.822,11.314359812122438
2017-03-31 16:00:00,3.888,5.67,22.0,0.0,22.916666666740003,2.0,0.0,0.0,5.555555555555555,-29.558,5.623031938821413
2017-03-31 17:00:00,0.252,4.968,22.0,0.0,0.0,2.0,0.0,0.0,5.555555555555555,-25.22,0.0
2017-03-31 18:00:00,0.0,7.128,0.0,0.0,0.0,2.0,5.555555555555555,0.0,0.0,0.42755555555555524,0.0
2017-03-31 19:00:00,0.0,11.016,0.0,0.0,0.0,2.0,5.555555555555555,0.0,0.0,-3.4604444444444447,0.0
2017-03-31 20:00:00,0.0,10.152,0.0,0.0,0.0,2.0,5.555555555555555,0.0,0.0,-2.596444444444444,0.0
2017-03-31 21:00:00,0.0,7.722,0.0,0.0,0.0,2.0,5.555555555555555,0.0,0.0,-0.16644444444444506,0.0
2017-03-31 22:00:00,0.0,6.156,0.0,22.0,21.119999999999997,2.0,5.555555555555555,5.737787692674911,0.0,29.137343248230465,5.623031938821413
2017-03-31 23:00:00,0.0,4.698,0.0,0.0,21.119999999999997,2.0,0.0,0.0,5.555555555555555,-2.6980000000000004,0.0
2017-04-01 00:00:00,0.0,3.78,0.0,22.0,42.239999999999995,2.0,5.555555555555555,0.0,0.0,25.775555555555556,0.0
2017-04-01 01:00:00,0.0,3.51,0.0,22.0,63.35999999999999,2.0,5.555555555555555,0.0,0.0,26.04555555555556,0.0
2017-04-01 02:00:00,0.0,3.996,0.0,22.0,84.47999999999999,2.0,5.555555555555555,0.0,0.0,25.55955555555556,0.0
2017-04-01 03:00:00,0.0,4.374,0.0,3.6666666666666776,88.0,2.0,5.555555555555555,23.372685161463806,0.0,30.220907383686036,22.905231458234528
2017-04-01 04:00:00,0.0,4.536,18.47999999972965,0.0,68.75000000022001,2.0,0.0,0.0,5.555555555555555,-21.01599999972965,17.074813125180157
2017-04-01 05:00:00,0.324,4.698,22.0,0.0,45.833333333480006,2.0,0.0,0.0,5.555555555555555,-25.022000000000002,11.314359812122438
2017-04-01 06:00:00,1.332,5.13,22.0,0.0,22.916666666740003,2.0,0.0,0.0,5.555555555555555,-26.462,5.623031938821413
2017-04-01 07:00:00,2.484,5.4,22.0,0.0,0.0,2.0,0.0,0.0,5.555555555555555,-27.884,0.0
2017-04-01 08:00:00,3.96,5.346,0.0,0.0,0.0,2.0,5.555555555555555,0.0,0.0,-1.7504444444444447,0.0
2017-04-01 09:00:00,6.696,4.698,0.0,0.0,0.0,2.0,5.555555555555555,0.0,0.0,-3.8384444444444448,0.0
2017-04-01 10:00:00,10.404,4.05,0.0,22.0,21.119999999999997,2.0,5.555555555555555,0.0,0.0,15.101555555555557,0.0
2017-04-01 11:00:00,12.924,3.834,0.0,3.66666666666667,24.64,2.0,5.555555555555555,0.0,0.0,-5.535777777777774,0.0
2017-04-01 12:00:00,14.076,3.186,0.0,22.0,45.76,2.0,5.555555555555555,0.19437801382066539,0.0,12.487933569376217,0.19049045354425206
2017-04-01 13:00:00,9.648,2.43,0.0,22.0,66.88,2.0,5.555555555555555,24.0,0.0,41.477555555555554,23.70820456810172
2017-04-01 14:00:00,7.776,1.566,0.0,22.0,88.0,2.0,5.555555555555555,24.0,0.0,44.21355555555556,46.9437061132845
2017-04-01 15:00:00,6.192,1.242,0.0,0.0,88.0,2.0,0.0,0.0,5.555555555555555,-5.434,40.824826084369526
2017-04-01 16:00:00,3.096,1.242,0.0,0.0,88.0,2.0,0.0,0.0,5.555555555555555,-2.338,34.779372615801535
2017-04-01 17:00:00,0.288,1.674,22.0,0.0,65.08333333326,2.0,0.0,0.0,5.555555555555555,-21.962,28.806464588856358
2017-04-01 18:00:00,0.0,1.566,22.0,0.0,42.16666666652,2.0,0.0,0.0,5.555555555555555,-21.566,22.905231458234528
2017-04-01 19:00:00,0.0,1.512,22.0,0.0,19.249999999779998,2.0,0.0,0.0,5.555555555555555,-21.512,17.074813125180157
2017-04-01 20:00:00,0.0,1.134,18.47999999972966,0.0,0.0,2.0,0.0,0.0,5.555555555555555,-17.61399999972966,11.314359812122438
2017-04-01 21:00:00,0.0,0.81,0.0,0.0,0.0,2.0,0.0,0.0,5.555555555555555,1.19,5.623031938821413
2017-04-01 22:00:00,0.0,0.648,0.0,0.0,0.0,2.0,0.0,0.0,5.555555555555555,1.3519999999999999,0.0
2017-04-01 23:00:00,0.0,0.54,0.0,0.0,0.0,2.0,5.555555555555555,0.0,0.0,7.015555555555555,0.0
2017-04-02 00:00:00,0.0,0.972,0.0,0.0,0.0,2.0,5.555555555555555,0.0,0.0,6.583555555555556,0.0
2017-04-02 01:00:00,0.0,1.188,0.0,0.0,0.0,2.0,5.555555555555555,0.0,0.0,6.367555555555556,0.0
2017-04-02 02:00:00,0.0,1.296,0.0,22.0,21.119999999999997,2.0,5.555555555555555,0.0,0.0,28.259555555555558,0.0
2017-04-02 03:00:00,0.0,1.242,0.0,22.0,42.239999999999995,2.0,5.555555555555555,0.0,0.0,28.313555555555556,0.0
2017-04-02 04:00:00,0.0,1.458,0.0,7.409722222375015,49.35333333348001,2.0,5.555555555555555,17.634897468788893,0.0,31.142175246719468,17.282199519413115
2017-04-02 05:00:00,0.252,1.35,0.0,0.0,49.35333333348001,2.0,5.555555555555555,0.0,0.0,5.953555555555556,17.074813125180157
2017-04-02 06:00:00,0.936,1.404,22.0,0.0,26.436666666740006,2.0,0.0,0.0,5.555555555555555,-22.34,11.314359812122438
2017-04-02 07:00:00,1.8,2.268,22.0,0.0,3.520000000000003,2.0,0.0,0.0,5.555555555555555,-24.068,5.623031938821413
2017-04-02 08:00:00,3.276,3.51,0.0,0.0,3.520000000000003,2.0,0.0,0.0,5.555555555555555,-4.786,0.0
2017-04-02 09:00:00,4.644,4.374,0.0,0.0,3.520000000000003,2.0,5.555555555555555,0.0,0.0,-1.4624444444444444,0.0
2017-04-02 10:00:00,7.056,5.13,0.0,0.0,3.520000000000003,2.0,5.555555555555555,0.0,0.0,-4.630444444444445,0.0
2017-04-02 11:00:00,8.46,5.508,0.0,0.0,3.520000000000003,2.0,5.555555555555555,0.0,0.0,-6.4124444444444455,0.0
2017-04-02 12:00:00,7.956,2.97,0.0,22.0,24.64,2.0,5.555555555555555,0.0,0.0,18.62955555555556,0.0
2017-04-02 13:00:00,6.804,3.726,0.0,22.0,45.76,2.0,5.555555555555555,0.0,0.0,19.025555555555556,0.0
2017-04-02 14:00:00,5.688,4.374,0.0,22.0,66.88,2.0,5.555555555555555,24.0,0.0,43.49355555555555,23.52
2017-04-02 15:00:00,3.816,4.914,0.0,22.0,88.0,2.0,5.555555555555555,5.682351621282,0.0,26.50790717683756,28.806464588856358
2017-04-02 16:00:00,2.088,5.67,0.0,0.0,88.0,2.0,0.0,0.0,5.555555555555555,-5.758,22.905231458234528
2017-04-02 17:00:00,0.324,6.372,22.0,0.0,65.08333333326,2.0,0.0,0.0,5.555555555555555,-26.696,17.074813125180157
2017-04-02 18:00:00,0.0,6.75,0.0,0.0,65.08333333326,2.0,0.0,0.0,5.555555555555555,-4.75,11.314359812122438
2017-04-02 19:00:00,0.0,7.938,0.0,0.0,65.08333333326,2.0,0.0,0.0,5.555555555555555,-5.938,5.623031938821413
2017-04-02 20:00:00,0.0,9.342,0.0,0.0,65.08333333326,2.0,0.0,0.0,5.555555555555555,-7.3420000000000005,0.0
2017-04-02 21:00:00,0.0,9.558,0.0,22.0,86.20333333325999,2.0,5.555555555555555,0.0,0.0,19.997555555555557,0.0
2017-04-02 22:00:00,0.0,9.234,0.0,0.0,86.20333333325999,2.0,5.555555555555555,0.0,0.0,-1.6784444444444446,0.0
2017-04-02 23:00:00,0.0,7.938,0.0,0.0,86.20333333325999,2.0,5.555555555555555,0.0,0.0,-0.38244444444444436,0.0
2017-04-03 00:00:00,0.0,6.858,0.0,0.0,86.20333333325999,2.0,5.555555555555555,0.7903992170861254,0.0,1.4879547726416815,0.7745912327444029
2017-04-03 01:00:00,0.0,5.724,0.0,1.8715277778541761,88.0,2.0,5.555555555555555,24.0,0.0,27.703083333409733,24.28529613795147
2017-04-03 02:00:00,0.0,5.13,0.0,0.0,88.0,2.0,5.555555555555555,24.0,0.0,26.425555555555558,47.51387258429605
2017-04-03 03:00:00,0.0,4.266,0.0,0.0,88.0,2.0,5.555555555555555,0.0,0.0,3.2895555555555553,46.9437061132845
2017-04-03 04:00:00,0.0,3.564,0.0,0.0,88.0,2.0,0.0,0.0,5.555555555555555,-1.564,40.824826084369526
2017-04-03 05:00:00,0.648,3.078,0.0,0.0,88.0,2.0,0.0,0.0,5.555555555555555,-1.726,34.779372615801535
2017-04-03 06:00:00,5.004,3.51,22.0,0.0,65.08333333326,2.0,0.0,0.0,5.555555555555555,-28.513999999999996,28.806464588856358
2017-04-03 07:00:00,10.692,3.51,18.479999999729657,0.0,45.833333333480006,2.0,0.0,0.0,5.555555555555555,-30.681999999729655,22.905231458234528
2017-04-03 08:00:00,15.804,3.078,22.0,0.0,22.916666666740003,2.0,0.0,0.0,5.555555555555555,-38.882,17.074813125180157
2017-04-03 09:00:00,19.692,3.078,22.0,0.0,0.0,2.0,0.0,0.0,5.555555555555555,-42.769999999999996,11.314359812122438
2017-04-03 10:00:00,22.896,3.294,0.0,0.0,0.0,2.0,0.0,0.0,5.555555555555555,-24.19,5.623031938821413
2017-04-03 11:00:00,24.984,3.618,0.0,0.0,0.0,2.0,0.0,0.0,5.555555555555555,-26.602,0.0
2017-04-03 12:00:00,24.372,2.916,0.0,22.0,21.119999999999997,2.0,5.555555555555555,0.0,0.0,2.267555555555557,0.0
2017-04-03 13:00:00,19.116,2.376,0.0,22.0,42.239999999999995,2.0,5.555555555555555,24.0,0.0,32.06355555555556,23.52
2017-04-03 14:00:00,15.48,1.998,0.0,22.0,63.35999999999999,2.0,5.555555555555555,11.777155730409731,0.0,23.85471128596529,34.779372615801535
2017-04-03 15:00:00,10.872,1.674,0.0,22.0,84.47999999999999,2.0,0.0,0.0,5.555555555555555,11.454,28.806464588856358
2017-04-03 16:00:00,5.4,1.188,15.100799999740454,0.0,68.75000000022001,2.0,0.0,0.0,5.555555555555555,-19.688799999740457,22.905231458234528
2017-04-03 17:00:00,0.288,1.026,22.0,0.0,45.833333333480006,2.0,0.0,0.0,5.555555555555555,-21.314,17.074813125180157
2017-04-03 18:00:00,0.0,0.972,22.0,0.0,22.916666666740003,2.0,0.0,0.0,5.555555555555555,-20.972,11.314359812122438
2017-04-03 19:00:00,0.0,1.134,22.0,0.0,0.0,2.0,0.0,0.0,5.555555555555555,-21.134,5.623031938821413
2017-04-03 20:00:00,0.0,1.242,0.0,0.0,0.0,2.0,0.0,0.0,5.555555555555555,0.758,0.0
2017-04-03 21:00:00,0.0,1.296,0.0,0.0,0.0,2.0,5.555555555555555,0.0,0.0,6.259555555555555,0.0
2017-04-03 22:00:00,0.0,1.458,0.0,0.0,0.0,2.0,5.555555555555555,0.0,0.0,6.097555555555555,0.0
2017-04-03 23:00:00,0.0,1.674,0.0,0.0,0.0,2.0,5.555555555555555,0.0,0.0,5.881555555555556,0.0
2017-04-04 00:00:00,0.0,2.268,0.0,22.0,21.119999999999997,2.0,5.555555555555555,0.0,0.0,27.287555555555556,0.0
2017-04-04 01:00:00,0.0,2.862,0.0,1.8715277778541726,22.916666666740003,2.0,5.555555555555555,0.0,0.0,6.565083333409728,0.0
2017-04-04 02:00:00,0.0,3.402,0.0,0.0,22.916666666740003,2.0,5.555555555555555,11.545265114410652,0.0,15.698820669966207,11.314359812122438
2017-04-04 03:00:00,0.0,3.672,0.0,0.0,22.916666666740003,2.0,0.0,0.0,5.555555555555555,-1.6720000000000002,5.623031938821413
2017-04-04 04:00:00,0.0,4.104,22.0,0.0,0.0,2.0,0.0,0.0,5.555555555555555,-24.104,0.0
2017-04-04 05:00:00,0.828,4.644,0.0,0.0,0.0,2.0,5.555555555555555,0.0,0.0,2.0835555555555554,0.0
2017-04-04 06:00:00,4.932,3.564,0.0,0.0,0.0,2.0,5.555555555555555,0.0,0.0,-0.9404444444444451,0.0
2017-04-04 07:00:00,9.252,3.942,0.0,0.0,0.0,2.0,5.555555555555555,0.0,0.0,-5.6384444444444455,0.0
2017-04-04 08:00:00,12.564,4.752,0.0,0.0,0.0,2.0,5.555555555555555,0.0,0.0,-9.760444444444445,0.0
2017-04-04 09:00:00,15.012,6.102,0.0,0.0,0.0,2.0,5.555555555555555,0.0,0.0,-13.558444444444445,0.0
2017-04-04 10:00:00,16.956,7.236,0.0,3.66666666666667,3.520000000000003,2.0,5.555555555555555,0.0,0.0,-12.969777777777775,0.0
2017-04-04 11:00:00,17.856,8.316,0.0,22.0,24.64,2.0,5.555555555555555,0.0,0.0,3.383555555555553,0.0
2017-04-04 12:00:00,19.188,8.856,0.0,22.0,45.76,2.0,5.555555555555555,0.0,0.0,1.5115555555555567,0.0
2017-04-04 13:00:00,20.628,10.746,0.0,22.0,66.88,2.0,5.555555555555555,11.628700131993654,0.0,9.810255687549208,11.39612612935378
2017-04-04 14:00:00,15.48,11.394,0.0,22.0,88.0,2.0,5.555555555555555,24.0,0.0,26.68155555555556,34.779372615801535
2017-04-04 15:00:00,9.648,10.422,22.0,0.0,65.08333333326,2.0,0.0,0.0,5.555555555555555,-40.07,28.806464588856358
2017-04-04 16:00:00,4.176,8.64,0.0,0.0,65.08333333326,2.0,0.0,0.0,5.555555555555555,-10.816,22.905231458234528
2017-04-04 17:00:00,0.324,6.804,18.479999999729657,0.0,45.833333333480006,2.0,0.0,0.0,5.555555555555555,-23.60799999972966,17.074813125180157
2017-04-04 18:00:00,0.0,6.858,22.0,0.0,22.916666666740003,2.0,0.0,0.0,5.555555555555555,-26.858,11.314359812122438
2017-04-04 19:00:00,0.0,7.236,22.0,0.0,0.0,2.0,0.0,0.0,5.555555555555555,-27.236,5.623031938821413
2017-04-04 20:00:00,0.0,7.398,0.0,0.0,0.0,2.0,0.0,0.0,5.555555555555555,-5.398,0.0
2017-04-04 21:00:00,0.0,7.452,0.0,0.0,0.0,2.0,5.555555555555555,0.0,0.0,0.1035555555555554,0.0
2017-04-04 22:00:00,0.0,7.506,0.0,0.0,0.0,2.0,5.555555555555555,0.0,0.0,0.04955555555555513,0.0
2017-04-04 23:00:00,0.0,7.722,0.0,0.0,0.0,2.0,5.555555555555555,0.0,0.0,-0.16644444444444506,0.0
2017-04-05 00:00:00,0.0,6.75,0.0,0.0,0.0,2.0,5.555555555555555,0.0,0.0,0.8055555555555554,0.0
2017-04-05 01:00:00,0.0,6.966,0.0,0.0,0.0,2.0,5.555555555555555,0.0,0.0,0.5895555555555552,0.0
2017-04-05 02:00:00,0.0,9.126,0.0,22.0,21.119999999999997,2.0,5.555555555555555,0.0,0.0,20.42955555555556,0.0
2017-04-05 03:00:00,0.0,10.26,0.0,1.8715277778541726,22.916666666740003,2.0,5.555555555555555,5.737787692674911,0.0,4.90487102608464,5.623031938821413
2017-04-05 04:00:00,0.0,11.718,22.0,0.0,0.0,2.0,0.0,0.0,5.555555555555555,-31.718,0.0
2017-04-05 05:00:00,0.684,14.31,0.0,0.0,0.0,2.0,5.555555555555555,11.545265114410652,0.0,4.106820669966207,11.314359812122438
2017-04-05 06:00:00,3.204,22.14,0.0,0.0,0.0,2.0,0.0,0.0,5.555555555555555,-23.344,5.623031938821413
2017-04-05 07:00:00,5.976,25.002,0.0,0.0,0.0,2.0,0.0,0.0,5.555555555555555,-28.977999999999998,0.0
2017-04-05 08:00:00,9.72,26.46,0.0,0.0,0.0,2.0,5.555555555555555,0.0,0.0,-28.624444444444443,0.0
2017-04-05 09:00:00,11.34,30.294,0.0,0.0,0.0,2.0,5.555555555555555,0.0,0.0,-34.07844444444444,0.0
2017-04-05 10:00:00,13.248,33.156,0.0,0.0,0.0,2.0,5.555555555555555,0.0,0.0,-38.84844444444444,0.0
2017-04-05 11:00:00,9.828,0.0,0.0,0.0,0.0,2.0,5.555555555555555,0.0,0.0,-2.272444444444444,0.0
2017-04-05 12:00:00,6.912,0.0,0.0,3.66666666666667,3.520000000000003,2.0,5.555555555555555,0.0,0.0,4.310222222222225,0.0
2017-04-05 13:00:00,5.04,0.0,0.0,22.0,24.64,2.0,5.555555555555555,24.0,0.0,48.51555555555556,23.52
2017-04-05 14:00:00,0.0,0.0,0.0,22.0,45.76,2.0,5.555555555555555,24.0,0.0,53.55555555555556,46.75776
2017-04-05 15:00:00,2.988,0.0,0.0,22.0,66.88,2.0,5.555555555555555,24.0,0.0,50.56755555555556,69.71666687999999
2017-04-05 16:00:00,2.052,0.0,0.0,22.0,88.0,2.0,5.555555555555555,4.846758124809768,0.0,32.350313680365325,73.62988983975356
2017-04-05 17:00:00,0.288,0.0,22.0,0.0,65.08333333326,2.0,0.0,0.0,5.555555555555555,-20.288,67.19077560612097
2017-04-05 18:00:00,0.0,38.556,22.0,0.0,42.16666666652,2.0,0.0,0.0,5.555555555555555,-58.556,60.82893074329196
2017-04-05 19:00:00,0.0,0.0,0.0,3.74305555570833,45.76,2.0,0.0,0.0,5.555555555555555,5.743055555708331,54.543428018816904
2017-04-05 20:00:00,0.0,0.0,0.0,22.0,66.88,2.0,5.555555555555555,24.0,0.0,53.55555555555556,77.4089068825911
2017-04-05 21:00:00,0.0,0.0,0.0,22.0,88.0,2.0,5.555555555555555,24.0,0.0,53.55555555555556,100.0
2017-04-05 22:00:00,0.0,22.572,0.0,0.0,88.0,2.0,5.555555555555555,1.2244897959183703,0.0,-13.791954648526072,100.0
2017-04-05 23:00:00,0.0,19.17,20.275199999935122,0.0,66.88,2.0,0.0,0.0,5.555555555555555,-37.44519999993513,93.24444444444444
2017-04-06 00:00:00,0.0,16.956,0.0,22.0,88.0,2.0,5.555555555555555,8.035192743764174,0.0,20.634748299319728,100.0
2017-04-06 01:00:00,0.0,11.988,0.0,0.0,88.0,2.0,0.0,0.0,5.555555555555555,-9.988,93.24444444444444
2017-04-06 02:00:00,0.0,10.638,0.0,0.0,88.0,2.0,0.0,0.0,5.555555555555555,-8.638,86.56995555555555
2017-04-06 03:00:00,0.0,10.152,0.0,0.0,88.0,2.0,0.0,0.0,5.555555555555555,-8.152,79.97556053333332
2017-04-06 04:00:00,0.0,10.584,22.0,0.0,65.08333333326,2.0,0.0,0.0,5.555555555555555,-30.584,73.46029825137776
2017-04-06 05:00:00,1.008,12.582,0.0,0.0,65.08333333326,2.0,0.0,0.0,5.555555555555555,-11.59,67.02321911680568
2017-04-06 06:00:00,6.228,12.744,22.0,0.0,42.16666666652,2.0,0.0,0.0,5.555555555555555,-38.972,60.663384931848455
2017-04-06 07:00:00,12.78,17.712,22.0,0.0,19.249999999779998,2.0,0.0,0.0,5.555555555555555,-50.492000000000004,54.379868757110714
2017-04-06 08:00:00,17.64,21.222,18.47999999972966,0.0,0.0,2.0,0.0,0.0,5.555555555555555,-55.341999999729666,48.171754776469825
2017-04-06 09:00:00,19.188,23.598,0.0,0.0,0.0,2.0,0.0,0.0,5.555555555555555,-40.786,42.03813816359663
2017-04-06 10:00:00,18.648,26.46,0.0,0.0,0.0,2.0,0.0,0.0,5.555555555555555,-43.108000000000004,35.97812495007791
2017-04-06 11:00:00,15.228,28.836,0.0,0.0,0.0,2.0,0.0,0.0,5.555555555555555,-42.064,29.990831895121417
2017-04-06 12:00:00,11.88,29.106,0.0,0.0,0.0,2.0,0.0,0.0,5.555555555555555,-38.986000000000004,24.075386356824403
2017-04-06 13:00:00,7.38,32.4,0.0,0.0,0.0,2.0,0.0,0.0,5.555555555555555,-37.78,18.230926164986954
2017-04-06 14:00:00,4.32,34.02,0.0,0.0,0.0,2.0,0.0,0.0,5.555555555555555,-36.34,12.456599495451554
2017-04-06 15:00:00,1.908,34.29,0.0,22.0,21.119999999999997,2.0,0.0,0.0,5.555555555555555,-12.197999999999999,6.75156474595058
2017-04-06 16:00:00,0.864,35.046,0.0,3.743055555708345,24.71333333348001,2.0,0.0,0.0,5.555555555555555,-30.166944444291655,1.1149904134436168
2017-04-06 17:00:00,0.216,35.964,0.0,22.0,45.833333333480006,2.0,5.555555555555555,10.42117273840831,0.0,3.7967282939638674,11.314359812122438
2017-04-06 18:00:00,0.0,36.666,22.0,0.0,22.916666666740003,2.0,0.0,0.0,5.555555555555555,-56.666,5.623031938821413
2017-04-06 19:00:00,0.0,38.718,22.0,0.0,0.0,2.0,0.0,0.0,5.555555555555555,-58.718,0.0
2017-04-06 20:00:00,0.0,40.5,0.0,0.0,0.0,2.0,5.555555555555555,0.0,0.0,-32.94444444444444,0.0
2017-04-06 21:00:00,0.0,40.23,0.0,3.66666666666667,3.520000000000003,2.0,5.555555555555555,8.138716421833657,0.0,-20.869061355944115,7.9759420933969825
2017-04-06 22:00:00,0.0,0.0,0.0,22.0,24.64,2.0,5.555555555555555,24.0,0.0,53.55555555555556,31.400230788276218
2017-04-06 23:00:00,0.0,0.0,0.0,22.0,45.76,2.0,5.555555555555555,24.0,0.0,53.55555555555556,54.543428018816904
2017-04-07 00:00:00,0.0,0.0,0.0,22.0,66.88,2.0,5.555555555555555,24.0,0.0,53.55555555555556,77.4089068825911
2017-04-07 01:00:00,0.0,0.0,0.0,22.0,88.0,2.0,5.555555555555555,24.0,0.0,53.55555555555556,100.0
2017-04-07 02:00:00,0.0,34.614,0.0,0.0,88.0,2.0,5.555555555555555,1.2244897959183703,0.0,-25.83395464852607,100.0
2017-04-07 03:00:00,0.0,32.778,0.0,0.0,88.0,2.0,0.0,0.0,5.555555555555555,-30.778,93.24444444444444
2017-04-07 04:00:00,0.0,30.726,0.0,0.0,88.0,2.0,0.0,0.0,5.555555555555555,-28.726,86.56995555555555
2017-04-07 05:00:00,0.432,29.754,0.0,0.0,88.0,2.0,0.0,0.0,5.555555555555555,-28.186,79.97556053333332
2017-04-07 06:00:00,1.908,25.758,18.47999999972965,0.0,68.75000000022001,2.0,0.0,0.0,5.555555555555555,-44.14599999972965,73.46029825137776
2017-04-07 07:00:00,3.348,26.838,0.0,0.0,68.75000000022001,2.0,0.0,0.0,5.555555555555555,-28.186,67.02321911680568
2017-04-07 08:00:00,5.22,27.054,0.0,0.0,68.75000000022001,2.0,0.0,0.0,5.555555555555555,-30.273999999999997,60.663384931848455
2017-04-07 09:00:00,7.632,27.756,0.0,0.0,68.75000000022001,2.0,0.0,0.0,5.555555555555555,-33.388,54.379868757110714
2017-04-07 10:00:00,9.864,27.972,0.0,0.0,68.75000000022001,2.0,0.0,0.0,5.555555555555555,-35.836,48.171754776469825
2017-04-07 11:00:00,12.996,27.864,0.0,0.0,68.75000000022001,2.0,0.0,0.0,5.555555555555555,-38.86,42.03813816359663
2017-04-07 12:00:00,15.912,28.458,0.0,0.0,68.75000000022001,2.0,0.0,0.0,5.555555555555555,-42.37,35.97812495007791
2017-04-07 13:00:00,18.324,28.242,0.0,0.0,68.75000000022001,2.0,0.0,0.0,5.555555555555555,-44.566,29.990831895121417
2017-04-07 14:00:00,16.164,26.622,0.0,0.0,68.75000000022001,2.0,0.0,0.0,5.555555555555555,-40.786,24.075386356824403
2017-04-07 15:00:00,11.016,24.84,0.0,0.0,68.75000000022001,2.0,0.0,0.0,5.555555555555555,-33.856,18.230926164986954
2017-04-07 16:00:00,4.968,22.194,0.0,0.0,68.75000000022001,2.0,0.0,0.0,5.555555555555555,-25.162,12.456599495451554
2017-04-07 17:00:00,0.468,20.196,0.0,0.0,68.75000000022001,2.0,0.0,0.0,5.555555555555555,-18.664,6.75156474595058
2017-04-07 18:00:00,0.0,22.734,0.0,0.0,68.75000000022001,2.0,0.0,0.0,5.555555555555555,-20.734,1.1149904134436168
2017-04-07 19:00:00,0.0,21.492,0.0,0.0,68.75000000022001,2.0,4.453945027073262,0.0,1.1016105284822935,-15.038054972926737,0.0
2017-04-07 20:00:00,0.0,19.602,0.0,0.0,68.75000000022001,2.0,5.555555555555555,0.0,0.0,-12.046444444444445,0.0
2017-04-07 21:00:00,0.0,17.82,0.0,0.0,68.75000000022001,2.0,5.555555555555555,0.0,0.0,-10.264444444444445,0.0
2017-04-07 22:00:00,0.0,16.254,0.0,0.0,68.75000000022001,2.0,5.555555555555555,0.0,0.0,-8.698444444444446,0.0
2017-04-07 23:00:00,0.0,15.066,0.0,0.0,68.75000000022001,2.0,5.555555555555555,0.0,0.0,-7.510444444444445,0.0
2017-04-08 00:00:00,0.0,17.28,0.0,0.0,68.75000000022001,2.0,5.555555555555555,0.0,0.0,-9.724444444444446,0.0
2017-04-08 01:00:00,0.0,16.524,0.0,0.0,68.75000000022001,2.0,5.555555555555555,0.0,0.0,-8.968444444444446,0.0
2017-04-08 02:00:00,0.0,16.524,0.0,0.0,68.75000000022001,2.0,5.555555555555555,0.0,0.0,-8.968444444444446,0.0
2017-04-08 03:00:00,0.0,16.416,0.0,0.0,68.75000000022001,2.0,5.555555555555555,0.0,0.0,-8.860444444444445,0.0
2017-04-08 04:00:00,0.0,16.362,0.0,0.0,68.75000000022001,2.0,5.555555555555555,0.0,0.0,-8.806444444444443,0.0
2017-04-08 05:00:00,0.432,16.848,0.0,0.0,68.75000000022001,2.0,5.555555555555555,0.0,0.0,-9.724444444444444,0.0
2017-04-08 06:00:00,1.872,14.31,0.0,0.0,68.75000000022001,2.0,5.555555555555555,0.0,0.0,-8.626444444444445,0.0
2017-04-08 07:00:00,4.464,17.01,22.0,0.0,45.833333333480006,2.0,5.555555555555555,0.0,0.0,-35.91844444444445,0.0
2017-04-08 08:00:00,8.028,18.684,22.0,0.0,22.916666666740003,2.0,5.555555555555555,0.0,0.0,-41.156444444444446,0.0
2017-04-08 09:00:00,12.096,19.602,0.0,0.0,22.916666666740003,2.0,5.555555555555555,0.0,0.0,-24.142444444444443,0.0
2017-04-08 10:00:00,15.12,20.196,0.0,0.0,22.916666666740003,2.0,5.555555555555555,0.0,0.0,-27.760444444444445,0.0
2017-04-08 11:00:00,15.984,20.358,0.0,0.0,22.916666666740003,2.0,5.555555555555555,0.0,0.0,-28.786444444444445,0.0
2017-04-08 12:00:00,14.976,18.684,0.0,0.0,22.916666666740003,2.0,5.555555555555555,0.0,0.0,-26.104444444444447,0.0
2017-04-08 13:00:00,12.42,18.846,0.0,0.0,22.916666666740003,2.0,5.555555555555555,0.0,0.0,-23.710444444444445,0.0
2017-04-08 14:00:00,8.892,16.956,0.0,0.0,22.916666666740003,2.0,5.555555555555555,0.0,0.0,-18.292444444444442,0.0
2017-04-08 15:00:00,6.444,15.336,0.0,0.0,22.916666666740003,2.0,5.555555555555555,0.0,0.0,-14.224444444444444,0.0
2017-04-08 16:00:00,3.6,12.96,0.0,0.0,22.916666666740003,2.0,5.555555555555555,0.0,0.0,-9.004444444444445,0.0
2017-04-08 17:00:00,0.468,9.558,0.0,0.0,22.916666666740003,2.0,5.555555555555555,0.0,0.0,-2.4704444444444444,0.0
2017-04-08 18:00:00,0.0,6.642,0.0,0.0,22.916666666740003,2.0,5.555555555555555,0.0,0.0,0.913555555555555,0.0
2017-04-08 19:00:00,0.0,6.804,0.0,0.0,22.916666666740003,2.0,5.555555555555555,0.0,0.0,0.7515555555555551,0.0
2017-04-08 20:00:00,0.0,6.534,0.0,0.0,22.916666666740003,2.0,5.555555555555555,0.0,0.0,1.0215555555555556,0.0
2017-04-08 21:00:00,0.0,7.236,0.0,0.0,22.916666666740003,2.0,5.555555555555555,0.0,0.0,0.3195555555555556,0.0
2017-04-08 22:00:00,0.0,8.208,0.0,0.0,22.916666666740003,2.0,5.555555555555555,0.0,0.0,-0.6524444444444448,0.0
2017-04-08 23:00:00,0.0,9.396,0.0,0.0,22.916666666740003,2.0,5.555555555555555,0.0,0.0,-1.8404444444444454,0.0
2017-04-09 00:00:00,0.0,10.26,0.0,0.0,22.916666666740003,2.0,5.555555555555555,0.0,0.0,-2.7044444444444444,0.0
2017-04-09 01:00:00,0.0,10.152,0.0,0.0,22.916666666740003,2.0,5.555555555555555,0.0,0.0,-2.596444444444444,0.0
2017-04-09 02:00:00,0.0,9.612,0.0,0.0,22.916666666740003,2.0,5.555555555555555,0.0,0.0,-2.0564444444444447,0.0
2017-04-09 03:00:00,0.0,9.882,0.0,0.0,22.916666666740003,2.0,5.555555555555555,0.0,0.0,-2.3264444444444443,0.0
2017-04-09 04:00:00,0.0,10.152,0.0,0.0,22.916666666740003,2.0,5.555555555555555,0.0,0.0,-2.596444444444444,0.0
2017-04-09 05:00:00,1.008,11.556,0.0,0.0,22.916666666740003,2.0,5.555555555555555,5.807477421735739,0.0,0.7990329772912945,5.6913278733010255
2017-04-09 06:00:00,4.896,9.558,0.0,0.0,22.916666666740003,2.0,5.555555555555555,0.0,0.0,-6.898444444444444,5.623031938821413
2017-04-09 07:00:00,9.972,10.044,22.0,0.0,0.0,2.0,0.0,0.0,5.555555555555555,-40.016,0.0
2017-04-09 08:00:00,16.2,11.286,0.0,0.0,0.0,2.0,5.555555555555555,0.0,0.0,-19.930444444444444,0.0
2017-04-09 09:00:00,22.032,13.338,0.0,0.0,0.0,2.0,5.555555555555555,0.0,0.0,-27.814444444444444,0.0
2017-04-09 10:00:00,25.668,15.12,0.0,3.66666666666667,3.520000000000003,2.0,5.555555555555555,0.0,0.0,-29.565777777777775,0.0
2017-04-09 11:00:00,26.532,16.362,0.0,22.0,24.64,2.0,5.555555555555555,0.0,0.0,-13.338444444444441,0.0
2017-04-09 12:00:00,25.56,13.392,0.0,22.0,45.76,2.0,5.555555555555555,0.0,0.0,-9.396444444444441,0.0
2017-04-09 13:00:00,22.824,14.742,0.0,22.0,66.88,2.0,5.555555555555555,24.0,0.0,15.989555555555551,23.52
2017-04-09 14:00:00,18.396,15.714,0.0,22.0,88.0,2.0,5.555555555555555,24.0,0.0,19.445555555555558,46.75776
2017-04-09 15:00:00,12.492,16.524,0.0,0.0,88.0,2.0,0.0,0.0,5.555555555555555,-27.016000000000002,40.64111132444444
2017-04-09 16:00:00,5.688,15.66,22.0,0.0,65.08333333326,2.0,0.0,0.0,5.555555555555555,-41.348,34.59786243299555
2017-04-09 17:00:00,0.396,14.958,22.0,0.0,42.16666666652,2.0,0.0,0.0,5.555555555555555,-35.354,28.627132528244047
2017-04-09 18:00:00,0.0,13.338,18.47999999972966,0.0,22.916666666740003,2.0,0.0,0.0,5.555555555555555,-29.817999999729658,22.728051382349562
2017-04-09 19:00:00,0.0,15.93,22.0,0.0,0.0,2.0,0.0,0.0,5.555555555555555,-35.93,16.899759210205815
2017-04-09 20:00:00,0.0,18.09,0.0,0.0,0.0,2.0,0.0,0.0,5.555555555555555,-16.09,11.141406544127788
2017-04-09 21:00:00,0.0,19.44,0.0,3.66666666666667,3.520000000000003,2.0,0.17087782877871444,0.0,5.384677726776841,-13.602455504554618,5.623031938821413
2017-04-09 22:00:00,0.0,20.682,0.0,0.0,3.520000000000003,2.0,0.0,0.0,5.555555555555555,-18.682,0.0
2017-04-09 23:00:00,0.0,21.006,0.0,22.0,24.64,2.0,5.555555555555555,0.0,0.0,8.549555555555557,0.0
2017-04-10 00:00:00,0.0,23.49,0.0,22.0,45.76,2.0,5.555555555555555,0.19437801382066539,0.0,6.259933569376219,0.19049045354425206
2017-04-10 01:00:00,0.0,24.354,0.0,22.0,66.88,2.0,5.555555555555555,24.0,0.0,29.201555555555558,23.70820456810172
2017-04-10 02:00:00,0.0,24.786,0.0,22.0,88.0,2.0,5.555555555555555,24.0,0.0,28.769555555555556,46.9437061132845
2017-04-10 03:00:00,0.0,23.328,0.0,0.0,88.0,2.0,0.0,0.0,5.555555555555555,-21.328,40.824826084369526
2017-04-10 04:00:00,0.0,26.19,0.0,0.0,88.0,2.0,0.0,0.0,5.555555555555555,-24.19,34.779372615801535
2017-04-10 05:00:00,0.72,29.43,22.0,0.0,65.08333333326,2.0,0.0,0.0,5.555555555555555,-50.15,28.806464588856358
2017-04-10 06:00:00,2.412,34.992,22.0,0.0,42.16666666652,2.0,0.0,0.0,5.555555555555555,-57.403999999999996,22.905231458234528
2017-04-10 07:00:00,3.852,35.478,22.0,0.0,19.249999999779998,2.0,0.0,0.0,5.555555555555555,-59.33,17.074813125180157
2017-04-10 08:00:00,5.076,34.938,18.47999999972966,0.0,0.0,2.0,0.0,0.0,5.555555555555555,-56.49399999972966,11.314359812122438
2017-04-10 09:00:00,7.488,34.668,0.0,0.0,0.0,2.0,0.0,0.0,5.555555555555555,-40.156,5.623031938821413
2017-04-10 10:00:00,9.576,34.992,0.0,3.66666666666667,3.520000000000003,2.0,0.0,0.0,5.555555555555555,-38.901333333333326,0.0
2017-04-10 11:00:00,11.088,36.126,0.0,22.0,24.64,2.0,5.555555555555555,0.0,0.0,-17.65844444444444,0.0
2017-04-10 12:00:00,12.276,38.124,0.0,22.0,45.76,2.0,5.555555555555555,24.0,0.0,3.155555555555555,23.52
2017-04-10 13:00:00,11.7,39.528,0.0,22.0,66.88,2.0,5.555555555555555,17.94598580037707,0.0,-3.7264586440673675,40.824826084369526
2017-04-10 14:00:00,10.476,39.852,0.0,22.0,88.0,2.0,0.0,0.0,5.555555555555555,-26.327999999999996,34.779372615801535
2017-04-10 15:00:00,7.272,39.366,0.0,0.0,88.0,2.0,0.0,0.0,5.555555555555555,-44.638,28.806464588856358
2017-04-10 16:00:00,3.564,38.556,22.0,0.0,65.08333333326,2.0,0.0,0.0,5.555555555555555,-62.12,22.905231458234528
2017-04-10 17:00:00,0.54,37.584,22.0,0.0,42.16666666652,2.0,0.0,0.0,5.555555555555555,-58.124,17.074813125180157
2017-04-10 18:00:00,0.0,38.556,22.0,0.0,19.249999999779998,2.0,0.0,0.0,5.555555555555555,-58.556,11.314359812122438
2017-04-10 19:00:00,0.0,38.34,18.47999999972966,0.0,0.0,2.0,0.0,0.0,5.555555555555555,-54.81999999972966,5.623031938821413
2017-04-10 20:00:00,0.0,39.474,0.0,0.0,0.0,2.0,0.0,0.0,5.555555555555555,-37.474,0.0
2017-04-10 21:00:00,0.0,39.582,0.0,3.66666666666667,3.520000000000003,2.0,5.555555555555555,8.138716421833657,0.0,-20.22106135594412,7.9759420933969825
2017-04-10 22:00:00,0.0,39.798,0.0,22.0,24.64,2.0,5.555555555555555,24.0,0.0,13.757555555555555,31.400230788276218
2017-04-10 23:00:00,0.0,0.0,0.0,22.0,45.76,2.0,5.555555555555555,24.0,0.0,53.55555555555556,54.543428018816904
2017-04-11 00:00:00,0.0,0.0,0.0,22.0,66.88,2.0,5.555555555555555,24.0,0.0,53.55555555555556,77.4089068825911
2017-04-11 01:00:00,0.0,39.69,0.0,22.0,88.0,2.0,5.555555555555555,24.0,0.0,13.86555555555556,100.0
2017-04-11 02:00:00,0.0,38.88,0.0,0.0,88.0,2.0,5.555555555555555,1.2244897959183703,0.0,-30.099954648526076,100.0
2017-04-11 03:00:00,0.0,37.962,0.0,0.0,88.0,2.0,5.555555555555555,1.2244897959183703,0.0,-29.181954648526077,100.0
2017-04-11 04:00:00,0.0,35.802,0.0,0.0,88.0,2.0,0.0,0.0,5.555555555555555,-33.802,93.24444444444444
2017-04-11 05:00:00,1.044,34.56,0.0,0.0,88.0,2.0,0.0,0.0,5.555555555555555,-33.604,86.56995555555555
2017-04-11 06:00:00,4.968,32.346,0.0,0.0,88.0,2.0,0.0,0.0,5.555555555555555,-35.31399999999999,79.97556053333332
2017-04-11 07:00:00,10.872,28.566,0.0,0.0,88.0,2.0,0.0,0.0,5.555555555555555,-37.438,73.46029825137776
2017-04-11 08:00:00,17.388,25.272,0.0,0.0,88.0,2.0,0.0,0.0,5.555555555555555,-40.66,67.02321911680568
2017-04-11 09:00:00,23.076,25.272,0.0,0.0,88.0,2.0,0.0,0.0,5.555555555555555,-46.348,60.663384931848455
2017-04-11 10:00:00,26.352,26.136,0.0,0.0,88.0,2.0,0.0,0.0,5.555555555555555,-50.488,54.379868757110714
2017-04-11 11:00:00,26.64,27.27,0.0,0.0,88.0,2.0,0.0,0.0,5.555555555555555,-51.91,48.171754776469825
2017-04-11 12:00:00,23.22,29.484,0.0,0.0,88.0,2.0,0.0,0.0,5.555555555555555,-50.704,42.03813816359663
2017-04-11 13:00:00,16.308,28.566,0.0,0.0,88.0,2.0,0.0,0.0,5.555555555555555,-42.873999999999995,35.97812495007791
2017-04-11 14:00:00,10.152,25.65,0.0,0.0,88.0,2.0,0.0,0.0,5.555555555555555,-33.802,29.990831895121417
2017-04-11 15:00:00,4.608,24.138,0.0,0.0,88.0,2.0,0.0,0.0,5.555555555555555,-26.746000000000002,24.075386356824403
2017-04-11 16:00:00,1.44,22.68,18.47999999972965,0.0,68.75000000022001,2.0,0.0,0.0,5.555555555555555,-40.59999999972965,18.230926164986954
2017-04-11 17:00:00,0.288,23.706,22.0,0.0,45.833333333480006,2.0,0.0,0.0,5.555555555555555,-43.994,12.456599495451554
2017-04-11 18:00:00,0.0,23.922,22.0,0.0,22.916666666740003,2.0,0.0,0.0,5.555555555555555,-43.922,6.75156474595058
2017-04-11 19:00:00,0.0,23.598,22.0,0.0,0.0,2.0,0.0,0.0,5.555555555555555,-43.598,1.1149904134436168
2017-04-11 20:00:00,0.0,23.922,0.0,0.0,0.0,2.0,4.453945027073262,0.0,1.1016105284822935,-17.468054972926737,0.0
2017-04-11 21:00:00,0.0,24.138,0.0,0.0,0.0,2.0,5.555555555555555,0.0,0.0,-16.582444444444448,0.0
2017-04-11 22:00:00,0.0,24.138,0.0,0.0,0.0,2.0,5.555555555555555,0.0,0.0,-16.582444444444448,0.0
2017-04-11 23:00:00,0.0,23.598,0.0,3.66666666666667,3.520000000000003,2.0,5.555555555555555,0.0,0.0,-12.375777777777774,0.0
2017-04-12 00:00:00,0.0,28.404,0.0,22.0,24.64,2.0,5.555555555555555,0.0,0.0,1.1515555555555572,0.0
2017-04-12 01:00:00,0.0,26.946,0.0,22.0,45.76,2.0,5.555555555555555,24.0,0.0,26.609555555555556,23.52
2017-04-12 02:00:00,0.0,25.38,0.0,22.0,66.88,2.0,5.555555555555555,24.0,0.0,28.175555555555558,46.75776
2017-04-12 03:00:00,0.0,23.868,0.0,22.0,88.0,2.0,5.555555555555555,24.0,0.0,29.68755555555556,69.71666687999999
2017-04-12 04:00:00,0.0,23.004,0.0,0.0,88.0,2.0,0.0,0.0,5.555555555555555,-21.004,63.32451132188443
2017-04-12 05:00:00,0.252,22.464,18.47999999972965,0.0,68.75000000022001,2.0,0.0,0.0,5.555555555555555,-39.19599999972966,57.009061630466256
2017-04-12 06:00:00,0.756,24.732,22.0,0.0,45.833333333480006,2.0,0.0,0.0,5.555555555555555,-45.488,50.769397335345104
2017-04-12 07:00:00,1.692,25.434,22.0,0.0,22.916666666740003,2.0,0.0,0.0,5.555555555555555,-47.126,44.604609011765405
2017-04-12 08:00:00,2.952,23.868,22.0,0.0,0.0,2.0,0.0,0.0,5.555555555555555,-46.81999999999999,38.51379814806866
2017-04-12 09:00:00,4.824,23.058,0.0,0.0,0.0,2.0,0.0,0.0,5.555555555555555,-25.881999999999998,32.49607701473628
2017-04-12 10:00:00,7.128,22.896,0.0,0.0,0.0,2.0,0.0,0.0,5.555555555555555,-28.024,26.550568535003883
2017-04-12 11:00:00,8.46,23.004,0.0,0.0,0.0,2.0,0.0,0.0,5.555555555555555,-29.464000000000002,20.676406157028282
2017-04-12 12:00:00,8.856,25.488,0.0,0.0,0.0,2.0,0.0,0.0,5.555555555555555,-32.344,14.872733727588388
2017-04-12 13:00:00,8.892,28.782,0.0,0.0,0.0,2.0,0.0,0.0,5.555555555555555,-35.674,9.138705367301771
2017-04-12 14:00:00,7.56,28.566,0.0,0.0,0.0,2.0,5.555555555555555,0.0,0.0,-28.570444444444444,9.029040902894149
2017-04-12 15:00:00,5.292,26.46,0.0,0.0,0.0,2.0,5.555555555555555,0.0,0.0,-24.196444444444445,8.920692412059418
2017-04-12 16:00:00,3.384,24.624,0.0,0.0,0.0,2.0,0.0,0.0,5.555555555555555,-26.008,3.258088547559151
2017-04-12 17:00:00,0.648,23.922,0.0,0.0,0.0,2.0,2.3365640705671145,0.0,3.218991484988441,-20.233435929432886,0.0
2017-04-12 18:00:00,0.0,23.976,0.0,0.0,0.0,2.0,5.555555555555555,0.0,0.0,-16.420444444444442,0.0
2017-04-12 19:00:00,0.0,26.352,0.0,0.0,0.0,2.0,5.555555555555555,0.0,0.0,-18.796444444444447,0.0
2017-04-12 20:00:00,0.0,28.188,0.0,0.0,0.0,2.0,5.555555555555555,0.0,0.0,-20.632444444444445,0.0
2017-04-12 21:00:00,0.0,28.566,0.0,0.0,0.0,2.0,5.555555555555555,0.0,0.0,-21.010444444444445,0.0
2017-04-12 22:00:00,0.0,28.998,0.0,22.0,21.119999999999997,2.0,5.555555555555555,24.0,0.0,24.557555555555556,23.52
2017-04-12 23:00:00,0.0,28.782,0.0,22.0,42.239999999999995,2.0,5.555555555555555,24.0,0.0,24.773555555555557,46.75776
2017-04-13 00:00:00,0.0,28.998,0.0,22.0,63.35999999999999,2.0,5.555555555555555,24.0,0.0,24.557555555555556,69.71666687999999
2017-04-13 01:00:00,0.0,25.596,0.0,22.0,84.47999999999999,2.0,5.555555555555555,8.70289796443991,0.0,12.66245351999547,77.4089068825911
2017-04-13 02:00:00,0.0,23.706,0.0,3.6666666666666776,88.0,2.0,5.555555555555555,24.0,0.0,11.516222222222236,100.0
2017-04-13 03:00:00,0.0,22.356,0.0,0.0,88.0,2.0,0.0,0.0,5.555555555555555,-20.356,93.24444444444444
2017-04-13 04:00:00,0.036,21.492,0.0,0.0,88.0,2.0,0.0,0.0,5.555555555555555,-19.528000000000002,86.56995555555555
2017-04-13 05:00:00,1.044,22.41,0.0,0.0,88.0,2.0,0.0,0.0,5.555555555555555,-21.454,79.97556053333332
2017-04-13 06:00:00,3.564,24.462,0.0,0.0,88.0,2.0,0.0,0.0,5.555555555555555,-26.026,73.46029825137776
2017-04-13 07:00:00,5.328,23.868,0.0,0.0,88.0,2.0,0.0,0.0,5.555555555555555,-27.195999999999998,67.02321911680568
2017-04-13 08:00:00,7.74,23.598,0.0,0.0,88.0,2.0,0.0,0.0,5.555555555555555,-29.338,60.663384931848455
2017-04-13 09:00:00,10.476,23.112,20.275199999935122,0.0,66.88,2.0,0.0,0.0,5.555555555555555,-51.86319999993512,54.379868757110714
2017-04-13 10:00:00,12.168,23.004,0.0,0.0,66.88,2.0,0.0,0.0,5.555555555555555,-33.172,48.171754776469825
2017-04-13 11:00:00,14.364,24.03,0.0,0.0,66.88,2.0,0.0,0.0,5.555555555555555,-36.394000000000005,42.03813816359663
2017-04-13 12:00:00,14.004,23.868,0.0,0.0,66.88,2.0,0.0,0.0,5.555555555555555,-35.872,35.97812495007791
2017-04-13 13:00:00,9.108,25.326,0.0,0.0,66.88,2.0,0.0,0.0,5.555555555555555,-32.434,29.990831895121417
2017-04-13 14:00:00,5.616,25.434,0.0,0.0,66.88,2.0,0.0,0.0,5.555555555555555,-29.05,24.075386356824403
2017-04-13 15:00:00,4.752,26.838,0.0,0.0,66.88,2.0,0.0,0.0,5.555555555555555,-29.59,18.230926164986954
2017-04-13 16:00:00,2.52,27.27,0.0,0.0,66.88,2.0,0.0,0.0,5.555555555555555,-27.79,12.456599495451554
2017-04-13 17:00:00,0.648,27.702,0.0,0.0,66.88,2.0,0.0,0.0,5.555555555555555,-26.35,6.75156474595058
2017-04-13 18:00:00,0.0,26.406,0.0,0.0,66.88,2.0,0.0,0.0,5.555555555555555,-24.406,1.1149904134436168
2017-04-13 19:00:00,0.0,28.026,0.0,0.0,66.88,2.0,4.453945027073262,0.0,1.1016105284822935,-21.572054972926736,0.0
2017-04-13 20:00:00,0.0,28.998,0.0,0.0,66.88,2.0,5.555555555555555,0.0,0.0,-21.442444444444448,0.0
2017-04-13 21:00:00,0.0,29.862,0.0,0.0,66.88,2.0,5.555555555555555,0.0,0.0,-22.306444444444445,0.0
2017-04-13 22:00:00,0.0,29.97,0.0,0.0,66.88,2.0,5.555555555555555,0.0,0.0,-22.41444444444444,0.0
2017-04-13 23:00:00,0.0,29.592,0.0,0.0,66.88,2.0,5.555555555555555,0.0,0.0,-22.03644444444444,0.0
2017-04-14 00:00:00,0.0,28.836,0.0,22.0,88.0,2.0,5.555555555555555,0.0,0.0,0.7195555555555586,0.0
2017-04-14 01:00:00,0.0,27.324,0.0,0.0,88.0,2.0,5.555555555555555,0.0,0.0,-19.768444444444448,0.0
2017-04-14 02:00:00,0.0,24.3,0.0,0.0,88.0,2.0,5.555555555555555,0.0,0.0,-16.744444444444447,0.0
2017-04-14 03:00:00,0.0,19.062,0.0,0.0,88.0,2.0,5.555555555555555,0.0,0.0,-11.506444444444446,0.0
2017-04-14 04:00:00,0.036,15.174,0.0,0.0,88.0,2.0,5.555555555555555,5.807477421735739,0.0,-1.8469670227087058,5.6913278733010255
2017-04-14 05:00:00,1.26,13.716,0.0,0.0,88.0,2.0,5.555555555555555,0.0,0.0,-7.420444444444444,5.623031938821413
2017-04-14 06:00:00,4.86,14.094,0.0,0.0,88.0,2.0,0.0,0.0,5.555555555555555,-16.954,0.0
2017-04-14 07:00:00,6.912,14.85,0.0,0.0,88.0,2.0,5.555555555555555,0.0,0.0,-14.206444444444443,0.0
2017-04-14 08:00:00,7.848,16.74,0.0,0.0,88.0,2.0,5.555555555555555,0.0,0.0,-17.032444444444444,0.0
2017-04-14 09:00:00,10.62,16.956,0.0,0.0,88.0,2.0,5.555555555555555,0.0,0.0,-20.020444444444443,0.0
2017-04-14 10:00:00,11.952,17.118,0.0,0.0,88.0,2.0,5.555555555555555,0.0,0.0,-21.514444444444443,0.0
2017-04-14 11:00:00,14.832,17.226,0.0,0.0,88.0,2.0,5.555555555555555,0.0,0.0,-24.502444444444443,0.0
2017-04-14 12:00:00,17.172,14.31,0.0,0.0,88.0,2.0,5.555555555555555,0.0,0.0,-23.926444444444446,0.0
2017-04-14 13:00:00,18.504,13.284,0.0,0.0,88.0,2.0,5.555555555555555,17.84908650687135,0.0,-6.3833579375731,17.49210477673392
2017-04-14 14:00:00,14.4,10.584,0.0,0.0,88.0,2.0,5.555555555555555,0.0,0.0,-17.428444444444445,17.282199519413115
2017-04-14 15:00:00,9.792,7.344,0.0,0.0,88.0,2.0,5.555555555555555,0.0,0.0,-9.580444444444446,17.074813125180157
2017-04-14 16:00:00,4.248,5.13,0.0,0.0,88.0,2.0,0.0,0.0,5.555555555555555,-7.378,11.314359812122438
2017-04-14 17:00:00,0.792,4.104,22.0,0.0,65.08333333326,2.0,0.0,0.0,5.555555555555555,-24.896,5.623031938821413
2017-04-14 18:00:00,0.0,3.78,22.0,0.0,42.16666666652,2.0,0.0,0.0,5.555555555555555,-23.78,0.0
2017-04-14 19:00:00,0.0,4.158,18.47999999972966,0.0,22.916666666740003,2.0,5.555555555555555,0.0,0.0,-15.082444444174104,0.0
2017-04-14 20:00:00,0.0,3.186,0.0,0.0,22.916666666740003,2.0,5.555555555555555,0.0,0.0,4.369555555555555,0.0
2017-04-14 21:00:00,0.0,2.484,0.0,0.0,22.916666666740003,2.0,5.555555555555555,11.545265114410652,0.0,16.61682066996621,11.314359812122438
2017-04-14 22:00:00,0.0,2.16,0.0,0.0,22.916666666740003,2.0,0.0,0.0,5.555555555555555,-0.16000000000000014,5.623031938821413
2017-04-14 23:00:00,0.0,2.052,22.0,0.0,0.0,2.0,0.0,0.0,5.555555555555555,-22.052,0.0
2017-04-15 00:00:00,0.0,3.564,0.0,0.0,0.0,2.0,5.555555555555555,0.0,0.0,3.9915555555555553,0.0
2017-04-15 01:00:00,0.0,4.644,0.0,22.0,21.119999999999997,2.0,5.555555555555555,24.0,0.0,48.91155555555556,23.52
2017-04-15 02:00:00,0.0,6.264,0.0,0.0,21.119999999999997,2.0,0.0,0.0,5.555555555555555,-4.264,17.682204444444444
2017-04-15 03:00:00,0.0,6.048,0.0,0.0,21.119999999999997,2.0,0.0,0.0,5.555555555555555,-4.048,11.914462435555555
2017-04-15 04:00:00,0.036,6.642,0.0,0.0,21.119999999999997,2.0,0.0,0.0,5.555555555555555,-4.678,6.215933330773332
2017-04-15 05:00:00,0.396,8.964,0.0,0.0,21.119999999999997,2.0,5.555555555555555,0.0,0.0,-1.804444444444445,6.141342130804052
2017-04-15 06:00:00,0.864,11.016,0.0,0.0,21.119999999999997,2.0,5.110941469142565,0.0,0.44461408641299016,-4.769058530857435,5.623031938821413
2017-04-15 07:00:00,1.512,12.798,0.0,0.0,21.119999999999997,2.0,0.0,0.0,5.555555555555555,-12.31,0.0
2017-04-15 08:00:00,3.528,15.606,16.895999999945925,0.0,3.520000000000003,2.0,5.555555555555555,0.0,0.0,-28.47444444439037,0.0
2017-04-15 09:00:00,6.012,16.902,0.0,0.0,3.520000000000003,2.0,5.555555555555555,0.0,0.0,-15.358444444444444,0.0
2017-04-15 10:00:00,8.748,19.872,0.0,0.0,3.520000000000003,2.0,5.555555555555555,0.0,0.0,-21.064444444444444,0.0
2017-04-15 11:00:00,8.928,21.978,0.0,0.0,3.520000000000003,2.0,5.555555555555555,0.0,0.0,-23.35044444444445,0.0
2017-04-15 12:00:00,7.452,21.654,0.0,22.0,24.64,2.0,5.555555555555555,0.0,0.0,0.44955555555555726,0.0
2017-04-15 13:00:00,6.84,23.166,0.0,22.0,45.76,2.0,5.555555555555555,0.0,0.0,-0.4504444444444431,0.0
2017-04-15 14:00:00,5.58,23.922,0.0,22.0,66.88,2.0,5.555555555555555,24.0,0.0,24.053555555555555,23.52
2017-04-15 15:00:00,4.356,21.87,0.0,0.0,66.88,2.0,0.0,0.0,5.555555555555555,-24.226,17.682204444444444
2017-04-15 16:00:00,2.376,18.468,0.0,0.0,66.88,2.0,0.0,0.0,5.555555555555555,-18.844,11.914462435555555
2017-04-15 17:00:00,0.504,13.986,0.0,0.0,66.88,2.0,0.0,0.0,5.555555555555555,-12.49,6.215933330773332
2017-04-15 18:00:00,0.0,9.018,0.0,0.0,66.88,2.0,0.0,0.0,5.555555555555555,-7.018000000000001,0.5857865752484965
2017-04-15 19:00:00,0.0,6.696,0.0,0.0,66.88,2.0,4.9767984192100405,0.0,0.5787571363455146,0.28079841921004167,0.0
2017-04-15 20:00:00,0.0,4.968,0.0,0.0,66.88,2.0,5.555555555555555,0.0,0.0,2.5875555555555554,0.0
2017-04-15 21:00:00,0.0,3.672,0.0,0.0,66.88,2.0,5.555555555555555,0.0,0.0,3.883555555555555,0.0
2017-04-15 22:00:00,0.0,3.294,0.0,0.0,66.88,2.0,5.555555555555555,0.0,0.0,4.261555555555555,0.0
2017-04-15 23:00:00,0.0,3.348,0.0,0.0,66.88,2.0,5.555555555555555,0.0,0.0,4.2075555555555555,0.0
2017-04-16 00:00:00,0.0,4.644,0.0,0.0,66.88,2.0,5.555555555555555,0.0,0.0,2.9115555555555552,0.0
2017-04-16 01:00:00,0.0,4.32,0.0,0.0,66.88,2.0,5.555555555555555,0.0,0.0,3.235555555555555,0.0
2017-04-16 02:00:00,0.0,3.726,0.0,0.0,66.88,2.0,5.555555555555555,0.0,0.0,3.8295555555555554,0.0
2017-04-16 03:00:00,0.0,2.646,0.0,0.0,66.88,2.0,5.555555555555555,0.0,0.0,4.9095555555555555,0.0
2017-04-16 04:00:00,0.072,1.944,0.0,0.0,66.88,2.0,5.555555555555555,0.0,0.0,5.539555555555555,0.0
2017-04-16 05:00:00,1.26,1.404,0.0,0.0,66.88,2.0,5.555555555555555,0.0,0.0,4.891555555555556,0.0
2017-04-16 06:00:00,4.86,1.296,0.0,0.0,66.88,2.0,5.555555555555555,0.0,0.0,1.3995555555555548,0.0
2017-04-16 07:00:00,10.152,1.242,0.0,0.0,66.88,2.0,5.555555555555555,0.0,0.0,-3.838444444444444,0.0
2017-04-16 08:00:00,13.86,1.35,0.0,0.0,66.88,2.0,5.555555555555555,0.0,0.0,-7.654444444444444,0.0
2017-04-16 09:00:00,14.112,1.998,0.0,0.0,66.88,2.0,5.555555555555555,0.0,0.0,-8.554444444444446,0.0
2017-04-16 10:00:00,13.212,2.97,0.0,0.0,66.88,2.0,5.555555555555555,0.0,0.0,-8.626444444444445,0.0
2017-04-16 11:00:00,12.204,3.834,0.0,0.0,66.88,2.0,5.555555555555555,0.0,0.0,-8.482444444444445,0.0
2017-04-16 12:00:00,11.664,4.968,0.0,0.0,66.88,2.0,5.555555555555555,0.0,0.0,-9.076444444444444,0.0
2017-04-16 13:00:00,11.988,6.048,0.0,0.0,66.88,2.0,5.555555555555555,0.0,0.0,-10.480444444444444,0.0
2017-04-16 14:00:00,10.296,8.208,0.0,0.0,66.88,2.0,5.555555555555555,5.459870062026313,0.0,-5.488574382418131,5.350672660785787
2017-04-16 15:00:00,8.028,9.234,0.0,22.0,88.0,2.0,5.555555555555555,24.0,0.0,36.29355555555556,28.806464588856358
2017-04-16 16:00:00,4.284,8.964,22.0,0.0,65.08333333326,2.0,0.0,0.0,5.555555555555555,-33.248,22.905231458234528
2017-04-16 17:00:00,0.72,7.452,18.479999999729657,0.0,45.833333333480006,2.0,0.0,0.0,5.555555555555555,-24.651999999729654,17.074813125180157
2017-04-16 18:00:00,0.0,7.02,22.0,0.0,22.916666666740003,2.0,0.0,0.0,5.555555555555555,-27.02,11.314359812122438
2017-04-16 19:00:00,0.0,7.02,22.0,0.0,0.0,2.0,0.0,0.0,5.555555555555555,-27.02,5.623031938821413
2017-04-16 20:00:00,0.0,6.588,0.0,0.0,0.0,2.0,0.0,0.0,5.555555555555555,-4.588,0.0
2017-04-16 21:00:00,0.0,5.346,0.0,0.0,0.0,2.0,5.555555555555555,0.0,0.0,2.2095555555555553,0.0
2017-04-16 22:00:00,0.0,4.752,0.0,0.0,0.0,2.0,5.555555555555555,0.0,0.0,2.8035555555555556,0.0
2017-04-16 23:00:00,0.0,4.428,0.0,22.0,21.119999999999997,2.0,5.555555555555555,6.668412801838901,0.0,31.795968357394454,6.535044545802123
2017-04-17 00:00:00,0.0,5.13,0.0,22.0,42.239999999999995,2.0,5.555555555555555,24.0,0.0,48.425555555555555,29.976624011252497
2017-04-17 01:00:00,0.0,4.806,0.0,22.0,63.35999999999999,2.0,5.555555555555555,24.0,0.0,48.74955555555556,53.136904523117465
2017-04-17 02:00:00,0.0,5.022,0.0,3.66666666666667,66.88,2.0,0.0,0.0,5.555555555555555,0.6446666666666694,46.9437061132845
2017-04-17 03:00:00,0.0,4.698,0.0,0.0,66.88,2.0,0.0,0.0,5.555555555555555,-2.6980000000000004,40.824826084369526
2017-04-17 04:00:00,0.108,4.59,0.0,0.0,66.88,2.0,0.0,0.0,5.555555555555555,-2.698,34.779372615801535
2017-04-17 05:00:00,1.296,4.968,0.0,22.0,88.0,2.0,0.0,0.0,5.555555555555555,17.736,28.806464588856358
2017-04-17 06:00:00,5.148,4.644,0.0,0.0,88.0,2.0,0.0,0.0,5.555555555555555,-7.792,22.905231458234528
2017-04-17 07:00:00,9.18,4.968,20.275199999935122,0.0,66.88,2.0,0.0,0.0,5.555555555555555,-32.42319999993512,17.074813125180157
2017-04-17 08:00:00,11.232,5.886,0.0,0.0,66.88,2.0,0.0,0.0,5.555555555555555,-15.117999999999999,11.314359812122438
2017-04-17 09:00:00,12.636,6.696,0.0,0.0,66.88,2.0,0.0,0.0,5.555555555555555,-17.332,5.623031938821413
2017-04-17 10:00:00,12.456,7.668,0.0,0.0,66.88,2.0,0.0,0.0,5.555555555555555,-18.124,0.0
2017-04-17 11:00:00,12.528,8.478,0.0,0.0,66.88,2.0,5.555555555555555,0.0,0.0,-13.450444444444445,0.0
2017-04-17 12:00:00,12.276,10.098,0.0,0.0,66.88,2.0,5.555555555555555,0.0,0.0,-14.818444444444445,0.0
2017-04-17 13:00:00,13.32,12.096,0.0,0.0,66.88,2.0,5.555555555555555,0.0,0.0,-17.860444444444447,0.0
2017-04-17 14:00:00,10.188,13.554,0.0,0.0,66.88,2.0,5.555555555555555,0.0,0.0,-16.186444444444447,0.0
2017-04-17 15:00:00,7.812,13.932,0.0,0.0,66.88,2.0,5.555555555555555,0.0,0.0,-14.188444444444446,0.0
2017-04-17 16:00:00,4.032,13.77,0.0,22.0,88.0,2.0,5.555555555555555,24.0,0.0,35.753555555555565,23.52
2017-04-17 17:00:00,0.756,12.906,22.0,0.0,65.08333333326,2.0,0.0,0.0,5.555555555555555,-33.662,17.682204444444444
2017-04-17 18:00:00,0.0,11.556,22.0,0.0,42.16666666652,2.0,0.0,0.0,5.555555555555555,-31.555999999999997,11.914462435555555
2017-04-17 19:00:00,0.0,12.312,22.0,0.0,19.249999999779998,2.0,0.0,0.0,5.555555555555555,-32.312,6.215933330773332
2017-04-17 20:00:00,0.0,14.094,0.0,0.0,19.249999999779998,2.0,0.0,0.0,5.555555555555555,-12.094,0.5857865752484965
2017-04-17 21:00:00,0.0,14.796,0.0,0.0,19.249999999779998,2.0,4.9767984192100405,0.0,0.5787571363455146,-7.819201580789958,0.0
2017-04-17 22:00:00,0.0,15.282,0.0,0.0,19.249999999779998,2.0,5.555555555555555,0.0,0.0,-7.726444444444445,0.0
2017-04-17 23:00:00,0.0,14.364,0.0,5.614583333562503,24.64,2.0,5.555555555555555,0.0,0.0,-1.1938611108819437,0.0
2017-04-18 00:00:00,0.0,12.42,0.0,22.0,45.76,2.0,5.555555555555555,6.668412801838901,0.0,23.803968357394453,6.535044545802123
2017-04-18 01:00:00,0.0,10.314,0.0,22.0,66.88,2.0,5.555555555555555,24.0,0.0,43.24155555555556,29.976624011252497
2017-04-18 02:00:00,0.0,8.478,0.0,22.0,88.0,2.0,5.555555555555555,24.0,0.0,45.077555555555556,53.136904523117465
2017-04-18 03:00:00,0.0,7.236,0.0,0.0,88.0,2.0,0.0,0.0,5.555555555555555,-5.236,46.9437061132845
2017-04-18 04:00:00,0.216,6.966,0.0,0.0,88.0,2.0,0.0,0.0,5.555555555555555,-5.182,40.824826084369526
2017-04-18 05:00:00,1.584,7.668,22.0,0.0,65.08333333326,2.0,0.0,0.0,5.555555555555555,-29.252,34.779372615801535
2017-04-18 06:00:00,6.228,9.018,22.0,0.0,42.16666666652,2.0,0.0,0.0,5.555555555555555,-35.246,28.806464588856358
2017-04-18 07:00:00,11.556,9.72,22.0,0.0,19.249999999779998,2.0,0.0,0.0,5.555555555555555,-41.275999999999996,22.905231458234528
2017-04-18 08:00:00,16.056,9.828,18.47999999972966,0.0,0.0,2.0,0.0,0.0,5.555555555555555,-42.36399999972966,17.074813125180157
2017-04-18 09:00:00,20.448,8.208,0.0,0.0,0.0,2.0,0.0,0.0,5.555555555555555,-26.656,11.314359812122438
2017-04-18 10:00:00,23.22,7.344,0.0,0.0,0.0,2.0,0.0,0.0,5.555555555555555,-28.564,5.623031938821413
2017-04-18 11:00:00,23.544,7.02,0.0,0.0,0.0,2.0,0.0,0.0,5.555555555555555,-28.564,0.0
2017-04-18 12:00:00,22.392,8.046,0.0,5.614583333562521,5.39000000022002,2.0,5.555555555555555,0.0,0.0,-17.267861110881924,0.0
2017-04-18 13:00:00,18.792,8.694,0.0,22.0,26.510000000220018,2.0,5.555555555555555,0.0,0.0,2.069555555555553,0.0
2017-04-18 14:00:00,15.048,8.478,0.0,22.0,47.630000000220015,2.0,5.555555555555555,23.656563928607092,0.0,29.686119484162646,23.18343265003495
2017-04-18 15:00:00,10.656,7.884,0.0,22.0,68.75000000022001,2.0,5.555555555555555,0.0,0.0,11.015555555555556,22.905231458234528
2017-04-18 16:00:00,5.004,5.994,0.0,0.0,68.75000000022001,2.0,0.0,0.0,5.555555555555555,-8.998,17.074813125180157
2017-04-18 17:00:00,0.684,3.942,22.0,0.0,45.833333333480006,2.0,0.0,0.0,5.555555555555555,-24.626,11.314359812122438
2017-04-18 18:00:00,0.0,2.7,22.0,0.0,22.916666666740003,2.0,0.0,0.0,5.555555555555555,-22.7,5.623031938821413
2017-04-18 19:00:00,0.0,2.214,22.0,0.0,0.0,2.0,0.0,0.0,5.555555555555555,-22.214,0.0
2017-04-18 20:00:00,0.0,1.728,0.0,0.0,0.0,2.0,5.555555555555555,0.0,0.0,5.827555555555556,0.0
2017-04-18 21:00:00,0.0,1.35,0.0,22.0,21.119999999999997,2.0,5.555555555555555,0.0,0.0,28.205555555555556,0.0
2017-04-18 22:00:00,0.0,1.134,0.0,3.66666666666667,24.64,2.0,5.555555555555555,0.0,0.0,10.088222222222225,0.0
2017-04-18 23:00:00,0.0,0.972,0.0,22.0,45.76,2.0,5.555555555555555,0.0,0.0,28.583555555555556,0.0
2017-04-19 00:00:00,0.0,1.026,0.0,22.0,66.88,2.0,5.555555555555555,24.0,0.0,52.529555555555554,23.52
2017-04-19 01:00:00,0.0,0.972,0.0,22.0,88.0,2.0,5.555555555555555,24.0,0.0,52.583555555555556,46.75776
2017-04-19 02:00:00,0.0,0.864,0.0,0.0,88.0,2.0,5.555555555555555,1.344087453363324,0.0,8.035643008918878,47.51387258429605
2017-04-19 03:00:00,0.0,0.756,0.0,0.0,88.0,2.0,5.555555555555555,0.0,0.0,6.799555555555555,46.9437061132845
2017-04-19 04:00:00,0.288,0.756,0.0,0.0,88.0,2.0,0.0,0.0,5.555555555555555,0.956,40.824826084369526
2017-04-19 05:00:00,1.764,0.81,22.0,0.0,65.08333333326,2.0,0.0,0.0,5.555555555555555,-22.573999999999998,34.779372615801535
2017-04-19 06:00:00,7.524,0.972,22.0,0.0,42.16666666652,2.0,0.0,0.0,5.555555555555555,-28.496000000000002,28.806464588856358
2017-04-19 07:00:00,13.716,1.08,22.0,0.0,19.249999999779998,2.0,0.0,0.0,5.555555555555555,-34.796,22.905231458234528
2017-04-19 08:00:00,18.828,1.026,18.47999999972966,0.0,0.0,2.0,0.0,0.0,5.555555555555555,-36.333999999729656,17.074813125180157
2017-04-19 09:00:00,21.636,1.35,0.0,0.0,0.0,2.0,0.0,0.0,5.555555555555555,-20.986,11.314359812122438
2017-04-19 10:00:00,21.708,2.106,0.0,0.0,0.0,2.0,0.0,0.0,5.555555555555555,-21.814,5.623031938821413
2017-04-19 11:00:00,20.628,3.186,0.0,0.0,0.0,2.0,0.0,0.0,5.555555555555555,-21.814,0.0
2017-04-19 12:00:00,19.008,4.644,0.0,22.0,21.119999999999997,2.0,5.555555555555555,0.0,0.0,5.90355555555556,0.0
2017-04-19 13:00:00,15.624,4.968,0.0,22.0,42.239999999999995,2.0,5.555555555555555,23.656563928607092,0.0,32.62011948416265,23.18343265003495
2017-04-19 14:00:00,13.212,4.752,0.0,22.0,63.35999999999999,2.0,5.555555555555555,0.0,0.0,11.591555555555558,22.905231458234528
2017-04-19 15:00:00,10.08,5.292,0.0,0.0,63.35999999999999,2.0,0.0,0.0,5.555555555555555,-13.372,17.074813125180157
2017-04-19 16:00:00,5.148,5.076,16.825599999805345,0.0,45.833333333480006,2.0,0.0,0.0,5.555555555555555,-25.049599999805345,11.314359812122438
2017-04-19 17:00:00,0.684,4.374,22.0,0.0,22.916666666740003,2.0,0.0,0.0,5.555555555555555,-25.058,5.623031938821413
2017-04-19 18:00:00,0.0,4.806,22.0,0.0,0.0,2.0,0.0,0.0,5.555555555555555,-24.806,0.0
2017-04-19 19:00:00,0.0,4.59,0.0,0.0,0.0,2.0,5.555555555555555,0.0,0.0,2.9655555555555555,0.0
2017-04-19 20:00:00,0.0,4.698,0.0,0.0,0.0,2.0,5.555555555555555,0.0,0.0,2.857555555555555,0.0
2017-04-19 21:00:00,0.0,5.076,0.0,0.0,0.0,2.0,5.555555555555555,0.0,0.0,2.4795555555555557,0.0
2017-04-19 22:00:00,0.0,5.508,0.0,0.0,0.0,2.0,5.555555555555555,0.0,0.0,2.0475555555555554,0.0
2017-04-19 23:00:00,0.0,5.94,0.0,22.0,21.119999999999997,2.0,5.555555555555555,0.0,0.0,23.615555555555556,0.0
2017-04-20 00:00:00,0.0,6.75,0.0,22.0,42.239999999999995,2.0,5.555555555555555,0.0,0.0,22.805555555555557,0.0
2017-04-20 01:00:00,0.0,7.884,0.0,22.0,63.35999999999999,2.0,5.555555555555555,0.0,0.0,21.671555555555557,0.0
2017-04-20 02:00:00,0.0,9.882,0.0,5.614583333562521,68.75000000022001,2.0,5.555555555555555,0.0,0.0,3.288138889118077,0.0
2017-04-20 03:00:00,0.0,11.556,0.0,0.0,68.75000000022001,2.0,5.555555555555555,23.372685161463806,0.0,19.372240717019366,22.905231458234528
2017-04-20 04:00:00,0.288,13.77,0.0,0.0,68.75000000022001,2.0,0.0,0.0,5.555555555555555,-12.058,17.074813125180157
2017-04-20 05:00:00,1.692,17.712,22.0,0.0,45.833333333480006,2.0,0.0,0.0,5.555555555555555,-39.404,11.314359812122438
2017-04-20 06:00:00,5.508,18.954,22.0,0.0,22.916666666740003,2.0,0.0,0.0,5.555555555555555,-44.462,5.623031938821413
2017-04-20 07:00:00,8.532,20.628,22.0,0.0,0.0,2.0,0.0,0.0,5.555555555555555,-49.16,0.0
2017-04-20 08:00:00,10.404,21.222,0.0,0.0,0.0,2.0,5.555555555555555,0.0,0.0,-24.070444444444448,0.0
2017-04-20 09:00:00,13.284,22.41,0.0,0.0,0.0,2.0,5.555555555555555,0.0,0.0,-28.138444444444445,0.0
2017-04-20 10:00:00,16.524,23.652,0.0,0.0,0.0,2.0,5.555555555555555,0.0,0.0,-32.620444444444445,0.0
2017-04-20 11:00:00,16.668,24.678,0.0,0.0,0.0,2.0,5.555555555555555,0.0,0.0,-33.79044444444445,0.0
2017-04-20 12:00:00,14.256,26.784,0.0,0.0,0.0,2.0,5.555555555555555,0.0,0.0,-33.48444444444444,0.0
2017-04-20 13:00:00,7.704,27.216,0.0,0.0,0.0,2.0,5.555555555555555,0.0,0.0,-27.364444444444445,0.0
2017-04-20 14:00:00,4.932,26.784,0.0,0.0,0.0,2.0,5.555555555555555,0.0,0.0,-24.160444444444444,0.0
2017-04-20 15:00:00,3.564,25.596,0.0,0.0,0.0,2.0,5.555555555555555,0.0,0.0,-21.604444444444447,0.0
2017-04-20 16:00:00,1.872,23.706,0.0,0.0,0.0,2.0,5.555555555555555,0.0,0.0,-18.022444444444446,0.0
2017-04-20 17:00:00,0.612,21.6,0.0,0.0,0.0,2.0,5.555555555555555,0.0,0.0,-14.656444444444446,0.0
2017-04-20 18:00:00,0.0,22.734,0.0,0.0,0.0,2.0,5.555555555555555,0.0,0.0,-15.178444444444446,0.0
2017-04-20 19:00:00,0.0,24.354,0.0,0.0,0.0,2.0,5.555555555555555,0.0,0.0,-16.798444444444442,0.0
2017-04-20 20:00:00,0.0,25.218,0.0,0.0,0.0,2.0,5.555555555555555,0.0,0.0,-17.662444444444446,0.0
2017-04-20 21:00:00,0.0,25.164,0.0,0.0,0.0,2.0,5.555555555555555,0.0,0.0,-17.608444444444444,0.0
2017-04-20 22:00:00,0.0,25.596,0.0,22.0,21.119999999999997,2.0,5.555555555555555,0.0,0.0,3.959555555555557,0.0
2017-04-20 23:00:00,0.0,26.028,0.0,22.0,42.239999999999995,2.0,5.555555555555555,18.384568055919075,0.0,21.912123611474634,18.016876694800693
2017-04-21 00:00:00,0.0,24.84,0.0,22.0,63.35999999999999,2.0,5.555555555555555,24.0,0.0,28.715555555555557,41.320674174463086
2017-04-21 01:00:00,0.0,26.352,0.0,22.0,84.47999999999999,2.0,5.555555555555555,0.0,0.0,3.203555555555557,40.824826084369526
2017-04-21 02:00:00,0.0,27.648,0.0,3.6666666666666776,88.0,2.0,0.0,0.0,5.555555555555555,-21.98133333333332,34.779372615801535
2017-04-21 03:00:00,0.0,26.244,0.0,0.0,88.0,2.0,0.0,0.0,5.555555555555555,-24.244,28.806464588856358
2017-04-21 04:00:00,0.108,24.732,0.0,0.0,88.0,2.0,0.0,0.0,5.555555555555555,-22.84,22.905231458234528
2017-04-21 05:00:00,0.648,23.544,22.0,0.0,65.08333333326,2.0,0.0,0.0,5.555555555555555,-44.192,17.074813125180157
2017-04-21 06:00:00,1.656,22.734,22.0,0.0,42.16666666652,2.0,0.0,0.0,5.555555555555555,-44.39,11.314359812122438
2017-04-21 07:00:00,2.952,22.464,22.0,0.0,19.249999999779998,2.0,0.0,0.0,5.555555555555555,-45.416,5.623031938821413
2017-04-21 08:00:00,5.256,23.112,18.47999999972966,0.0,0.0,2.0,0.0,0.0,5.555555555555555,-44.84799999972966,0.0
2017-04-21 09:00:00,5.832,27.216,0.0,0.0,0.0,2.0,5.555555555555555,0.0,0.0,-25.492444444444445,0.0
2017-04-21 10:00:00,5.976,31.158,0.0,0.0,0.0,2.0,5.555555555555555,0.0,0.0,-29.578444444444443,0.0
2017-04-21 11:00:00,5.796,34.398,0.0,0.0,0.0,2.0,5.555555555555555,0.0,0.0,-32.638444444444445,0.0
2017-04-21 12:00:00,5.112,35.208,0.0,0.0,0.0,2.0,5.555555555555555,0.0,0.0,-32.76444444444444,0.0
2017-04-21 13:00:00,3.888,35.91,0.0,0.0,0.0,2.0,5.555555555555555,0.0,0.0,-32.24244444444444,0.0
2017-04-21 14:00:00,3.384,37.53,0.0,22.0,21.119999999999997,2.0,5.555555555555555,0.0,0.0,-11.358444444444444,0.0
2017-04-21 15:00:00,2.592,39.312,0.0,1.8715277778541726,22.916666666740003,2.0,5.555555555555555,5.737787692674911,0.0,-26.739128973915356,5.623031938821413
2017-04-21 16:00:00,1.476,40.446,22.0,0.0,0.0,2.0,0.0,0.0,5.555555555555555,-61.922,0.0
2017-04-21 17:00:00,0.504,41.148,0.0,0.0,0.0,2.0,5.555555555555555,0.0,0.0,-34.096444444444444,0.0
2017-04-21 18:00:00,0.0,40.122,0.0,0.0,0.0,2.0,5.555555555555555,5.737787692674911,0.0,-26.828656751769532,5.623031938821413
2017-04-21 19:00:00,0.0,39.366,0.0,0.0,0.0,2.0,0.0,0.0,5.555555555555555,-37.366,0.0
2017-04-21 20:00:00,0.0,0.0,0.0,0.0,0.0,2.0,5.555555555555555,0.0,0.0,7.555555555555555,0.0
2017-04-21 21:00:00,0.0,0.0,0.0,3.66666666666667,3.520000000000003,2.0,5.555555555555555,8.138716421833657,0.0,19.36093864405588,7.9759420933969825
2017-04-21 22:00:00,0.0,0.0,0.0,22.0,24.64,2.0,5.555555555555555,24.0,0.0,53.55555555555556,31.400230788276218
2017-04-21 23:00:00,0.0,0.0,0.0,22.0,45.76,2.0,5.555555555555555,24.0,0.0,53.55555555555556,54.543428018816904
2017-04-22 00:00:00,0.0,0.0,0.0,22.0,66.88,2.0,5.555555555555555,24.0,0.0,53.55555555555556,77.4089068825911
2017-04-22 01:00:00,0.0,0.0,0.0,22.0,88.0,2.0,5.555555555555555,24.0,0.0,53.55555555555556,100.0
2017-04-22 02:00:00,0.0,0.0,0.0,0.0,88.0,2.0,5.555555555555555,1.2244897959183703,0.0,8.780045351473927,100.0
2017-04-22 03:00:00,0.0,38.88,0.0,0.0,88.0,2.0,5.555555555555555,1.2244897959183703,0.0,-30.099954648526076,100.0
2017-04-22 04:00:00,0.252,37.962,0.0,0.0,88.0,2.0,0.0,0.0,5.555555555555555,-36.214000000000006,93.24444444444444
2017-04-22 05:00:00,1.404,38.178,22.0,0.0,65.08333333326,2.0,0.0,0.0,5.555555555555555,-59.581999999999994,86.56995555555555
2017-04-22 06:00:00,4.428,38.556,22.0,0.0,42.16666666652,2.0,0.0,0.0,5.555555555555555,-62.983999999999995,79.97556053333332
2017-04-22 07:00:00,7.02,37.26,22.0,0.0,19.249999999779998,2.0,0.0,0.0,5.555555555555555,-64.28,73.46029825137776
2017-04-22 08:00:00,9.576,35.802,0.0,0.0,19.249999999779998,2.0,0.0,0.0,5.555555555555555,-43.378,67.02321911680568
2017-04-22 09:00:00,12.744,33.426,0.0,0.0,19.249999999779998,2.0,0.0,0.0,5.555555555555555,-44.17,60.663384931848455
2017-04-22 10:00:00,15.84,31.266,0.0,5.614583333562503,24.64,2.0,0.0,0.0,5.555555555555555,-39.491416666437495,54.379868757110714
2017-04-22 11:00:00,19.908,29.97,0.0,22.0,45.76,2.0,0.0,0.0,5.555555555555555,-25.878,48.171754776469825
2017-04-22 12:00:00,22.356,29.97,0.0,22.0,66.88,2.0,5.555555555555555,24.0,0.0,1.2295555555555566,71.11369371915218
2017-04-22 13:00:00,20.448,29.97,0.0,22.0,88.0,2.0,5.555555555555555,22.08956638861811,0.0,1.2271219441736676,91.9081044553681
2017-04-22 14:00:00,17.676,29.322,0.0,0.0,88.0,2.0,0.0,0.0,5.555555555555555,-44.998,85.24965164634813
2017-04-22 15:00:00,12.42,27.432,0.0,0.0,88.0,2.0,0.0,0.0,5.555555555555555,-37.852,78.6711002710364
2017-04-22 16:00:00,5.724,23.976,0.0,0.0,88.0,2.0,0.0,0.0,5.555555555555555,-27.7,72.1714915122284
2017-04-22 17:00:00,0.612,20.52,18.47999999972965,0.0,68.75000000022001,2.0,0.0,0.0,5.555555555555555,-37.611999999729655,65.74987805852611
2017-04-22 18:00:00,0.0,19.872,22.0,0.0,45.833333333480006,2.0,0.0,0.0,5.555555555555555,-39.872,59.40532396626824
2017-04-22 19:00:00,0.0,20.466,22.0,0.0,22.916666666740003,2.0,0.0,0.0,5.555555555555555,-40.466,53.136904523117465
2017-04-22 20:00:00,0.0,20.25,22.0,0.0,0.0,2.0,0.0,0.0,5.555555555555555,-40.25,46.9437061132845
2017-04-22 21:00:00,0.0,20.574,0.0,0.0,0.0,2.0,0.0,0.0,5.555555555555555,-18.574,40.824826084369526
2017-04-22 22:00:00,0.0,20.736,0.0,0.0,0.0,2.0,0.0,0.0,5.555555555555555,-18.736,34.779372615801535
2017-04-22 23:00:00,0.0,21.168,0.0,0.0,0.0,2.0,0.0,0.0,5.555555555555555,-19.168,28.806464588856358
2017-04-23 00:00:00,0.0,22.896,0.0,22.0,21.119999999999997,2.0,0.0,0.0,5.555555555555555,1.1039999999999992,22.905231458234528
2017-04-23 01:00:00,0.0,25.272,0.0,1.8715277778541726,22.916666666740003,2.0,0.0,0.0,5.555555555555555,-21.400472222145826,17.074813125180157
2017-04-23 02:00:00,0.0,25.704,22.0,0.0,0.0,2.0,0.0,0.0,5.555555555555555,-45.704,11.314359812122438
2017-04-23 03:00:00,0.0,25.866,0.0,0.0,0.0,2.0,0.0,0.0,5.555555555555555,-23.866,5.623031938821413
2017-04-23 04:00:00,0.432,26.352,0.0,0.0,0.0,2.0,0.0,0.0,5.555555555555555,-24.784,0.0
2017-04-23 05:00:00,1.872,29.43,0.0,22.0,21.119999999999997,2.0,5.555555555555555,11.545265114410652,0.0,9.798820669966211,11.314359812122438
2017-04-23 06:00:00,6.192,31.428,20.275199999935115,0.0,0.0,2.0,0.0,0.0,5.555555555555555,-55.895199999935116,5.623031938821413
2017-04-23 07:00:00,9.648,33.102,0.0,0.0,0.0,2.0,0.0,0.0,5.555555555555555,-40.75,0.0
2017-04-23 08:00:00,14.076,33.858,0.0,22.0,21.119999999999997,2.0,5.555555555555555,19.88288376681609,0.0,1.5044393223716526,19.485226091479767
2017-04-23 09:00:00,18.504,33.858,20.275199999935115,0.0,0.0,2.0,0.0,0.0,5.555555555555555,-70.63719999993512,13.695847822826455
2017-04-23 10:00:00,20.7,33.534,0.0,3.66666666666667,3.520000000000003,2.0,0.0,0.0,5.555555555555555,-48.56733333333332,7.9759420933969825
2017-04-23 11:00:00,0.0,0.0,0.0,22.0,24.64,2.0,5.555555555555555,24.0,0.0,53.55555555555556,31.400230788276218
2017-04-23 12:00:00,0.0,0.0,0.0,22.0,45.76,2.0,5.555555555555555,24.0,0.0,53.55555555555556,54.543428018816904
2017-04-23 13:00:00,0.0,0.0,0.0,22.0,66.88,2.0,5.555555555555555,24.0,0.0,53.55555555555556,77.4089068825911
2017-04-23 14:00:00,0.0,0.0,0.0,22.0,88.0,2.0,5.555555555555555,24.0,0.0,53.55555555555556,100.0
2017-04-23 15:00:00,10.152,28.512,0.0,0.0,88.0,2.0,5.555555555555555,1.2244897959183703,0.0,-29.88395464852607,100.0
2017-04-23 16:00:00,4.932,23.274,0.0,0.0,88.0,2.0,0.0,0.0,5.555555555555555,-26.206000000000003,93.24444444444444
2017-04-23 17:00:00,0.864,16.47,22.0,0.0,65.08333333326,2.0,0.0,0.0,5.555555555555555,-37.333999999999996,86.56995555555555
2017-04-23 18:00:00,0.036,13.716,22.0,0.0,42.16666666652,2.0,0.0,0.0,5.555555555555555,-33.752,79.97556053333332
2017-04-23 19:00:00,0.0,14.364,22.0,0.0,19.249999999779998,2.0,0.0,0.0,5.555555555555555,-34.364000000000004,73.46029825137776
2017-04-23 20:00:00,0.0,16.146,18.47999999972966,0.0,0.0,2.0,0.0,0.0,5.555555555555555,-32.62599999972966,67.02321911680568
2017-04-23 21:00:00,0.0,18.252,0.0,0.0,0.0,2.0,0.0,0.0,5.555555555555555,-16.252,60.663384931848455
2017-04-23 22:00:00,0.0,21.87,0.0,0.0,0.0,2.0,0.0,0.0,5.555555555555555,-19.87,54.379868757110714
2017-04-23 23:00:00,0.0,25.218,0.0,5.614583333562521,5.39000000022002,2.0,0.0,0.0,5.555555555555555,-17.60341666643748,48.171754776469825
2017-04-24 00:00:00,0.0,27.486,0.0,22.0,26.510000000220018,2.0,0.0,0.0,5.555555555555555,-3.4860000000000007,42.03813816359663
2017-04-24 01:00:00,0.0,29.7,0.0,22.0,47.630000000220015,2.0,0.0,0.0,5.555555555555555,-5.699999999999999,35.97812495007791
2017-04-24 02:00:00,0.0,33.804,0.0,22.0,68.75000000022001,2.0,0.0,0.0,5.555555555555555,-9.804000000000002,29.990831895121417
2017-04-24 03:00:00,0.0,37.746,0.0,0.0,68.75000000022001,2.0,0.0,0.0,5.555555555555555,-35.746,24.075386356824403
2017-04-24 04:00:00,0.108,40.5,0.0,0.0,68.75000000022001,2.0,0.0,0.0,5.555555555555555,-38.608,18.230926164986954
2017-04-24 05:00:00,0.396,41.688,22.0,0.0,45.833333333480006,2.0,0.0,0.0,5.555555555555555,-62.084,12.456599495451554
2017-04-24 06:00:00,0.864,38.61,22.0,0.0,22.916666666740003,2.0,0.0,0.0,5.555555555555555,-59.474,6.75156474595058
2017-04-24 07:00:00,1.62,37.746,22.0,0.0,0.0,2.0,0.0,0.0,5.555555555555555,-59.366,1.1149904134436168
2017-04-24 08:00:00,3.132,37.422,0.0,3.66666666666667,3.520000000000003,2.0,4.453945027073262,0.0,1.1016105284822935,-30.433388306260067,0.0
2017-04-24 09:00:00,5.832,36.882,0.0,22.0,24.64,2.0,5.555555555555555,24.0,0.0,10.841555555555558,23.52
2017-04-24 10:00:00,10.044,38.232,0.0,22.0,45.76,2.0,5.555555555555555,24.0,0.0,5.279555555555557,46.75776
2017-04-24 11:00:00,13.644,39.69,0.0,22.0,66.88,2.0,5.555555555555555,24.0,0.0,0.22155555555555928,69.71666687999999
2017-04-24 12:00:00,16.812,41.148,0.0,22.0,88.0,2.0,5.555555555555555,24.0,0.0,-4.404444444444447,92.40006687743998
2017-04-24 13:00:00,17.172,40.986,0.0,0.0,88.0,2.0,5.555555555555555,0.0,0.0,-50.602444444444444,91.29126607491071
2017-04-24 14:00:00,16.992,40.878,0.0,0.0,88.0,2.0,0.0,0.0,5.555555555555555,-55.870000000000005,84.64021532645623
2017-04-24 15:00:00,12.312,37.908,0.0,0.0,88.0,2.0,0.0,0.0,5.555555555555555,-48.22,78.06897718698319
2017-04-24 16:00:00,5.832,33.372,0.0,0.0,88.0,2.0,0.0,0.0,5.555555555555555,-37.204,71.57659390518383
2017-04-24 17:00:00,0.576,27.054,0.0,0.0,88.0,2.0,0.0,0.0,5.555555555555555,-25.63,65.16211922276607
2017-04-24 18:00:00,0.036,21.708,0.0,0.0,88.0,2.0,0.0,0.0,5.555555555555555,-19.744,58.82461823653732
2017-04-24 19:00:00,0.0,19.656,0.0,0.0,88.0,2.0,0.0,0.0,5.555555555555555,-17.656,52.56316726214331
2017-04-24 20:00:00,0.0,18.144,0.0,0.0,88.0,2.0,0.0,0.0,5.555555555555555,-16.144,46.37685369944203
2017-04-24 21:00:00,0.0,17.496,0.0,0.0,88.0,2.0,0.0,0.0,5.555555555555555,-15.495999999999999,40.264775899493166
2017-04-24 22:00:00,0.0,16.902,0.0,0.0,88.0,2.0,0.0,0.0,5.555555555555555,-14.902000000000001,34.22604303314369
2017-04-24 23:00:00,0.0,16.308,0.0,0.0,88.0,2.0,0.0,0.0,5.555555555555555,-14.308,28.25977496119041
2017-04-25 00:00:00,0.0,16.956,0.0,0.0,88.0,2.0,5.555555555555555,0.0,0.0,-9.400444444444444,27.920657661656126
2017-04-25 01:00:00,0.0,13.824,0.0,0.0,88.0,2.0,5.555555555555555,0.0,0.0,-6.2684444444444445,27.585609769716253
2017-04-25 02:00:00,0.0,12.582,0.0,0.0,88.0,2.0,5.555555555555555,20.67274503246571,0.0,15.646300588021262,47.51387258429605
2017-04-25 03:00:00,0.0,11.61,0.0,0.0,88.0,2.0,5.555555555555555,0.0,0.0,-4.054444444444444,46.9437061132845
2017-04-25 04:00:00,0.54,10.8,0.0,0.0,88.0,2.0,0.0,0.0,5.555555555555555,-9.34,40.824826084369526
2017-04-25 05:00:00,1.98,12.096,22.0,0.0,65.08333333326,2.0,0.0,0.0,5.555555555555555,-34.076,34.779372615801535
2017-04-25 06:00:00,7.128,14.634,22.0,0.0,42.16666666652,2.0,0.0,0.0,5.555555555555555,-41.762,28.806464588856358
2017-04-25 07:00:00,11.448,14.904,22.0,0.0,19.249999999779998,2.0,0.0,0.0,5.555555555555555,-46.352,22.905231458234528
2017-04-25 08:00:00,15.12,15.444,18.47999999972966,0.0,0.0,2.0,0.0,0.0,5.555555555555555,-47.04399999972966,17.074813125180157
2017-04-25 09:00:00,18.432,16.632,0.0,0.0,0.0,2.0,0.0,0.0,5.555555555555555,-33.064,11.314359812122438
2017-04-25 10:00:00,19.692,17.982,0.0,3.66666666666667,3.520000000000003,2.0,0.0,0.0,5.555555555555555,-32.00733333333333,5.623031938821413
2017-04-25 11:00:00,19.008,19.008,0.0,22.0,24.64,2.0,0.0,0.0,5.555555555555555,-14.015999999999998,0.0
2017-04-25 12:00:00,17.424,19.98,0.0,22.0,45.76,2.0,5.555555555555555,0.0,0.0,-7.848444444444443,0.0
2017-04-25 13:00:00,16.38,20.52,0.0,22.0,66.88,2.0,5.555555555555555,24.0,0.0,16.655555555555562,23.52
2017-04-25 14:00:00,13.392,18.684,0.0,22.0,88.0,2.0,5.555555555555555,11.777155730409731,0.0,9.256711285965288,34.779372615801535
2017-04-25 15:00:00,10.26,15.39,0.0,0.0,88.0,2.0,0.0,0.0,5.555555555555555,-23.65,28.806464588856358
2017-04-25 16:00:00,5.148,11.664,18.47999999972965,0.0,68.75000000022001,2.0,0.0,0.0,5.555555555555555,-33.291999999729654,22.905231458234528
2017-04-25 17:00:00,0.828,7.722,22.0,0.0,45.833333333480006,2.0,0.0,0.0,5.555555555555555,-28.55,17.074813125180157
2017-04-25 18:00:00,0.072,5.508,22.0,0.0,22.916666666740003,2.0,0.0,0.0,5.555555555555555,-25.58,11.314359812122438
2017-04-25 19:00:00,0.0,5.724,22.0,0.0,0.0,2.0,0.0,0.0,5.555555555555555,-25.724,5.623031938821413
2017-04-25 20:00:00,0.0,4.968,0.0,0.0,0.0,2.0,0.0,0.0,5.555555555555555,-2.968,0.0
2017-04-25 21:00:00,0.0,3.672,0.0,0.0,0.0,2.0,5.555555555555555,0.0,0.0,3.883555555555555,0.0
2017-04-25 22:00:00,0.0,2.862,0.0,22.0,21.119999999999997,2.0,5.555555555555555,24.0,0.0,50.693555555555555,23.52
2017-04-25 23:00:00,0.0,2.322,0.0,3.66666666666667,24.64,2.0,5.555555555555555,8.165664756224263,0.0,17.06588697844649,31.240111461099776
2017-04-26 00:00:00,0.0,3.78,0.0,22.0,45.76,2.0,5.555555555555555,24.0,0.0,49.775555555555556,54.385230123566586
2017-04-26 01:00:00,0.0,2.7,0.0,22.0,66.88,2.0,5.555555555555555,24.0,0.0,50.855555555555554,77.25260736208378
2017-04-26 02:00:00,0.0,2.106,0.0,22.0,88.0,2.0,5.555555555555555,24.0,0.0,51.449555555555555,99.84557607373877
2017-04-26 03:00:00,0.0,1.674,0.0,0.0,88.0,2.0,5.555555555555555,0.0,0.0,5.881555555555556,98.6474291608539
2017-04-26 04:00:00,0.576,1.512,0.0,0.0,88.0,2.0,0.0,0.0,5.555555555555555,-0.08799999999999997,91.9081044553681
2017-04-26 05:00:00,2.052,1.782,22.0,0.0,65.08333333326,2.0,0.0,0.0,5.555555555555555,-23.834,85.24965164634813
2017-04-26 06:00:00,7.632,1.674,22.0,0.0,42.16666666652,2.0,0.0,0.0,5.555555555555555,-29.305999999999997,78.6711002710364
2017-04-26 07:00:00,13.896,1.998,22.0,0.0,19.249999999779998,2.0,0.0,0.0,5.555555555555555,-35.894000000000005,72.1714915122284
2017-04-26 08:00:00,18.648,2.214,18.47999999972966,0.0,0.0,2.0,0.0,0.0,5.555555555555555,-37.34199999972966,65.74987805852611
2017-04-26 09:00:00,21.708,2.376,0.0,0.0,0.0,2.0,0.0,0.0,5.555555555555555,-22.084,59.40532396626824
2017-04-26 10:00:00,22.572,2.754,0.0,0.0,0.0,2.0,0.0,0.0,5.555555555555555,-23.326,53.136904523117465
2017-04-26 11:00:00,22.68,3.078,0.0,0.0,0.0,2.0,0.0,0.0,5.555555555555555,-23.758,46.9437061132845
2017-04-26 12:00:00,21.6,2.646,0.0,22.0,21.119999999999997,2.0,0.0,0.0,5.555555555555555,-0.24600000000000222,40.824826084369526
2017-04-26 13:00:00,19.368,4.482,0.0,22.0,42.239999999999995,2.0,0.0,0.0,5.555555555555555,0.15000000000000213,34.779372615801535
2017-04-26 14:00:00,15.156,5.454,0.0,22.0,63.35999999999999,2.0,0.0,0.0,5.555555555555555,3.389999999999999,28.806464588856358
2017-04-26 15:00:00,10.404,5.292,0.0,0.0,63.35999999999999,2.0,0.0,0.0,5.555555555555555,-13.696,22.905231458234528
2017-04-26 16:00:00,4.896,4.374,16.825599999805345,0.0,45.833333333480006,2.0,0.0,0.0,5.555555555555555,-24.095599999805344,17.074813125180157
2017-04-26 17:00:00,0.756,2.97,22.0,0.0,22.916666666740003,2.0,0.0,0.0,5.555555555555555,-23.726,11.314359812122438
2017-04-26 18:00:00,0.072,2.052,22.0,0.0,0.0,2.0,0.0,0.0,5.555555555555555,-22.124,5.623031938821413
2017-04-26 19:00:00,0.0,2.646,0.0,0.0,0.0,2.0,0.0,0.0,5.555555555555555,-0.6459999999999999,0.0
2017-04-26 20:00:00,0.0,3.834,0.0,0.0,0.0,2.0,5.555555555555555,0.0,0.0,3.7215555555555553,0.0
2017-04-26 21:00:00,0.0,4.968,0.0,0.0,0.0,2.0,5.555555555555555,0.0,0.0,2.5875555555555554,0.0
2017-04-26 22:00:00,0.0,5.94,0.0,3.66666666666667,3.520000000000003,2.0,5.555555555555555,0.0,0.0,5.282222222222225,0.0
2017-04-26 23:00:00,0.0,6.48,0.0,22.0,24.64,2.0,5.555555555555555,0.0,0.0,23.075555555555557,0.0
2017-04-27 00:00:00,0.0,5.616,0.0,22.0,45.76,2.0,5.555555555555555,0.19437801382066539,0.0,24.13393356937622,0.19049045354425206
2017-04-27 01:00:00,0.0,5.238,0.0,22.0,66.88,2.0,5.555555555555555,24.0,0.0,48.31755555555556,23.70820456810172
2017-04-27 02:00:00,0.0,4.536,0.0,22.0,88.0,2.0,5.555555555555555,24.0,0.0,49.019555555555556,46.9437061132845
2017-04-27 03:00:00,0.0,4.104,0.0,0.0,88.0,2.0,0.0,0.0,5.555555555555555,-2.104,40.824826084369526
2017-04-27 04:00:00,0.612,4.374,0.0,0.0,88.0,2.0,0.0,0.0,5.555555555555555,-2.9859999999999998,34.779372615801535
2017-04-27 05:00:00,2.052,6.102,22.0,0.0,65.08333333326,2.0,0.0,0.0,5.555555555555555,-28.154,28.806464588856358
2017-04-27 06:00:00,6.336,6.048,22.0,0.0,42.16666666652,2.0,0.0,0.0,5.555555555555555,-32.384,22.905231458234528
2017-04-27 07:00:00,10.296,5.94,22.0,0.0,19.249999999779998,2.0,0.0,0.0,5.555555555555555,-36.236000000000004,17.074813125180157
2017-04-27 08:00:00,13.572,6.966,18.47999999972966,0.0,0.0,2.0,0.0,0.0,5.555555555555555,-37.01799999972966,11.314359812122438
2017-04-27 09:00:00,14.868,11.232,0.0,0.0,0.0,2.0,0.0,0.0,5.555555555555555,-24.1,5.623031938821413
2017-04-27 10:00:00,14.04,15.336,0.0,0.0,0.0,2.0,0.0,0.0,5.555555555555555,-27.375999999999998,0.0
2017-04-27 11:00:00,11.7,17.496,0.0,0.0,0.0,2.0,5.555555555555555,0.0,0.0,-21.64044444444444,0.0
2017-04-27 12:00:00,9.648,18.036,0.0,22.0,21.119999999999997,2.0,5.555555555555555,24.0,0.0,25.871555555555556,23.52
2017-04-27 13:00:00,7.668,18.36,0.0,22.0,42.239999999999995,2.0,5.555555555555555,0.0,0.0,3.5275555555555576,23.237759999999998
2017-04-27 14:00:00,5.616,17.766,0.0,22.0,63.35999999999999,2.0,5.555555555555555,5.966895621282,0.0,12.140451176837558,28.806464588856358
2017-04-27 15:00:00,3.888,15.066,0.0,0.0,63.35999999999999,2.0,0.0,0.0,5.555555555555555,-16.954,22.905231458234528
2017-04-27 16:00:00,2.196,12.636,0.0,0.0,63.35999999999999,2.0,0.0,0.0,5.555555555555555,-12.831999999999999,17.074813125180157
2017-04-27 17:00:00,0.72,9.828,16.825599999805345,0.0,45.833333333480006,2.0,0.0,0.0,5.555555555555555,-25.373599999805343,11.314359812122438
2017-04-27 18:00:00,0.072,4.968,22.0,0.0,22.916666666740003,2.0,0.0,0.0,5.555555555555555,-25.04,5.623031938821413
2017-04-27 19:00:00,0.0,5.076,22.0,0.0,0.0,2.0,0.0,0.0,5.555555555555555,-25.076,0.0
2017-04-27 20:00:00,0.0,5.4,0.0,0.0,0.0,2.0,5.555555555555555,0.0,0.0,2.155555555555555,0.0
2017-04-27 21:00:00,0.0,5.292,0.0,0.0,0.0,2.0,5.555555555555555,0.0,0.0,2.2635555555555555,0.0
2017-04-27 22:00:00,0.0,5.346,0.0,3.66666666666667,3.520000000000003,2.0,5.555555555555555,0.0,0.0,5.876222222222225,0.0
2017-04-27 23:00:00,0.0,5.184,0.0,22.0,24.64,2.0,5.555555555555555,0.0,0.0,24.371555555555556,0.0
2017-04-28 00:00:00,0.0,5.13,0.0,22.0,45.76,2.0,5.555555555555555,0.19437801382066539,0.0,24.61993356937622,0.19049045354425206
2017-04-28 01:00:00,0.0,4.374,0.0,22.0,66.88,2.0,5.555555555555555,24.0,0.0,49.181555555555555,23.70820456810172
2017-04-28 02:00:00,0.0,4.104,0.0,22.0,88.0,2.0,5.555555555555555,24.0,0.0,49.45155555555556,46.9437061132845
2017-04-28 03:00:00,0.0,4.212,0.0,0.0,88.0,2.0,0.0,0.0,5.555555555555555,-2.2119999999999997,40.824826084369526
2017-04-28 04:00:00,0.468,4.428,0.0,0.0,88.0,2.0,0.0,0.0,5.555555555555555,-2.896,34.779372615801535
2017-04-28 05:00:00,1.584,4.752,22.0,0.0,65.08333333326,2.0,0.0,0.0,5.555555555555555,-26.336,28.806464588856358
2017-04-28 06:00:00,3.744,6.858,22.0,0.0,42.16666666652,2.0,0.0,0.0,5.555555555555555,-30.602,22.905231458234528
2017-04-28 07:00:00,6.264,7.776,22.0,0.0,19.249999999779998,2.0,0.0,0.0,5.555555555555555,-34.04,17.074813125180157
2017-04-28 08:00:00,7.956,8.262,0.0,0.0,19.249999999779998,2.0,0.0,0.0,5.555555555555555,-14.218,11.314359812122438
2017-04-28 09:00:00,9.0,7.776,18.47999999972966,0.0,0.0,2.0,0.0,0.0,5.555555555555555,-33.25599999972966,5.623031938821413
2017-04-28 10:00:00,10.116,7.56,0.0,0.0,0.0,2.0,0.0,0.0,5.555555555555555,-15.675999999999998,0.0
2017-04-28 11:00:00,12.996,7.398,0.0,0.0,0.0,2.0,5.555555555555555,0.0,0.0,-12.838444444444445,0.0
2017-04-28 12:00:00,16.128,6.48,0.0,0.0,0.0,2.0,5.555555555555555,0.0,0.0,-15.052444444444445,0.0
2017-04-28 13:00:00,17.136,7.182,0.0,0.0,0.0,2.0,5.555555555555555,0.0,0.0,-16.762444444444444,0.0
2017-04-28 14:00:00,14.688,6.696,0.0,0.0,0.0,2.0,5.555555555555555,5.807477421735739,0.0,-8.020967022708707,5.6913278733010255
2017-04-28 15:00:00,10.944,5.346,0.0,0.0,0.0,2.0,5.555555555555555,0.0,0.0,-8.734444444444446,5.623031938821413
2017-04-28 16:00:00,5.22,3.942,0.0,0.0,0.0,2.0,0.0,0.0,5.555555555555555,-7.162,0.0
2017-04-28 17:00:00,0.9,2.376,0.0,0.0,0.0,2.0,5.555555555555555,0.0,0.0,4.279555555555556,0.0
2017-04-28 18:00:00,0.144,2.43,0.0,0.0,0.0,2.0,5.555555555555555,0.0,0.0,4.9815555555555555,0.0
2017-04-28 19:00:00,0.0,2.97,0.0,0.0,0.0,2.0,5.555555555555555,0.0,0.0,4.585555555555555,0.0
2017-04-28 20:00:00,0.0,3.348,0.0,0.0,0.0,2.0,5.555555555555555,0.0,0.0,4.2075555555555555,0.0
2017-04-28 21:00:00,0.0,3.348,0.0,0.0,0.0,2.0,5.555555555555555,5.737787692674911,0.0,9.945343248230468,5.623031938821413
2017-04-28 22:00:00,0.0,3.564,0.0,0.0,0.0,2.0,0.0,0.0,5.555555555555555,-1.564,0.0
2017-04-28 23:00:00,0.0,3.618,0.0,22.0,21.119999999999997,2.0,5.555555555555555,24.0,0.0,49.937555555555555,23.52
2017-04-29 00:00:00,0.0,3.672,0.0,22.0,42.239999999999995,2.0,5.555555555555555,0.0,0.0,25.883555555555557,23.237759999999998
2017-04-29 01:00:00,0.0,3.834,0.0,22.0,63.35999999999999,2.0,5.555555555555555,0.0,0.0,25.721555555555558,22.958906879999997
2017-04-29 02:00:00,0.0,4.158,0.0,0.0,63.35999999999999,2.0,5.555555555555555,0.0,0.0,3.397555555555555,22.68339999744
2017-04-29 03:00:00,0.0,4.86,0.0,0.0,63.35999999999999,2.0,5.555555555555555,0.0,0.0,2.695555555555555,22.41119919747072
2017-04-29 04:00:00,0.54,6.048,0.0,0.0,63.35999999999999,2.0,0.0,0.0,5.555555555555555,-4.588,16.586709251545514
2017-04-29 05:00:00,1.62,7.722,22.0,0.0,40.443333333259986,2.0,0.0,0.0,5.555555555555555,-29.342000000000002,10.832113184971414
2017-04-29 06:00:00,5.076,8.802,22.0,0.0,17.526666666519983,2.0,0.0,0.0,5.555555555555555,-33.878,5.1465722711962005
2017-04-29 07:00:00,9.54,10.098,16.82559999980534,0.0,0.0,2.0,0.47074215161370975,0.0,5.084813403941846,-33.99285784819163,0.0
2017-04-29 08:00:00,12.78,10.854,0.0,0.0,0.0,2.0,5.555555555555555,0.0,0.0,-16.078444444444443,0.0
2017-04-29 09:00:00,14.472,9.18,0.0,0.0,0.0,2.0,5.555555555555555,0.0,0.0,-16.096444444444444,0.0
2017-04-29 10:00:00,15.876,7.668,0.0,0.0,0.0,2.0,5.555555555555555,0.0,0.0,-15.988444444444443,0.0
2017-04-29 11:00:00,16.74,6.102,0.0,3.66666666666667,3.520000000000003,2.0,5.555555555555555,0.0,0.0,-11.619777777777774,0.0
2017-04-29 12:00:00,15.552,4.104,0.0,22.0,24.64,2.0,5.555555555555555,0.0,0.0,9.899555555555558,0.0
2017-04-29 13:00:00,12.78,3.024,0.0,22.0,45.76,2.0,5.555555555555555,0.0,0.0,13.751555555555557,0.0
2017-04-29 14:00:00,11.124,2.7,0.0,22.0,66.88,2.0,5.555555555555555,24.0,0.0,39.73155555555555,23.52
2017-04-29 15:00:00,8.676,2.7,0.0,22.0,88.0,2.0,5.555555555555555,5.682351621282,0.0,23.861907176837555,28.806464588856358
2017-04-29 16:00:00,4.716,2.43,18.47999999972965,0.0,68.75000000022001,2.0,0.0,0.0,5.555555555555555,-23.625999999729654,22.905231458234528
2017-04-29 17:00:00,0.864,1.62,22.0,0.0,45.833333333480006,2.0,0.0,0.0,5.555555555555555,-22.484,17.074813125180157
2017-04-29 18:00:00,0.144,1.404,22.0,0.0,22.916666666740003,2.0,0.0,0.0,5.555555555555555,-21.548,11.314359812122438
2017-04-29 19:00:00,0.0,1.62,22.0,0.0,0.0,2.0,0.0,0.0,5.555555555555555,-21.62,5.623031938821413
2017-04-29 20:00:00,0.0,1.836,0.0,0.0,0.0,2.0,0.0,0.0,5.555555555555555,0.16399999999999992,0.0
2017-04-29 21:00:00,0.0,1.728,0.0,0.0,0.0,2.0,5.555555555555555,0.0,0.0,5.827555555555556,0.0
2017-04-29 22:00:00,0.0,1.728,0.0,0.0,0.0,2.0,5.555555555555555,0.0,0.0,5.827555555555556,0.0
2017-04-29 23:00:00,0.0,1.782,0.0,22.0,21.119999999999997,2.0,5.555555555555555,24.0,0.0,51.77355555555556,23.52
2017-04-30 00:00:00,0.0,1.998,0.0,0.0,21.119999999999997,2.0,0.0,0.0,5.555555555555555,0.0020000000000000018,17.682204444444444
2017-04-30 01:00:00,0.0,2.052,0.0,0.0,21.119999999999997,2.0,0.0,0.0,5.555555555555555,-0.052000000000000046,11.914462435555555
2017-04-30 02:00:00,0.0,2.268,0.0,0.0,21.119999999999997,2.0,0.0,0.0,5.555555555555555,-0.2679999999999998,6.215933330773332
2017-04-30 03:00:00,0.0,2.538,0.0,0.0,21.119999999999997,2.0,5.244631757805873,0.0,0.31092379774968215,4.706631757805873,5.83041833305437
2017-04-30 04:00:00,0.72,3.078,0.0,0.0,21.119999999999997,2.0,5.555555555555555,0.0,0.0,3.757555555555556,5.760453313057718
2017-04-30 05:00:00,2.16,4.428,0.0,0.0,21.119999999999997,2.0,5.555555555555555,0.0,0.0,0.9675555555555553,5.6913278733010255
2017-04-30 06:00:00,7.956,4.482,0.0,0.0,21.119999999999997,2.0,5.555555555555555,0.0,0.0,-4.882444444444445,5.623031938821413
2017-04-30 07:00:00,14.328,5.94,0.0,0.0,21.119999999999997,2.0,0.0,0.0,5.555555555555555,-18.268,0.0
2017-04-30 08:00:00,19.8,8.1,20.275199999935115,0.0,0.0,2.0,5.555555555555555,0.0,0.0,-40.61964444437956,0.0
2017-04-30 09:00:00,23.76,10.692,0.0,0.0,0.0,2.0,5.555555555555555,0.0,0.0,-26.896444444444448,0.0
2017-04-30 10:00:00,25.956,13.446,0.0,0.0,0.0,2.0,5.555555555555555,0.0,0.0,-31.846444444444444,0.0
2017-04-30 11:00:00,26.352,15.714,0.0,0.0,0.0,2.0,5.555555555555555,0.0,0.0,-34.510444444444445,0.0
2017-04-30 12:00:00,25.236,17.55,0.0,0.0,0.0,2.0,5.555555555555555,0.0,0.0,-35.230444444444444,0.0
2017-04-30 13:00:00,22.608,19.278,0.0,0.0,0.0,2.0,5.555555555555555,0.0,0.0,-34.330444444444446,0.0
2017-04-30 14:00:00,18.324,20.682,0.0,0.0,0.0,2.0,5.555555555555555,0.0,0.0,-31.450444444444443,0.0
2017-04-30 15:00:00,12.42,20.358,0.0,0.0,0.0,2.0,5.555555555555555,0.0,0.0,-25.222444444444445,0.0
2017-04-30 16:00:00,5.652,18.36,0.0,0.0,0.0,2.0,5.555555555555555,0.0,0.0,-16.456444444444443,0.0
2017-04-30 17:00:00,0.648,15.768,0.0,0.0,0.0,2.0,5.555555555555555,0.0,0.0,-8.860444444444445,0.0
2017-04-30 18:00:00,0.144,15.93,0.0,0.0,0.0,2.0,5.555555555555555,0.0,0.0,-8.518444444444444,0.0
2017-04-30 19:00:00,0.0,19.656,0.0,0.0,0.0,2.0,5.555555555555555,0.0,0.0,-12.100444444444443,0.0
2017-04-30 20:00:00,0.0,21.222,0.0,0.0,0.0,2.0,5.555555555555555,0.0,0.0,-13.666444444444446,0.0
2017-04-30 21:00:00,0.0,21.33,0.0,22.0,21.119999999999997,2.0,5.555555555555555,11.545265114410652,0.0,19.770820669966213,11.314359812122438
2017-04-30 22:00:00,0.0,21.816,20.275199999935115,0.0,0.0,2.0,0.0,0.0,5.555555555555555,-40.091199999935114,5.623031938821413
2017-04-30 23:00:00,0.0,22.356,0.0,0.0,0.0,2.0,0.0,0.0,5.555555555555555,-20.356,0.0
2017-05-01 00:00:00,0.0,22.248,0.0,0.0,0.0,2.0,5.555555555555555,0.0,0.0,-14.692444444444446,0.0
2017-05-01 01:00:00,0.0,23.49,0.0,0.0,0.0,2.0,5.555555555555555,0.0,0.0,-15.934444444444443,0.0
2017-05-01 02:00:00,0.0,24.894,0.0,22.0,21.119999999999997,2.0,5.555555555555555,5.737787692674911,0.0,10.399343248230466,5.623031938821413
2017-05-01 03:00:00,0.0,24.894,20.275199999935115,0.0,0.0,2.0,0.0,0.0,5.555555555555555,-43.16919999993512,0.0
2017-05-01 04:00:00,0.756,0.0,0.0,22.0,21.119999999999997,2.0,5.555555555555555,11.545265114410652,0.0,40.34482066996621,11.314359812122438
2017-05-01 05:00:00,2.16,0.0,20.275199999935115,0.0,0.0,2.0,0.0,0.0,5.555555555555555,-20.435199999935115,5.623031938821413
2017-05-01 06:00:00,8.064,0.0,0.0,0.0,0.0,2.0,0.0,0.0,5.555555555555555,-6.064,0.0
2017-05-01 07:00:00,0.0,0.0,20.275199999935115,22.0,0.0,2.0,0.0,5.668934240362812,5.555555555555555,9.393734240427698,0.0
2017-05-01 08:00:00,0.0,0.0,16.895999999945925,22.0,3.520000000000003,2.0,0.0,24.0,5.555555555555555,31.10400000005407,17.964444444444446
2017-05-01 09:00:00,0.0,0.0,0.0,22.0,24.64,2.0,0.0,19.59889309461292,5.555555555555555,43.59889309461292,31.400230788276218
2017-05-01 10:00:00,0.0,0.0,0.0,22.0,45.76,2.0,5.555555555555555,24.0,0.0,53.55555555555556,54.543428018816904
2017-05-01 11:00:00,0.0,0.0,0.0,22.0,66.88,2.0,5.555555555555555,24.0,0.0,53.55555555555556,77.4089068825911
2017-05-01 12:00:00,0.0,0.0,0.0,22.0,88.0,2.0,5.555555555555555,24.0,0.0,53.55555555555556,100.0
2017-05-01 13:00:00,0.0,0.0,20.275199999935115,22.0,88.0,2.0,0.0,6.893424036281182,5.555555555555555,10.618224036346067,100.0
2017-05-01 14:00:00,0.0,0.0,20.275199999935115,22.0,88.0,2.0,0.0,6.893424036281182,5.555555555555555,10.618224036346067,100.0
2017-05-01 15:00:00,12.168,26.892,0.0,0.0,88.0,2.0,5.555555555555555,1.2244897959183703,0.0,-30.279954648526072,100.0
2017-05-01 16:00:00,5.508,22.194,0.0,0.0,88.0,2.0,0.0,0.0,5.555555555555555,-25.701999999999998,93.24444444444444
2017-05-01 17:00:00,0.756,17.118,22.0,0.0,65.08333333326,2.0,0.0,0.0,5.555555555555555,-37.873999999999995,86.56995555555555
2017-05-01 18:00:00,0.216,15.39,22.0,0.0,42.16666666652,2.0,0.0,0.0,5.555555555555555,-35.606,79.97556053333332
2017-05-01 19:00:00,0.0,15.66,22.0,0.0,19.249999999779998,2.0,0.0,0.0,5.555555555555555,-35.66,73.46029825137776
2017-05-01 20:00:00,0.0,16.092,18.47999999972966,0.0,0.0,2.0,0.0,0.0,5.555555555555555,-32.571999999729655,67.02321911680568
2017-05-01 21:00:00,0.0,17.118,0.0,22.0,21.119999999999997,2.0,0.0,0.0,5.555555555555555,6.8820000000000014,60.663384931848455
2017-05-01 22:00:00,0.0,17.658,16.895999999945925,0.0,3.520000000000003,2.0,0.0,0.0,5.555555555555555,-32.55399999994593,54.379868757110714
2017-05-01 23:00:00,0.0,17.55,0.0,22.0,24.64,2.0,0.0,0.0,5.555555555555555,6.449999999999999,48.171754776469825
2017-05-02 00:00:00,0.0,16.686,0.0,22.0,45.76,2.0,5.555555555555555,24.0,0.0,36.86955555555556,71.11369371915218
2017-05-02 01:00:00,0.0,16.092,0.0,22.0,66.88,2.0,5.555555555555555,7.294466824559938,0.0,20.7580223801155,77.4089068825911
2017-05-02 02:00:00,0.0,17.064,0.0,22.0,88.0,2.0,5.555555555555555,24.0,0.0,36.49155555555556,100.0
2017-05-02 03:00:00,0.0,17.388,0.0,0.0,88.0,2.0,5.4029847164094615,0.0,0.15257083914609382,-9.985015283590538,98.6474291608539
2017-05-02 04:00:00,0.756,18.63,0.0,0.0,88.0,2.0,0.0,0.0,5.555555555555555,-17.386,91.9081044553681
2017-05-02 05:00:00,2.196,20.142,22.0,0.0,65.08333333326,2.0,0.0,0.0,5.555555555555555,-42.337999999999994,85.24965164634813
2017-05-02 06:00:00,8.172,18.252,22.0,0.0,42.16666666652,2.0,0.0,0.0,5.555555555555555,-46.42399999999999,78.6711002710364
2017-05-02 07:00:00,14.58,19.548,22.0,0.0,19.249999999779998,2.0,0.0,0.0,5.555555555555555,-54.128,72.1714915122284
2017-05-02 08:00:00,19.908,22.356,18.47999999972966,0.0,0.0,2.0,0.0,0.0,5.555555555555555,-58.74399999972967,65.74987805852611
2017-05-02 09:00:00,23.58,25.218,0.0,0.0,0.0,2.0,0.0,0.0,5.555555555555555,-46.798,59.40532396626824
2017-05-02 10:00:00,25.596,27.378,0.0,0.0,0.0,2.0,0.0,0.0,5.555555555555555,-50.974000000000004,53.136904523117465
2017-05-02 11:00:00,25.956,28.62,0.0,0.0,0.0,2.0,0.0,0.0,5.555555555555555,-52.576,46.9437061132845
2017-05-02 12:00:00,24.66,24.948,0.0,0.0,0.0,2.0,0.0,0.0,5.555555555555555,-47.608000000000004,40.824826084369526
2017-05-02 13:00:00,21.96,25.056,0.0,0.0,0.0,2.0,0.0,0.0,5.555555555555555,-45.016000000000005,34.779372615801535
2017-05-02 14:00:00,17.64,25.164,0.0,0.0,0.0,2.0,0.0,0.0,5.555555555555555,-40.804,28.806464588856358
2017-05-02 15:00:00,11.808,22.41,0.0,0.0,0.0,2.0,0.0,0.0,5.555555555555555,-32.218,22.905231458234528
2017-05-02 16:00:00,5.328,15.876,0.0,0.0,0.0,2.0,0.0,0.0,5.555555555555555,-19.204,17.074813125180157
2017-05-02 17:00:00,0.9,11.232,0.0,0.0,0.0,2.0,0.0,0.0,5.555555555555555,-10.132,11.314359812122438
2017-05-02 18:00:00,0.252,8.694,0.0,0.0,0.0,2.0,0.0,0.0,5.555555555555555,-6.946000000000001,5.623031938821413
2017-05-02 19:00:00,0.0,8.964,0.0,0.0,0.0,2.0,0.0,0.0,5.555555555555555,-6.964,0.0
2017-05-02 20:00:00,0.0,9.018,0.0,0.0,0.0,2.0,5.555555555555555,0.0,0.0,-1.4624444444444453,0.0
2017-05-02 21:00:00,0.0,9.072,0.0,22.0,21.119999999999997,2.0,5.555555555555555,0.0,0.0,20.483555555555558,0.0
2017-05-02 22:00:00,0.0,9.612,0.0,3.66666666666667,24.64,2.0,5.555555555555555,0.0,0.0,1.6102222222222249,0.0
2017-05-02 23:00:00,0.0,10.476,0.0,22.0,45.76,2.0,5.555555555555555,0.0,0.0,19.079555555555558,0.0
2017-05-03 00:00:00,0.0,10.908,0.0,22.0,66.88,2.0,5.555555555555555,24.0,0.0,42.647555555555556,23.52
2017-05-03 01:00:00,0.0,11.88,0.0,22.0,88.0,2.0,5.555555555555555,24.0,0.0,41.675555555555555,46.75776
2017-05-03 02:00:00,0.0,12.906,0.0,0.0,88.0,2.0,5.555555555555555,0.0,0.0,-5.350444444444445,46.196666879999995
2017-05-03 03:00:00,0.0,13.284,0.0,0.0,88.0,2.0,0.0,0.0,5.555555555555555,-11.284,40.086751321884435
2017-05-03 04:00:00,0.828,14.148,0.0,0.0,88.0,2.0,0.0,0.0,5.555555555555555,-12.975999999999999,34.05015475046626
2017-05-03 05:00:00,2.304,15.498,18.47999999972965,0.0,68.75000000022001,2.0,0.0,0.0,5.555555555555555,-34.281999999729656,28.085997337905113
2017-05-03 06:00:00,7.02,17.118,22.0,0.0,45.833333333480006,2.0,0.0,0.0,5.555555555555555,-44.13799999999999,22.193409814294697
2017-05-03 07:00:00,12.024,18.468,22.0,0.0,22.916666666740003,2.0,0.0,0.0,5.555555555555555,-50.492000000000004,16.371533340967602
2017-05-03 08:00:00,16.488,21.06,22.0,0.0,0.0,2.0,0.0,0.0,5.555555555555555,-57.548,10.619519385320435
2017-05-03 09:00:00,20.952,22.248,0.0,0.0,0.0,2.0,0.0,0.0,5.555555555555555,-41.2,4.9365295971410355
2017-05-03 10:00:00,23.904,22.572,0.0,0.0,0.0,2.0,0.6782643135802117,0.0,4.877291241975343,-43.797735686419784,0.0
2017-05-03 11:00:00,25.128,22.572,0.0,0.0,0.0,2.0,5.555555555555555,0.0,0.0,-40.144444444444446,0.0
2017-05-03 12:00:00,24.516,20.088,0.0,0.0,0.0,2.0,5.555555555555555,0.0,0.0,-37.04844444444444,0.0
2017-05-03 13:00:00,21.816,19.44,0.0,0.0,0.0,2.0,5.555555555555555,0.0,0.0,-33.70044444444444,0.0
2017-05-03 14:00:00,17.532,17.442,0.0,0.0,0.0,2.0,5.555555555555555,0.0,0.0,-27.418444444444447,0.0
2017-05-03 15:00:00,11.88,14.418,0.0,0.0,0.0,2.0,5.555555555555555,0.0,0.0,-18.742444444444445,0.0
2017-05-03 16:00:00,5.436,9.828,0.0,0.0,0.0,2.0,5.555555555555555,0.0,0.0,-7.708444444444444,0.0
2017-05-03 17:00:00,0.756,7.236,0.0,0.0,0.0,2.0,5.555555555555555,0.0,0.0,-0.4364444444444444,0.0
2017-05-03 18:00:00,0.252,6.48,0.0,0.0,0.0,2.0,5.555555555555555,0.0,0.0,0.8235555555555549,0.0
2017-05-03 19:00:00,0.0,6.804,0.0,0.0,0.0,2.0,5.555555555555555,0.0,0.0,0.7515555555555551,0.0
2017-05-03 20:00:00,0.0,7.398,0.0,0.0,0.0,2.0,5.555555555555555,0.0,0.0,0.15755555555555567,0.0
2017-05-03 21:00:00,0.0,7.83,0.0,0.0,0.0,2.0,5.555555555555555,0.0,0.0,-0.2744444444444447,0.0
2017-05-03 22:00:00,0.0,8.802,0.0,3.66666666666667,3.520000000000003,2.0,5.555555555555555,0.0,0.0,2.4202222222222254,0.0
2017-05-03 23:00:00,0.0,9.72,0.0,22.0,24.64,2.0,5.555555555555555,0.0,0.0,19.83555555555556,0.0
2017-05-04 00:00:00,0.0,10.476,0.0,22.0,45.76,2.0,5.555555555555555,24.0,0.0,43.07955555555556,23.52
2017-05-04 01:00:00,0.0,12.204,0.0,22.0,66.88,2.0,5.555555555555555,24.0,0.0,41.35155555555556,46.75776
2017-05-04 02:00:00,0.0,15.876,0.0,22.0,88.0,2.0,5.555555555555555,13.478221516600252,0.0,27.15777707215581,59.40532396626824
2017-05-04 03:00:00,0.0,19.386,0.0,0.0,88.0,2.0,0.0,0.0,5.555555555555555,-17.386,53.136904523117465
2017-05-04 04:00:00,0.864,24.246,0.0,0.0,88.0,2.0,0.0,0.0,5.555555555555555,-23.11,46.9437061132845
2017-05-04 05:00:00,2.304,29.268,22.0,0.0,65.08333333326,2.0,0.0,0.0,5.555555555555555,-51.572,40.824826084369526
2017-05-04 06:00:00,7.308,31.158,22.0,0.0,42.16666666652,2.0,0.0,0.0,5.555555555555555,-58.466,34.779372615801535
2017-05-04 07:00:00,12.492,32.454,22.0,0.0,19.249999999779998,2.0,0.0,0.0,5.555555555555555,-64.946,28.806464588856358
2017-05-04 08:00:00,17.064,33.426,18.47999999972966,0.0,0.0,2.0,0.0,0.0,5.555555555555555,-66.96999999972965,22.905231458234528
2017-05-04 09:00:00,20.304,34.128,0.0,0.0,0.0,2.0,0.0,0.0,5.555555555555555,-52.432,17.074813125180157
2017-05-04 10:00:00,22.032,34.506,0.0,0.0,0.0,2.0,0.0,0.0,5.555555555555555,-54.538,11.314359812122438
2017-05-04 11:00:00,22.68,34.29,0.0,0.0,0.0,2.0,0.0,0.0,5.555555555555555,-54.97,5.623031938821413
2017-05-04 12:00:00,21.78,30.996,0.0,0.0,0.0,2.0,0.0,0.0,5.555555555555555,-50.775999999999996,0.0
2017-05-04 13:00:00,18.864,30.24,0.0,0.0,0.0,2.0,5.555555555555555,0.0,0.0,-41.54844444444444,0.0
2017-05-04 14:00:00,14.832,28.08,0.0,0.0,0.0,2.0,5.555555555555555,0.0,0.0,-35.35644444444444,0.0
2017-05-04 15:00:00,10.152,25.326,0.0,0.0,0.0,2.0,5.555555555555555,0.0,0.0,-27.922444444444444,0.0
2017-05-04 16:00:00,4.896,19.98,0.0,0.0,0.0,2.0,5.555555555555555,0.0,0.0,-17.320444444444444,0.0
2017-05-04 17:00:00,1.044,15.444,0.0,0.0,0.0,2.0,5.555555555555555,0.0,0.0,-8.932444444444446,0.0
2017-05-04 18:00:00,0.324,13.986,0.0,0.0,0.0,2.0,5.555555555555555,0.0,0.0,-6.754444444444445,0.0
2017-05-04 19:00:00,0.0,14.148,0.0,0.0,0.0,2.0,5.555555555555555,0.0,0.0,-6.592444444444444,0.0
2017-05-04 20:00:00,0.0,14.472,0.0,0.0,0.0,2.0,5.555555555555555,0.0,0.0,-6.916444444444444,0.0
2017-05-04 21:00:00,0.0,13.176,0.0,0.0,0.0,2.0,5.555555555555555,0.0,0.0,-5.620444444444445,0.0
2017-05-04 22:00:00,0.0,12.528,0.0,3.66666666666667,3.520000000000003,2.0,5.555555555555555,0.0,0.0,-1.3057777777777755,0.0
2017-05-04 23:00:00,0.0,12.42,0.0,22.0,24.64,2.0,5.555555555555555,24.0,0.0,41.135555555555555,23.52
2017-05-05 00:00:00,0.0,12.366,0.0,22.0,45.76,2.0,5.555555555555555,24.0,0.0,41.18955555555556,46.75776
2017-05-05 01:00:00,0.0,13.338,0.0,22.0,66.88,2.0,5.555555555555555,24.0,0.0,40.217555555555556,69.71666687999999
2017-05-05 02:00:00,0.0,16.308,0.0,22.0,88.0,2.0,5.555555555555555,24.0,0.0,37.24755555555556,92.40006687743998
2017-05-05 03:00:00,0.0,16.416,0.0,0.0,88.0,2.0,0.0,0.0,5.555555555555555,-14.416,85.73571051935515
2017-05-05 04:00:00,0.828,17.226,0.0,0.0,88.0,2.0,0.0,0.0,5.555555555555555,-16.054,79.15132643756733
2017-05-05 05:00:00,2.052,17.658,0.0,0.0,88.0,2.0,0.0,0.0,5.555555555555555,-17.71,72.64595496476097
2017-05-05 06:00:00,6.336,15.552,22.0,0.0,65.08333333326,2.0,0.0,0.0,5.555555555555555,-41.888,66.21864794962829
2017-05-05 07:00:00,10.008,18.36,0.0,0.0,65.08333333326,2.0,0.0,0.0,5.555555555555555,-26.368,59.8684686186772
2017-05-05 08:00:00,12.204,20.358,0.0,0.0,65.08333333326,2.0,0.0,0.0,5.555555555555555,-30.562,53.594491439697514
2017-05-05 09:00:00,16.776,20.142,0.0,0.0,65.08333333326,2.0,0.0,0.0,5.555555555555555,-34.918,47.395801986865585
2017-05-05 10:00:00,19.764,19.494,0.0,0.0,65.08333333326,2.0,0.0,0.0,5.555555555555555,-37.257999999999996,41.27149680746764
2017-05-05 11:00:00,18.972,17.172,0.0,0.0,65.08333333326,2.0,0.0,0.0,5.555555555555555,-34.144000000000005,35.220683290222475
2017-05-05 12:00:00,17.028,11.826,0.0,0.0,65.08333333326,2.0,0.0,0.0,5.555555555555555,-26.854,29.242479535184245
2017-05-05 13:00:00,13.14,10.692,0.0,22.0,86.20333333325999,2.0,5.555555555555555,0.0,0.0,5.723555555555556,28.891569780762033
2017-05-05 14:00:00,9.288,9.45,0.0,1.8715277778541761,88.0,2.0,5.555555555555555,0.6239487077420729,0.0,-8.686967958848195,29.15634067698012
2017-05-05 15:00:00,5.796,6.588,0.0,0.0,88.0,2.0,5.555555555555555,0.0,0.0,-4.828444444444445,28.806464588856358
2017-05-05 16:00:00,2.664,4.212,18.47999999972965,0.0,68.75000000022001,2.0,0.0,0.0,5.555555555555555,-23.355999999729654,22.905231458234528
2017-05-05 17:00:00,0.612,2.916,22.0,0.0,45.833333333480006,2.0,0.0,0.0,5.555555555555555,-23.528,17.074813125180157
2017-05-05 18:00:00,0.18,2.808,22.0,0.0,22.916666666740003,2.0,0.0,0.0,5.555555555555555,-22.988,11.314359812122438
2017-05-05 19:00:00,0.0,2.97,22.0,0.0,0.0,2.0,0.0,0.0,5.555555555555555,-22.97,5.623031938821413
2017-05-05 20:00:00,0.0,2.862,0.0,0.0,0.0,2.0,0.0,0.0,5.555555555555555,-0.8620000000000001,0.0
2017-05-05 21:00:00,0.0,1.944,0.0,0.0,0.0,2.0,5.555555555555555,0.0,0.0,5.611555555555555,0.0
2017-05-05 22:00:00,0.0,1.35,0.0,0.0,0.0,2.0,5.555555555555555,0.0,0.0,6.205555555555556,0.0
2017-05-05 23:00:00,0.0,0.918,0.0,0.0,0.0,2.0,5.555555555555555,0.0,0.0,6.637555555555555,0.0
2017-05-06 00:00:00,0.0,0.594,0.0,0.0,0.0,2.0,5.555555555555555,0.0,0.0,6.961555555555555,0.0
2017-05-06 01:00:00,0.0,0.648,0.0,1.8715277778541726,1.7966666667400055,2.0,5.555555555555555,0.0,0.0,8.779083333409728,0.0
2017-05-06 02:00:00,0.0,0.648,0.0,22.0,22.916666666740003,2.0,5.555555555555555,0.0,0.0,28.907555555555557,0.0
2017-05-06 03:00:00,0.0,0.54,0.0,0.0,22.916666666740003,2.0,5.555555555555555,0.0,0.0,7.015555555555555,0.0
2017-05-06 04:00:00,0.576,0.486,0.0,0.0,22.916666666740003,2.0,5.555555555555555,0.0,0.0,6.493555555555556,0.0
2017-05-06 05:00:00,1.764,0.378,0.0,0.0,22.916666666740003,2.0,5.555555555555555,11.545265114410652,0.0,16.958820669966208,11.314359812122438
2017-05-06 06:00:00,5.004,0.27,22.0,0.0,0.0,2.0,0.0,0.0,5.555555555555555,-25.274,5.623031938821413
2017-05-06 07:00:00,8.064,0.324,0.0,0.0,0.0,2.0,0.0,0.0,5.555555555555555,-6.388,0.0
2017-05-06 08:00:00,12.24,0.378,0.0,0.0,0.0,2.0,5.555555555555555,0.0,0.0,-5.062444444444445,0.0
2017-05-06 09:00:00,15.624,0.378,0.0,3.66666666666667,3.520000000000003,2.0,5.555555555555555,0.0,0.0,-4.779777777777776,0.0
2017-05-06 10:00:00,17.568,0.486,0.0,0.0,3.520000000000003,2.0,5.555555555555555,0.0,0.0,-10.498444444444445,0.0
2017-05-06 11:00:00,18.72,0.81,0.0,22.0,24.64,2.0,5.555555555555555,0.0,0.0,10.02555555555556,0.0
2017-05-06 12:00:00,18.936,1.62,0.0,22.0,45.76,2.0,5.555555555555555,0.0,0.0,8.999555555555556,0.0
2017-05-06 13:00:00,16.884,1.998,0.0,22.0,66.88,2.0,5.555555555555555,17.872455263539543,0.0,28.546010819095102,17.51500615826875
2017-05-06 14:00:00,13.464,1.89,0.0,22.0,88.0,2.0,5.555555555555555,24.0,0.0,38.20155555555556,40.824826084369526
2017-05-06 15:00:00,10.116,1.728,0.0,0.0,88.0,2.0,0.0,0.0,5.555555555555555,-9.844,34.779372615801535
2017-05-06 16:00:00,5.148,1.566,0.0,0.0,88.0,2.0,0.0,0.0,5.555555555555555,-4.7139999999999995,28.806464588856358
2017-05-06 17:00:00,0.9,1.566,18.47999999972965,0.0,68.75000000022001,2.0,0.0,0.0,5.555555555555555,-18.94599999972965,22.905231458234528
2017-05-06 18:00:00,0.36,1.944,22.0,0.0,45.833333333480006,2.0,0.0,0.0,5.555555555555555,-22.304,17.074813125180157
2017-05-06 19:00:00,0.0,1.89,22.0,0.0,22.916666666740003,2.0,0.0,0.0,5.555555555555555,-21.89,11.314359812122438
2017-05-06 20:00:00,0.0,1.458,22.0,0.0,0.0,2.0,0.0,0.0,5.555555555555555,-21.458,5.623031938821413
2017-05-06 21:00:00,0.0,1.026,0.0,0.0,0.0,2.0,0.0,0.0,5.555555555555555,0.974,0.0
2017-05-06 22:00:00,0.0,0.756,0.0,0.0,0.0,2.0,5.555555555555555,0.0,0.0,6.799555555555555,0.0
2017-05-06 23:00:00,0.0,0.648,0.0,0.0,0.0,2.0,5.555555555555555,0.0,0.0,6.907555555555556,0.0
2017-05-07 00:00:00,0.0,0.432,0.0,22.0,21.119999999999997,2.0,5.555555555555555,0.0,0.0,29.12355555555556,0.0
2017-05-07 01:00:00,0.0,0.54,0.0,22.0,42.239999999999995,2.0,5.555555555555555,0.0,0.0,29.015555555555558,0.0
2017-05-07 02:00:00,0.0,0.648,0.0,0.0,42.239999999999995,2.0,5.555555555555555,0.0,0.0,6.907555555555556,0.0
2017-05-07 03:00:00,0.0,0.594,0.0,22.0,63.35999999999999,2.0,5.555555555555555,0.0,0.0,28.961555555555556,0.0
2017-05-07 04:00:00,0.864,0.594,0.0,22.0,84.47999999999999,2.0,5.555555555555555,24.0,0.0,52.09755555555556,23.52
2017-05-07 05:00:00,2.232,0.486,0.0,3.6666666666666776,88.0,2.0,5.555555555555555,5.682351621282,0.0,14.186573843504231,28.806464588856358
2017-05-07 06:00:00,6.984,0.54,0.0,0.0,88.0,2.0,0.0,0.0,5.555555555555555,-5.524,22.905231458234528
2017-05-07 07:00:00,11.952,0.972,22.0,0.0,65.08333333326,2.0,0.0,0.0,5.555555555555555,-32.924,17.074813125180157
2017-05-07 08:00:00,15.912,1.458,22.0,0.0,42.16666666652,2.0,0.0,0.0,5.555555555555555,-37.37,11.314359812122438
2017-05-07 09:00:00,18.612,2.214,22.0,0.0,19.249999999779998,2.0,0.0,0.0,5.555555555555555,-40.82599999999999,5.623031938821413
2017-05-07 10:00:00,20.052,3.348,0.0,0.0,19.249999999779998,2.0,0.0,0.0,5.555555555555555,-21.4,0.0
2017-05-07 11:00:00,20.304,4.86,0.0,0.0,19.249999999779998,2.0,5.555555555555555,0.0,0.0,-17.608444444444444,0.0
2017-05-07 12:00:00,18.72,7.074,0.0,22.0,40.36999999977999,2.0,5.555555555555555,0.0,0.0,3.76155555555556,0.0
2017-05-07 13:00:00,13.068,7.29,0.0,22.0,61.48999999977999,2.0,5.555555555555555,0.0,0.0,9.197555555555558,0.0
2017-05-07 14:00:00,9.0,6.588,0.0,22.0,82.60999999977999,2.0,5.555555555555555,24.0,0.0,37.967555555555556,23.52
2017-05-07 15:00:00,6.984,5.778,0.0,5.614583333562514,88.0,2.0,5.555555555555555,5.682351621282,0.0,6.0904905104000715,28.806464588856358
2017-05-07 16:00:00,3.78,5.562,0.0,0.0,88.0,2.0,0.0,0.0,5.555555555555555,-7.3420000000000005,22.905231458234528
2017-05-07 17:00:00,1.008,5.4,22.0,0.0,65.08333333326,2.0,0.0,0.0,5.555555555555555,-26.407999999999998,17.074813125180157
2017-05-07 18:00:00,0.36,5.67,18.479999999729657,0.0,45.833333333480006,2.0,0.0,0.0,5.555555555555555,-22.509999999729658,11.314359812122438
2017-05-07 19:00:00,0.0,7.992,22.0,0.0,22.916666666740003,2.0,0.0,0.0,5.555555555555555,-27.992,5.623031938821413
2017-05-07 20:00:00,0.0,10.638,22.0,0.0,0.0,2.0,0.0,0.0,5.555555555555555,-30.637999999999998,0.0
2017-05-07 21:00:00,0.0,12.474,0.0,3.66666666666667,3.520000000000003,2.0,5.555555555555555,0.0,0.0,-1.2517777777777752,0.0
2017-05-07 22:00:00,0.0,15.768,0.0,0.0,3.520000000000003,2.0,5.555555555555555,0.0,0.0,-8.212444444444445,0.0
2017-05-07 23:00:00,0.0,20.088,0.0,22.0,24.64,2.0,5.555555555555555,0.0,0.0,9.467555555555556,0.0
2017-05-08 00:00:00,0.0,22.896,0.0,22.0,45.76,2.0,5.555555555555555,24.0,0.0,30.659555555555556,23.52
2017-05-08 01:00:00,0.0,26.514,0.0,22.0,66.88,2.0,5.555555555555555,24.0,0.0,27.041555555555558,46.75776
2017-05-08 02:00:00,0.0,29.592,0.0,22.0,88.0,2.0,5.555555555555555,24.0,0.0,23.96355555555556,69.71666687999999
2017-05-08 03:00:00,0.0,30.564,0.0,0.0,88.0,2.0,0.0,0.0,5.555555555555555,-28.564,63.32451132188443
2017-05-08 04:00:00,0.648,32.076,0.0,0.0,88.0,2.0,0.0,0.0,5.555555555555555,-30.724,57.009061630466256
2017-05-08 05:00:00,1.728,33.372,0.0,0.0,88.0,2.0,0.0,0.0,5.555555555555555,-33.1,50.769397335345104
2017-05-08 06:00:00,4.536,33.21,0.0,0.0,88.0,2.0,0.0,0.0,5.555555555555555,-35.746,44.604609011765405
2017-05-08 07:00:00,8.1,33.372,0.0,0.0,88.0,2.0,0.0,0.0,5.555555555555555,-39.472,38.51379814806866
2017-05-08 08:00:00,12.384,32.076,0.0,0.0,88.0,2.0,0.0,0.0,5.555555555555555,-42.46,32.49607701473628
2017-05-08 09:00:00,18.756,28.188,0.0,0.0,88.0,2.0,0.0,0.0,5.555555555555555,-44.944,26.550568535003883
2017-05-08 10:00:00,24.84,24.948,0.0,0.0,88.0,2.0,0.0,0.0,5.555555555555555,-47.788,20.676406157028282
2017-05-08 11:00:00,25.704,22.356,0.0,0.0,88.0,2.0,0.0,0.0,5.555555555555555,-46.06,14.872733727588388
2017-05-08 12:00:00,24.768,20.412,0.0,0.0,88.0,2.0,0.0,0.0,5.555555555555555,-43.18,9.138705367301771
2017-05-08 13:00:00,21.744,18.684,0.0,0.0,88.0,2.0,0.0,0.0,5.555555555555555,-38.428,3.4734853473385936
2017-05-08 14:00:00,17.424,16.902,0.0,0.0,88.0,2.0,5.555555555555555,8.46923259235273,0.0,-18.301211852091715,11.731651463676204
2017-05-08 15:00:00,12.024,15.336,0.0,0.0,88.0,2.0,5.555555555555555,0.0,0.0,-19.804444444444442,11.59087164611209
2017-05-08 16:00:00,5.544,13.5,0.0,0.0,88.0,2.0,5.555555555555555,0.0,0.0,-11.488444444444443,11.451781186358744
2017-05-08 17:00:00,0.72,9.558,0.0,0.0,88.0,2.0,5.555555555555555,0.0,0.0,-2.7224444444444442,11.314359812122438
2017-05-08 18:00:00,0.36,6.642,22.0,0.0,65.08333333326,2.0,0.0,0.0,5.555555555555555,-27.002,5.623031938821413
2017-05-08 19:00:00,0.0,5.994,22.0,0.0,42.16666666652,2.0,0.0,0.0,5.555555555555555,-25.994,0.0
2017-05-08 20:00:00,0.0,4.806,22.0,0.0,19.249999999779998,2.0,5.555555555555555,0.0,0.0,-19.250444444444444,0.0
2017-05-08 21:00:00,0.0,3.78,0.0,0.0,19.249999999779998,2.0,5.555555555555555,0.0,0.0,3.7755555555555556,0.0
2017-05-08 22:00:00,0.0,2.808,0.0,0.0,19.249999999779998,2.0,5.555555555555555,0.0,0.0,4.7475555555555555,0.0
2017-05-08 23:00:00,0.0,1.89,0.0,22.0,40.36999999977999,2.0,5.555555555555555,0.0,0.0,27.665555555555557,0.0
2017-05-09 00:00:00,0.0,2.646,0.0,22.0,61.48999999977999,2.0,5.555555555555555,19.853333426849403,0.0,46.76288898240496,19.456266758312413
2017-05-09 01:00:00,0.0,1.89,0.0,22.0,82.60999999977999,2.0,5.555555555555555,24.0,0.0,51.66555555555556,42.74279155721266
2017-05-09 02:00:00,0.0,1.62,0.0,5.614583333562514,88.0,2.0,5.555555555555555,24.0,0.0,35.550138889118074,65.74987805852611
2017-05-09 03:00:00,0.036,1.512,0.0,0.0,88.0,2.0,0.0,0.0,5.555555555555555,0.452,59.40532396626824
2017-05-09 04:00:00,0.936,1.62,0.0,0.0,88.0,2.0,0.0,0.0,5.555555555555555,-0.5560000000000002,53.136904523117465
2017-05-09 05:00:00,2.412,1.944,22.0,0.0,65.08333333326,2.0,0.0,0.0,5.555555555555555,-24.355999999999998,46.9437061132845
2017-05-09 06:00:00,5.976,2.376,22.0,0.0,42.16666666652,2.0,0.0,0.0,5.555555555555555,-28.352,40.824826084369526
2017-05-09 07:00:00,10.152,2.808,22.0,0.0,19.249999999779998,2.0,0.0,0.0,5.555555555555555,-32.96,34.779372615801535
2017-05-09 08:00:00,13.536,3.186,0.0,0.0,19.249999999779998,2.0,0.0,0.0,5.555555555555555,-14.722,28.806464588856358
2017-05-09 09:00:00,14.292,3.78,18.47999999972966,0.0,0.0,2.0,0.0,0.0,5.555555555555555,-34.55199999972966,22.905231458234528
2017-05-09 10:00:00,14.364,4.752,0.0,0.0,0.0,2.0,0.0,0.0,5.555555555555555,-17.116,17.074813125180157
2017-05-09 11:00:00,13.86,5.994,0.0,0.0,0.0,2.0,0.0,0.0,5.555555555555555,-17.854,11.314359812122438
2017-05-09 12:00:00,12.708,7.02,0.0,0.0,0.0,2.0,0.0,0.0,5.555555555555555,-17.728,5.623031938821413
2017-05-09 13:00:00,10.296,8.91,0.0,0.0,0.0,2.0,0.0,0.0,5.555555555555555,-17.206,0.0
2017-05-09 14:00:00,8.064,9.504,0.0,0.0,0.0,2.0,5.555555555555555,5.737787692674911,0.0,-4.274656751769532,5.623031938821413
2017-05-09 15:00:00,6.012,9.504,0.0,0.0,0.0,2.0,0.0,0.0,5.555555555555555,-13.515999999999998,0.0
2017-05-09 16:00:00,3.348,9.342,0.0,0.0,0.0,2.0,5.555555555555555,0.0,0.0,-5.134444444444445,0.0
2017-05-09 17:00:00,1.476,8.262,0.0,0.0,0.0,2.0,5.555555555555555,0.0,0.0,-2.182444444444445,0.0
2017-05-09 18:00:00,0.468,7.344,0.0,0.0,0.0,2.0,5.555555555555555,0.0,0.0,-0.256444444444445,0.0
2017-05-09 19:00:00,0.0,5.724,0.0,0.0,0.0,2.0,5.555555555555555,0.0,0.0,1.8315555555555552,0.0
2017-05-09 20:00:00,0.0,5.724,0.0,0.0,0.0,2.0,5.555555555555555,0.0,0.0,1.8315555555555552,0.0
2017-05-09 21:00:00,0.0,6.858,0.0,0.0,0.0,2.0,5.555555555555555,0.0,0.0,0.6975555555555557,0.0
2017-05-09 22:00:00,0.0,8.1,0.0,3.66666666666667,3.520000000000003,2.0,5.555555555555555,0.0,0.0,3.1222222222222253,0.0
2017-05-09 23:00:00,0.0,9.126,0.0,22.0,24.64,2.0,5.555555555555555,0.0,0.0,20.42955555555556,0.0
2017-05-10 00:00:00,0.0,9.288,0.0,22.0,45.76,2.0,5.555555555555555,6.668412801838901,0.0,26.935968357394454,6.535044545802123
2017-05-10 01:00:00,0.0,8.694,0.0,22.0,66.88,2.0,5.555555555555555,24.0,0.0,44.861555555555555,29.976624011252497
2017-05-10 02:00:00,0.0,7.506,0.0,22.0,88.0,2.0,5.555555555555555,24.0,0.0,46.04955555555556,53.136904523117465
2017-05-10 03:00:00,0.036,5.724,0.0,0.0,88.0,2.0,0.0,0.0,5.555555555555555,-3.7600000000000002,46.9437061132845
2017-05-10 04:00:00,0.576,4.536,0.0,0.0,88.0,2.0,0.0,0.0,5.555555555555555,-3.1119999999999997,40.824826084369526
2017-05-10 05:00:00,1.62,3.942,22.0,0.0,65.08333333326,2.0,0.0,0.0,5.555555555555555,-25.562,34.779372615801535
2017-05-10 06:00:00,3.276,5.454,22.0,0.0,42.16666666652,2.0,0.0,0.0,5.555555555555555,-28.73,28.806464588856358
2017-05-10 07:00:00,4.572,5.4,22.0,0.0,19.249999999779998,2.0,0.0,0.0,5.555555555555555,-29.971999999999998,22.905231458234528
2017-05-10 08:00:00,4.608,5.292,0.0,0.0,19.249999999779998,2.0,0.0,0.0,5.555555555555555,-7.8999999999999995,17.074813125180157
2017-05-10 09:00:00,5.22,5.832,18.47999999972966,0.0,0.0,2.0,0.0,0.0,5.555555555555555,-27.53199999972966,11.314359812122438
2017-05-10 10:00:00,5.472,6.588,0.0,3.66666666666667,3.520000000000003,2.0,0.0,0.0,5.555555555555555,-6.393333333333331,5.623031938821413
2017-05-10 11:00:00,5.364,7.56,0.0,22.0,24.64,2.0,0.0,0.0,5.555555555555555,11.076,0.0
2017-05-10 12:00:00,4.716,5.886,0.0,22.0,45.76,2.0,5.555555555555555,0.0,0.0,18.953555555555557,0.0
2017-05-10 13:00:00,3.924,6.156,0.0,22.0,66.88,2.0,5.555555555555555,24.0,0.0,43.47555555555556,23.52
2017-05-10 14:00:00,4.14,6.426,0.0,22.0,88.0,2.0,5.555555555555555,11.777155730409731,0.0,30.766711285965286,34.779372615801535
2017-05-10 15:00:00,2.916,5.562,0.0,0.0,88.0,2.0,0.0,0.0,5.555555555555555,-6.478,28.806464588856358
2017-05-10 16:00:00,2.196,4.752,18.47999999972965,0.0,68.75000000022001,2.0,0.0,0.0,5.555555555555555,-23.427999999729654,22.905231458234528
2017-05-10 17:00:00,1.116,3.672,22.0,0.0,45.833333333480006,2.0,0.0,0.0,5.555555555555555,-24.788,17.074813125180157
2017-05-10 18:00:00,0.36,2.592,22.0,0.0,22.916666666740003,2.0,0.0,0.0,5.555555555555555,-22.951999999999998,11.314359812122438
2017-05-10 19:00:00,0.0,2.592,22.0,0.0,0.0,2.0,0.0,0.0,5.555555555555555,-22.592,5.623031938821413
2017-05-10 20:00:00,0.0,2.7,0.0,0.0,0.0,2.0,0.0,0.0,5.555555555555555,-0.7000000000000002,0.0
2017-05-10 21:00:00,0.0,2.754,0.0,0.0,0.0,2.0,5.555555555555555,0.0,0.0,4.801555555555556,0.0
2017-05-10 22:00:00,0.0,2.754,0.0,0.0,0.0,2.0,5.555555555555555,0.0,0.0,4.801555555555556,0.0
2017-05-10 23:00:00,0.0,2.7,0.0,22.0,21.119999999999997,2.0,5.555555555555555,0.0,0.0,26.855555555555558,0.0
2017-05-11 00:00:00,0.0,2.322,0.0,22.0,42.239999999999995,2.0,5.555555555555555,0.7903992170861254,0.0,28.023954772641684,0.7745912327444029
2017-05-11 01:00:00,0.0,1.998,0.0,22.0,63.35999999999999,2.0,5.555555555555555,24.0,0.0,51.55755555555556,24.28529613795147
2017-05-11 02:00:00,0.0,1.728,0.0,22.0,84.47999999999999,2.0,5.555555555555555,24.0,0.0,51.827555555555556,47.51387258429605
2017-05-11 03:00:00,0.036,1.404,0.0,3.6666666666666776,88.0,2.0,5.555555555555555,0.0,0.0,9.782222222222233,46.9437061132845
2017-05-11 04:00:00,0.936,1.188,0.0,0.0,88.0,2.0,0.0,0.0,5.555555555555555,-0.124,40.824826084369526
2017-05-11 05:00:00,2.34,1.188,22.0,0.0,65.08333333326,2.0,0.0,0.0,5.555555555555555,-23.528,34.779372615801535
2017-05-11 06:00:00,4.932,1.188,22.0,0.0,42.16666666652,2.0,0.0,0.0,5.555555555555555,-26.119999999999997,28.806464588856358
2017-05-11 07:00:00,7.164,1.08,22.0,0.0,19.249999999779998,2.0,0.0,0.0,5.555555555555555,-28.244,22.905231458234528
2017-05-11 08:00:00,8.82,0.864,18.47999999972966,0.0,0.0,2.0,0.0,0.0,5.555555555555555,-26.16399999972966,17.074813125180157
2017-05-11 09:00:00,11.736,0.648,0.0,0.0,0.0,2.0,0.0,0.0,5.555555555555555,-10.384,11.314359812122438
2017-05-11 10:00:00,13.104,0.486,0.0,0.0,0.0,2.0,0.0,0.0,5.555555555555555,-11.59,5.623031938821413
2017-05-11 11:00:00,13.212,0.378,0.0,0.0,0.0,2.0,0.0,0.0,5.555555555555555,-11.59,0.0
2017-05-11 12:00:00,12.384,0.27,0.0,0.0,0.0,2.0,5.555555555555555,0.0,0.0,-5.098444444444445,0.0
2017-05-11 13:00:00,10.548,0.54,0.0,0.0,0.0,2.0,5.555555555555555,0.0,0.0,-3.5324444444444447,0.0
2017-05-11 14:00:00,8.388,1.242,0.0,0.0,0.0,2.0,5.555555555555555,11.545265114410652,0.0,9.470820669966207,11.314359812122438
2017-05-11 15:00:00,6.408,2.322,0.0,0.0,0.0,2.0,0.0,0.0,5.555555555555555,-6.73,5.623031938821413
2017-05-11 16:00:00,3.708,3.672,0.0,0.0,0.0,2.0,0.0,0.0,5.555555555555555,-5.380000000000001,0.0
2017-05-11 17:00:00,1.188,4.266,0.0,0.0,0.0,2.0,5.555555555555555,0.0,0.0,2.1015555555555556,0.0
2017-05-11 18:00:00,0.504,5.238,0.0,0.0,0.0,2.0,5.555555555555555,0.0,0.0,1.813555555555555,0.0
2017-05-11 19:00:00,0.0,7.506,0.0,0.0,0.0,2.0,5.555555555555555,0.0,0.0,0.04955555555555513,0.0
2017-05-11 20:00:00,0.0,9.072,0.0,0.0,0.0,2.0,5.555555555555555,0.0,0.0,-1.5164444444444438,0.0
2017-05-11 21:00:00,0.0,9.99,0.0,3.66666666666667,3.520000000000003,2.0,5.555555555555555,5.737787692674911,0.0,6.970009914897135,5.623031938821413
2017-05-11 22:00:00,0.0,11.178,0.0,0.0,3.520000000000003,2.0,0.0,0.0,5.555555555555555,-9.178,0.0
2017-05-11 23:00:00,0.0,12.42,0.0,22.0,24.64,2.0,5.555555555555555,0.0,0.0,17.135555555555555,0.0
2017-05-12 00:00:00,0.0,15.174,0.0,22.0,45.76,2.0,5.555555555555555,0.0,0.0,14.381555555555558,0.0
2017-05-12 01:00:00,0.0,18.198,0.0,22.0,66.88,2.0,5.555555555555555,17.872455263539543,0.0,29.2300108190951,17.51500615826875
2017-05-12 02:00:00,0.0,21.33,0.0,22.0,88.0,2.0,5.555555555555555,24.0,0.0,32.22555555555556,40.824826084369526
2017-05-12 03:00:00,0.036,23.598,0.0,0.0,88.0,2.0,0.0,0.0,5.555555555555555,-21.634,34.779372615801535
2017-05-12 04:00:00,0.792,25.488,22.0,0.0,65.08333333326,2.0,0.0,0.0,5.555555555555555,-46.28,28.806464588856358
2017-05-12 05:00:00,1.98,26.406,22.0,0.0,42.16666666652,2.0,0.0,0.0,5.555555555555555,-48.385999999999996,22.905231458234528
2017-05-12 06:00:00,5.04,27.648,22.0,0.0,19.249999999779998,2.0,0.0,0.0,5.555555555555555,-52.687999999999995,17.074813125180157
2017-05-12 07:00:00,8.712,29.214,18.47999999972966,0.0,0.0,2.0,0.0,0.0,5.555555555555555,-54.40599999972966,11.314359812122438
2017-05-12 08:00:00,13.752,31.05,0.0,0.0,0.0,2.0,0.0,0.0,5.555555555555555,-42.802,5.623031938821413
2017-05-12 09:00:00,19.728,29.97,0.0,0.0,0.0,2.0,0.0,0.0,5.555555555555555,-47.698,0.0
2017-05-12 10:00:00,23.184,28.728,0.0,0.0,0.0,2.0,5.555555555555555,0.0,0.0,-44.35644444444445,0.0
2017-05-12 11:00:00,21.708,26.622,0.0,0.0,0.0,2.0,5.555555555555555,0.0,0.0,-40.77444444444444,0.0
2017-05-12 12:00:00,18.936,21.654,0.0,0.0,0.0,2.0,5.555555555555555,0.0,0.0,-33.034444444444446,0.0
2017-05-12 13:00:00,15.588,20.25,0.0,0.0,0.0,2.0,5.555555555555555,0.0,0.0,-28.282444444444444,0.0
2017-05-12 14:00:00,11.412,19.116,0.0,0.0,0.0,2.0,5.555555555555555,0.0,0.0,-22.972444444444445,0.0
2017-05-12 15:00:00,7.128,18.36,0.0,0.0,0.0,2.0,5.555555555555555,0.0,0.0,-17.932444444444442,0.0
2017-05-12 16:00:00,3.24,17.982,0.0,0.0,0.0,2.0,5.555555555555555,0.0,0.0,-13.666444444444444,0.0
2017-05-12 17:00:00,1.08,18.198,0.0,0.0,0.0,2.0,5.555555555555555,0.0,0.0,-11.722444444444445,0.0
2017-05-12 18:00:00,0.396,21.492,0.0,0.0,0.0,2.0,5.555555555555555,0.0,0.0,-14.332444444444446,0.0
2017-05-12 19:00:00,0.0,22.896,0.0,0.0,0.0,2.0,5.555555555555555,0.0,0.0,-15.340444444444445,0.0
2017-05-12 20:00:00,0.0,24.408,0.0,0.0,0.0,2.0,5.555555555555555,0.0,0.0,-16.852444444444444,0.0
2017-05-12 21:00:00,0.0,24.084,0.0,0.0,0.0,2.0,5.555555555555555,0.0,0.0,-16.528444444444446,0.0
2017-05-12 22:00:00,0.0,23.382,0.0,0.0,0.0,2.0,5.555555555555555,0.0,0.0,-15.826444444444446,0.0
2017-05-12 23:00:00,0.0,22.086,0.0,0.0,0.0,2.0,5.555555555555555,0.0,0.0,-14.530444444444443,0.0
2017-05-13 00:00:00,0.0,19.71,0.0,22.0,21.119999999999997,2.0,5.555555555555555,0.0,0.0,9.845555555555556,0.0
2017-05-13 01:00:00,0.0,19.332,0.0,22.0,42.239999999999995,2.0,5.555555555555555,0.0,0.0,10.223555555555556,0.0
2017-05-13 02:00:00,0.0,18.63,0.0,22.0,63.35999999999999,2.0,5.555555555555555,23.94389061599908,0.0,34.86944617155464,23.465012803679098
2017-05-13 03:00:00,0.072,16.362,0.0,22.0,84.47999999999999,2.0,5.555555555555555,0.0,0.0,13.12155555555556,23.18343265003495
2017-05-13 04:00:00,0.972,14.688,0.0,0.0,84.47999999999999,2.0,5.555555555555555,0.0,0.0,-8.104444444444445,22.905231458234528
2017-05-13 05:00:00,2.34,12.852,0.0,0.0,84.47999999999999,2.0,0.0,0.0,5.555555555555555,-13.192,17.074813125180157
2017-05-13 06:00:00,6.192,6.696,22.0,0.0,61.56333333325999,2.0,0.0,0.0,5.555555555555555,-32.888,11.314359812122438
2017-05-13 07:00:00,11.088,5.994,22.0,0.0,38.64666666651999,2.0,0.0,0.0,5.555555555555555,-37.082,5.623031938821413
2017-05-13 08:00:00,15.048,5.832,22.0,0.0,15.729999999779988,2.0,0.0,0.0,5.555555555555555,-40.88,0.0
2017-05-13 09:00:00,18.936,5.832,0.0,0.0,15.729999999779988,2.0,5.555555555555555,0.0,0.0,-17.212444444444444,0.0
2017-05-13 10:00:00,21.42,6.102,0.0,0.0,15.729999999779988,2.0,5.555555555555555,0.0,0.0,-19.96644444444445,0.0
2017-05-13 11:00:00,22.68,6.534,0.0,9.28125000022918,24.64,2.0,5.555555555555555,0.0,0.0,-12.377194444215263,0.0
2017-05-13 12:00:00,21.888,5.616,0.0,22.0,45.76,2.0,5.555555555555555,0.0,0.0,2.051555555555556,0.0
2017-05-13 13:00:00,18.216,5.346,0.0,22.0,66.88,2.0,5.555555555555555,11.628700131993654,0.0,17.622255687549206,11.39612612935378
2017-05-13 14:00:00,12.744,4.32,0.0,22.0,88.0,2.0,5.555555555555555,24.0,0.0,36.49155555555556,34.779372615801535
2017-05-13 15:00:00,7.452,3.564,0.0,0.0,88.0,2.0,0.0,0.0,5.555555555555555,-9.016,28.806464588856358
2017-05-13 16:00:00,3.312,3.132,22.0,0.0,65.08333333326,2.0,0.0,0.0,5.555555555555555,-26.444000000000003,22.905231458234528
2017-05-13 17:00:00,1.152,2.916,22.0,0.0,42.16666666652,2.0,0.0,0.0,5.555555555555555,-24.068,17.074813125180157
2017-05-13 18:00:00,0.432,2.862,22.0,0.0,19.249999999779998,2.0,0.0,0.0,5.555555555555555,-23.294,11.314359812122438
2017-05-13 19:00:00,0.0,3.726,18.47999999972966,0.0,0.0,2.0,0.0,0.0,5.555555555555555,-20.20599999972966,5.623031938821413
2017-05-13 20:00:00,0.0,4.428,0.0,0.0,0.0,2.0,0.0,0.0,5.555555555555555,-2.428,0.0
2017-05-13 21:00:00,0.0,4.05,0.0,0.0,0.0,2.0,5.555555555555555,0.0,0.0,3.5055555555555555,0.0
2017-05-13 22:00:00,0.0,3.726,0.0,0.0,0.0,2.0,5.555555555555555,0.0,0.0,3.8295555555555554,0.0
2017-05-13 23:00:00,0.0,3.186,0.0,0.0,0.0,2.0,5.555555555555555,0.0,0.0,4.369555555555555,0.0
2017-05-14 00:00:00,0.0,1.998,0.0,22.0,21.119999999999997,2.0,5.555555555555555,0.0,0.0,27.557555555555556,0.0
2017-05-14 01:00:00,0.0,1.89,0.0,22.0,42.239999999999995,2.0,5.555555555555555,0.0,0.0,27.665555555555557,0.0
2017-05-14 02:00:00,0.0,1.62,0.0,22.0,63.35999999999999,2.0,5.555555555555555,0.0,0.0,27.935555555555556,0.0
2017-05-14 03:00:00,0.072,1.08,0.0,22.0,84.47999999999999,2.0,5.555555555555555,24.0,0.0,52.403555555555556,23.52
2017-05-14 04:00:00,0.72,0.864,0.0,3.6666666666666776,88.0,2.0,5.555555555555555,6.039368037734817,0.0,15.677590259957048,29.15634067698012
2017-05-14 05:00:00,1.764,0.918,0.0,0.0,88.0,2.0,5.555555555555555,0.0,0.0,4.873555555555555,28.806464588856358
2017-05-14 06:00:00,3.564,1.728,0.0,0.0,88.0,2.0,0.0,0.0,5.555555555555555,-3.292,22.905231458234528
2017-05-14 07:00:00,5.364,2.214,0.0,0.0,88.0,2.0,0.0,0.0,5.555555555555555,-5.577999999999999,17.074813125180157
2017-05-14 08:00:00,7.128,2.808,20.275199999935122,0.0,66.88,2.0,0.0,0.0,5.555555555555555,-28.211199999935122,11.314359812122438
2017-05-14 09:00:00,10.116,3.402,0.0,0.0,66.88,2.0,0.0,0.0,5.555555555555555,-11.518,5.623031938821413
2017-05-14 10:00:00,14.724,4.644,0.0,0.0,66.88,2.0,0.0,0.0,5.555555555555555,-17.368000000000002,0.0
2017-05-14 11:00:00,19.476,5.994,0.0,0.0,66.88,2.0,5.555555555555555,0.0,0.0,-17.91444444444444,0.0
2017-05-14 12:00:00,19.728,7.236,0.0,0.0,66.88,2.0,5.555555555555555,0.0,0.0,-19.408444444444445,0.0
2017-05-14 13:00:00,17.676,7.722,0.0,0.0,66.88,2.0,5.555555555555555,0.0,0.0,-17.842444444444443,0.0
2017-05-14 14:00:00,14.4,6.912,0.0,22.0,88.0,2.0,5.555555555555555,24.0,0.0,32.24355555555556,23.52
2017-05-14 15:00:00,10.08,5.4,0.0,0.0,88.0,2.0,5.555555555555555,11.777155730409731,0.0,3.852711285965288,34.779372615801535
2017-05-14 16:00:00,5.004,3.672,22.0,0.0,65.08333333326,2.0,0.0,0.0,5.555555555555555,-28.676000000000002,28.806464588856358
2017-05-14 17:00:00,0.936,1.728,22.0,0.0,42.16666666652,2.0,0.0,0.0,5.555555555555555,-22.664,22.905231458234528
2017-05-14 18:00:00,0.504,0.756,22.0,0.0,19.249999999779998,2.0,0.0,0.0,5.555555555555555,-21.26,17.074813125180157
2017-05-14 19:00:00,0.0,0.648,15.100799999740472,0.0,3.520000000000003,2.0,0.0,0.0,5.555555555555555,-13.748799999740472,11.314359812122438
2017-05-14 20:00:00,0.0,0.702,0.0,0.0,3.520000000000003,2.0,0.0,0.0,5.555555555555555,1.298,5.623031938821413
2017-05-14 21:00:00,0.0,0.756,0.0,0.0,3.520000000000003,2.0,0.0,0.0,5.555555555555555,1.244,0.0
2017-05-14 22:00:00,0.0,0.918,0.0,0.0,3.520000000000003,2.0,5.555555555555555,0.0,0.0,6.637555555555555,0.0
2017-05-14 23:00:00,0.0,1.188,0.0,22.0,24.64,2.0,5.555555555555555,0.0,0.0,28.36755555555556,0.0
2017-05-15 00:00:00,0.0,2.106,0.0,22.0,45.76,2.0,5.555555555555555,13.221079591331046,0.0,40.6706351468866,12.956657999504424
2017-05-15 01:00:00,0.0,2.43,0.0,22.0,66.88,2.0,5.555555555555555,24.0,0.0,51.12555555555556,36.32117810351037
2017-05-15 02:00:00,0.0,2.808,0.0,22.0,88.0,2.0,5.555555555555555,24.0,0.0,50.74755555555556,59.40532396626824
2017-05-15 03:00:00,0.108,2.916,0.0,0.0,88.0,2.0,0.0,0.0,5.555555555555555,-1.024,53.136904523117465
2017-05-15 04:00:00,0.9,3.402,0.0,0.0,88.0,2.0,0.0,0.0,5.555555555555555,-2.302,46.9437061132845
2017-05-15 05:00:00,1.944,3.402,13.305599999534996,0.0,74.14000000044003,2.0,0.0,0.0,5.555555555555555,-16.651599999534998,40.824826084369526
2017-05-15 06:00:00,4.14,2.808,22.0,0.0,51.223333333700026,2.0,0.0,0.0,5.555555555555555,-26.948,34.779372615801535
2017-05-15 07:00:00,6.84,2.268,22.0,0.0,28.306666666960023,2.0,0.0,0.0,5.555555555555555,-29.108,28.806464588856358
2017-05-15 08:00:00,10.836,2.916,22.0,0.0,5.39000000022002,2.0,0.0,0.0,5.555555555555555,-33.752,22.905231458234528
2017-05-15 09:00:00,15.948,4.536,0.0,0.0,5.39000000022002,2.0,0.0,0.0,5.555555555555555,-18.484,17.074813125180157
2017-05-15 10:00:00,19.116,5.67,0.0,0.0,5.39000000022002,2.0,0.0,0.0,5.555555555555555,-22.786,11.314359812122438
2017-05-15 11:00:00,20.988,6.048,0.0,0.0,5.39000000022002,2.0,0.0,0.0,5.555555555555555,-25.036,5.623031938821413
2017-05-15 12:00:00,22.32,4.698,0.0,22.0,26.510000000220018,2.0,0.0,0.0,5.555555555555555,-3.0180000000000007,0.0
2017-05-15 13:00:00,20.34,4.266,0.0,22.0,47.630000000220015,2.0,5.555555555555555,0.0,0.0,4.949555555555559,0.0
2017-05-15 14:00:00,16.2,5.022,0.0,22.0,68.75000000022001,2.0,5.555555555555555,17.423278699163426,0.0,25.756834254718985,17.074813125180157
2017-05-15 15:00:00,9.972,4.266,22.0,0.0,45.833333333480006,2.0,0.0,0.0,5.555555555555555,-34.238,11.314359812122438
2017-05-15 16:00:00,4.572,2.862,22.0,0.0,22.916666666740003,2.0,0.0,0.0,5.555555555555555,-27.434,5.623031938821413
2017-05-15 17:00:00,1.692,1.728,22.0,0.0,0.0,2.0,0.0,0.0,5.555555555555555,-23.42,0.0
2017-05-15 18:00:00,0.648,1.35,0.0,0.0,0.0,2.0,5.555555555555555,0.0,0.0,5.557555555555556,0.0
2017-05-15 19:00:00,0.0,1.242,0.0,0.0,0.0,2.0,5.555555555555555,0.0,0.0,6.313555555555555,0.0
2017-05-15 20:00:00,0.0,1.62,0.0,0.0,0.0,2.0,5.555555555555555,0.0,0.0,5.935555555555555,0.0
2017-05-15 21:00:00,0.0,2.484,0.0,0.0,0.0,2.0,5.555555555555555,0.0,0.0,5.071555555555555,0.0
2017-05-15 22:00:00,0.0,3.834,0.0,0.0,0.0,2.0,5.555555555555555,0.0,0.0,3.7215555555555553,0.0
2017-05-15 23:00:00,0.0,5.886,0.0,3.66666666666667,3.520000000000003,2.0,5.555555555555555,0.0,0.0,5.336222222222225,0.0
2017-05-16 00:00:00,0.0,7.56,0.0,22.0,24.64,2.0,5.555555555555555,0.0,0.0,21.99555555555556,0.0
2017-05-16 01:00:00,0.0,10.476,0.0,22.0,45.76,2.0,5.555555555555555,12.064977841803803,0.0,31.14453339735936,11.823678284967727
2017-05-16 02:00:00,0.0,13.176,0.0,22.0,66.88,2.0,5.555555555555555,24.0,0.0,40.379555555555555,35.201794145548114
2017-05-16 03:00:00,0.036,14.688,0.0,22.0,88.0,2.0,5.555555555555555,0.0,0.0,14.831555555555557,34.779372615801535
2017-05-16 04:00:00,0.396,16.308,0.0,0.0,88.0,2.0,0.0,0.0,5.555555555555555,-14.704,28.806464588856358
2017-05-16 05:00:00,0.936,17.982,22.0,0.0,65.08333333326,2.0,0.0,0.0,5.555555555555555,-38.918,22.905231458234528
2017-05-16 06:00:00,1.584,23.058,22.0,0.0,42.16666666652,2.0,0.0,0.0,5.555555555555555,-44.642,17.074813125180157
2017-05-16 07:00:00,2.124,22.734,22.0,0.0,19.249999999779998,2.0,0.0,0.0,5.555555555555555,-44.858000000000004,11.314359812122438
2017-05-16 08:00:00,2.736,22.68,18.47999999972966,0.0,0.0,2.0,0.0,0.0,5.555555555555555,-41.89599999972966,5.623031938821413
2017-05-16 09:00:00,3.24,22.086,0.0,0.0,0.0,2.0,0.0,0.0,5.555555555555555,-23.326,0.0
2017-05-16 10:00:00,3.276,22.248,0.0,0.0,0.0,2.0,5.555555555555555,0.0,0.0,-17.968444444444444,0.0
2017-05-16 11:00:00,2.988,22.086,0.0,0.0,0.0,2.0,5.555555555555555,0.0,0.0,-17.518444444444444,0.0
2017-05-16 12:00:00,2.196,18.576,0.0,0.0,0.0,2.0,5.555555555555555,0.0,0.0,-13.216444444444445,0.0
2017-05-16 13:00:00,1.548,16.47,0.0,0.0,0.0,2.0,5.555555555555555,0.0,0.0,-10.462444444444444,0.0
2017-05-16 14:00:00,1.332,14.58,0.0,0.0,0.0,2.0,5.555555555555555,0.0,0.0,-8.356444444444445,0.0
2017-05-16 15:00:00,1.26,12.096,0.0,0.0,0.0,2.0,5.555555555555555,0.0,0.0,-5.8004444444444445,0.0
2017-05-16 16:00:00,1.008,10.314,0.0,0.0,0.0,2.0,5.555555555555555,0.0,0.0,-3.7664444444444447,0.0
2017-05-16 17:00:00,0.612,9.072,0.0,0.0,0.0,2.0,5.555555555555555,0.0,0.0,-2.128444444444444,0.0
2017-05-16 18:00:00,0.216,9.666,0.0,0.0,0.0,2.0,5.555555555555555,0.0,0.0,-2.326444444444445,0.0
2017-05-16 19:00:00,0.0,9.72,0.0,0.0,0.0,2.0,5.555555555555555,0.0,0.0,-2.1644444444444453,0.0
2017-05-16 20:00:00,0.0,9.882,0.0,0.0,0.0,2.0,5.555555555555555,0.0,0.0,-2.3264444444444443,0.0
2017-05-16 21:00:00,0.0,8.478,0.0,0.0,0.0,2.0,5.555555555555555,0.0,0.0,-0.9224444444444444,0.0
2017-05-16 22:00:00,0.0,6.858,0.0,3.66666666666667,3.520000000000003,2.0,5.555555555555555,0.0,0.0,4.364222222222225,0.0
2017-05-16 23:00:00,0.0,6.156,0.0,22.0,24.64,2.0,5.555555555555555,0.0,0.0,23.39955555555556,0.0
2017-05-17 00:00:00,0.0,5.886,0.0,22.0,45.76,2.0,5.555555555555555,24.0,0.0,47.669555555555554,23.52
2017-05-17 01:00:00,0.0,5.184,0.0,22.0,66.88,2.0,5.555555555555555,24.0,0.0,48.37155555555556,46.75776
2017-05-17 02:00:00,0.0,4.158,0.0,22.0,88.0,2.0,5.555555555555555,24.0,0.0,49.397555555555556,69.71666687999999
2017-05-17 03:00:00,0.072,3.672,0.0,0.0,88.0,2.0,5.555555555555555,23.978513102309343,0.0,27.7900686578649,92.37900971770314
2017-05-17 04:00:00,0.396,3.402,0.0,0.0,88.0,2.0,0.0,0.0,5.555555555555555,-1.798,85.71490604553514
2017-05-17 05:00:00,0.972,3.24,13.305599999534996,0.0,74.14000000044003,2.0,0.0,0.0,5.555555555555555,-15.517599999534998,79.13077161743317
2017-05-17 06:00:00,1.656,3.132,22.0,0.0,51.223333333700026,2.0,0.0,0.0,5.555555555555555,-24.788,72.62564680246841
2017-05-17 07:00:00,2.844,2.322,22.0,0.0,28.306666666960023,2.0,0.0,0.0,5.555555555555555,-25.166,66.19858348528324
2017-05-17 08:00:00,4.5,1.512,22.0,0.0,5.39000000022002,2.0,0.0,0.0,5.555555555555555,-26.012,59.84864492790428
2017-05-17 09:00:00,6.336,1.188,0.0,0.0,5.39000000022002,2.0,0.0,0.0,5.555555555555555,-5.524,53.574905633213874
2017-05-17 10:00:00,7.992,1.134,0.0,0.0,5.39000000022002,2.0,0.0,0.0,5.555555555555555,-7.1259999999999994,47.37645121005975
2017-05-17 11:00:00,10.656,1.404,0.0,0.0,5.39000000022002,2.0,0.0,0.0,5.555555555555555,-10.06,41.25237823998347
2017-05-17 12:00:00,13.212,1.512,0.0,22.0,26.510000000220018,2.0,0.0,0.0,5.555555555555555,9.276,35.201794145548114
2017-05-17 13:00:00,14.22,1.296,0.0,22.0,47.630000000220015,2.0,5.555555555555555,0.0,0.0,14.039555555555557,34.779372615801535
2017-05-17 14:00:00,10.944,1.188,0.0,22.0,68.75000000022001,2.0,0.0,0.0,5.555555555555555,11.868,28.806464588856358
2017-05-17 15:00:00,5.364,1.566,22.0,0.0,45.833333333480006,2.0,0.0,0.0,5.555555555555555,-26.93,22.905231458234528
2017-05-17 16:00:00,2.916,2.916,22.0,0.0,22.916666666740003,2.0,0.0,0.0,5.555555555555555,-25.832,17.074813125180157
2017-05-17 17:00:00,1.44,5.346,22.0,0.0,0.0,2.0,0.0,0.0,5.555555555555555,-26.786,11.314359812122438
2017-05-17 18:00:00,0.612,7.614,0.0,0.0,0.0,2.0,0.0,0.0,5.555555555555555,-6.226,5.623031938821413
2017-05-17 19:00:00,0.0,10.746,0.0,0.0,0.0,2.0,0.0,0.0,5.555555555555555,-8.746,0.0
2017-05-17 20:00:00,0.0,14.04,0.0,0.0,0.0,2.0,5.555555555555555,0.0,0.0,-6.484444444444444,0.0
2017-05-17 21:00:00,0.0,14.85,0.0,0.0,0.0,2.0,5.555555555555555,0.0,0.0,-7.294444444444444,0.0
2017-05-17 22:00:00,0.0,0.0,0.0,22.0,21.119999999999997,2.0,5.555555555555555,24.0,0.0,53.55555555555556,23.52
2017-05-17 23:00:00,0.0,18.036,0.0,22.0,42.239999999999995,2.0,5.555555555555555,24.0,0.0,35.519555555555556,46.75776
2017-05-18 00:00:00,0.0,25.812,0.0,22.0,63.35999999999999,2.0,5.555555555555555,8.517103202874397,0.0,12.260658758429951,54.543428018816904
2017-05-18 01:00:00,0.0,27.108,0.0,22.0,84.47999999999999,2.0,5.555555555555555,24.0,0.0,26.447555555555557,77.4089068825911
2017-05-18 02:00:00,0.0,27.378,0.0,3.6666666666666776,88.0,2.0,5.555555555555555,24.0,0.0,7.8442222222222355,100.0
2017-05-18 03:00:00,0.216,24.948,0.0,0.0,88.0,2.0,5.555555555555555,1.0669143609579306,0.0,-16.541530083486514,99.84557607373877
2017-05-18 04:00:00,1.224,23.112,0.0,0.0,88.0,2.0,5.555555555555555,0.0,0.0,-16.78044444444444,98.6474291608539
2017-05-18 05:00:00,2.7,22.248,0.0,0.0,88.0,2.0,0.0,0.0,5.555555555555555,-22.948,91.9081044553681
2017-05-18 06:00:00,6.588,20.682,0.0,0.0,88.0,2.0,0.0,0.0,5.555555555555555,-25.27,85.24965164634813
2017-05-18 07:00:00,11.088,21.492,0.0,0.0,88.0,2.0,0.0,0.0,5.555555555555555,-30.58,78.6711002710364
2017-05-18 08:00:00,14.724,20.142,0.0,0.0,88.0,2.0,0.0,0.0,5.555555555555555,-32.866,72.1714915122284
2017-05-18 09:00:00,17.64,16.146,0.0,0.0,88.0,2.0,0.0,0.0,5.555555555555555,-31.786,65.74987805852611
2017-05-18 10:00:00,19.656,13.662,0.0,0.0,88.0,2.0,0.0,0.0,5.555555555555555,-31.317999999999998,59.40532396626824
2017-05-18 11:00:00,19.764,11.448,0.0,0.0,88.0,2.0,0.0,0.0,5.555555555555555,-29.212,53.136904523117465
2017-05-18 12:00:00,19.188,10.962,0.0,0.0,88.0,2.0,0.0,0.0,5.555555555555555,-28.15,46.9437061132845
2017-05-18 13:00:00,16.956,10.152,0.0,0.0,88.0,2.0,0.0,0.0,5.555555555555555,-25.107999999999997,40.824826084369526
2017-05-18 14:00:00,12.996,10.314,0.0,0.0,88.0,2.0,0.0,0.0,5.555555555555555,-21.310000000000002,34.779372615801535
2017-05-18 15:00:00,7.02,8.856,0.0,0.0,88.0,2.0,0.0,0.0,5.555555555555555,-13.876,28.806464588856358
2017-05-18 16:00:00,3.636,7.344,22.0,0.0,65.08333333326,2.0,0.0,0.0,5.555555555555555,-30.98,22.905231458234528
2017-05-18 17:00:00,1.656,5.184,22.0,0.0,42.16666666652,2.0,0.0,0.0,5.555555555555555,-26.84,17.074813125180157
2017-05-18 18:00:00,0.684,3.51,18.47999999972966,0.0,22.916666666740003,2.0,0.0,0.0,5.555555555555555,-20.673999999729663,11.314359812122438
2017-05-18 19:00:00,0.0,3.24,22.0,0.0,0.0,2.0,0.0,0.0,5.555555555555555,-23.240000000000002,5.623031938821413
2017-05-18 20:00:00,0.0,3.348,0.0,0.0,0.0,2.0,0.0,0.0,5.555555555555555,-1.3479999999999999,0.0
2017-05-18 21:00:00,0.0,2.916,0.0,0.0,0.0,2.0,5.555555555555555,0.0,0.0,4.639555555555555,0.0
2017-05-18 22:00:00,0.0,2.214,0.0,3.66666666666667,3.520000000000003,2.0,5.555555555555555,0.0,0.0,9.008222222222225,0.0
2017-05-18 23:00:00,0.0,1.62,0.0,22.0,24.64,2.0,5.555555555555555,17.530076413676863,0.0,45.465631969232426,17.179474885403327
2017-05-19 00:00:00,0.0,0.81,0.0,22.0,45.76,2.0,5.555555555555555,24.0,0.0,52.745555555555555,40.49332118677849
2017-05-19 01:00:00,0.0,0.864,0.0,22.0,66.88,2.0,5.555555555555555,24.0,0.0,52.69155555555556,63.52740133253714
2017-05-19 02:00:00,0.0,0.972,0.0,22.0,88.0,2.0,5.555555555555555,24.0,0.0,52.583555555555556,86.28507251654669
2017-05-19 03:00:00,0.18,0.81,0.0,0.0,88.0,2.0,5.555555555555555,0.0,0.0,6.565555555555555,85.24965164634813
2017-05-19 04:00:00,1.188,0.648,0.0,0.0,88.0,2.0,0.0,0.0,5.555555555555555,0.16399999999999992,78.6711002710364
2017-05-19 05:00:00,2.448,0.54,22.0,0.0,65.08333333326,2.0,0.0,0.0,5.555555555555555,-22.988,72.1714915122284
2017-05-19 06:00:00,5.94,0.756,22.0,0.0,42.16666666652,2.0,0.0,0.0,5.555555555555555,-26.696,65.74987805852611
2017-05-19 07:00:00,10.548,0.864,22.0,0.0,19.249999999779998,2.0,0.0,0.0,5.555555555555555,-31.412,59.40532396626824
2017-05-19 08:00:00,15.12,0.81,0.0,0.0,19.249999999779998,2.0,0.0,0.0,5.555555555555555,-13.93,53.136904523117465
2017-05-19 09:00:00,19.404,0.918,18.47999999972966,0.0,0.0,2.0,0.0,0.0,5.555555555555555,-36.80199999972966,46.9437061132845
2017-05-19 10:00:00,22.176,1.134,0.0,0.0,0.0,2.0,0.0,0.0,5.555555555555555,-21.31,40.824826084369526
2017-05-19 11:00:00,23.22,1.404,0.0,0.0,0.0,2.0,0.0,0.0,5.555555555555555,-22.624,34.779372615801535
2017-05-19 12:00:00,21.996,1.728,0.0,0.0,0.0,2.0,0.0,0.0,5.555555555555555,-21.724,28.806464588856358
2017-05-19 13:00:00,16.668,2.16,0.0,1.8715277778541726,1.7966666667400055,2.0,0.0,0.0,5.555555555555555,-14.956472222145827,22.905231458234528
2017-05-19 14:00:00,12.024,3.078,0.0,22.0,22.916666666740003,2.0,0.0,0.0,5.555555555555555,8.898000000000001,17.074813125180157
2017-05-19 15:00:00,8.028,3.294,0.0,0.0,22.916666666740003,2.0,0.0,0.0,5.555555555555555,-9.322000000000001,11.314359812122438
2017-05-19 16:00:00,3.924,3.132,22.0,0.0,0.0,2.0,0.0,0.0,5.555555555555555,-27.056,5.623031938821413
2017-05-19 17:00:00,1.224,3.456,0.0,0.0,0.0,2.0,0.0,0.0,5.555555555555555,-2.6799999999999997,0.0
2017-05-19 18:00:00,0.612,3.132,0.0,0.0,0.0,2.0,5.555555555555555,0.0,0.0,3.8115555555555556,0.0
2017-05-19 19:00:00,0.0,3.402,0.0,0.0,0.0,2.0,5.555555555555555,0.0,0.0,4.153555555555555,0.0
2017-05-19 20:00:00,0.0,3.186,0.0,0.0,0.0,2.0,5.555555555555555,0.0,0.0,4.369555555555555,0.0
2017-05-19 21:00:00,0.0,2.916,0.0,0.0,0.0,2.0,5.555555555555555,0.0,0.0,4.639555555555555,0.0
2017-05-19 22:00:00,0.0,2.7,0.0,0.0,0.0,2.0,5.555555555555555,0.0,0.0,4.855555555555555,0.0
2017-05-19 23:00:00,0.0,2.916,0.0,0.0,0.0,2.0,5.555555555555555,0.0,0.0,4.639555555555555,0.0
2017-05-20 00:00:00,0.0,5.238,0.0,22.0,21.119999999999997,2.0,5.555555555555555,0.0,0.0,24.317555555555558,0.0
2017-05-20 01:00:00,0.0,8.1,0.0,22.0,42.239999999999995,2.0,5.555555555555555,24.0,0.0,45.455555555555556,23.52
2017-05-20 02:00:00,0.0,7.398,0.0,22.0,63.35999999999999,2.0,5.555555555555555,24.0,0.0,46.15755555555556,46.75776
2017-05-20 03:00:00,0.252,7.83,0.0,22.0,84.47999999999999,2.0,0.0,0.0,5.555555555555555,15.918000000000001,40.64111132444444
2017-05-20 04:00:00,1.152,9.936,0.0,0.0,84.47999999999999,2.0,0.0,0.0,5.555555555555555,-9.088,34.59786243299555
2017-05-20 05:00:00,2.16,12.366,0.0,0.0,84.47999999999999,2.0,0.0,0.0,5.555555555555555,-12.526,28.627132528244047
2017-05-20 06:00:00,3.672,17.01,22.0,0.0,61.56333333325999,2.0,0.0,0.0,5.555555555555555,-40.682,22.728051382349562
2017-05-20 07:00:00,3.924,15.498,22.0,0.0,38.64666666651999,2.0,0.0,0.0,5.555555555555555,-39.422,16.899759210205815
2017-05-20 08:00:00,4.248,14.04,0.0,0.0,38.64666666651999,2.0,0.0,0.0,5.555555555555555,-16.288,11.141406544127788
2017-05-20 09:00:00,6.264,13.392,0.0,0.0,38.64666666651999,2.0,0.0,0.0,5.555555555555555,-17.656,5.452154110042699
2017-05-20 10:00:00,10.656,13.284,0.0,0.0,38.64666666651999,2.0,0.16882729483336986,0.0,5.386728260722186,-21.77117270516663,0.0
2017-05-20 11:00:00,14.256,13.338,0.0,7.409722222375008,45.76,2.0,5.555555555555555,0.0,0.0,-12.628722222069436,0.0
2017-05-20 12:00:00,16.452,12.906,0.0,22.0,66.88,2.0,5.555555555555555,24.0,0.0,24.197555555555557,23.52
2017-05-20 13:00:00,16.344,12.69,0.0,22.0,88.0,2.0,5.555555555555555,24.0,0.0,24.521555555555558,46.75776
2017-05-20 14:00:00,14.616,12.15,0.0,0.0,88.0,2.0,0.0,0.0,5.555555555555555,-24.766,40.64111132444444
2017-05-20 15:00:00,10.476,10.26,0.0,0.0,88.0,2.0,0.0,0.0,5.555555555555555,-18.736,34.59786243299555
2017-05-20 16:00:00,5.22,8.694,22.0,0.0,65.08333333326,2.0,0.0,0.0,5.555555555555555,-33.914,28.627132528244047
2017-05-20 17:00:00,0.972,6.264,22.0,0.0,42.16666666652,2.0,0.0,0.0,5.555555555555555,-27.236,22.728051382349562
2017-05-20 18:00:00,0.612,3.51,0.0,0.0,42.16666666652,2.0,0.0,0.0,5.555555555555555,-2.122,16.899759210205815
2017-05-20 19:00:00,0.0,3.618,22.0,0.0,19.249999999779998,2.0,0.0,0.0,5.555555555555555,-23.618,11.141406544127788
2017-05-20 20:00:00,0.0,3.24,18.47999999972966,0.0,0.0,2.0,0.0,0.0,5.555555555555555,-19.71999999972966,5.452154110042699
2017-05-20 21:00:00,0.0,2.97,0.0,0.0,0.0,2.0,0.16882729483336986,0.0,5.386728260722186,-0.8011727051666302,0.0
2017-05-20 22:00:00,0.0,2.97,0.0,0.0,0.0,2.0,5.555555555555555,0.0,0.0,4.585555555555555,0.0
2017-05-20 23:00:00,0.0,3.132,0.0,0.0,0.0,2.0,5.555555555555555,0.0,0.0,4.423555555555556,0.0
2017-05-21 00:00:00,0.0,3.834,0.0,0.0,0.0,2.0,5.555555555555555,0.0,0.0,3.7215555555555553,0.0
2017-05-21 01:00:00,0.0,3.348,0.0,22.0,21.119999999999997,2.0,5.555555555555555,8.138716421833657,0.0,34.346271977389215,7.9759420933969825
2017-05-21 02:00:00,0.0,3.402,0.0,22.0,42.239999999999995,2.0,5.555555555555555,24.0,0.0,50.153555555555556,31.400230788276218
2017-05-21 03:00:00,0.324,4.05,0.0,22.0,63.35999999999999,2.0,5.555555555555555,24.0,0.0,49.18155555555556,54.543428018816904
2017-05-21 04:00:00,1.116,4.968,0.0,22.0,84.47999999999999,2.0,5.555555555555555,24.0,0.0,47.471555555555554,77.4089068825911
2017-05-21 05:00:00,2.448,7.344,0.0,3.6666666666666776,88.0,2.0,5.555555555555555,24.0,0.0,25.430222222222234,100.0
2017-05-21 06:00:00,8.028,8.802,0.0,0.0,88.0,2.0,5.555555555555555,1.2244897959183703,0.0,-8.049954648526073,100.0
2017-05-21 07:00:00,13.824,11.718,0.0,0.0,88.0,2.0,0.0,0.0,5.555555555555555,-23.542,93.24444444444444
2017-05-21 08:00:00,18.684,14.094,22.0,0.0,65.08333333326,2.0,0.0,0.0,5.555555555555555,-52.778000000000006,86.56995555555555
2017-05-21 09:00:00,22.212,15.336,22.0,0.0,42.16666666652,2.0,0.0,0.0,5.555555555555555,-57.548,79.97556053333332
2017-05-21 10:00:00,24.228,16.038,16.82559999980536,0.0,24.64,2.0,0.0,0.0,5.555555555555555,-55.09159999980536,73.46029825137776
2017-05-21 11:00:00,24.372,15.93,0.0,0.0,24.64,2.0,0.0,0.0,5.555555555555555,-38.302,67.02321911680568
2017-05-21 12:00:00,22.572,12.312,0.0,22.0,45.76,2.0,5.555555555555555,11.418333056313353,0.0,6.089888611868911,77.4089068825911
2017-05-21 13:00:00,20.016,11.826,0.0,22.0,66.88,2.0,5.555555555555555,24.0,0.0,21.71355555555556,100.0
2017-05-21 14:00:00,16.164,10.152,0.0,22.0,88.0,2.0,5.555555555555555,1.2244897959183703,0.0,4.464045351473921,100.0
2017-05-21 15:00:00,11.196,7.722,0.0,0.0,88.0,2.0,0.0,0.0,5.555555555555555,-16.918,93.24444444444444
2017-05-21 16:00:00,5.4,5.616,0.0,0.0,88.0,2.0,0.0,0.0,5.555555555555555,-9.016,86.56995555555555
2017-05-21 17:00:00,0.9,3.348,18.47999999972965,0.0,68.75000000022001,2.0,0.0,0.0,5.555555555555555,-20.72799999972965,79.97556053333332
2017-05-21 18:00:00,0.612,1.836,22.0,0.0,45.833333333480006,2.0,0.0,0.0,5.555555555555555,-22.447999999999997,73.46029825137776
2017-05-21 19:00:00,0.0,1.836,22.0,0.0,22.916666666740003,2.0,0.0,0.0,5.555555555555555,-21.836,67.02321911680568
2017-05-21 20:00:00,0.0,1.62,22.0,0.0,0.0,2.0,0.0,0.0,5.555555555555555,-21.62,60.663384931848455
2017-05-21 21:00:00,0.0,1.566,0.0,0.0,0.0,2.0,0.0,0.0,5.555555555555555,0.43399999999999994,54.379868757110714
2017-05-21 22:00:00,0.0,1.566,0.0,3.66666666666667,3.520000000000003,2.0,0.0,0.0,5.555555555555555,4.10066666666667,48.171754776469825
2017-05-21 23:00:00,0.0,1.458,0.0,22.0,24.64,2.0,5.555555555555555,0.0,0.0,28.09755555555556,47.593693719152185
2017-05-22 00:00:00,0.0,1.08,0.0,22.0,45.76,2.0,5.555555555555555,7.674345534994436,0.0,36.149901090549996,54.543428018816904
2017-05-22 01:00:00,0.0,1.026,0.0,22.0,66.88,2.0,5.555555555555555,24.0,0.0,52.529555555555554,77.4089068825911
2017-05-22 02:00:00,0.0,1.026,0.0,22.0,88.0,2.0,5.555555555555555,24.0,0.0,52.529555555555554,100.0
2017-05-22 03:00:00,0.36,1.026,0.0,0.0,88.0,2.0,5.555555555555555,1.2244897959183703,0.0,7.394045351473927,100.0
2017-05-22 04:00:00,1.26,1.08,0.0,0.0,88.0,2.0,0.0,0.0,5.555555555555555,-0.3400000000000001,93.24444444444444
2017-05-22 05:00:00,2.556,1.188,0.0,0.0,88.0,2.0,0.0,0.0,5.555555555555555,-1.744,86.56995555555555
2017-05-22 06:00:00,7.848,0.756,22.0,0.0,65.08333333326,2.0,0.0,0.0,5.555555555555555,-28.604,79.97556053333332
2017-05-22 07:00:00,13.464,1.026,0.0,0.0,65.08333333326,2.0,0.0,0.0,5.555555555555555,-12.49,73.46029825137776
2017-05-22 08:00:00,18.396,1.296,0.0,0.0,65.08333333326,2.0,0.0,0.0,5.555555555555555,-17.692,67.02321911680568
2017-05-22 09:00:00,22.032,1.728,0.0,0.0,65.08333333326,2.0,0.0,0.0,5.555555555555555,-21.76,60.663384931848455
2017-05-22 10:00:00,24.156,2.322,0.0,0.0,65.08333333326,2.0,0.0,0.0,5.555555555555555,-24.477999999999998,54.379868757110714
2017-05-22 11:00:00,24.624,3.024,0.0,0.0,65.08333333326,2.0,0.0,0.0,5.555555555555555,-25.648,48.171754776469825
2017-05-22 12:00:00,23.508,2.43,0.0,1.8715277778541615,66.88,2.0,0.0,0.0,5.555555555555555,-22.066472222145837,42.03813816359663
2017-05-22 13:00:00,20.88,2.754,0.0,0.0,66.88,2.0,0.0,0.0,5.555555555555555,-21.634,35.97812495007791
2017-05-22 14:00:00,16.812,2.646,0.0,22.0,88.0,2.0,4.788540720680116,0.0,0.7670148348754395,9.330540720680116,34.779372615801535
2017-05-22 15:00:00,11.484,1.998,0.0,0.0,88.0,2.0,0.0,0.0,5.555555555555555,-11.482,28.806464588856358
2017-05-22 16:00:00,5.4,1.512,22.0,0.0,65.08333333326,2.0,0.0,0.0,5.555555555555555,-26.912,22.905231458234528
2017-05-22 17:00:00,0.9,0.918,22.0,0.0,42.16666666652,2.0,0.0,0.0,5.555555555555555,-21.817999999999998,17.074813125180157
2017-05-22 18:00:00,0.612,0.486,22.0,0.0,19.249999999779998,2.0,0.0,0.0,5.555555555555555,-21.098,11.314359812122438
2017-05-22 19:00:00,0.0,0.432,18.47999999972966,0.0,0.0,2.0,0.0,0.0,5.555555555555555,-16.91199999972966,5.623031938821413
2017-05-22 20:00:00,0.0,0.432,0.0,0.0,0.0,2.0,0.0,0.0,5.555555555555555,1.568,0.0
2017-05-22 21:00:00,0.0,0.486,0.0,0.0,0.0,2.0,5.555555555555555,0.0,0.0,7.069555555555556,0.0
2017-05-22 22:00:00,0.0,0.648,0.0,0.0,0.0,2.0,5.555555555555555,0.0,0.0,6.907555555555556,0.0
2017-05-22 23:00:00,0.0,0.756,0.0,3.66666666666667,3.520000000000003,2.0,5.555555555555555,0.0,0.0,10.466222222222225,0.0
2017-05-23 00:00:00,0.0,0.918,0.0,22.0,24.64,2.0,5.555555555555555,0.0,0.0,28.637555555555558,0.0
2017-05-23 01:00:00,0.0,0.918,0.0,22.0,45.76,2.0,5.555555555555555,24.0,0.0,52.63755555555556,23.52
2017-05-23 02:00:00,0.0,1.188,0.0,22.0,66.88,2.0,5.555555555555555,24.0,0.0,52.367555555555555,46.75776
2017-05-23 03:00:00,0.324,1.296,0.0,22.0,88.0,2.0,0.18371475992508657,0.0,5.371840795630469,22.563714759925087,40.824826084369526
2017-05-23 04:00:00,1.26,1.458,0.0,0.0,88.0,2.0,0.0,0.0,5.555555555555555,-0.718,34.779372615801535
2017-05-23 05:00:00,2.7,1.566,22.0,0.0,65.08333333326,2.0,0.0,0.0,5.555555555555555,-24.266,28.806464588856358
2017-05-23 06:00:00,6.264,2.484,22.0,0.0,42.16666666652,2.0,0.0,0.0,5.555555555555555,-28.748,22.905231458234528
2017-05-23 07:00:00,10.98,2.646,22.0,0.0,19.249999999779998,2.0,0.0,0.0,5.555555555555555,-33.626000000000005,17.074813125180157
2017-05-23 08:00:00,14.832,2.7,18.47999999972966,0.0,0.0,2.0,0.0,0.0,5.555555555555555,-34.01199999972966,11.314359812122438
2017-05-23 09:00:00,15.336,2.538,0.0,0.0,0.0,2.0,0.0,0.0,5.555555555555555,-15.874,5.623031938821413
2017-05-23 10:00:00,16.056,3.24,0.0,0.0,0.0,2.0,0.0,0.0,5.555555555555555,-17.296,0.0
2017-05-23 11:00:00,15.444,4.752,0.0,3.743055555708345,3.593333333480011,2.0,5.555555555555555,0.0,0.0,-8.8973888887361,0.0
2017-05-23 12:00:00,14.148,8.37,0.0,0.0,3.593333333480011,2.0,5.555555555555555,0.0,0.0,-14.962444444444444,0.0
2017-05-23 13:00:00,4.104,7.074,0.0,22.0,24.71333333348001,2.0,5.555555555555555,0.0,0.0,18.37755555555556,0.0
2017-05-23 14:00:00,3.816,8.64,0.0,22.0,45.833333333480006,2.0,5.555555555555555,17.423278699163426,0.0,34.52283425471898,17.074813125180157
2017-05-23 15:00:00,2.628,10.314,0.0,0.0,45.833333333480006,2.0,0.0,0.0,5.555555555555555,-10.942,11.314359812122438
2017-05-23 16:00:00,2.304,12.798,22.0,0.0,22.916666666740003,2.0,0.0,0.0,5.555555555555555,-35.102000000000004,5.623031938821413
2017-05-23 17:00:00,1.296,15.606,22.0,0.0,0.0,2.0,0.0,0.0,5.555555555555555,-36.902,0.0
2017-05-23 18:00:00,0.504,19.764,0.0,0.0,0.0,2.0,5.555555555555555,0.0,0.0,-12.712444444444444,0.0
2017-05-23 19:00:00,0.0,22.356,0.0,0.0,0.0,2.0,5.555555555555555,0.0,0.0,-14.800444444444446,0.0
2017-05-23 20:00:00,0.0,24.03,0.0,0.0,0.0,2.0,5.555555555555555,0.0,0.0,-16.474444444444444,0.0
2017-05-23 21:00:00,0.0,23.544,0.0,0.0,0.0,2.0,5.555555555555555,0.0,0.0,-15.988444444444445,0.0
2017-05-23 22:00:00,0.0,23.706,0.0,22.0,21.119999999999997,2.0,5.555555555555555,24.0,0.0,29.849555555555558,23.52
2017-05-23 23:00:00,0.0,23.814,0.0,3.66666666666667,24.64,2.0,5.3276887740132635,0.0,0.22786678154229278,-12.819644559320068,23.009893218457705
2017-05-24 00:00:00,0.0,21.546,0.0,22.0,45.76,2.0,5.555555555555555,24.0,0.0,32.00955555555556,46.25377449983621
2017-05-24 01:00:00,0.0,21.222,0.0,22.0,66.88,2.0,5.555555555555555,24.0,0.0,32.333555555555556,69.21872920583817
2017-05-24 02:00:00,0.0,20.79,0.0,22.0,88.0,2.0,5.555555555555555,24.0,0.0,32.76555555555556,91.9081044553681
2017-05-24 03:00:00,0.216,21.114,0.0,0.0,88.0,2.0,0.0,0.0,5.555555555555555,-19.330000000000002,85.24965164634813
2017-05-24 04:00:00,1.008,22.626,0.0,0.0,88.0,2.0,0.0,0.0,5.555555555555555,-21.634,78.6711002710364
2017-05-24 05:00:00,2.052,24.3,22.0,0.0,65.08333333326,2.0,0.0,0.0,5.555555555555555,-46.352,72.1714915122284
2017-05-24 06:00:00,6.156,24.516,22.0,0.0,42.16666666652,2.0,0.0,0.0,5.555555555555555,-50.672,65.74987805852611
2017-05-24 07:00:00,11.124,22.68,22.0,0.0,19.249999999779998,2.0,0.0,0.0,5.555555555555555,-53.804,59.40532396626824
2017-05-24 08:00:00,15.66,21.546,0.0,0.0,19.249999999779998,2.0,0.0,0.0,5.555555555555555,-35.206,53.136904523117465
2017-05-24 09:00:00,18.936,21.438,18.47999999972966,0.0,0.0,2.0,0.0,0.0,5.555555555555555,-56.85399999972966,46.9437061132845
2017-05-24 10:00:00,21.024,20.898,0.0,0.0,0.0,2.0,0.0,0.0,5.555555555555555,-39.922,40.824826084369526
2017-05-24 11:00:00,22.068,19.926,0.0,0.0,0.0,2.0,0.0,0.0,5.555555555555555,-39.994,34.779372615801535
2017-05-24 12:00:00,20.808,17.82,0.0,0.0,0.0,2.0,0.0,0.0,5.555555555555555,-36.628,28.806464588856358
2017-05-24 13:00:00,18.936,18.522,0.0,22.0,21.119999999999997,2.0,0.0,0.0,5.555555555555555,-13.457999999999998,22.905231458234528
2017-05-24 14:00:00,15.084,19.17,0.0,1.8715277778541726,22.916666666740003,2.0,0.0,0.0,5.555555555555555,-30.38247222214583,17.074813125180157
2017-05-24 15:00:00,10.656,18.522,0.0,0.0,22.916666666740003,2.0,0.0,0.0,5.555555555555555,-27.177999999999997,11.314359812122438
2017-05-24 16:00:00,5.328,18.09,0.0,0.0,22.916666666740003,2.0,0.0,0.0,5.555555555555555,-21.418,5.623031938821413
2017-05-24 17:00:00,1.08,16.2,22.0,0.0,0.0,2.0,0.0,0.0,5.555555555555555,-37.28,0.0
2017-05-24 18:00:00,0.684,16.254,0.0,0.0,0.0,2.0,5.555555555555555,0.0,0.0,-9.382444444444445,0.0
2017-05-24 19:00:00,0.0,16.902,0.0,0.0,0.0,2.0,5.555555555555555,0.0,0.0,-9.346444444444446,0.0
2017-05-24 20:00:00,0.0,19.062,0.0,0.0,0.0,2.0,5.555555555555555,0.0,0.0,-11.506444444444446,0.0
2017-05-24 21:00:00,0.0,18.684,0.0,0.0,0.0,2.0,5.555555555555555,0.0,0.0,-11.128444444444446,0.0
2017-05-24 22:00:00,0.0,18.468,0.0,0.0,0.0,2.0,5.555555555555555,0.0,0.0,-10.912444444444445,0.0
2017-05-24 23:00:00,0.0,17.55,0.0,0.0,0.0,2.0,5.555555555555555,0.0,0.0,-9.994444444444445,0.0
2017-05-25 00:00:00,0.0,14.31,0.0,22.0,21.119999999999997,2.0,5.555555555555555,0.0,0.0,15.245555555555557,0.0
2017-05-25 01:00:00,0.0,14.094,0.0,22.0,42.239999999999995,2.0,5.555555555555555,0.0,0.0,15.461555555555558,0.0
2017-05-25 02:00:00,0.0,14.256,0.0,22.0,63.35999999999999,2.0,5.555555555555555,24.0,0.0,39.29955555555556,23.52
2017-05-25 03:00:00,0.36,14.418,0.0,0.0,63.35999999999999,2.0,5.555555555555555,0.0,0.0,-7.222444444444444,23.237759999999998
2017-05-25 04:00:00,1.224,15.984,0.0,0.0,63.35999999999999,2.0,5.555555555555555,0.0,0.0,-9.652444444444445,22.958906879999997
2017-05-25 05:00:00,2.556,17.226,0.0,0.0,63.35999999999999,2.0,0.0,0.0,5.555555555555555,-17.782,17.12784444188444
2017-05-25 06:00:00,7.308,16.416,22.0,0.0,40.443333333259986,2.0,0.0,0.0,5.555555555555555,-43.724,11.366754753026273
2017-05-25 07:00:00,12.672,17.172,13.446399999816151,0.0,26.436666666740006,2.0,0.0,0.0,5.555555555555555,-41.29039999981615,5.674798140434403
2017-05-25 08:00:00,17.928,17.442,0.0,0.0,26.436666666740006,2.0,5.555555555555555,0.0,0.0,-27.814444444444447,5.6067005627491895
2017-05-25 09:00:00,21.6,16.848,22.0,0.0,3.520000000000003,2.0,0.016135399559356303,0.0,5.539420155996199,-58.43186460044064,0.0
2017-05-25 10:00:00,23.652,16.74,0.0,0.0,3.520000000000003,2.0,5.555555555555555,0.0,0.0,-32.836444444444446,0.0
2017-05-25 11:00:00,24.156,17.118,0.0,22.0,24.64,2.0,5.555555555555555,0.0,0.0,-11.71844444444444,0.0
2017-05-25 12:00:00,23.04,15.66,0.0,22.0,45.76,2.0,5.555555555555555,0.0,0.0,-9.144444444444442,0.0
2017-05-25 13:00:00,20.448,17.064,0.0,22.0,66.88,2.0,5.555555555555555,24.0,0.0,16.043555555555557,23.52
2017-05-25 14:00:00,16.38,18.198,0.0,22.0,88.0,2.0,5.555555555555555,24.0,0.0,18.977555555555558,46.75776
2017-05-25 15:00:00,11.232,18.306,18.47999999972965,0.0,68.75000000022001,2.0,0.0,0.0,5.555555555555555,-46.01799999972965,40.64111132444444
2017-05-25 16:00:00,5.328,17.928,22.0,0.0,45.833333333480006,2.0,0.0,0.0,5.555555555555555,-43.256,34.59786243299555
2017-05-25 17:00:00,1.008,17.064,22.0,0.0,22.916666666740003,2.0,0.0,0.0,5.555555555555555,-38.072,28.627132528244047
2017-05-25 18:00:00,0.684,14.634,0.0,0.0,22.916666666740003,2.0,0.0,0.0,5.555555555555555,-13.318,22.728051382349562
2017-05-25 19:00:00,0.036,15.336,22.0,0.0,0.0,2.0,0.0,0.0,5.555555555555555,-35.372,16.899759210205815
2017-05-25 20:00:00,0.0,15.606,0.0,0.0,0.0,2.0,0.0,0.0,5.555555555555555,-13.606,11.141406544127788
2017-05-25 21:00:00,0.0,15.552,0.0,0.0,0.0,2.0,0.0,0.0,5.555555555555555,-13.552,5.452154110042699
2017-05-25 22:00:00,0.0,14.796,0.0,3.66666666666667,3.520000000000003,2.0,0.16882729483336986,0.0,5.386728260722186,-8.960506038499961,0.0
2017-05-25 23:00:00,0.0,13.23,0.0,22.0,24.64,2.0,5.555555555555555,0.0,0.0,16.325555555555557,0.0
2017-05-26 00:00:00,0.0,11.016,0.0,22.0,45.76,2.0,5.555555555555555,24.0,0.0,42.53955555555556,23.52
2017-05-26 01:00:00,0.0,9.774,0.0,22.0,66.88,2.0,5.555555555555555,24.0,0.0,43.781555555555556,46.75776
2017-05-26 02:00:00,0.0,8.586,0.0,22.0,88.0,2.0,5.555555555555555,24.0,0.0,44.96955555555556,69.71666687999999
2017-05-26 03:00:00,0.36,7.398,0.0,0.0,88.0,2.0,0.0,0.0,5.555555555555555,-5.758,63.32451132188443
2017-05-26 04:00:00,1.224,6.372,0.0,0.0,88.0,2.0,0.0,0.0,5.555555555555555,-5.596,57.009061630466256
2017-05-26 05:00:00,2.592,4.914,22.0,0.0,65.08333333326,2.0,0.0,0.0,5.555555555555555,-27.506,50.769397335345104
2017-05-26 06:00:00,7.524,2.43,22.0,0.0,42.16666666652,2.0,0.0,0.0,5.555555555555555,-29.954,44.604609011765405
2017-05-26 07:00:00,13.284,2.592,22.0,0.0,19.249999999779998,2.0,0.0,0.0,5.555555555555555,-35.876,38.51379814806866
2017-05-26 08:00:00,18.108,3.186,18.47999999972966,0.0,0.0,2.0,0.0,0.0,5.555555555555555,-37.77399999972966,32.49607701473628
2017-05-26 09:00:00,21.528,3.78,0.0,0.0,0.0,2.0,0.0,0.0,5.555555555555555,-23.308,26.550568535003883
2017-05-26 10:00:00,23.436,4.212,0.0,3.66666666666667,3.520000000000003,2.0,0.0,0.0,5.555555555555555,-21.981333333333332,20.676406157028282
2017-05-26 11:00:00,23.904,4.32,0.0,22.0,24.64,2.0,0.0,0.0,5.555555555555555,-4.224,14.872733727588388
2017-05-26 12:00:00,22.824,3.186,0.0,22.0,45.76,2.0,5.555555555555555,24.0,0.0,27.545555555555556,38.21426092285733
2017-05-26 13:00:00,20.304,3.186,0.0,22.0,66.88,2.0,5.555555555555555,15.695117072790229,0.0,21.760672628345784,53.136904523117465
2017-05-26 14:00:00,16.344,2.916,0.0,22.0,88.0,2.0,0.0,0.0,5.555555555555555,4.739999999999998,46.9437061132845
2017-05-26 15:00:00,11.196,2.592,0.0,0.0,88.0,2.0,0.0,0.0,5.555555555555555,-11.788,40.824826084369526
2017-05-26 16:00:00,5.328,2.268,0.0,0.0,88.0,2.0,0.0,0.0,5.555555555555555,-5.596,34.779372615801535
2017-05-26 17:00:00,0.972,1.728,22.0,0.0,65.08333333326,2.0,0.0,0.0,5.555555555555555,-22.700000000000003,28.806464588856358
2017-05-26 18:00:00,0.648,1.188,22.0,0.0,42.16666666652,2.0,0.0,0.0,5.555555555555555,-21.836,22.905231458234528
2017-05-26 19:00:00,0.036,1.08,22.0,0.0,19.249999999779998,2.0,0.0,0.0,5.555555555555555,-21.116,17.074813125180157
2017-05-26 20:00:00,0.0,0.918,18.47999999972966,0.0,0.0,2.0,0.0,0.0,5.555555555555555,-17.39799999972966,11.314359812122438
2017-05-26 21:00:00,0.0,0.81,0.0,0.0,0.0,2.0,0.0,0.0,5.555555555555555,1.19,5.623031938821413
2017-05-26 22:00:00,0.0,0.756,0.0,0.0,0.0,2.0,0.0,0.0,5.555555555555555,1.244,0.0
2017-05-26 23:00:00,0.0,0.702,0.0,0.0,0.0,2.0,5.555555555555555,0.0,0.0,6.853555555555555,0.0
2017-05-27 00:00:00,0.0,0.648,0.0,0.0,0.0,2.0,5.555555555555555,0.0,0.0,6.907555555555556,0.0
2017-05-27 01:00:00,0.0,0.648,0.0,22.0,21.119999999999997,2.0,5.555555555555555,0.0,0.0,28.907555555555557,0.0
2017-05-27 02:00:00,0.0,0.756,0.0,22.0,42.239999999999995,2.0,5.555555555555555,0.0,0.0,28.799555555555557,0.0
2017-05-27 03:00:00,0.468,0.972,0.0,22.0,63.35999999999999,2.0,5.555555555555555,23.372685161463806,0.0,51.48824071701936,22.905231458234528
2017-05-27 04:00:00,1.188,1.134,0.0,5.614583333562521,68.75000000022001,2.0,0.0,0.0,5.555555555555555,5.292583333562521,17.074813125180157
2017-05-27 05:00:00,2.448,1.458,22.0,0.0,45.833333333480006,2.0,0.0,0.0,5.555555555555555,-23.906,11.314359812122438
2017-05-27 06:00:00,7.74,1.35,22.0,0.0,22.916666666740003,2.0,0.0,0.0,5.555555555555555,-29.090000000000003,5.623031938821413
2017-05-27 07:00:00,13.212,1.836,22.0,0.0,0.0,2.0,0.0,0.0,5.555555555555555,-35.048,0.0
2017-05-27 08:00:00,17.856,2.16,0.0,0.0,0.0,2.0,5.555555555555555,0.0,0.0,-12.460444444444446,0.0
2017-05-27 09:00:00,21.24,2.43,0.0,0.0,0.0,2.0,5.555555555555555,0.0,0.0,-16.114444444444445,0.0
2017-05-27 10:00:00,23.184,2.754,0.0,3.66666666666667,3.520000000000003,2.0,5.555555555555555,0.0,0.0,-14.715777777777776,0.0
2017-05-27 11:00:00,23.652,3.294,0.0,22.0,24.64,2.0,5.555555555555555,0.0,0.0,2.6095555555555556,0.0
2017-05-27 12:00:00,22.608,2.322,0.0,22.0,45.76,2.0,5.555555555555555,0.0,0.0,4.625555555555557,0.0
2017-05-27 13:00:00,20.16,3.294,0.0,22.0,66.88,2.0,5.555555555555555,5.459870062026313,0.0,11.561425617581868,5.350672660785787
2017-05-27 14:00:00,16.272,4.536,0.0,22.0,88.0,2.0,5.555555555555555,24.0,0.0,32.74755555555556,28.806464588856358
2017-05-27 15:00:00,11.124,5.292,22.0,0.0,65.08333333326,2.0,0.0,0.0,5.555555555555555,-36.416000000000004,22.905231458234528
2017-05-27 16:00:00,5.292,5.022,22.0,0.0,42.16666666652,2.0,0.0,0.0,5.555555555555555,-30.314,17.074813125180157
2017-05-27 17:00:00,0.9,4.914,22.0,0.0,19.249999999779998,2.0,0.0,0.0,5.555555555555555,-25.814,11.314359812122438
2017-05-27 18:00:00,0.612,3.996,18.47999999972966,0.0,0.0,2.0,0.0,0.0,5.555555555555555,-21.087999999729657,5.623031938821413
2017-05-27 19:00:00,0.036,6.264,0.0,0.0,0.0,2.0,0.0,0.0,5.555555555555555,-4.3,0.0
2017-05-27 20:00:00,0.0,7.992,0.0,0.0,0.0,2.0,5.555555555555555,0.0,0.0,-0.43644444444444463,0.0
2017-05-27 21:00:00,0.0,8.154,0.0,0.0,0.0,2.0,5.555555555555555,0.0,0.0,-0.5984444444444446,0.0
2017-05-27 22:00:00,0.0,8.964,0.0,0.0,0.0,2.0,5.555555555555555,0.0,0.0,-1.408444444444445,0.0
2017-05-27 23:00:00,0.0,10.044,0.0,22.0,21.119999999999997,2.0,5.555555555555555,11.457867434383722,0.0,30.96942298993928,11.228710085696047
2017-05-28 00:00:00,0.0,13.554,16.895999999945925,0.0,3.520000000000003,2.0,0.0,0.0,5.555555555555555,-28.44999999994593,5.538410009112138
2017-05-28 01:00:00,0.0,13.77,0.0,22.0,24.64,2.0,5.555555555555555,0.0,0.0,15.785555555555558,5.471949089002793
2017-05-28 02:00:00,0.0,11.88,0.0,22.0,45.76,2.0,5.555555555555555,24.0,0.0,41.675555555555555,28.92628569993476
2017-05-28 03:00:00,0.468,9.612,0.0,22.0,66.88,2.0,5.555555555555555,24.0,0.0,43.47555555555555,52.09917027153554
2017-05-28 04:00:00,1.26,9.828,0.0,22.0,88.0,2.0,5.555555555555555,24.0,0.0,42.467555555555556,74.99398022827711
2017-05-28 05:00:00,2.628,10.422,0.0,0.0,88.0,2.0,0.0,0.0,5.555555555555555,-11.05,68.53849690998223
2017-05-28 06:00:00,7.02,10.422,0.0,0.0,88.0,2.0,0.0,0.0,5.555555555555555,-15.442,62.16047939150688
2017-05-28 07:00:00,11.52,12.204,16.82559999980536,0.0,70.47333333348,2.0,0.0,0.0,5.555555555555555,-38.54959999980536,55.85899808325324
2017-05-28 08:00:00,15.156,15.444,22.0,0.0,47.55666666674,2.0,0.0,0.0,5.555555555555555,-50.6,49.63313455069864
2017-05-28 09:00:00,18.792,19.602,22.0,0.0,24.64,2.0,0.0,0.0,5.555555555555555,-58.394000000000005,43.4819813805347
2017-05-28 10:00:00,21.06,22.302,0.0,0.0,24.64,2.0,0.0,0.0,5.555555555555555,-41.361999999999995,37.404642048412725
2017-05-28 11:00:00,22.428,24.246,0.0,0.0,24.64,2.0,0.0,0.0,5.555555555555555,-44.674,31.400230788276218
2017-05-28 12:00:00,20.124,25.218,0.0,22.0,45.76,2.0,5.555555555555555,24.0,0.0,8.213555555555558,54.543428018816904
2017-05-28 13:00:00,13.32,24.786,0.0,22.0,66.88,2.0,5.555555555555555,24.0,0.0,15.449555555555555,77.4089068825911
2017-05-28 14:00:00,8.352,23.328,0.0,22.0,88.0,2.0,5.555555555555555,24.0,0.0,21.875555555555557,100.0
2017-05-28 15:00:00,5.22,20.628,0.0,0.0,88.0,2.0,0.0,0.0,5.555555555555555,-23.848,93.24444444444444
2017-05-28 16:00:00,2.556,18.792,22.0,0.0,65.08333333326,2.0,0.0,0.0,5.555555555555555,-41.348,86.56995555555555
2017-05-28 17:00:00,1.044,17.658,22.0,0.0,42.16666666652,2.0,0.0,0.0,5.555555555555555,-38.702,79.97556053333332
2017-05-28 18:00:00,0.504,15.768,22.0,0.0,19.249999999779998,2.0,0.0,0.0,5.555555555555555,-36.272,73.46029825137776
2017-05-28 19:00:00,0.036,16.848,18.47999999972966,0.0,0.0,2.0,0.0,0.0,5.555555555555555,-33.36399999972966,67.02321911680568
2017-05-28 20:00:00,0.0,17.496,0.0,0.0,0.0,2.0,0.0,0.0,5.555555555555555,-15.495999999999999,60.663384931848455
2017-05-28 21:00:00,0.0,17.28,0.0,0.0,0.0,2.0,0.0,0.0,5.555555555555555,-15.280000000000001,54.379868757110714
2017-05-28 22:00:00,0.0,17.064,0.0,22.0,21.119999999999997,2.0,0.0,0.0,5.555555555555555,6.936,48.171754776469825
2017-05-28 23:00:00,0.0,16.092,0.0,22.0,42.239999999999995,2.0,5.555555555555555,24.0,0.0,37.46355555555556,71.11369371915218
2017-05-29 00:00:00,0.0,11.286,0.0,22.0,63.35999999999999,2.0,5.555555555555555,24.0,0.0,42.269555555555556,93.78032939452235
2017-05-29 01:00:00,0.0,8.694,0.0,22.0,84.47999999999999,2.0,5.555555555555555,7.494933222665225,0.0,28.35648877822078,100.0
2017-05-29 02:00:00,0.0,6.912,0.0,3.6666666666666776,88.0,2.0,5.555555555555555,1.2244897959183703,0.0,5.5347120181406035,100.0
2017-05-29 03:00:00,0.108,7.128,0.0,0.0,88.0,2.0,5.555555555555555,1.2244897959183703,0.0,1.5440453514739265,100.0
2017-05-29 04:00:00,0.504,6.534,0.0,0.0,88.0,2.0,0.0,0.0,5.555555555555555,-5.038,93.24444444444444
2017-05-29 05:00:00,1.116,5.184,15.100799999740468,0.0,72.27000000022001,2.0,0.0,0.0,5.555555555555555,-19.400799999740467,86.56995555555555
2017-05-29 06:00:00,1.98,3.456,22.0,0.0,49.35333333348001,2.0,0.0,0.0,5.555555555555555,-25.436,79.97556053333332
2017-05-29 07:00:00,3.42,2.43,22.0,0.0,26.436666666740006,2.0,0.0,0.0,5.555555555555555,-25.85,73.46029825137776
2017-05-29 08:00:00,5.904,2.16,22.0,0.0,3.520000000000003,2.0,0.0,0.0,5.555555555555555,-28.064,67.02321911680568
2017-05-29 09:00:00,9.648,2.484,0.0,0.0,3.520000000000003,2.0,0.0,0.0,5.555555555555555,-10.132,60.663384931848455
2017-05-29 10:00:00,12.384,3.348,0.0,0.0,3.520000000000003,2.0,0.0,0.0,5.555555555555555,-13.732,54.379868757110714
2017-05-29 11:00:00,14.112,4.698,0.0,22.0,24.64,2.0,0.0,0.0,5.555555555555555,5.1899999999999995,48.171754776469825
2017-05-29 12:00:00,12.852,4.212,0.0,22.0,45.76,2.0,0.0,0.0,5.555555555555555,6.936,42.03813816359663
2017-05-29 13:00:00,11.628,3.294,0.0,22.0,66.88,2.0,0.0,0.0,5.555555555555555,9.078,35.97812495007791
2017-05-29 14:00:00,10.188,2.214,0.0,22.0,88.0,2.0,0.0,0.0,5.555555555555555,11.598,29.990831895121417
2017-05-29 15:00:00,7.704,1.566,18.47999999972965,0.0,68.75000000022001,2.0,0.0,0.0,5.555555555555555,-25.749999999729653,24.075386356824403
2017-05-29 16:00:00,4.32,1.35,22.0,0.0,45.833333333480006,2.0,0.0,0.0,5.555555555555555,-25.67,18.230926164986954
2017-05-29 17:00:00,1.548,1.296,22.0,0.0,22.916666666740003,2.0,0.0,0.0,5.555555555555555,-22.844,12.456599495451554
2017-05-29 18:00:00,0.828,1.242,22.0,0.0,0.0,2.0,0.0,0.0,5.555555555555555,-22.07,6.75156474595058
2017-05-29 19:00:00,0.072,0.918,0.0,0.0,0.0,2.0,0.0,0.0,5.555555555555555,1.0099999999999998,1.1149904134436168
2017-05-29 20:00:00,0.0,0.648,0.0,0.0,0.0,2.0,4.453945027073262,0.0,1.1016105284822935,5.805945027073263,0.0
2017-05-29 21:00:00,0.0,0.54,0.0,0.0,0.0,2.0,5.555555555555555,0.0,0.0,7.015555555555555,0.0
2017-05-29 22:00:00,0.0,0.594,0.0,3.66666666666667,3.520000000000003,2.0,5.555555555555555,0.0,0.0,10.628222222222226,0.0
2017-05-29 23:00:00,0.0,0.756,0.0,22.0,24.64,2.0,5.555555555555555,24.0,0.0,52.79955555555556,23.52
2017-05-30 00:00:00,0.0,1.08,0.0,22.0,45.76,2.0,5.555555555555555,24.0,0.0,52.47555555555556,46.75776
2017-05-30 01:00:00,0.0,1.134,0.0,22.0,66.88,2.0,5.555555555555555,24.0,0.0,52.42155555555556,69.71666687999999
2017-05-30 02:00:00,0.0,1.026,0.0,22.0,88.0,2.0,5.555555555555555,24.0,0.0,52.529555555555554,92.40006687743998
2017-05-30 03:00:00,0.324,1.026,0.0,0.0,88.0,2.0,0.0,0.0,5.555555555555555,0.6499999999999999,85.73571051935515
2017-05-30 04:00:00,1.152,1.404,0.0,0.0,88.0,2.0,0.0,0.0,5.555555555555555,-0.5559999999999998,79.15132643756733
2017-05-30 05:00:00,2.016,1.89,22.0,0.0,65.08333333326,2.0,0.0,0.0,5.555555555555555,-23.906,72.64595496476097
2017-05-30 06:00:00,3.24,2.214,22.0,0.0,42.16666666652,2.0,0.0,0.0,5.555555555555555,-25.454,66.21864794962829
2017-05-30 07:00:00,4.644,2.538,22.0,0.0,19.249999999779998,2.0,0.0,0.0,5.555555555555555,-27.182000000000002,59.8684686186772
2017-05-30 08:00:00,7.2,2.862,18.47999999972966,0.0,0.0,2.0,0.0,0.0,5.555555555555555,-26.541999999729658,53.594491439697514
2017-05-30 09:00:00,9.864,3.618,0.0,0.0,0.0,2.0,0.0,0.0,5.555555555555555,-11.482000000000001,47.395801986865585
2017-05-30 10:00:00,12.06,4.806,0.0,0.0,0.0,2.0,0.0,0.0,5.555555555555555,-14.866,41.27149680746764
2017-05-30 11:00:00,12.996,6.75,0.0,0.0,0.0,2.0,0.0,0.0,5.555555555555555,-17.746000000000002,35.220683290222475
2017-05-30 12:00:00,12.24,7.506,0.0,0.0,0.0,2.0,0.0,0.0,5.555555555555555,-17.746000000000002,29.242479535184245
2017-05-30 13:00:00,10.224,9.288,0.0,22.0,21.119999999999997,2.0,0.0,0.0,5.555555555555555,4.4879999999999995,23.336014225206476
2017-05-30 14:00:00,9.072,10.314,0.0,22.0,42.239999999999995,2.0,5.555555555555555,5.867839320767712,0.0,16.037394876323273,28.806464588856358
2017-05-30 15:00:00,6.696,10.962,0.0,22.0,63.35999999999999,2.0,0.0,0.0,5.555555555555555,6.3420000000000005,22.905231458234528
2017-05-30 16:00:00,3.78,11.718,22.0,0.0,40.443333333259986,2.0,0.0,0.0,5.555555555555555,-35.498,17.074813125180157
2017-05-30 17:00:00,1.512,11.934,22.0,0.0,17.526666666519983,2.0,0.0,0.0,5.555555555555555,-33.446,11.314359812122438
2017-05-30 18:00:00,0.612,11.016,16.82559999980534,0.0,0.0,2.0,0.0,0.0,5.555555555555555,-26.453599999805338,5.623031938821413
2017-05-30 19:00:00,0.072,11.178,0.0,0.0,0.0,2.0,0.0,0.0,5.555555555555555,-9.25,0.0
2017-05-30 20:00:00,0.0,14.58,0.0,0.0,0.0,2.0,5.555555555555555,0.0,0.0,-7.024444444444445,0.0
2017-05-30 21:00:00,0.0,17.01,0.0,0.0,0.0,2.0,5.555555555555555,0.0,0.0,-9.454444444444446,0.0
2017-05-30 22:00:00,0.0,20.466,0.0,0.0,0.0,2.0,5.555555555555555,0.0,0.0,-12.910444444444446,0.0
2017-05-30 23:00:00,0.0,23.976,0.0,22.0,21.119999999999997,2.0,5.555555555555555,0.0,0.0,5.579555555555558,0.0
2017-05-31 00:00:00,0.0,30.942,0.0,22.0,42.239999999999995,2.0,5.555555555555555,0.0,0.0,-1.386444444444443,0.0
2017-05-31 01:00:00,0.0,34.236,0.0,22.0,63.35999999999999,2.0,5.555555555555555,24.0,0.0,19.31955555555556,23.52
2017-05-31 02:00:00,0.0,33.858,0.0,22.0,84.47999999999999,2.0,5.555555555555555,24.0,0.0,19.69755555555556,46.75776
2017-05-31 03:00:00,0.18,33.966,0.0,3.6666666666666776,88.0,2.0,5.555555555555555,0.0,0.0,-22.92377777777777,46.196666879999995
2017-05-31 04:00:00,0.792,35.262,0.0,0.0,88.0,2.0,0.0,0.0,5.555555555555555,-34.054,40.086751321884435
2017-05-31 05:00:00,1.584,36.936,22.0,0.0,65.08333333326,2.0,0.0,0.0,5.555555555555555,-58.52,34.05015475046626
2017-05-31 06:00:00,2.304,40.77,22.0,0.0,42.16666666652,2.0,0.0,0.0,5.555555555555555,-63.074000000000005,28.085997337905113
2017-05-31 07:00:00,4.284,41.418,22.0,0.0,19.249999999779998,2.0,0.0,0.0,5.555555555555555,-65.702,22.193409814294697
2017-05-31 08:00:00,6.804,42.444,18.47999999972966,0.0,0.0,2.0,0.0,0.0,5.555555555555555,-65.72799999972966,16.371533340967602
2017-05-31 09:00:00,8.208,42.282,0.0,0.0,0.0,2.0,0.0,0.0,5.555555555555555,-48.489999999999995,10.619519385320435
2017-05-31 10:00:00,9.9,41.958,0.0,0.0,0.0,2.0,0.0,0.0,5.555555555555555,-49.858,4.9365295971410355
2017-05-31 11:00:00,11.952,41.472,0.0,0.0,0.0,2.0,0.6782643135802117,0.0,4.877291241975343,-50.745735686419785,0.0
2017-05-31 12:00:00,13.068,42.336,0.0,0.0,0.0,2.0,5.555555555555555,0.0,0.0,-47.84844444444444,0.0
2017-05-31 13:00:00,13.356,40.878,0.0,0.0,0.0,2.0,5.555555555555555,0.0,0.0,-46.678444444444445,0.0
2017-05-31 14:00:00,12.744,40.5,0.0,0.0,0.0,2.0,5.555555555555555,0.0,0.0,-45.68844444444444,0.0
2017-05-31 15:00:00,9.324,39.69,0.0,0.0,0.0,2.0,5.555555555555555,0.0,0.0,-41.45844444444444,0.0
2017-05-31 16:00:00,4.716,38.664,0.0,0.0,0.0,2.0,5.555555555555555,0.0,0.0,-35.824444444444445,0.0
2017-05-31 17:00:00,1.296,37.098,0.0,0.0,0.0,2.0,5.555555555555555,0.0,0.0,-30.83844444444444,0.0
2017-05-31 18:00:00,0.792,37.044,0.0,0.0,0.0,2.0,5.555555555555555,0.0,0.0,-30.28044444444444,0.0
2017-05-31 19:00:00,0.108,33.48,0.0,0.0,0.0,2.0,5.555555555555555,0.0,0.0,-26.03244444444444,0.0
2017-05-31 20:00:00,0.0,32.184,0.0,0.0,0.0,2.0,5.555555555555555,0.0,0.0,-24.62844444444444,0.0
2017-05-31 21:00:00,0.0,31.698,0.0,0.0,0.0,2.0,5.555555555555555,0.0,0.0,-24.142444444444443,0.0
2017-05-31 22:00:00,0.0,30.564,0.0,3.66666666666667,3.520000000000003,2.0,5.555555555555555,8.138716421833657,0.0,-11.203061355944119,7.9759420933969825
2017-05-31 23:00:00,0.0,28.62,0.0,22.0,24.64,2.0,5.555555555555555,24.0,0.0,24.935555555555556,31.400230788276218
2017-06-01 00:00:00,0.0,25.326,0.0,22.0,45.76,2.0,5.555555555555555,24.0,0.0,28.229555555555557,54.543428018816904
2017-06-01 01:00:00,0.0,24.354,0.0,22.0,66.88,2.0,5.555555555555555,24.0,0.0,29.201555555555558,77.4089068825911
2017-06-01 02:00:00,0.0,22.248,0.0,22.0,88.0,2.0,5.555555555555555,24.0,0.0,31.307555555555556,100.0
2017-06-01 03:00:00,0.468,20.034,0.0,0.0,88.0,2.0,5.555555555555555,1.2244897959183703,0.0,-11.721954648526072,100.0
2017-06-01 04:00:00,1.296,19.872,0.0,0.0,88.0,2.0,5.555555555555555,1.2244897959183703,0.0,-12.387954648526073,100.0
2017-06-01 05:00:00,2.484,19.332,22.0,0.0,65.08333333326,2.0,0.0,0.0,5.555555555555555,-41.816,93.24444444444444
2017-06-01 06:00:00,7.812,18.792,22.0,0.0,42.16666666652,2.0,0.0,0.0,5.555555555555555,-46.604,86.56995555555555
2017-06-01 07:00:00,13.5,20.034,22.0,0.0,19.249999999779998,2.0,0.0,0.0,5.555555555555555,-53.534,79.97556053333332
2017-06-01 08:00:00,18.648,20.466,0.0,0.0,19.249999999779998,2.0,0.0,0.0,5.555555555555555,-37.114000000000004,73.46029825137776
2017-06-01 09:00:00,22.284,20.52,0.0,5.614583333562503,24.64,2.0,0.0,0.0,5.555555555555555,-35.189416666437495,67.02321911680568
2017-06-01 10:00:00,24.228,20.196,0.0,22.0,45.76,2.0,0.0,0.0,5.555555555555555,-20.424000000000003,60.663384931848455
2017-06-01 11:00:00,24.66,19.764,0.0,22.0,66.88,2.0,0.0,0.0,5.555555555555555,-20.424,54.379868757110714
2017-06-01 12:00:00,23.58,17.064,0.0,22.0,88.0,2.0,0.0,0.0,5.555555555555555,-16.644,48.171754776469825
2017-06-01 13:00:00,20.844,17.172,0.0,0.0,88.0,2.0,0.0,0.0,5.555555555555555,-36.016000000000005,42.03813816359663
2017-06-01 14:00:00,16.956,17.172,0.0,0.0,88.0,2.0,0.0,0.0,5.555555555555555,-32.128,35.97812495007791
2017-06-01 15:00:00,11.664,16.308,18.47999999972965,0.0,68.75000000022001,2.0,0.0,0.0,5.555555555555555,-44.45199999972965,29.990831895121417
2017-06-01 16:00:00,5.544,14.796,22.0,0.0,45.833333333480006,2.0,0.0,0.0,5.555555555555555,-40.339999999999996,24.075386356824403
2017-06-01 17:00:00,0.9,12.474,22.0,0.0,22.916666666740003,2.0,0.0,0.0,5.555555555555555,-33.374,18.230926164986954
2017-06-01 18:00:00,0.684,9.504,0.0,0.0,22.916666666740003,2.0,0.0,0.0,5.555555555555555,-8.187999999999999,12.456599495451554
2017-06-01 19:00:00,0.108,8.91,0.0,0.0,22.916666666740003,2.0,0.0,0.0,5.555555555555555,-7.018,6.75156474595058
2017-06-01 20:00:00,0.0,8.478,22.0,0.0,0.0,2.0,0.0,0.0,5.555555555555555,-28.478,1.1149904134436168
2017-06-01 21:00:00,0.0,7.614,0.0,0.0,0.0,2.0,4.453945027073262,0.0,1.1016105284822935,-1.160054972926737,0.0
2017-06-01 22:00:00,0.0,6.534,0.0,22.0,21.119999999999997,2.0,5.555555555555555,24.0,0.0,47.02155555555556,23.52
2017-06-01 23:00:00,0.0,5.238,0.0,22.0,42.239999999999995,2.0,5.555555555555555,24.0,0.0,48.31755555555556,46.75776
2017-06-02 00:00:00,0.0,5.238,0.0,22.0,63.35999999999999,2.0,5.555555555555555,24.0,0.0,48.31755555555556,69.71666687999999
2017-06-02 01:00:00,0.0,3.726,0.0,22.0,84.47999999999999,2.0,5.555555555555555,24.0,0.0,49.82955555555556,92.40006687743998
2017-06-02 02:00:00,0.0,2.7,0.0,3.6666666666666776,88.0,2.0,5.555555555555555,0.0,0.0,8.522222222222233,91.29126607491071
2017-06-02 03:00:00,0.504,1.782,0.0,0.0,88.0,2.0,5.555555555555555,10.004315426518586,0.0,15.273870982074142,100.0
2017-06-02 04:00:00,1.296,1.458,0.0,0.0,88.0,2.0,0.0,0.0,5.555555555555555,-0.754,93.24444444444444
2017-06-02 05:00:00,2.484,1.188,22.0,0.0,65.08333333326,2.0,0.0,0.0,5.555555555555555,-23.671999999999997,86.56995555555555
2017-06-02 06:00:00,7.308,1.674,22.0,0.0,42.16666666652,2.0,0.0,0.0,5.555555555555555,-28.982,79.97556053333332
2017-06-02 07:00:00,12.24,1.674,22.0,0.0,19.249999999779998,2.0,0.0,0.0,5.555555555555555,-33.914,73.46029825137776
2017-06-02 08:00:00,16.488,1.728,0.0,0.0,19.249999999779998,2.0,0.0,0.0,5.555555555555555,-16.216,67.02321911680568
2017-06-02 09:00:00,19.836,2.052,0.0,0.0,19.249999999779998,2.0,0.0,0.0,5.555555555555555,-19.887999999999998,60.663384931848455
2017-06-02 10:00:00,21.852,2.322,0.0,0.0,19.249999999779998,2.0,0.0,0.0,5.555555555555555,-22.174,54.379868757110714
2017-06-02 11:00:00,22.32,2.646,0.0,22.0,40.36999999977999,2.0,0.0,0.0,5.555555555555555,-0.9660000000000011,48.171754776469825
2017-06-02 12:00:00,20.592,2.268,0.0,22.0,61.48999999977999,2.0,4.905567949687869,0.0,0.6499876058676861,6.045567949687872,46.9437061132845
2017-06-02 13:00:00,16.992,2.484,0.0,22.0,82.60999999977999,2.0,0.0,0.0,5.555555555555555,4.523999999999997,40.824826084369526
2017-06-02 14:00:00,13.5,2.646,0.0,5.614583333562514,88.0,2.0,0.0,0.0,5.555555555555555,-8.531416666437487,34.779372615801535
2017-06-02 15:00:00,9.72,1.998,0.0,0.0,88.0,2.0,0.0,0.0,5.555555555555555,-9.718,28.806464588856358
2017-06-02 16:00:00,5.04,1.512,22.0,0.0,65.08333333326,2.0,0.0,0.0,5.555555555555555,-26.552,22.905231458234528
2017-06-02 17:00:00,1.368,1.134,22.0,0.0,42.16666666652,2.0,0.0,0.0,5.555555555555555,-22.502,17.074813125180157
2017-06-02 18:00:00,0.864,0.918,22.0,0.0,19.249999999779998,2.0,0.0,0.0,5.555555555555555,-21.782,11.314359812122438
2017-06-02 19:00:00,0.144,1.188,18.47999999972966,0.0,0.0,2.0,0.0,0.0,5.555555555555555,-17.811999999729657,5.623031938821413
2017-06-02 20:00:00,0.0,1.35,0.0,0.0,0.0,2.0,0.0,0.0,5.555555555555555,0.6499999999999999,0.0
2017-06-02 21:00:00,0.0,1.566,0.0,0.0,0.0,2.0,5.555555555555555,0.0,0.0,5.9895555555555555,0.0
2017-06-02 22:00:00,0.0,1.944,0.0,0.0,0.0,2.0,5.555555555555555,0.0,0.0,5.611555555555555,0.0
2017-06-02 23:00:00,0.0,2.214,0.0,0.0,0.0,2.0,5.555555555555555,0.0,0.0,5.341555555555555,0.0
2017-06-03 00:00:00,0.0,2.322,0.0,0.0,0.0,2.0,5.555555555555555,0.0,0.0,5.233555555555555,0.0
2017-06-03 01:00:00,0.0,2.538,0.0,0.0,0.0,2.0,5.555555555555555,0.0,0.0,5.017555555555555,0.0
2017-06-03 02:00:00,0.0,2.754,0.0,22.0,21.119999999999997,2.0,5.555555555555555,0.0,0.0,26.801555555555556,0.0
2017-06-03 03:00:00,0.54,2.97,0.0,22.0,42.239999999999995,2.0,5.555555555555555,24.0,0.0,50.04555555555556,23.52
2017-06-03 04:00:00,1.512,3.51,0.0,22.0,63.35999999999999,2.0,5.2230270137900865,0.0,0.33252854176546975,24.20102701379009,22.905231458234528
2017-06-03 05:00:00,2.736,4.05,0.0,22.0,84.47999999999999,2.0,0.0,0.0,5.555555555555555,17.214,17.074813125180157
2017-06-03 06:00:00,6.66,3.456,22.0,0.0,61.56333333325999,2.0,0.0,0.0,5.555555555555555,-30.116,11.314359812122438
2017-06-03 07:00:00,9.972,3.996,22.0,0.0,38.64666666651999,2.0,0.0,0.0,5.555555555555555,-33.967999999999996,5.623031938821413
2017-06-03 08:00:00,11.412,4.428,0.0,0.0,38.64666666651999,2.0,0.0,0.0,5.555555555555555,-13.84,0.0
2017-06-03 09:00:00,11.34,4.536,0.0,0.0,38.64666666651999,2.0,5.555555555555555,0.0,0.0,-8.320444444444444,0.0
2017-06-03 10:00:00,11.808,5.022,0.0,22.0,59.76666666651999,2.0,5.555555555555555,0.0,0.0,12.725555555555559,0.0
2017-06-03 11:00:00,9.432,5.508,0.0,7.409722222375008,66.88,2.0,5.555555555555555,0.0,0.0,0.025277777930563516,0.0
2017-06-03 12:00:00,7.236,3.834,0.0,22.0,88.0,2.0,5.555555555555555,24.0,0.0,42.48555555555556,23.52
2017-06-03 13:00:00,7.344,4.374,0.0,0.0,88.0,2.0,5.555555555555555,24.0,0.0,19.837555555555557,46.75776
2017-06-03 14:00:00,7.416,5.292,0.0,0.0,88.0,2.0,0.18371475992508657,0.0,5.371840795630469,-10.524285240074914,40.824826084369526
2017-06-03 15:00:00,4.932,4.86,0.0,0.0,88.0,2.0,0.0,0.0,5.555555555555555,-7.792000000000001,34.779372615801535
2017-06-03 16:00:00,3.204,4.158,22.0,0.0,65.08333333326,2.0,0.0,0.0,5.555555555555555,-27.362000000000002,28.806464588856358
2017-06-03 17:00:00,1.584,3.402,22.0,0.0,42.16666666652,2.0,0.0,0.0,5.555555555555555,-24.986,22.905231458234528
2017-06-03 18:00:00,0.828,1.728,0.0,0.0,42.16666666652,2.0,0.0,0.0,5.555555555555555,-0.5559999999999999,17.074813125180157
2017-06-03 19:00:00,0.108,1.566,18.47999999972966,0.0,22.916666666740003,2.0,0.0,0.0,5.555555555555555,-18.15399999972966,11.314359812122438
2017-06-03 20:00:00,0.0,1.404,22.0,0.0,0.0,2.0,0.0,0.0,5.555555555555555,-21.404,5.623031938821413
2017-06-03 21:00:00,0.0,1.188,0.0,0.0,0.0,2.0,0.0,0.0,5.555555555555555,0.812,0.0
2017-06-03 22:00:00,0.0,1.08,0.0,0.0,0.0,2.0,5.555555555555555,0.0,0.0,6.475555555555555,0.0
2017-06-03 23:00:00,0.0,1.026,0.0,0.0,0.0,2.0,5.555555555555555,0.0,0.0,6.529555555555556,0.0
2017-06-04 00:00:00,0.0,1.674,0.0,0.0,0.0,2.0,5.555555555555555,0.0,0.0,5.881555555555556,0.0
2017-06-04 01:00:00,0.0,1.458,0.0,22.0,21.119999999999997,2.0,5.555555555555555,0.0,0.0,28.09755555555556,0.0
2017-06-04 02:00:00,0.0,1.512,0.0,22.0,42.239999999999995,2.0,5.555555555555555,0.0,0.0,28.043555555555557,0.0
2017-06-04 03:00:00,0.288,1.512,0.0,22.0,63.35999999999999,2.0,5.555555555555555,24.0,0.0,51.75555555555556,23.52
2017-06-04 04:00:00,0.972,1.62,0.0,22.0,84.47999999999999,2.0,5.555555555555555,17.741331063491796,0.0,44.70488661904736,40.62426444222196
2017-06-04 05:00:00,1.764,1.89,0.0,3.6666666666666776,88.0,2.0,0.0,0.0,5.555555555555555,2.0126666666666777,34.581217713359734
2017-06-04 06:00:00,2.7,2.214,0.0,0.0,88.0,2.0,0.0,0.0,5.555555555555555,-2.914,28.610687545243866
2017-06-04 07:00:00,3.996,3.402,0.0,0.0,88.0,2.0,0.0,0.0,5.555555555555555,-5.398,22.711803739145385
2017-06-04 08:00:00,5.04,5.562,22.0,0.0,65.08333333326,2.0,0.0,0.0,5.555555555555555,-30.602,16.88370653872009
2017-06-04 09:00:00,6.732,8.154,0.0,0.0,65.08333333326,2.0,0.0,0.0,5.555555555555555,-12.886,11.125546504699894
2017-06-04 10:00:00,8.424,10.962,22.0,0.0,42.16666666652,2.0,0.0,0.0,5.555555555555555,-39.385999999999996,5.436484391087941
2017-06-04 11:00:00,10.008,13.716,0.0,22.0,63.28666666652,2.0,5.555555555555555,24.0,0.0,29.831555555555557,28.891246578394885
2017-06-04 12:00:00,11.772,15.444,0.0,0.0,63.28666666652,2.0,0.0,0.0,5.555555555555555,-25.216,22.988996063898593
2017-06-04 13:00:00,10.368,17.658,0.0,3.74305555570833,66.88,2.0,0.0,0.0,5.555555555555555,-22.282944444291672,17.15757255557625
2017-06-04 14:00:00,10.296,19.278,0.0,0.0,66.88,2.0,0.0,0.0,5.555555555555555,-27.573999999999998,11.39612612935378
2017-06-04 15:00:00,9.072,18.63,0.0,22.0,88.0,2.0,5.555555555555555,24.0,0.0,25.853555555555563,34.779372615801535
2017-06-04 16:00:00,5.22,17.442,0.0,0.0,88.0,2.0,0.0,0.0,5.555555555555555,-20.662,28.806464588856358
2017-06-04 17:00:00,1.044,14.688,22.0,0.0,65.08333333326,2.0,0.0,0.0,5.555555555555555,-35.732,22.905231458234528
2017-06-04 18:00:00,0.756,10.368,22.0,0.0,42.16666666652,2.0,0.0,0.0,5.555555555555555,-31.124000000000002,17.074813125180157
2017-06-04 19:00:00,0.18,9.774,18.47999999972966,0.0,22.916666666740003,2.0,0.0,0.0,5.555555555555555,-26.433999999729657,11.314359812122438
2017-06-04 20:00:00,0.0,9.936,22.0,0.0,0.0,2.0,0.0,0.0,5.555555555555555,-29.936,5.623031938821413
2017-06-04 21:00:00,0.0,10.098,0.0,0.0,0.0,2.0,0.0,0.0,5.555555555555555,-8.098,0.0
2017-06-04 22:00:00,0.0,10.314,0.0,0.0,0.0,2.0,5.555555555555555,0.0,0.0,-2.7584444444444447,0.0
2017-06-04 23:00:00,0.0,10.53,0.0,3.66666666666667,3.520000000000003,2.0,5.555555555555555,0.0,0.0,0.6922222222222256,0.0
2017-06-05 00:00:00,0.0,10.692,0.0,22.0,24.64,2.0,5.555555555555555,0.0,0.0,18.863555555555557,0.0
2017-06-05 01:00:00,0.0,10.26,0.0,22.0,45.76,2.0,5.555555555555555,17.872455263539543,0.0,37.1680108190951,17.51500615826875
2017-06-05 02:00:00,0.0,9.396,0.0,22.0,66.88,2.0,5.555555555555555,24.0,0.0,44.159555555555556,40.824826084369526
2017-06-05 03:00:00,0.576,8.856,0.0,22.0,88.0,2.0,0.0,0.0,5.555555555555555,14.568,34.779372615801535
2017-06-05 04:00:00,1.26,9.936,0.0,0.0,88.0,2.0,0.0,0.0,5.555555555555555,-9.196,28.806464588856358
2017-06-05 05:00:00,2.412,11.61,0.0,0.0,88.0,2.0,0.0,0.0,5.555555555555555,-12.021999999999998,22.905231458234528
2017-06-05 06:00:00,7.704,10.854,22.0,0.0,65.08333333326,2.0,0.0,0.0,5.555555555555555,-38.558,17.074813125180157
2017-06-05 07:00:00,12.06,11.448,22.0,0.0,42.16666666652,2.0,0.0,0.0,5.555555555555555,-43.508,11.314359812122438
2017-06-05 08:00:00,14.22,13.014,0.0,0.0,42.16666666652,2.0,0.0,0.0,5.555555555555555,-25.234,5.623031938821413
2017-06-05 09:00:00,14.652,15.66,0.0,0.0,42.16666666652,2.0,0.0,0.0,5.555555555555555,-28.311999999999998,0.0
2017-06-05 10:00:00,16.884,18.576,0.0,0.0,42.16666666652,2.0,5.555555555555555,0.0,0.0,-27.904444444444444,0.0
2017-06-05 11:00:00,16.992,19.764,0.0,3.74305555570833,45.76,2.0,5.555555555555555,0.0,0.0,-25.457388888736112,0.0
2017-06-05 12:00:00,15.516,18.576,0.0,22.0,66.88,2.0,5.555555555555555,24.0,0.0,19.46355555555556,23.52
2017-06-05 13:00:00,13.464,19.71,0.0,22.0,88.0,2.0,5.555555555555555,17.94598580037707,0.0,14.32754135593263,40.824826084369526
2017-06-05 14:00:00,12.744,18.792,0.0,0.0,88.0,2.0,0.0,0.0,5.555555555555555,-29.536,34.779372615801535
2017-06-05 15:00:00,9.9,17.712,0.0,0.0,88.0,2.0,0.0,0.0,5.555555555555555,-25.612000000000002,28.806464588856358
2017-06-05 16:00:00,5.472,15.822,0.0,0.0,88.0,2.0,0.0,0.0,5.555555555555555,-19.294,22.905231458234528
2017-06-05 17:00:00,1.044,11.394,22.0,0.0,65.08333333326,2.0,0.0,0.0,5.555555555555555,-32.437999999999995,17.074813125180157
2017-06-05 18:00:00,0.792,7.02,22.0,0.0,42.16666666652,2.0,0.0,0.0,5.555555555555555,-27.812,11.314359812122438
2017-06-05 19:00:00,0.18,7.02,22.0,0.0,19.249999999779998,2.0,0.0,0.0,5.555555555555555,-27.2,5.623031938821413
2017-06-05 20:00:00,0.0,8.1,18.47999999972966,0.0,0.0,2.0,0.0,0.0,5.555555555555555,-24.579999999729658,0.0
2017-06-05 21:00:00,0.0,8.532,0.0,0.0,0.0,2.0,5.555555555555555,0.0,0.0,-0.9764444444444447,0.0
2017-06-05 22:00:00,0.0,8.91,0.0,0.0,0.0,2.0,5.555555555555555,0.0,0.0,-1.3544444444444448,0.0
2017-06-05 23:00:00,0.0,9.288,0.0,3.66666666666667,3.520000000000003,2.0,5.555555555555555,0.0,0.0,1.9342222222222247,0.0
2017-06-06 00:00:00,0.0,10.422,0.0,22.0,24.64,2.0,5.555555555555555,24.0,0.0,43.13355555555556,23.52
2017-06-06 01:00:00,0.0,12.636,0.0,22.0,45.76,2.0,5.555555555555555,24.0,0.0,40.91955555555556,46.75776
2017-06-06 02:00:00,0.0,13.662,0.0,22.0,66.88,2.0,5.555555555555555,24.0,0.0,39.89355555555556,69.71666687999999
2017-06-06 03:00:00,0.576,13.986,0.0,22.0,88.0,2.0,5.555555555555555,24.0,0.0,38.99355555555555,92.40006687743998
2017-06-06 04:00:00,1.332,15.444,0.0,0.0,88.0,2.0,0.0,0.0,5.555555555555555,-14.776000000000002,85.73571051935515
2017-06-06 05:00:00,2.484,16.956,22.0,0.0,65.08333333326,2.0,0.0,0.0,5.555555555555555,-39.440000000000005,79.15132643756733
2017-06-06 06:00:00,7.452,20.79,22.0,0.0,42.16666666652,2.0,0.0,0.0,5.555555555555555,-48.242,72.64595496476097
2017-06-06 07:00:00,12.42,26.082,22.0,0.0,19.249999999779998,2.0,0.0,0.0,5.555555555555555,-58.502,66.21864794962829
2017-06-06 08:00:00,16.056,29.052,18.47999999972966,0.0,0.0,2.0,0.0,0.0,5.555555555555555,-61.58799999972966,59.8684686186772
2017-06-06 09:00:00,19.26,30.078,0.0,0.0,0.0,2.0,0.0,0.0,5.555555555555555,-47.338,53.594491439697514
2017-06-06 10:00:00,21.636,30.834,0.0,0.0,0.0,2.0,0.0,0.0,5.555555555555555,-50.47,47.395801986865585
2017-06-06 11:00:00,22.536,31.158,0.0,0.0,0.0,2.0,0.0,0.0,5.555555555555555,-51.694,41.27149680746764
2017-06-06 12:00:00,20.124,30.402,0.0,0.0,0.0,2.0,0.0,0.0,5.555555555555555,-48.525999999999996,35.220683290222475
2017-06-06 13:00:00,12.492,28.512,0.0,22.0,21.119999999999997,2.0,0.0,0.0,5.555555555555555,-17.004,29.242479535184245
2017-06-06 14:00:00,11.232,28.566,0.0,22.0,42.239999999999995,2.0,5.555555555555555,0.0,0.0,-10.242444444444441,28.891569780762033
2017-06-06 15:00:00,8.028,25.488,0.0,0.0,42.239999999999995,2.0,0.0,0.0,5.555555555555555,-31.516,22.98931538783733
2017-06-06 16:00:00,4.536,23.49,18.55039999987023,0.0,22.916666666740003,2.0,0.0,0.0,5.555555555555555,-44.57639999987023,17.15788804762773
2017-06-06 17:00:00,1.584,20.304,22.0,0.0,0.0,2.0,0.0,0.0,5.555555555555555,-41.888000000000005,11.39643783550064
2017-06-06 18:00:00,0.864,13.986,0.0,0.0,0.0,2.0,0.0,0.0,5.555555555555555,-12.850000000000001,5.704125025919076
2017-06-06 19:00:00,0.144,11.286,0.0,0.0,0.0,2.0,0.0,0.0,5.555555555555555,-9.43,0.0801199700524915
2017-06-06 20:00:00,0.0,11.34,0.0,0.0,0.0,2.0,5.476397025143694,0.0,0.07915853041186159,-3.863602974856306,0.0
2017-06-06 21:00:00,0.0,9.288,0.0,22.0,21.119999999999997,2.0,5.555555555555555,24.0,0.0,44.26755555555556,23.52
2017-06-06 22:00:00,0.0,9.666,20.275199999935115,0.0,0.0,2.0,0.0,0.0,5.555555555555555,-27.941199999935115,17.682204444444444
2017-06-06 23:00:00,0.0,11.826,0.0,3.66666666666667,3.520000000000003,2.0,0.0,0.0,5.555555555555555,-6.159333333333331,11.914462435555555
2017-06-07 00:00:00,0.0,16.578,0.0,22.0,24.64,2.0,5.555555555555555,20.029328471374825,0.0,33.00688402693038,31.400230788276218
2017-06-07 01:00:00,0.0,15.066,0.0,22.0,45.76,2.0,5.555555555555555,24.0,0.0,38.489555555555555,54.543428018816904
2017-06-07 02:00:00,0.0,13.392,0.0,22.0,66.88,2.0,5.555555555555555,24.0,0.0,40.16355555555556,77.4089068825911
2017-06-07 03:00:00,0.108,14.472,0.0,22.0,88.0,2.0,5.555555555555555,24.0,0.0,38.97555555555556,100.0
2017-06-07 04:00:00,0.504,16.308,0.0,0.0,88.0,2.0,0.0,0.0,5.555555555555555,-14.812,93.24444444444444
2017-06-07 05:00:00,1.332,18.684,22.0,0.0,65.08333333326,2.0,0.0,0.0,5.555555555555555,-40.016,86.56995555555555
2017-06-07 06:00:00,2.88,18.846,22.0,0.0,42.16666666652,2.0,0.0,0.0,5.555555555555555,-41.726000000000006,79.97556053333332
2017-06-07 07:00:00,4.644,21.6,22.0,0.0,19.249999999779998,2.0,0.0,0.0,5.555555555555555,-46.244,73.46029825137776
2017-06-07 08:00:00,7.236,24.138,18.47999999972966,0.0,0.0,2.0,0.0,0.0,5.555555555555555,-47.85399999972966,67.02321911680568
2017-06-07 09:00:00,8.352,27.162,0.0,0.0,0.0,2.0,0.0,0.0,5.555555555555555,-33.513999999999996,60.663384931848455
2017-06-07 10:00:00,9.252,28.89,0.0,0.0,0.0,2.0,0.0,0.0,5.555555555555555,-36.142,54.379868757110714
2017-06-07 11:00:00,9.648,29.862,0.0,0.0,0.0,2.0,0.0,0.0,5.555555555555555,-37.51,48.171754776469825
2017-06-07 12:00:00,9.324,26.946,0.0,22.0,21.119999999999997,2.0,5.555555555555555,21.235723812592887,0.0,14.521279368148443,68.40470305549321
2017-06-07 13:00:00,6.156,24.516,0.0,22.0,42.239999999999995,2.0,0.0,0.0,5.555555555555555,-6.671999999999998,62.028291063271745
2017-06-07 14:00:00,4.932,23.49,0.0,22.0,63.35999999999999,2.0,0.0,0.0,5.555555555555555,-4.421999999999999,55.72839601495693
2017-06-07 15:00:00,4.14,27.918,0.0,22.0,84.47999999999999,2.0,0.0,0.0,5.555555555555555,-8.058,49.50409970722189
2017-06-07 16:00:00,2.7,30.402,0.0,0.0,84.47999999999999,2.0,0.0,0.0,5.555555555555555,-31.102,43.35449495517967
2017-06-07 17:00:00,1.152,32.67,22.0,0.0,61.56333333325999,2.0,0.0,0.0,5.555555555555555,-53.822,37.27868546016195
2017-06-07 18:00:00,0.432,36.126,22.0,0.0,38.64666666651999,2.0,0.0,0.0,5.555555555555555,-56.558,31.275785679084454
2017-06-07 19:00:00,0.072,37.368,22.0,0.0,15.729999999779988,2.0,0.0,0.0,5.555555555555555,-57.440000000000005,25.344920695379884
2017-06-07 20:00:00,0.0,36.828,15.100799999740465,0.0,0.0,2.0,0.0,0.0,5.555555555555555,-49.92879999974047,19.485226091479767
2017-06-07 21:00:00,0.0,36.828,0.0,0.0,0.0,2.0,0.0,0.0,5.555555555555555,-34.828,13.695847822826455
2017-06-07 22:00:00,0.0,37.206,0.0,3.66666666666667,3.520000000000003,2.0,0.0,0.0,5.555555555555555,-31.53933333333333,7.9759420933969825
2017-06-07 23:00:00,0.0,37.638,0.0,22.0,24.64,2.0,5.555555555555555,24.0,0.0,15.917555555555559,31.400230788276218
2017-06-08 00:00:00,0.0,36.342,0.0,22.0,45.76,2.0,5.555555555555555,24.0,0.0,17.21355555555556,54.543428018816904
2017-06-08 01:00:00,0.0,36.936,0.0,22.0,66.88,2.0,5.555555555555555,24.0,0.0,16.619555555555557,77.4089068825911
2017-06-08 02:00:00,0.0,36.45,0.0,22.0,88.0,2.0,5.555555555555555,24.0,0.0,17.105555555555554,100.0
2017-06-08 03:00:00,0.216,34.668,0.0,0.0,88.0,2.0,5.555555555555555,1.2244897959183703,0.0,-26.103954648526074,100.0
2017-06-08 04:00:00,0.756,32.886,0.0,0.0,88.0,2.0,5.4029847164094615,0.0,0.15257083914609382,-26.23901528359054,98.6474291608539
2017-06-08 05:00:00,1.584,31.266,0.0,0.0,88.0,2.0,0.0,0.0,5.555555555555555,-30.849999999999998,91.9081044553681
2017-06-08 06:00:00,3.456,27.702,0.0,0.0,88.0,2.0,0.0,0.0,5.555555555555555,-29.158,85.24965164634813
2017-06-08 07:00:00,6.228,25.434,0.0,0.0,88.0,2.0,0.0,0.0,5.555555555555555,-29.662,78.6711002710364
2017-06-08 08:00:00,10.26,23.382,0.0,0.0,88.0,2.0,0.0,0.0,5.555555555555555,-31.642000000000003,72.1714915122284
2017-06-08 09:00:00,13.428,20.358,0.0,0.0,88.0,2.0,0.0,0.0,5.555555555555555,-31.786,65.74987805852611
2017-06-08 10:00:00,15.048,17.28,0.0,0.0,88.0,2.0,0.0,0.0,5.555555555555555,-30.328000000000003,59.40532396626824
2017-06-08 11:00:00,14.148,14.418,0.0,0.0,88.0,2.0,0.0,0.0,5.555555555555555,-26.566,53.136904523117465
2017-06-08 12:00:00,11.664,10.476,0.0,0.0,88.0,2.0,0.0,0.0,5.555555555555555,-20.14,46.9437061132845
2017-06-08 13:00:00,9.396,8.586,0.0,0.0,88.0,2.0,0.0,0.0,5.555555555555555,-15.982000000000001,40.824826084369526
2017-06-08 14:00:00,7.02,8.478,0.0,0.0,88.0,2.0,0.0,0.0,5.555555555555555,-13.498,34.779372615801535
2017-06-08 15:00:00,4.212,8.37,0.0,0.0,88.0,2.0,0.0,0.0,5.555555555555555,-10.581999999999999,28.806464588856358
2017-06-08 16:00:00,2.16,8.532,22.0,0.0,65.08333333326,2.0,0.0,0.0,5.555555555555555,-30.692,22.905231458234528
2017-06-08 17:00:00,0.9,8.208,22.0,0.0,42.16666666652,2.0,0.0,0.0,5.555555555555555,-29.107999999999997,17.074813125180157
2017-06-08 18:00:00,0.504,8.262,22.0,0.0,19.249999999779998,2.0,0.0,0.0,5.555555555555555,-28.766000000000002,11.314359812122438
2017-06-08 19:00:00,0.144,8.532,18.47999999972966,0.0,0.0,2.0,0.0,0.0,5.555555555555555,-25.15599999972966,5.623031938821413
2017-06-08 20:00:00,0.0,10.044,0.0,0.0,0.0,2.0,0.0,0.0,5.555555555555555,-8.044,0.0
2017-06-08 21:00:00,0.0,10.53,0.0,0.0,0.0,2.0,5.555555555555555,0.0,0.0,-2.974444444444444,0.0
2017-06-08 22:00:00,0.0,10.314,0.0,3.66666666666667,3.520000000000003,2.0,5.555555555555555,0.0,0.0,0.9082222222222249,0.0
2017-06-08 23:00:00,0.0,9.126,0.0,22.0,24.64,2.0,5.555555555555555,0.0,0.0,20.42955555555556,0.0
2017-06-09 00:00:00,0.0,7.236,0.0,22.0,45.76,2.0,5.555555555555555,24.0,0.0,46.31955555555556,23.52
2017-06-09 01:00:00,0.0,6.372,0.0,22.0,66.88,2.0,5.555555555555555,24.0,0.0,47.18355555555556,46.75776
2017-06-09 02:00:00,0.0,5.562,0.0,22.0,88.0,2.0,5.555555555555555,24.0,0.0,47.99355555555556,69.71666687999999
2017-06-09 03:00:00,0.324,4.806,0.0,0.0,88.0,2.0,0.0,0.0,5.555555555555555,-3.13,63.32451132188443
2017-06-09 04:00:00,1.152,4.644,0.0,0.0,88.0,2.0,0.0,0.0,5.555555555555555,-3.7960000000000003,57.009061630466256
2017-06-09 05:00:00,2.232,4.266,0.0,0.0,88.0,2.0,0.0,0.0,5.555555555555555,-4.498,50.769397335345104
2017-06-09 06:00:00,4.428,3.564,22.0,0.0,65.08333333326,2.0,0.0,0.0,5.555555555555555,-27.992,44.604609011765405
2017-06-09 07:00:00,6.516,2.862,22.0,0.0,42.16666666652,2.0,0.0,0.0,5.555555555555555,-29.378,38.51379814806866
2017-06-09 08:00:00,8.964,2.592,18.47999999972966,0.0,22.916666666740003,2.0,0.0,0.0,5.555555555555555,-28.03599999972966,32.49607701473628
2017-06-09 09:00:00,9.36,2.808,22.0,0.0,0.0,2.0,0.0,0.0,5.555555555555555,-32.168,26.550568535003883
2017-06-09 10:00:00,9.504,3.348,0.0,0.0,0.0,2.0,0.0,0.0,5.555555555555555,-10.852,20.676406157028282
2017-06-09 11:00:00,8.1,4.104,0.0,0.0,0.0,2.0,0.0,0.0,5.555555555555555,-10.204,14.872733727588388
2017-06-09 12:00:00,6.372,3.942,0.0,22.0,21.119999999999997,2.0,0.0,0.0,5.555555555555555,13.686,9.138705367301771
2017-06-09 13:00:00,4.32,6.156,0.0,22.0,42.239999999999995,2.0,5.555555555555555,24.0,0.0,43.07955555555556,32.54904090289415
2017-06-09 14:00:00,2.916,8.478,0.0,22.0,63.35999999999999,2.0,5.555555555555555,15.086993572678654,0.0,33.24854912823421,46.9437061132845
2017-06-09 15:00:00,2.124,8.1,0.0,22.0,84.47999999999999,2.0,0.0,0.0,5.555555555555555,13.776,40.824826084369526
2017-06-09 16:00:00,1.296,9.288,0.0,0.0,84.47999999999999,2.0,0.0,0.0,5.555555555555555,-8.584,34.779372615801535
2017-06-09 17:00:00,0.828,8.964,15.100799999740454,0.0,68.75000000022001,2.0,0.0,0.0,5.555555555555555,-22.892799999740458,28.806464588856358
2017-06-09 18:00:00,0.576,9.504,0.0,0.0,68.75000000022001,2.0,0.0,0.0,5.555555555555555,-8.08,22.905231458234528
2017-06-09 19:00:00,0.216,8.802,22.0,0.0,45.833333333480006,2.0,0.0,0.0,5.555555555555555,-29.018,17.074813125180157
2017-06-09 20:00:00,0.0,8.154,22.0,0.0,22.916666666740003,2.0,0.0,0.0,5.555555555555555,-28.154,11.314359812122438
2017-06-09 21:00:00,0.0,7.182,22.0,0.0,0.0,2.0,0.0,0.0,5.555555555555555,-27.182000000000002,5.623031938821413
2017-06-09 22:00:00,0.0,7.128,0.0,0.0,0.0,2.0,0.0,0.0,5.555555555555555,-5.128,0.0
2017-06-09 23:00:00,0.0,7.236,0.0,3.66666666666667,3.520000000000003,2.0,5.555555555555555,0.0,0.0,3.986222222222225,0.0
2017-06-10 00:00:00,0.0,9.396,0.0,22.0,24.64,2.0,5.555555555555555,0.0,0.0,20.159555555555556,0.0
2017-06-10 01:00:00,0.0,8.154,0.0,22.0,45.76,2.0,5.555555555555555,0.0,0.0,21.401555555555557,0.0
2017-06-10 02:00:00,0.0,7.83,0.0,22.0,66.88,2.0,5.555555555555555,24.0,0.0,45.72555555555556,23.52
2017-06-10 03:00:00,0.54,7.398,0.0,22.0,88.0,2.0,5.555555555555555,17.94598580037707,0.0,39.563541355932635,40.824826084369526
2017-06-10 04:00:00,1.332,7.668,0.0,0.0,88.0,2.0,0.0,0.0,5.555555555555555,-7.0,34.779372615801535
2017-06-10 05:00:00,2.34,8.64,0.0,0.0,88.0,2.0,0.0,0.0,5.555555555555555,-8.98,28.806464588856358
2017-06-10 06:00:00,7.092,9.396,22.0,0.0,65.08333333326,2.0,0.0,0.0,5.555555555555555,-36.488,22.905231458234528
2017-06-10 07:00:00,12.348,9.774,22.0,0.0,42.16666666652,2.0,0.0,0.0,5.555555555555555,-42.122,17.074813125180157
2017-06-10 08:00:00,17.28,12.204,15.100799999740472,0.0,26.436666666740006,2.0,0.0,0.0,5.555555555555555,-42.584799999740476,11.314359812122438
2017-06-10 09:00:00,20.916,12.366,22.0,0.0,3.520000000000003,2.0,0.0,0.0,5.555555555555555,-53.282,5.623031938821413
2017-06-10 10:00:00,22.824,12.582,0.0,0.0,3.520000000000003,2.0,0.0,0.0,5.555555555555555,-33.406000000000006,0.0
2017-06-10 11:00:00,22.716,11.934,0.0,22.0,24.64,2.0,5.555555555555555,0.0,0.0,-5.0944444444444414,0.0
2017-06-10 12:00:00,19.908,9.288,0.0,22.0,45.76,2.0,5.555555555555555,24.0,0.0,24.35955555555556,23.52
2017-06-10 13:00:00,13.212,8.154,0.0,22.0,66.88,2.0,5.555555555555555,24.0,0.0,32.18955555555556,46.75776
2017-06-10 14:00:00,10.62,7.236,0.0,22.0,88.0,2.0,0.18371475992508657,0.0,5.371840795630469,6.3277147599250885,40.824826084369526
2017-06-10 15:00:00,8.676,6.858,0.0,0.0,88.0,2.0,0.0,0.0,5.555555555555555,-13.533999999999999,34.779372615801535
2017-06-10 16:00:00,5.364,6.426,0.0,0.0,88.0,2.0,0.0,0.0,5.555555555555555,-9.79,28.806464588856358
2017-06-10 17:00:00,1.476,4.914,18.47999999972965,0.0,68.75000000022001,2.0,0.0,0.0,5.555555555555555,-22.86999999972965,22.905231458234528
2017-06-10 18:00:00,1.008,4.482,22.0,0.0,45.833333333480006,2.0,0.0,0.0,5.555555555555555,-25.49,17.074813125180157
2017-06-10 19:00:00,0.288,3.888,22.0,0.0,22.916666666740003,2.0,0.0,0.0,5.555555555555555,-24.176,11.314359812122438
2017-06-10 20:00:00,0.0,3.78,22.0,0.0,0.0,2.0,0.0,0.0,5.555555555555555,-23.78,5.623031938821413
2017-06-10 21:00:00,0.0,3.672,0.0,0.0,0.0,2.0,0.0,0.0,5.555555555555555,-1.6720000000000002,0.0
2017-06-10 22:00:00,0.0,3.78,0.0,0.0,0.0,2.0,5.555555555555555,0.0,0.0,3.7755555555555556,0.0
2017-06-10 23:00:00,0.0,4.32,0.0,0.0,0.0,2.0,5.555555555555555,0.0,0.0,3.235555555555555,0.0
2017-06-11 00:00:00,0.0,6.75,0.0,0.0,0.0,2.0,5.555555555555555,0.0,0.0,0.8055555555555554,0.0
2017-06-11 01:00:00,0.0,8.856,0.0,0.0,0.0,2.0,5.555555555555555,0.0,0.0,-1.3004444444444445,0.0
2017-06-11 02:00:00,0.0,11.016,0.0,22.0,21.119999999999997,2.0,5.555555555555555,0.0,0.0,18.53955555555556,0.0
2017-06-11 03:00:00,0.216,11.61,0.0,22.0,42.239999999999995,2.0,5.555555555555555,24.0,0.0,41.72955555555556,23.52
2017-06-11 04:00:00,0.792,13.014,0.0,22.0,63.35999999999999,2.0,5.555555555555555,8.441269922295833,0.0,24.190825477851387,31.510204523849914
2017-06-11 05:00:00,1.656,14.148,0.0,22.0,84.47999999999999,2.0,0.0,0.0,5.555555555555555,8.196,25.57652651400816
2017-06-11 06:00:00,3.888,16.254,0.0,0.0,84.47999999999999,2.0,0.0,0.0,5.555555555555555,-18.142000000000003,19.71405264028451
2017-06-11 07:00:00,5.868,16.416,22.0,0.0,61.56333333325999,2.0,0.0,0.0,5.555555555555555,-42.284,13.92192845304554
2017-06-11 08:00:00,8.244,17.118,22.0,0.0,38.64666666651999,2.0,0.0,0.0,5.555555555555555,-45.361999999999995,8.199309756053438
2017-06-11 09:00:00,9.72,16.146,22.0,0.0,15.729999999779988,2.0,0.0,0.0,5.555555555555555,-45.866,2.5453624834252424
2017-06-11 10:00:00,10.836,16.038,0.0,22.0,36.84999999977998,2.0,5.555555555555555,24.0,0.0,26.681555555555562,26.03481813362414
2017-06-11 11:00:00,10.476,16.146,0.0,22.0,57.96999999977998,2.0,5.555555555555555,24.0,0.0,26.933555555555557,49.24240031602065
2017-06-11 12:00:00,9.936,19.494,0.0,22.0,79.08999999977998,2.0,5.555555555555555,24.0,0.0,24.125555555555557,72.1714915122284
2017-06-11 13:00:00,9.756,20.142,0.0,9.281250000229191,88.0,2.0,0.0,0.0,5.555555555555555,-18.61674999977081,65.74987805852611
2017-06-11 14:00:00,7.776,17.496,0.0,0.0,88.0,2.0,0.0,0.0,5.555555555555555,-23.272,59.40532396626824
2017-06-11 15:00:00,4.968,14.202,0.0,0.0,88.0,2.0,0.0,0.0,5.555555555555555,-17.17,53.136904523117465
2017-06-11 16:00:00,2.628,9.882,0.0,0.0,88.0,2.0,0.0,0.0,5.555555555555555,-10.51,46.9437061132845
2017-06-11 17:00:00,0.972,8.208,18.47999999972965,0.0,68.75000000022001,2.0,0.0,0.0,5.555555555555555,-25.659999999729656,40.824826084369526
2017-06-11 18:00:00,0.324,8.802,22.0,0.0,45.833333333480006,2.0,0.0,0.0,5.555555555555555,-29.126,34.779372615801535
2017-06-11 19:00:00,0.036,4.698,22.0,0.0,22.916666666740003,2.0,0.0,0.0,5.555555555555555,-24.734,28.806464588856358
2017-06-11 20:00:00,0.0,5.292,22.0,0.0,0.0,2.0,0.0,0.0,5.555555555555555,-25.292,22.905231458234528
2017-06-11 21:00:00,0.0,7.236,0.0,0.0,0.0,2.0,0.0,0.0,5.555555555555555,-5.236,17.074813125180157
2017-06-11 22:00:00,0.0,9.342,0.0,0.0,0.0,2.0,0.0,0.0,5.555555555555555,-7.3420000000000005,11.314359812122438
2017-06-11 23:00:00,0.0,10.422,0.0,3.66666666666667,3.520000000000003,2.0,0.0,0.0,5.555555555555555,-4.755333333333331,5.623031938821413
2017-06-12 00:00:00,0.0,10.8,0.0,22.0,24.64,2.0,0.0,0.0,5.555555555555555,13.2,0.0
2017-06-12 01:00:00,0.0,13.446,0.0,22.0,45.76,2.0,5.555555555555555,24.0,0.0,40.10955555555556,23.52
2017-06-12 02:00:00,0.0,16.416,0.0,22.0,66.88,2.0,5.555555555555555,24.0,0.0,37.13955555555556,46.75776
2017-06-12 03:00:00,0.648,20.358,0.0,22.0,88.0,2.0,0.0,0.0,5.555555555555555,2.9939999999999993,40.64111132444444
2017-06-12 04:00:00,1.368,25.542,0.0,0.0,88.0,2.0,0.0,0.0,5.555555555555555,-24.91,34.59786243299555
2017-06-12 05:00:00,2.592,30.456,22.0,0.0,65.08333333326,2.0,0.0,0.0,5.555555555555555,-53.048,28.627132528244047
2017-06-12 06:00:00,6.372,26.946,22.0,0.0,42.16666666652,2.0,0.0,0.0,5.555555555555555,-53.318,22.728051382349562
2017-06-12 07:00:00,12.42,31.752,22.0,0.0,19.249999999779998,2.0,0.0,0.0,5.555555555555555,-64.172,16.899759210205815
2017-06-12 08:00:00,15.552,33.912,18.47999999972966,0.0,0.0,2.0,0.0,0.0,5.555555555555555,-65.94399999972967,11.141406544127788
2017-06-12 09:00:00,19.008,37.476,0.0,0.0,0.0,2.0,0.0,0.0,5.555555555555555,-54.483999999999995,5.452154110042699
2017-06-12 10:00:00,20.448,39.798,0.0,3.66666666666667,3.520000000000003,2.0,0.16882729483336986,0.0,5.386728260722186,-54.41050603849996,0.0
2017-06-12 11:00:00,17.388,41.04,0.0,22.0,24.64,2.0,5.555555555555555,9.786352101714007,0.0,-19.086092342730435,9.590625059679727
2017-06-12 12:00:00,12.744,40.716,0.0,22.0,45.76,2.0,5.555555555555555,24.0,0.0,0.09555555555555628,32.99553755896357
2017-06-12 13:00:00,14.076,40.878,0.0,22.0,66.88,2.0,5.555555555555555,0.0,0.0,-25.398444444444443,32.59959110825601
2017-06-12 14:00:00,11.52,40.068,0.0,22.0,88.0,2.0,5.555555555555555,24.0,0.0,1.9675555555555597,55.72839601495693
2017-06-12 15:00:00,8.46,39.312,0.0,0.0,88.0,2.0,0.0,0.0,5.555555555555555,-45.772,49.50409970722189
2017-06-12 16:00:00,4.572,38.286,22.0,0.0,65.08333333326,2.0,0.0,0.0,5.555555555555555,-62.858000000000004,43.35449495517967
2017-06-12 17:00:00,1.62,36.666,22.0,0.0,42.16666666652,2.0,0.0,0.0,5.555555555555555,-58.285999999999994,37.27868546016195
2017-06-12 18:00:00,0.792,33.696,22.0,0.0,19.249999999779998,2.0,0.0,0.0,5.555555555555555,-54.488,31.275785679084454
2017-06-12 19:00:00,0.18,32.346,18.47999999972966,0.0,0.0,2.0,0.0,0.0,5.555555555555555,-49.00599999972966,25.344920695379884
2017-06-12 20:00:00,0.0,31.806,0.0,0.0,0.0,2.0,0.0,0.0,5.555555555555555,-29.806,19.485226091479767
2017-06-12 21:00:00,0.0,32.562,0.0,0.0,0.0,2.0,0.0,0.0,5.555555555555555,-30.561999999999998,13.695847822826455
2017-06-12 22:00:00,0.0,33.48,0.0,0.0,0.0,2.0,0.0,0.0,5.555555555555555,-31.479999999999997,7.9759420933969825
2017-06-12 23:00:00,0.0,34.398,0.0,22.0,21.119999999999997,2.0,5.555555555555555,24.0,0.0,19.157555555555554,31.400230788276218
2017-06-13 00:00:00,0.0,33.642,0.0,22.0,42.239999999999995,2.0,5.555555555555555,24.0,0.0,19.913555555555554,54.543428018816904
2017-06-13 01:00:00,0.0,31.59,0.0,22.0,63.35999999999999,2.0,5.555555555555555,24.0,0.0,21.965555555555557,77.4089068825911
2017-06-13 02:00:00,0.0,30.132,0.0,22.0,84.47999999999999,2.0,5.555555555555555,24.0,0.0,23.423555555555556,100.0
2017-06-13 03:00:00,0.252,29.322,0.0,3.6666666666666776,88.0,2.0,5.555555555555555,1.2244897959183703,0.0,-17.127287981859393,100.0
2017-06-13 04:00:00,0.792,29.322,0.0,0.0,88.0,2.0,0.0,0.0,5.555555555555555,-28.114,93.24444444444444
2017-06-13 05:00:00,1.584,30.294,0.0,0.0,88.0,2.0,0.0,0.0,5.555555555555555,-29.878,86.56995555555555
2017-06-13 06:00:00,3.816,29.592,22.0,0.0,65.08333333326,2.0,0.0,0.0,5.555555555555555,-53.408,79.97556053333332
2017-06-13 07:00:00,6.804,29.376,0.0,0.0,65.08333333326,2.0,0.0,0.0,5.555555555555555,-34.18,73.46029825137776
2017-06-13 08:00:00,10.152,30.024,0.0,0.0,65.08333333326,2.0,0.0,0.0,5.555555555555555,-38.176,67.02321911680568
2017-06-13 09:00:00,12.78,30.402,0.0,0.0,65.08333333326,2.0,0.0,0.0,5.555555555555555,-41.182,60.663384931848455
2017-06-13 10:00:00,14.976,30.996,0.0,0.0,65.08333333326,2.0,0.0,0.0,5.555555555555555,-43.972,54.379868757110714
2017-06-13 11:00:00,15.12,31.212,0.0,0.0,65.08333333326,2.0,0.0,0.0,5.555555555555555,-44.332,48.171754776469825
2017-06-13 12:00:00,15.444,32.832,0.0,0.0,65.08333333326,2.0,0.0,0.0,5.555555555555555,-46.276,42.03813816359663
2017-06-13 13:00:00,14.58,31.86,0.0,22.0,86.20333333325999,2.0,0.0,0.0,5.555555555555555,-22.439999999999998,35.97812495007791
2017-06-13 14:00:00,12.924,31.968,0.0,1.8715277778541761,88.0,2.0,4.788540720680116,0.0,0.7670148348754395,-36.23193150146571,34.779372615801535
2017-06-13 15:00:00,9.18,30.672,0.0,0.0,88.0,2.0,0.0,0.0,5.555555555555555,-37.852000000000004,28.806464588856358
2017-06-13 16:00:00,4.896,29.322,22.0,0.0,65.08333333326,2.0,0.0,0.0,5.555555555555555,-54.218,22.905231458234528
2017-06-13 17:00:00,1.476,27.27,22.0,0.0,42.16666666652,2.0,0.0,0.0,5.555555555555555,-48.745999999999995,17.074813125180157
2017-06-13 18:00:00,0.936,23.976,22.0,0.0,19.249999999779998,2.0,0.0,0.0,5.555555555555555,-44.912,11.314359812122438
2017-06-13 19:00:00,0.288,20.358,18.47999999972966,0.0,0.0,2.0,0.0,0.0,5.555555555555555,-37.12599999972966,5.623031938821413
2017-06-13 20:00:00,0.0,20.412,0.0,0.0,0.0,2.0,0.0,0.0,5.555555555555555,-18.412,0.0
2017-06-13 21:00:00,0.0,19.17,0.0,0.0,0.0,2.0,5.555555555555555,0.0,0.0,-11.614444444444446,0.0
2017-06-13 22:00:00,0.0,17.28,0.0,0.0,0.0,2.0,5.555555555555555,0.0,0.0,-9.724444444444446,0.0
2017-06-13 23:00:00,0.0,15.552,0.0,22.0,21.119999999999997,2.0,5.555555555555555,8.138716421833657,0.0,22.142271977389214,7.9759420933969825
2017-06-14 00:00:00,0.0,13.716,0.0,22.0,42.239999999999995,2.0,5.555555555555555,24.0,0.0,39.839555555555556,31.400230788276218
2017-06-14 01:00:00,0.0,12.636,0.0,22.0,63.35999999999999,2.0,5.555555555555555,24.0,0.0,40.91955555555556,54.543428018816904
2017-06-14 02:00:00,0.0,12.528,0.0,22.0,84.47999999999999,2.0,5.555555555555555,24.0,0.0,41.02755555555556,77.4089068825911
2017-06-14 03:00:00,0.576,12.798,0.0,3.6666666666666776,88.0,2.0,5.555555555555555,24.0,0.0,21.848222222222233,100.0
2017-06-14 04:00:00,1.584,14.202,0.0,0.0,88.0,2.0,0.0,0.0,5.555555555555555,-13.786,93.24444444444444
2017-06-14 05:00:00,2.772,14.472,22.0,0.0,65.08333333326,2.0,0.0,0.0,5.555555555555555,-37.244,86.56995555555555
2017-06-14 06:00:00,6.084,15.93,22.0,0.0,42.16666666652,2.0,0.0,0.0,5.555555555555555,-42.013999999999996,79.97556053333332
2017-06-14 07:00:00,10.98,15.282,22.0,0.0,19.249999999779998,2.0,0.0,0.0,5.555555555555555,-46.262,73.46029825137776
2017-06-14 08:00:00,16.272,15.12,18.47999999972966,0.0,0.0,2.0,0.0,0.0,5.555555555555555,-47.87199999972966,67.02321911680568
2017-06-14 09:00:00,19.944,14.634,0.0,0.0,0.0,2.0,0.0,0.0,5.555555555555555,-32.578,60.663384931848455
2017-06-14 10:00:00,21.996,14.202,0.0,3.66666666666667,3.520000000000003,2.0,0.0,0.0,5.555555555555555,-30.53133333333333,54.379868757110714
2017-06-14 11:00:00,22.896,13.716,0.0,22.0,24.64,2.0,0.0,0.0,5.555555555555555,-12.612,48.171754776469825
2017-06-14 12:00:00,22.212,10.476,0.0,22.0,45.76,2.0,0.0,0.0,5.555555555555555,-8.688,42.03813816359663
2017-06-14 13:00:00,18.792,10.746,0.0,22.0,66.88,2.0,4.846701134291613,0.0,0.7088544212639434,-0.69129886570839,40.824826084369526
2017-06-14 14:00:00,15.516,10.584,0.0,22.0,88.0,2.0,0.0,0.0,5.555555555555555,-2.0999999999999996,34.779372615801535
2017-06-14 15:00:00,11.16,10.098,0.0,0.0,88.0,2.0,0.0,0.0,5.555555555555555,-19.258000000000003,28.806464588856358
2017-06-14 16:00:00,5.616,9.666,22.0,0.0,65.08333333326,2.0,0.0,0.0,5.555555555555555,-35.282,22.905231458234528
2017-06-14 17:00:00,1.224,8.478,22.0,0.0,42.16666666652,2.0,0.0,0.0,5.555555555555555,-29.702,17.074813125180157
2017-06-14 18:00:00,0.936,7.128,22.0,0.0,19.249999999779998,2.0,0.0,0.0,5.555555555555555,-28.064,11.314359812122438
2017-06-14 19:00:00,0.288,6.48,18.47999999972966,0.0,0.0,2.0,0.0,0.0,5.555555555555555,-23.24799999972966,5.623031938821413
2017-06-14 20:00:00,0.0,5.184,0.0,0.0,0.0,2.0,0.0,0.0,5.555555555555555,-3.184,0.0
2017-06-14 21:00:00,0.0,3.996,0.0,0.0,0.0,2.0,5.555555555555555,0.0,0.0,3.5595555555555554,0.0
2017-06-14 22:00:00,0.0,3.132,0.0,0.0,0.0,2.0,5.555555555555555,0.0,0.0,4.423555555555556,0.0
2017-06-14 23:00:00,0.0,2.646,0.0,0.0,0.0,2.0,5.555555555555555,0.0,0.0,4.9095555555555555,0.0
2017-06-15 00:00:00,0.0,3.618,0.0,5.614583333562521,5.39000000022002,2.0,5.555555555555555,0.0,0.0,9.552138889118076,0.0
2017-06-15 01:00:00,0.0,2.484,0.0,22.0,26.510000000220018,2.0,5.555555555555555,0.0,0.0,27.071555555555555,0.0
2017-06-15 02:00:00,0.0,1.836,0.0,22.0,47.630000000220015,2.0,5.555555555555555,0.0,0.0,27.71955555555556,0.0
2017-06-15 03:00:00,0.36,1.728,0.0,22.0,68.75000000022001,2.0,5.555555555555555,24.0,0.0,51.467555555555556,23.52
2017-06-15 04:00:00,1.08,1.89,0.0,0.0,68.75000000022001,2.0,0.0,0.0,5.555555555555555,-0.97,17.682204444444444
2017-06-15 05:00:00,2.196,2.052,22.0,0.0,45.833333333480006,2.0,0.0,0.0,5.555555555555555,-24.248,11.914462435555555
2017-06-15 06:00:00,4.824,1.728,22.0,0.0,22.916666666740003,2.0,0.0,0.0,5.555555555555555,-26.552,6.215933330773332
2017-06-15 07:00:00,9.108,1.782,22.0,0.0,0.0,2.0,0.0,0.0,5.555555555555555,-30.89,0.5857865752484965
2017-06-15 08:00:00,13.716,2.16,0.0,0.0,0.0,2.0,5.555555555555555,5.147219186199896,0.0,-3.173225258244548,5.623031938821413
2017-06-15 09:00:00,15.048,2.376,0.0,0.0,0.0,2.0,0.0,0.0,5.555555555555555,-15.424,0.0
2017-06-15 10:00:00,14.94,2.754,0.0,22.0,21.119999999999997,2.0,5.555555555555555,0.0,0.0,11.861555555555556,0.0
2017-06-15 11:00:00,15.264,3.51,0.0,22.0,42.239999999999995,2.0,5.555555555555555,12.211516034214377,0.0,22.993071589769936,11.967285713530089
2017-06-15 12:00:00,15.228,4.428,0.0,22.0,63.35999999999999,2.0,5.555555555555555,0.0,0.0,9.899555555555557,11.823678284967727
2017-06-15 13:00:00,14.868,5.94,0.0,22.0,84.47999999999999,2.0,5.555555555555555,24.0,0.0,32.74755555555556,35.201794145548114
2017-06-15 14:00:00,13.32,7.668,0.0,3.6666666666666776,88.0,2.0,5.555555555555555,0.0,0.0,-9.765777777777767,34.779372615801535
2017-06-15 15:00:00,9.396,9.666,0.0,0.0,88.0,2.0,0.0,0.0,5.555555555555555,-17.062,28.806464588856358
2017-06-15 16:00:00,5.076,10.638,22.0,0.0,65.08333333326,2.0,0.0,0.0,5.555555555555555,-35.714,22.905231458234528
2017-06-15 17:00:00,1.656,10.692,22.0,0.0,42.16666666652,2.0,0.0,0.0,5.555555555555555,-32.348,17.074813125180157
2017-06-15 18:00:00,0.864,12.42,22.0,0.0,19.249999999779998,2.0,0.0,0.0,5.555555555555555,-33.284,11.314359812122438
2017-06-15 19:00:00,0.252,9.882,18.47999999972966,0.0,0.0,2.0,0.0,0.0,5.555555555555555,-26.61399999972966,5.623031938821413
2017-06-15 20:00:00,0.0,8.316,0.0,0.0,0.0,2.0,0.0,0.0,5.555555555555555,-6.316000000000001,0.0
2017-06-15 21:00:00,0.0,7.506,0.0,0.0,0.0,2.0,5.555555555555555,0.0,0.0,0.04955555555555513,0.0
2017-06-15 22:00:00,0.0,9.45,0.0,0.0,0.0,2.0,5.555555555555555,0.0,0.0,-1.894444444444444,0.0
2017-06-15 23:00:00,0.0,11.664,0.0,3.66666666666667,3.520000000000003,2.0,5.555555555555555,0.0,0.0,-0.4417777777777747,0.0
2017-06-16 00:00:00,0.0,17.334,0.0,22.0,24.64,2.0,5.555555555555555,0.0,0.0,12.221555555555558,0.0
2017-06-16 01:00:00,0.0,19.062,0.0,22.0,45.76,2.0,5.555555555555555,5.459870062026313,0.0,15.953425617581868,5.350672660785787
2017-06-16 02:00:00,0.0,19.17,0.0,22.0,66.88,2.0,5.555555555555555,24.0,0.0,34.385555555555555,28.806464588856358
2017-06-16 03:00:00,0.432,18.684,0.0,22.0,88.0,2.0,0.0,0.0,5.555555555555555,4.883999999999999,22.905231458234528
2017-06-16 04:00:00,1.26,21.006,18.47999999972965,0.0,68.75000000022001,2.0,0.0,0.0,5.555555555555555,-38.745999999729655,17.074813125180157
2017-06-16 05:00:00,2.304,25.11,22.0,0.0,45.833333333480006,2.0,0.0,0.0,5.555555555555555,-47.414,11.314359812122438
2017-06-16 06:00:00,6.84,29.97,22.0,0.0,22.916666666740003,2.0,0.0,0.0,5.555555555555555,-56.81,5.623031938821413
2017-06-16 07:00:00,12.276,31.104,22.0,0.0,0.0,2.0,0.0,0.0,5.555555555555555,-63.379999999999995,0.0
2017-06-16 08:00:00,16.704,30.672,0.0,0.0,0.0,2.0,5.555555555555555,0.0,0.0,-39.82044444444445,0.0
2017-06-16 09:00:00,20.736,32.724,0.0,0.0,0.0,2.0,5.555555555555555,0.0,0.0,-45.90444444444444,0.0
2017-06-16 10:00:00,23.076,35.1,0.0,3.66666666666667,3.520000000000003,2.0,5.555555555555555,0.0,0.0,-46.95377777777777,0.0
2017-06-16 11:00:00,23.76,37.53,0.0,22.0,24.64,2.0,5.555555555555555,24.0,0.0,-7.734444444444446,23.52
2017-06-16 12:00:00,22.824,0.0,0.0,22.0,45.76,2.0,5.555555555555555,24.0,0.0,30.731555555555556,46.75776
2017-06-16 13:00:00,20.34,38.016,0.0,22.0,66.88,2.0,5.555555555555555,24.0,0.0,-4.800444444444441,69.71666687999999
2017-06-16 14:00:00,16.452,36.936,0.0,22.0,88.0,2.0,5.555555555555555,24.0,0.0,0.16755555555555546,92.40006687743998
2017-06-16 15:00:00,11.52,38.178,0.0,0.0,88.0,2.0,5.555555555555555,8.886463188866623,0.0,-33.25598125557782,100.0
2017-06-16 16:00:00,5.724,38.232,0.0,0.0,88.0,2.0,0.0,0.0,5.555555555555555,-41.956,93.24444444444444
2017-06-16 17:00:00,1.08,36.882,22.0,0.0,65.08333333326,2.0,0.0,0.0,5.555555555555555,-57.961999999999996,86.56995555555555
2017-06-16 18:00:00,0.9,34.992,22.0,0.0,42.16666666652,2.0,0.0,0.0,5.555555555555555,-55.891999999999996,79.97556053333332
2017-06-16 19:00:00,0.324,31.59,18.47999999972966,0.0,22.916666666740003,2.0,0.0,0.0,5.555555555555555,-48.39399999972966,73.46029825137776
2017-06-16 20:00:00,0.0,31.104,22.0,0.0,0.0,2.0,0.0,0.0,5.555555555555555,-51.104,67.02321911680568
2017-06-16 21:00:00,0.0,30.618,0.0,0.0,0.0,2.0,0.0,0.0,5.555555555555555,-28.618,60.663384931848455
2017-06-16 22:00:00,0.0,29.538,0.0,0.0,0.0,2.0,0.0,0.0,5.555555555555555,-27.538,54.379868757110714
2017-06-16 23:00:00,0.0,28.08,0.0,22.0,21.119999999999997,2.0,5.555555555555555,24.0,0.0,25.47555555555556,77.24731033202538
2017-06-17 00:00:00,0.0,26.946,0.0,22.0,42.239999999999995,2.0,5.555555555555555,24.0,0.0,26.609555555555556,99.84034260804107
2017-06-17 01:00:00,0.0,25.11,0.0,3.66666666666667,45.76,2.0,0.0,0.0,5.555555555555555,-19.443333333333328,93.08670294118902
2017-06-17 02:00:00,0.0,23.76,0.0,22.0,66.88,2.0,5.555555555555555,0.0,0.0,5.795555555555556,91.96966250589475
2017-06-17 03:00:00,0.612,22.95,0.0,0.0,66.88,2.0,0.0,0.0,5.555555555555555,-21.561999999999998,85.31047100026845
2017-06-17 04:00:00,1.368,22.464,0.0,22.0,88.0,2.0,5.555555555555555,0.0,0.0,5.723555555555558,84.28674534826523
2017-06-17 05:00:00,2.304,20.196,0.0,0.0,88.0,2.0,0.0,0.0,5.555555555555555,-20.5,77.71974884853049
2017-06-17 06:00:00,6.948,13.23,0.0,0.0,88.0,2.0,0.0,0.0,5.555555555555555,-18.178,71.23155630679256
2017-06-17 07:00:00,11.772,11.232,22.0,0.0,65.08333333326,2.0,0.0,0.0,5.555555555555555,-43.004,64.82122207555548
2017-06-17 08:00:00,16.488,11.772,18.55039999987024,0.0,45.76,2.0,0.0,0.0,5.555555555555555,-44.81039999987024,58.487811855093256
2017-06-17 09:00:00,20.52,12.204,0.0,0.0,45.76,2.0,0.0,0.0,5.555555555555555,-30.724,52.23040255727658
2017-06-17 10:00:00,23.184,12.474,0.0,0.0,45.76,2.0,0.0,0.0,5.555555555555555,-33.658,46.0480821710337
2017-06-17 11:00:00,23.688,12.636,0.0,0.0,45.76,2.0,0.0,0.0,5.555555555555555,-34.324,39.93994962942573
2017-06-17 12:00:00,22.752,11.664,0.0,22.0,66.88,2.0,5.555555555555555,9.981357226681656,0.0,5.120912782237209,49.24240031602065
2017-06-17 13:00:00,20.196,11.826,0.0,22.0,88.0,2.0,5.555555555555555,24.0,0.0,21.533555555555555,72.1714915122284
2017-06-17 14:00:00,16.164,12.906,0.0,0.0,88.0,2.0,0.0,0.0,5.555555555555555,-27.07,65.74987805852611
2017-06-17 15:00:00,11.232,13.23,0.0,0.0,88.0,2.0,0.0,0.0,5.555555555555555,-22.462,59.40532396626824
2017-06-17 16:00:00,5.652,12.636,0.0,0.0,88.0,2.0,0.0,0.0,5.555555555555555,-16.288,53.136904523117465
2017-06-17 17:00:00,1.224,10.908,0.0,0.0,88.0,2.0,0.0,0.0,5.555555555555555,-10.132,46.9437061132845
2017-06-17 18:00:00,0.936,7.992,0.0,0.0,88.0,2.0,0.0,0.0,5.555555555555555,-6.928,40.824826084369526
2017-06-17 19:00:00,0.324,7.992,22.0,0.0,65.08333333326,2.0,0.0,0.0,5.555555555555555,-28.316000000000003,34.779372615801535
2017-06-17 20:00:00,0.0,7.668,22.0,0.0,42.16666666652,2.0,0.0,0.0,5.555555555555555,-27.668,28.806464588856358
2017-06-17 21:00:00,0.0,7.074,18.47999999972966,0.0,22.916666666740003,2.0,0.0,0.0,5.555555555555555,-23.553999999729662,22.905231458234528
2017-06-17 22:00:00,0.0,6.642,22.0,0.0,0.0,2.0,0.0,0.0,5.555555555555555,-26.642,17.074813125180157
2017-06-17 23:00:00,0.0,6.426,0.0,0.0,0.0,2.0,0.0,0.0,5.555555555555555,-4.426,11.314359812122438
2017-06-18 00:00:00,0.0,7.776,0.0,0.0,0.0,2.0,0.0,0.0,5.555555555555555,-5.776,5.623031938821413
2017-06-18 01:00:00,0.0,7.398,0.0,0.0,0.0,2.0,0.0,0.0,5.555555555555555,-5.398,0.0
2017-06-18 02:00:00,0.0,6.642,0.0,0.0,0.0,2.0,5.555555555555555,0.0,0.0,0.913555555555555,0.0
2017-06-18 03:00:00,0.288,6.264,0.0,0.0,0.0,2.0,5.555555555555555,0.0,0.0,1.003555555555555,0.0
2017-06-18 04:00:00,0.936,5.994,0.0,0.0,0.0,2.0,5.555555555555555,11.545265114410652,0.0,12.170820669966208,11.314359812122438
2017-06-18 05:00:00,1.98,5.832,0.0,0.0,0.0,2.0,0.0,0.0,5.555555555555555,-5.811999999999999,5.623031938821413
2017-06-18 06:00:00,4.104,5.616,0.0,0.0,0.0,2.0,0.0,0.0,5.555555555555555,-7.72,0.0
2017-06-18 07:00:00,7.524,5.886,0.0,0.0,0.0,2.0,5.555555555555555,0.0,0.0,-5.854444444444445,0.0
2017-06-18 08:00:00,12.096,6.804,0.0,0.0,0.0,2.0,5.555555555555555,0.0,0.0,-11.344444444444445,0.0
2017-06-18 09:00:00,17.676,8.424,0.0,0.0,0.0,2.0,5.555555555555555,0.0,0.0,-18.544444444444444,0.0
2017-06-18 10:00:00,21.78,10.044,0.0,3.66666666666667,3.520000000000003,2.0,5.555555555555555,0.0,0.0,-20.601777777777777,0.0
2017-06-18 11:00:00,22.68,11.502,0.0,22.0,24.64,2.0,5.555555555555555,0.0,0.0,-4.626444444444445,0.0
2017-06-18 12:00:00,21.852,13.986,0.0,22.0,45.76,2.0,5.555555555555555,24.0,0.0,17.717555555555553,23.52
2017-06-18 13:00:00,19.584,13.392,0.0,22.0,66.88,2.0,5.555555555555555,24.0,0.0,20.57955555555556,46.75776
2017-06-18 14:00:00,15.948,12.798,0.0,22.0,88.0,2.0,5.555555555555555,3.3749314563488726,0.0,4.18448701190443,49.50409970722189
2017-06-18 15:00:00,11.124,12.312,0.0,0.0,88.0,2.0,0.0,0.0,5.555555555555555,-21.436,43.35449495517967
2017-06-18 16:00:00,5.616,11.34,0.0,0.0,88.0,2.0,0.0,0.0,5.555555555555555,-14.956,37.27868546016195
2017-06-18 17:00:00,1.224,9.45,18.47999999972965,0.0,68.75000000022001,2.0,0.0,0.0,5.555555555555555,-27.153999999729653,31.275785679084454
2017-06-18 18:00:00,0.936,6.858,22.0,0.0,45.833333333480006,2.0,0.0,0.0,5.555555555555555,-27.794,25.344920695379884
2017-06-18 19:00:00,0.324,5.454,22.0,0.0,22.916666666740003,2.0,0.0,0.0,5.555555555555555,-25.778000000000002,19.485226091479767
2017-06-18 20:00:00,0.0,4.698,22.0,0.0,0.0,2.0,0.0,0.0,5.555555555555555,-24.698,13.695847822826455
2017-06-18 21:00:00,0.0,4.266,0.0,0.0,0.0,2.0,0.0,0.0,5.555555555555555,-2.266,7.9759420933969825
2017-06-18 22:00:00,0.0,3.78,0.0,22.0,21.119999999999997,2.0,5.555555555555555,24.0,0.0,49.775555555555556,31.400230788276218
2017-06-18 23:00:00,0.0,3.294,0.0,22.0,42.239999999999995,2.0,5.555555555555555,24.0,0.0,50.26155555555556,54.543428018816904
2017-06-19 00:00:00,0.0,2.7,0.0,22.0,63.35999999999999,2.0,5.555555555555555,24.0,0.0,50.855555555555554,77.4089068825911
2017-06-19 01:00:00,0.0,2.268,0.0,22.0,84.47999999999999,2.0,5.555555555555555,24.0,0.0,51.28755555555556,100.0
2017-06-19 02:00:00,0.0,1.944,0.0,3.6666666666666776,88.0,2.0,5.555555555555555,1.2244897959183703,0.0,10.502712018140603,100.0
2017-06-19 03:00:00,0.252,1.836,0.0,0.0,88.0,2.0,5.555555555555555,1.2244897959183703,0.0,6.692045351473927,100.0
2017-06-19 04:00:00,0.792,1.782,0.0,0.0,88.0,2.0,0.0,0.0,5.555555555555555,-0.5740000000000001,93.24444444444444
2017-06-19 05:00:00,1.62,1.836,22.0,0.0,65.08333333326,2.0,0.0,0.0,5.555555555555555,-23.456,86.56995555555555
2017-06-19 06:00:00,3.024,1.242,22.0,0.0,42.16666666652,2.0,0.0,0.0,5.555555555555555,-24.266000000000002,79.97556053333332
2017-06-19 07:00:00,5.076,1.134,16.82559999980536,0.0,24.64,2.0,0.0,0.0,5.555555555555555,-21.03559999980536,73.46029825137776
2017-06-19 08:00:00,8.532,1.134,0.0,0.0,24.64,2.0,0.0,0.0,5.555555555555555,-7.666,67.02321911680568
2017-06-19 09:00:00,14.004,1.566,0.0,0.0,24.64,2.0,0.0,0.0,5.555555555555555,-13.57,60.663384931848455
2017-06-19 10:00:00,18.648,2.43,0.0,22.0,45.76,2.0,0.0,0.0,5.555555555555555,2.9220000000000006,54.379868757110714
2017-06-19 11:00:00,21.528,3.942,0.0,22.0,66.88,2.0,4.965149746647638,0.0,0.5904058089079172,3.495149746647641,53.136904523117465
2017-06-19 12:00:00,21.384,4.968,0.0,22.0,88.0,2.0,0.0,0.0,5.555555555555555,-2.3520000000000003,46.9437061132845
2017-06-19 13:00:00,19.512,7.452,0.0,0.0,88.0,2.0,0.0,0.0,5.555555555555555,-24.964,40.824826084369526
2017-06-19 14:00:00,15.876,9.396,0.0,0.0,88.0,2.0,0.0,0.0,5.555555555555555,-23.272,34.779372615801535
2017-06-19 15:00:00,11.088,10.53,0.0,0.0,88.0,2.0,0.0,0.0,5.555555555555555,-19.618,28.806464588856358
2017-06-19 16:00:00,5.58,11.34,22.0,0.0,65.08333333326,2.0,0.0,0.0,5.555555555555555,-36.92,22.905231458234528
2017-06-19 17:00:00,1.224,10.962,22.0,0.0,42.16666666652,2.0,0.0,0.0,5.555555555555555,-32.186,17.074813125180157
2017-06-19 18:00:00,0.936,11.286,22.0,0.0,19.249999999779998,2.0,0.0,0.0,5.555555555555555,-32.222,11.314359812122438
2017-06-19 19:00:00,0.288,10.152,18.47999999972966,0.0,0.0,2.0,0.0,0.0,5.555555555555555,-26.919999999729658,5.623031938821413
2017-06-19 20:00:00,0.0,8.694,0.0,0.0,0.0,2.0,0.0,0.0,5.555555555555555,-6.694000000000001,0.0
2017-06-19 21:00:00,0.0,9.288,0.0,0.0,0.0,2.0,5.555555555555555,0.0,0.0,-1.732444444444445,0.0
2017-06-19 22:00:00,0.0,10.692,0.0,0.0,0.0,2.0,5.555555555555555,0.0,0.0,-3.136444444444445,0.0
2017-06-19 23:00:00,0.0,12.96,0.0,3.66666666666667,3.520000000000003,2.0,5.555555555555555,0.0,0.0,-1.7377777777777759,0.0
2017-06-20 00:00:00,0.0,15.12,0.0,22.0,24.64,2.0,5.555555555555555,0.0,0.0,14.435555555555558,0.0
2017-06-20 01:00:00,0.0,14.742,0.0,22.0,45.76,2.0,5.555555555555555,18.384568055919075,0.0,33.19812361147463,18.016876694800693
2017-06-20 02:00:00,0.0,14.04,0.0,22.0,66.88,2.0,5.555555555555555,24.0,0.0,39.51555555555556,41.320674174463086
2017-06-20 03:00:00,0.504,16.038,0.0,22.0,88.0,2.0,5.555555555555555,0.0,0.0,13.013555555555557,40.824826084369526
2017-06-20 04:00:00,1.44,19.548,0.0,0.0,88.0,2.0,0.0,0.0,5.555555555555555,-18.988,34.779372615801535
2017-06-20 05:00:00,2.52,23.058,22.0,0.0,65.08333333326,2.0,0.0,0.0,5.555555555555555,-45.578,28.806464588856358
2017-06-20 06:00:00,7.056,23.544,22.0,0.0,42.16666666652,2.0,0.0,0.0,5.555555555555555,-50.599999999999994,22.905231458234528
2017-06-20 07:00:00,11.556,23.976,18.47999999972966,0.0,22.916666666740003,2.0,0.0,0.0,5.555555555555555,-52.01199999972965,17.074813125180157
2017-06-20 08:00:00,15.66,25.866,22.0,0.0,0.0,2.0,0.0,0.0,5.555555555555555,-61.525999999999996,11.314359812122438
2017-06-20 09:00:00,18.828,26.838,0.0,0.0,0.0,2.0,0.0,0.0,5.555555555555555,-43.666,5.623031938821413
2017-06-20 10:00:00,21.06,27.702,0.0,0.0,0.0,2.0,0.0,0.0,5.555555555555555,-46.762,0.0
2017-06-20 11:00:00,21.456,28.026,0.0,0.0,0.0,2.0,5.555555555555555,0.0,0.0,-41.92644444444444,0.0
2017-06-20 12:00:00,21.168,27.648,0.0,0.0,0.0,2.0,5.555555555555555,0.0,0.0,-41.260444444444445,0.0
2017-06-20 13:00:00,19.008,28.404,0.0,0.0,0.0,2.0,5.555555555555555,0.0,0.0,-39.85644444444445,0.0
2017-06-20 14:00:00,16.128,28.62,0.0,0.0,0.0,2.0,5.555555555555555,0.0,0.0,-37.19244444444445,0.0
2017-06-20 15:00:00,10.908,27.972,0.0,0.0,0.0,2.0,5.555555555555555,0.0,0.0,-31.324444444444445,0.0
2017-06-20 16:00:00,5.472,27.0,0.0,0.0,0.0,2.0,5.555555555555555,0.0,0.0,-24.916444444444444,0.0
2017-06-20 17:00:00,1.512,24.732,0.0,0.0,0.0,2.0,5.555555555555555,0.0,0.0,-18.688444444444443,0.0
2017-06-20 18:00:00,0.9,22.032,0.0,0.0,0.0,2.0,5.555555555555555,0.0,0.0,-15.376444444444445,0.0
2017-06-20 19:00:00,0.288,19.98,0.0,0.0,0.0,2.0,5.555555555555555,0.0,0.0,-12.712444444444445,0.0
2017-06-20 20:00:00,0.0,19.818,0.0,0.0,0.0,2.0,5.555555555555555,0.0,0.0,-12.262444444444446,0.0
2017-06-20 21:00:00,0.0,18.846,0.0,3.66666666666667,3.520000000000003,2.0,5.555555555555555,0.0,0.0,-7.623777777777775,0.0
2017-06-20 22:00:00,0.0,18.09,0.0,0.0,3.520000000000003,2.0,5.555555555555555,0.0,0.0,-10.534444444444444,0.0
2017-06-20 23:00:00,0.0,17.334,0.0,22.0,24.64,2.0,5.555555555555555,8.138716421833657,0.0,20.360271977389214,7.9759420933969825
2017-06-21 00:00:00,0.0,16.632,0.0,22.0,45.76,2.0,5.555555555555555,24.0,0.0,36.92355555555555,31.400230788276218
2017-06-21 01:00:00,0.0,14.094,0.0,22.0,66.88,2.0,5.555555555555555,24.0,0.0,39.461555555555556,54.543428018816904
2017-06-21 02:00:00,0.0,12.528,0.0,22.0,88.0,2.0,5.555555555555555,24.0,0.0,41.02755555555556,77.4089068825911
2017-06-21 03:00:00,0.432,11.718,0.0,0.0,88.0,2.0,5.555555555555555,24.0,0.0,19.40555555555556,100.0
2017-06-21 04:00:00,1.116,12.528,0.0,0.0,88.0,2.0,0.0,0.0,5.555555555555555,-11.644,93.24444444444444
2017-06-21 05:00:00,2.124,12.474,22.0,0.0,65.08333333326,2.0,0.0,0.0,5.555555555555555,-34.598000000000006,86.56995555555555
2017-06-21 06:00:00,5.112,10.638,22.0,0.0,42.16666666652,2.0,0.0,0.0,5.555555555555555,-35.75,79.97556053333332
2017-06-21 07:00:00,7.992,9.774,22.0,0.0,19.249999999779998,2.0,0.0,0.0,5.555555555555555,-37.766,73.46029825137776
2017-06-21 08:00:00,10.188,9.666,0.0,0.0,19.249999999779998,2.0,0.0,0.0,5.555555555555555,-17.854,67.02321911680568
2017-06-21 09:00:00,12.996,10.584,0.0,0.0,19.249999999779998,2.0,0.0,0.0,5.555555555555555,-21.58,60.663384931848455
2017-06-21 10:00:00,15.444,11.34,0.0,5.614583333562503,24.64,2.0,0.0,0.0,5.555555555555555,-19.1694166664375,54.379868757110714
2017-06-21 11:00:00,17.28,11.502,0.0,22.0,45.76,2.0,0.0,0.0,5.555555555555555,-4.782000000000002,48.171754776469825
2017-06-21 12:00:00,17.712,10.26,0.0,22.0,66.88,2.0,4.905567949687869,0.0,0.6499876058676861,0.9335679496878733,46.9437061132845
2017-06-21 13:00:00,18.72,8.154,0.0,22.0,88.0,2.0,0.0,0.0,5.555555555555555,-2.8739999999999988,40.824826084369526
2017-06-21 14:00:00,15.444,7.884,0.0,0.0,88.0,2.0,0.0,0.0,5.555555555555555,-21.328000000000003,34.779372615801535
2017-06-21 15:00:00,9.54,9.45,18.47999999972965,0.0,68.75000000022001,2.0,0.0,0.0,5.555555555555555,-35.46999999972965,28.806464588856358
2017-06-21 16:00:00,4.716,8.478,22.0,0.0,45.833333333480006,2.0,0.0,0.0,5.555555555555555,-33.194,22.905231458234528
2017-06-21 17:00:00,1.872,5.724,22.0,0.0,22.916666666740003,2.0,0.0,0.0,5.555555555555555,-27.596,17.074813125180157
2017-06-21 18:00:00,0.792,3.564,22.0,0.0,0.0,2.0,0.0,0.0,5.555555555555555,-24.356,11.314359812122438
2017-06-21 19:00:00,0.216,2.754,0.0,0.0,0.0,2.0,0.0,0.0,5.555555555555555,-0.97,5.623031938821413
2017-06-21 20:00:00,0.0,3.672,0.0,0.0,0.0,2.0,0.0,0.0,5.555555555555555,-1.6720000000000002,0.0
2017-06-21 21:00:00,0.0,3.996,0.0,0.0,0.0,2.0,5.555555555555555,0.0,0.0,3.5595555555555554,0.0
2017-06-21 22:00:00,0.0,3.402,0.0,0.0,0.0,2.0,5.555555555555555,0.0,0.0,4.153555555555555,0.0
2017-06-21 23:00:00,0.0,2.7,0.0,3.66666666666667,3.520000000000003,2.0,5.555555555555555,0.0,0.0,8.522222222222226,0.0
2017-06-22 00:00:00,0.0,2.754,0.0,22.0,24.64,2.0,5.555555555555555,0.0,0.0,26.801555555555556,0.0
2017-06-22 01:00:00,0.0,2.106,0.0,22.0,45.76,2.0,5.555555555555555,0.0,0.0,27.449555555555555,0.0
2017-06-22 02:00:00,0.0,2.43,0.0,22.0,66.88,2.0,5.555555555555555,24.0,0.0,51.12555555555556,23.52
2017-06-22 03:00:00,0.612,3.132,0.0,22.0,88.0,2.0,5.555555555555555,17.94598580037707,0.0,43.75754135593263,40.824826084369526
2017-06-22 04:00:00,1.44,4.212,0.0,0.0,88.0,2.0,0.0,0.0,5.555555555555555,-3.6519999999999997,34.779372615801535
2017-06-22 05:00:00,2.304,4.914,22.0,0.0,65.08333333326,2.0,0.0,0.0,5.555555555555555,-27.218,28.806464588856358
2017-06-22 06:00:00,5.724,3.834,22.0,0.0,42.16666666652,2.0,0.0,0.0,5.555555555555555,-29.558,22.905231458234528
2017-06-22 07:00:00,7.848,3.24,22.0,0.0,19.249999999779998,2.0,0.0,0.0,5.555555555555555,-31.088,17.074813125180157
2017-06-22 08:00:00,8.748,2.322,18.47999999972966,0.0,0.0,2.0,0.0,0.0,5.555555555555555,-27.549999999729657,11.314359812122438
2017-06-22 09:00:00,10.476,1.944,0.0,0.0,0.0,2.0,0.0,0.0,5.555555555555555,-10.420000000000002,5.623031938821413
2017-06-22 10:00:00,12.492,1.728,0.0,0.0,0.0,2.0,0.0,0.0,5.555555555555555,-12.22,0.0
2017-06-22 11:00:00,9.972,1.674,0.0,22.0,21.119999999999997,2.0,5.555555555555555,0.0,0.0,17.909555555555556,0.0
2017-06-22 12:00:00,8.892,1.188,0.0,22.0,42.239999999999995,2.0,5.555555555555555,0.0,0.0,19.47555555555556,0.0
2017-06-22 13:00:00,10.368,2.214,0.0,22.0,63.35999999999999,2.0,5.555555555555555,11.628700131993654,0.0,28.60225568754921,11.39612612935378
2017-06-22 14:00:00,11.304,3.348,0.0,22.0,84.47999999999999,2.0,5.555555555555555,24.0,0.0,38.903555555555556,34.779372615801535
2017-06-22 15:00:00,8.316,3.24,0.0,0.0,84.47999999999999,2.0,0.0,0.0,5.555555555555555,-9.556000000000001,28.806464588856358
2017-06-22 16:00:00,4.788,3.78,22.0,0.0,61.56333333325999,2.0,0.0,0.0,5.555555555555555,-28.568,22.905231458234528
2017-06-22 17:00:00,2.088,3.996,22.0,0.0,38.64666666651999,2.0,0.0,0.0,5.555555555555555,-26.084,17.074813125180157
2017-06-22 18:00:00,0.9,3.78,22.0,0.0,15.729999999779988,2.0,0.0,0.0,5.555555555555555,-24.68,11.314359812122438
2017-06-22 19:00:00,0.144,4.32,15.100799999740465,0.0,0.0,2.0,0.0,0.0,5.555555555555555,-17.564799999740465,5.623031938821413
2017-06-22 20:00:00,0.0,4.158,0.0,0.0,0.0,2.0,0.0,0.0,5.555555555555555,-2.1580000000000004,0.0
2017-06-22 21:00:00,0.0,3.51,0.0,0.0,0.0,2.0,5.555555555555555,0.0,0.0,4.045555555555556,0.0
2017-06-22 22:00:00,0.0,3.294,0.0,0.0,0.0,2.0,5.555555555555555,0.0,0.0,4.261555555555555,0.0
2017-06-22 23:00:00,0.0,3.132,0.0,3.66666666666667,3.520000000000003,2.0,5.555555555555555,0.0,0.0,8.090222222222225,0.0
2017-06-23 00:00:00,0.0,2.538,0.0,22.0,24.64,2.0,5.555555555555555,0.0,0.0,27.017555555555557,0.0
2017-06-23 01:00:00,0.0,3.078,0.0,22.0,45.76,2.0,5.555555555555555,24.0,0.0,50.477555555555554,23.52
2017-06-23 02:00:00,0.0,3.348,0.0,22.0,66.88,2.0,5.555555555555555,24.0,0.0,50.20755555555556,46.75776
2017-06-23 03:00:00,0.216,3.996,0.0,22.0,88.0,2.0,5.555555555555555,0.0,0.0,25.343555555555557,46.196666879999995
2017-06-23 04:00:00,0.648,5.346,0.0,0.0,88.0,2.0,0.0,0.0,5.555555555555555,-3.994,40.086751321884435
2017-06-23 05:00:00,1.224,7.02,22.0,0.0,65.08333333326,2.0,0.0,0.0,5.555555555555555,-28.244,34.05015475046626
2017-06-23 06:00:00,2.088,6.426,22.0,0.0,42.16666666652,2.0,0.0,0.0,5.555555555555555,-28.514000000000003,28.085997337905113
2017-06-23 07:00:00,3.384,5.67,22.0,0.0,19.249999999779998,2.0,0.0,0.0,5.555555555555555,-29.054000000000002,22.193409814294697
2017-06-23 08:00:00,3.996,6.426,18.47999999972966,0.0,0.0,2.0,0.0,0.0,5.555555555555555,-26.901999999729657,16.371533340967602
2017-06-23 09:00:00,3.852,9.774,0.0,0.0,0.0,2.0,0.0,0.0,5.555555555555555,-11.626,10.619519385320435
2017-06-23 10:00:00,4.068,12.42,0.0,0.0,0.0,2.0,0.0,0.0,5.555555555555555,-14.488,4.9365295971410355
2017-06-23 11:00:00,3.744,13.122,0.0,0.0,0.0,2.0,0.6782643135802117,0.0,4.877291241975343,-14.187735686419789,0.0
2017-06-23 12:00:00,4.428,14.472,0.0,22.0,21.119999999999997,2.0,5.555555555555555,0.0,0.0,10.655555555555559,0.0
2017-06-23 13:00:00,7.2,18.522,0.0,22.0,42.239999999999995,2.0,5.555555555555555,0.0,0.0,3.8335555555555585,0.0
2017-06-23 14:00:00,8.352,21.114,0.0,22.0,63.35999999999999,2.0,5.555555555555555,17.423278699163426,0.0,17.51283425471898,17.074813125180157
2017-06-23 15:00:00,5.04,20.304,22.0,0.0,40.443333333259986,2.0,0.0,0.0,5.555555555555555,-45.344,11.314359812122438
2017-06-23 16:00:00,3.024,19.17,22.0,0.0,17.526666666519983,2.0,0.0,0.0,5.555555555555555,-42.194,5.623031938821413
2017-06-23 17:00:00,1.224,16.794,16.82559999980534,0.0,0.0,2.0,0.0,0.0,5.555555555555555,-32.84359999980534,0.0
2017-06-23 18:00:00,0.504,16.416,0.0,0.0,0.0,2.0,5.555555555555555,0.0,0.0,-9.364444444444445,0.0
2017-06-23 19:00:00,0.108,17.442,0.0,0.0,0.0,2.0,5.555555555555555,0.0,0.0,-9.994444444444445,0.0
2017-06-23 20:00:00,0.0,18.522,0.0,0.0,0.0,2.0,5.555555555555555,0.0,0.0,-10.966444444444443,0.0
2017-06-23 21:00:00,0.0,19.116,0.0,0.0,0.0,2.0,5.555555555555555,0.0,0.0,-11.560444444444444,0.0
2017-06-23 22:00:00,0.0,19.062,0.0,0.0,0.0,2.0,5.555555555555555,0.0,0.0,-11.506444444444446,0.0
2017-06-23 23:00:00,0.0,18.63,0.0,0.0,0.0,2.0,5.555555555555555,0.0,0.0,-11.074444444444444,0.0
2017-06-24 00:00:00,0.0,17.82,0.0,0.0,0.0,2.0,5.555555555555555,0.0,0.0,-10.264444444444445,0.0
2017-06-24 01:00:00,0.0,16.956,0.0,0.0,0.0,2.0,5.555555555555555,0.0,0.0,-9.400444444444444,0.0
2017-06-24 02:00:00,0.0,14.04,0.0,22.0,21.119999999999997,2.0,5.555555555555555,0.0,0.0,15.515555555555558,0.0
2017-06-24 03:00:00,0.288,12.96,0.0,22.0,42.239999999999995,2.0,5.555555555555555,24.0,0.0,40.30755555555556,23.52
2017-06-24 04:00:00,0.936,12.798,0.0,3.743055555708345,45.833333333480006,2.0,0.0,0.0,5.555555555555555,-7.990944444291655,17.682204444444444
2017-06-24 05:00:00,1.656,13.986,0.0,0.0,45.833333333480006,2.0,0.0,0.0,5.555555555555555,-13.642000000000001,11.914462435555555
2017-06-24 06:00:00,2.484,15.984,22.0,0.0,22.916666666740003,2.0,0.0,0.0,5.555555555555555,-38.468,6.215933330773332
2017-06-24 07:00:00,2.88,17.01,22.0,0.0,0.0,2.0,0.0,0.0,5.555555555555555,-39.89000000000001,0.5857865752484965
2017-06-24 08:00:00,4.536,19.008,0.0,0.0,0.0,2.0,5.555555555555555,0.0,0.0,-15.988444444444443,0.5787571363455146
2017-06-24 09:00:00,5.94,22.734,0.0,0.0,0.0,2.0,4.983743504846187,0.0,0.5718120507093685,-21.690256495153815,0.0
2017-06-24 10:00:00,8.244,26.622,0.0,0.0,0.0,2.0,5.555555555555555,0.0,0.0,-27.310444444444443,0.0
2017-06-24 11:00:00,7.416,28.188,0.0,3.66666666666667,3.520000000000003,2.0,5.555555555555555,0.0,0.0,-24.381777777777774,0.0
2017-06-24 12:00:00,7.308,30.24,0.0,22.0,24.64,2.0,5.555555555555555,0.0,0.0,-7.992444444444441,0.0
2017-06-24 13:00:00,6.048,29.322,0.0,22.0,45.76,2.0,5.555555555555555,24.0,0.0,18.18555555555556,23.52
2017-06-24 14:00:00,6.12,28.998,0.0,22.0,66.88,2.0,5.555555555555555,24.0,0.0,18.437555555555555,46.75776
2017-06-24 15:00:00,4.248,28.458,0.0,22.0,88.0,2.0,5.555555555555555,0.762284931922963,0.0,-2.3881595125214785,46.9437061132845
2017-06-24 16:00:00,2.592,27.864,22.0,0.0,65.08333333326,2.0,0.0,0.0,5.555555555555555,-50.456,40.824826084369526
2017-06-24 17:00:00,1.188,27.162,18.479999999729657,0.0,45.833333333480006,2.0,0.0,0.0,5.555555555555555,-44.82999999972966,34.779372615801535
2017-06-24 18:00:00,0.504,20.304,0.0,0.0,45.833333333480006,2.0,0.0,0.0,5.555555555555555,-18.808,28.806464588856358
2017-06-24 19:00:00,0.144,17.982,0.0,0.0,45.833333333480006,2.0,0.0,0.0,5.555555555555555,-16.125999999999998,22.905231458234528
2017-06-24 20:00:00,0.0,17.82,22.0,0.0,22.916666666740003,2.0,0.0,0.0,5.555555555555555,-37.82,17.074813125180157
2017-06-24 21:00:00,0.0,19.818,0.0,0.0,22.916666666740003,2.0,0.0,0.0,5.555555555555555,-17.818,11.314359812122438
2017-06-24 22:00:00,0.0,21.816,22.0,0.0,0.0,2.0,0.0,0.0,5.555555555555555,-41.816,5.623031938821413
2017-06-24 23:00:00,0.0,22.95,0.0,0.0,0.0,2.0,0.0,0.0,5.555555555555555,-20.95,0.0
2017-06-25 00:00:00,0.0,24.138,0.0,0.0,0.0,2.0,5.555555555555555,0.0,0.0,-16.582444444444448,0.0
2017-06-25 01:00:00,0.0,20.412,0.0,0.0,0.0,2.0,5.555555555555555,0.0,0.0,-12.856444444444444,0.0
2017-06-25 02:00:00,0.0,18.522,0.0,22.0,21.119999999999997,2.0,5.555555555555555,0.0,0.0,11.033555555555559,0.0
2017-06-25 03:00:00,0.288,19.656,0.0,22.0,42.239999999999995,2.0,5.555555555555555,14.316271717998111,0.0,23.92782727355367,14.029946283638148
2017-06-25 04:00:00,0.9,21.654,0.0,22.0,63.35999999999999,2.0,5.555555555555555,24.0,0.0,31.00155555555556,37.38158692823449
2017-06-25 05:00:00,1.62,24.246,16.825599999805345,0.0,45.833333333480006,2.0,0.0,0.0,5.555555555555555,-40.69159999980534,31.37745232954012
2017-06-25 06:00:00,2.268,25.056,22.0,0.0,22.916666666740003,2.0,0.0,0.0,5.555555555555555,-47.324,25.445367346030086
2017-06-25 07:00:00,2.772,27.216,22.0,0.0,0.0,2.0,0.0,0.0,5.555555555555555,-49.988,19.584467382322167
2017-06-25 08:00:00,3.384,28.512,0.0,0.0,0.0,2.0,0.0,0.0,5.555555555555555,-29.896,13.793898218178745
2017-06-25 09:00:00,3.924,29.646,0.0,0.0,0.0,2.0,0.0,0.0,5.555555555555555,-31.57,8.072815884005044
2017-06-25 10:00:00,5.364,31.644,0.0,3.66666666666667,3.520000000000003,2.0,5.555555555555555,0.0,0.0,-25.785777777777774,7.9759420933969825
2017-06-25 11:00:00,6.696,32.994,0.0,22.0,24.64,2.0,5.555555555555555,24.0,0.0,13.865555555555558,31.400230788276218
2017-06-25 12:00:00,6.732,0.0,0.0,22.0,45.76,2.0,5.555555555555555,24.0,0.0,46.82355555555556,54.543428018816904
2017-06-25 13:00:00,8.316,37.422,0.0,22.0,66.88,2.0,5.555555555555555,24.0,0.0,7.817555555555559,77.4089068825911
2017-06-25 14:00:00,5.904,35.532,0.0,22.0,88.0,2.0,5.555555555555555,24.0,0.0,12.11955555555556,100.0
2017-06-25 15:00:00,3.708,35.37,0.0,0.0,88.0,2.0,0.0,0.0,5.555555555555555,-37.077999999999996,93.24444444444444
2017-06-25 16:00:00,2.376,34.722,0.0,0.0,88.0,2.0,0.0,0.0,5.555555555555555,-35.098,86.56995555555555
2017-06-25 17:00:00,1.296,34.182,22.0,0.0,65.08333333326,2.0,0.0,0.0,5.555555555555555,-55.478,79.97556053333332
2017-06-25 18:00:00,0.576,32.4,18.479999999729657,0.0,45.833333333480006,2.0,0.0,0.0,5.555555555555555,-49.455999999729656,73.46029825137776
2017-06-25 19:00:00,0.144,31.59,22.0,0.0,22.916666666740003,2.0,0.0,0.0,5.555555555555555,-51.734,67.02321911680568
2017-06-25 20:00:00,0.0,32.292,22.0,0.0,0.0,2.0,0.0,0.0,5.555555555555555,-52.292,60.663384931848455
2017-06-25 21:00:00,0.0,32.508,0.0,0.0,0.0,2.0,0.0,0.0,5.555555555555555,-30.508000000000003,54.379868757110714
2017-06-25 22:00:00,0.0,32.076,0.0,0.0,0.0,2.0,0.0,0.0,5.555555555555555,-30.076,48.171754776469825
2017-06-25 23:00:00,0.0,32.778,0.0,3.66666666666667,3.520000000000003,2.0,0.0,0.0,5.555555555555555,-27.111333333333327,42.03813816359663
2017-06-26 00:00:00,0.0,33.534,0.0,22.0,24.64,2.0,5.555555555555555,13.275252564472892,0.0,9.296808120028452,54.543428018816904
2017-06-26 01:00:00,0.0,34.398,0.0,22.0,45.76,2.0,5.555555555555555,24.0,0.0,19.157555555555554,77.4089068825911
2017-06-26 02:00:00,0.0,34.02,0.0,22.0,66.88,2.0,5.555555555555555,24.0,0.0,19.535555555555554,100.0
2017-06-26 03:00:00,0.54,32.994,0.0,22.0,88.0,2.0,5.555555555555555,1.2244897959183703,0.0,-2.7539546485260766,100.0
2017-06-26 04:00:00,1.368,34.29,22.0,0.0,65.08333333326,2.0,0.0,0.0,5.555555555555555,-55.658,93.24444444444444
2017-06-26 05:00:00,2.088,35.64,0.0,0.0,65.08333333326,2.0,0.0,0.0,5.555555555555555,-35.728,86.56995555555555
2017-06-26 06:00:00,6.552,35.046,0.0,0.0,65.08333333326,2.0,0.0,0.0,5.555555555555555,-39.598,79.97556053333332
2017-06-26 07:00:00,10.188,34.992,0.0,0.0,65.08333333326,2.0,0.0,0.0,5.555555555555555,-43.18,73.46029825137776
2017-06-26 08:00:00,13.284,33.75,0.0,0.0,65.08333333326,2.0,0.0,0.0,5.555555555555555,-45.034,67.02321911680568
2017-06-26 09:00:00,18.108,34.776,0.0,0.0,65.08333333326,2.0,0.0,0.0,5.555555555555555,-50.884,60.663384931848455
2017-06-26 10:00:00,20.736,35.532,0.0,1.8715277778541615,66.88,2.0,0.0,0.0,5.555555555555555,-52.39647222214583,54.379868757110714
2017-06-26 11:00:00,20.268,36.126,0.0,0.0,66.88,2.0,0.0,0.0,5.555555555555555,-54.394,48.171754776469825
2017-06-26 12:00:00,18.36,36.342,0.0,0.0,66.88,2.0,0.0,0.0,5.555555555555555,-52.702,42.03813816359663
2017-06-26 13:00:00,17.388,36.072,0.0,22.0,88.0,2.0,0.0,0.0,5.555555555555555,-29.460000000000004,35.97812495007791
2017-06-26 14:00:00,14.688,35.856,0.0,0.0,88.0,2.0,0.0,0.0,5.555555555555555,-48.544000000000004,29.990831895121417
2017-06-26 15:00:00,10.152,34.29,0.0,0.0,88.0,2.0,4.731078232031953,0.0,0.8244773235236025,-37.710921767968046,28.806464588856358
2017-06-26 16:00:00,5.508,32.94,22.0,0.0,65.08333333326,2.0,0.0,0.0,5.555555555555555,-58.448,22.905231458234528
2017-06-26 17:00:00,1.656,30.132,22.0,0.0,42.16666666652,2.0,0.0,0.0,5.555555555555555,-51.788000000000004,17.074813125180157
2017-06-26 18:00:00,0.972,25.11,18.47999999972966,0.0,22.916666666740003,2.0,0.0,0.0,5.555555555555555,-42.56199999972966,11.314359812122438
2017-06-26 19:00:00,0.288,23.706,22.0,0.0,0.0,2.0,0.0,0.0,5.555555555555555,-43.994,5.623031938821413
2017-06-26 20:00:00,0.0,24.786,0.0,0.0,0.0,2.0,0.0,0.0,5.555555555555555,-22.786,0.0
2017-06-26 21:00:00,0.0,23.706,0.0,0.0,0.0,2.0,5.555555555555555,0.0,0.0,-16.150444444444446,0.0
2017-06-26 22:00:00,0.0,21.816,0.0,3.66666666666667,3.520000000000003,2.0,5.555555555555555,8.138716421833657,0.0,-2.4550613559441175,7.9759420933969825
2017-06-26 23:00:00,0.0,19.926,0.0,22.0,24.64,2.0,5.555555555555555,24.0,0.0,33.629555555555555,31.400230788276218
2017-06-27 00:00:00,0.0,16.416,0.0,22.0,45.76,2.0,5.555555555555555,24.0,0.0,37.13955555555556,54.543428018816904
2017-06-27 01:00:00,0.0,14.526,0.0,22.0,66.88,2.0,5.555555555555555,24.0,0.0,39.02955555555556,77.4089068825911
2017-06-27 02:00:00,0.0,13.122,0.0,22.0,88.0,2.0,5.555555555555555,24.0,0.0,40.43355555555556,100.0
2017-06-27 03:00:00,0.54,11.934,0.0,0.0,88.0,2.0,5.4029847164094615,0.0,0.15257083914609382,-5.071015283590537,98.6474291608539
2017-06-27 04:00:00,1.368,12.042,0.0,0.0,88.0,2.0,0.0,0.0,5.555555555555555,-11.41,91.9081044553681
2017-06-27 05:00:00,2.34,10.368,0.0,0.0,88.0,2.0,0.0,0.0,5.555555555555555,-10.708,85.24965164634813
2017-06-27 06:00:00,6.948,8.964,22.0,0.0,65.08333333326,2.0,0.0,0.0,5.555555555555555,-35.912,78.6711002710364
2017-06-27 07:00:00,12.6,7.938,18.479999999729657,0.0,45.833333333480006,2.0,0.0,0.0,5.555555555555555,-37.01799999972965,72.1714915122284
2017-06-27 08:00:00,17.496,6.804,22.0,0.0,22.916666666740003,2.0,0.0,0.0,5.555555555555555,-44.3,65.74987805852611
2017-06-27 09:00:00,21.276,6.048,22.0,0.0,0.0,2.0,0.0,0.0,5.555555555555555,-47.324,59.40532396626824
2017-06-27 10:00:00,23.436,5.616,0.0,0.0,0.0,2.0,0.0,0.0,5.555555555555555,-27.052,53.136904523117465
2017-06-27 11:00:00,23.292,4.698,0.0,0.0,0.0,2.0,0.0,0.0,5.555555555555555,-25.990000000000002,46.9437061132845
2017-06-27 12:00:00,22.716,3.186,0.0,0.0,0.0,2.0,0.0,0.0,5.555555555555555,-23.902,40.824826084369526
2017-06-27 13:00:00,18.36,2.484,0.0,22.0,21.119999999999997,2.0,0.0,0.0,5.555555555555555,3.155999999999999,34.779372615801535
2017-06-27 14:00:00,14.184,1.728,0.0,0.0,21.119999999999997,2.0,0.0,0.0,5.555555555555555,-13.911999999999999,28.806464588856358
2017-06-27 15:00:00,9.144,1.35,0.0,0.0,21.119999999999997,2.0,0.0,0.0,5.555555555555555,-8.494,22.905231458234528
2017-06-27 16:00:00,4.968,1.134,0.0,0.0,21.119999999999997,2.0,0.0,0.0,5.555555555555555,-4.102,17.074813125180157
2017-06-27 17:00:00,1.944,1.08,20.275199999935115,0.0,0.0,2.0,0.0,0.0,5.555555555555555,-21.299199999935116,11.314359812122438
2017-06-27 18:00:00,1.188,1.35,0.0,0.0,0.0,2.0,0.0,0.0,5.555555555555555,-0.538,5.623031938821413
2017-06-27 19:00:00,0.36,1.512,0.0,0.0,0.0,2.0,0.0,0.0,5.555555555555555,0.128,0.0
2017-06-27 20:00:00,0.0,1.404,0.0,0.0,0.0,2.0,5.555555555555555,0.0,0.0,6.151555555555555,0.0
2017-06-27 21:00:00,0.0,1.458,0.0,22.0,21.119999999999997,2.0,5.555555555555555,5.737787692674911,0.0,33.835343248230465,5.623031938821413
2017-06-27 22:00:00,0.0,1.62,0.0,0.0,21.119999999999997,2.0,0.0,0.0,5.555555555555555,0.3799999999999999,0.0
2017-06-27 23:00:00,0.0,1.998,0.0,3.66666666666667,24.64,2.0,5.555555555555555,0.0,0.0,9.224222222222226,0.0
2017-06-28 00:00:00,0.0,2.322,0.0,22.0,45.76,2.0,5.555555555555555,24.0,0.0,51.233555555555554,23.52
2017-06-28 01:00:00,0.0,2.97,0.0,22.0,66.88,2.0,5.555555555555555,24.0,0.0,50.58555555555556,46.75776
2017-06-28 02:00:00,0.0,3.456,0.0,22.0,88.0,2.0,5.555555555555555,24.0,0.0,50.099555555555554,69.71666687999999
2017-06-28 03:00:00,0.504,3.942,0.0,0.0,88.0,2.0,5.555555555555555,16.703657927457286,0.0,19.81321348301284,85.24965164634813
2017-06-28 04:00:00,1.476,5.13,0.0,0.0,88.0,2.0,0.0,0.0,5.555555555555555,-4.606,78.6711002710364
2017-06-28 05:00:00,2.412,6.912,0.0,0.0,88.0,2.0,0.0,0.0,5.555555555555555,-7.324,72.1714915122284
2017-06-28 06:00:00,4.14,7.02,18.47999999972965,0.0,68.75000000022001,2.0,0.0,0.0,5.555555555555555,-27.639999999729653,65.74987805852611
2017-06-28 07:00:00,5.328,8.478,22.0,0.0,45.833333333480006,2.0,0.0,0.0,5.555555555555555,-33.806000000000004,59.40532396626824
2017-06-28 08:00:00,6.912,10.854,22.0,0.0,22.916666666740003,2.0,0.0,0.0,5.555555555555555,-37.766,53.136904523117465
2017-06-28 09:00:00,8.748,13.392,22.0,0.0,0.0,2.0,0.0,0.0,5.555555555555555,-42.13999999999999,46.9437061132845
2017-06-28 10:00:00,10.116,15.714,0.0,0.0,0.0,2.0,0.0,0.0,5.555555555555555,-23.83,40.824826084369526
2017-06-28 11:00:00,10.98,17.658,0.0,0.0,0.0,2.0,0.0,0.0,5.555555555555555,-26.638,34.779372615801535
2017-06-28 12:00:00,10.368,16.686,0.0,0.0,0.0,2.0,0.0,0.0,5.555555555555555,-25.054000000000002,28.806464588856358
2017-06-28 13:00:00,9.072,20.736,0.0,22.0,21.119999999999997,2.0,0.0,0.0,5.555555555555555,-5.808,22.905231458234528
2017-06-28 14:00:00,8.352,24.732,0.0,22.0,42.239999999999995,2.0,0.0,0.0,5.555555555555555,-9.084,17.074813125180157
2017-06-28 15:00:00,7.344,26.082,0.0,0.0,42.239999999999995,2.0,0.0,0.0,5.555555555555555,-31.426000000000002,11.314359812122438
2017-06-28 16:00:00,4.788,26.784,18.55039999987023,0.0,22.916666666740003,2.0,0.0,0.0,5.555555555555555,-48.122399999870225,5.623031938821413
2017-06-28 17:00:00,2.052,25.596,22.0,0.0,0.0,2.0,0.0,0.0,5.555555555555555,-47.648,0.0
2017-06-28 18:00:00,0.9,25.704,0.0,0.0,0.0,2.0,5.555555555555555,0.0,0.0,-19.048444444444442,0.0
2017-06-28 19:00:00,0.18,27.162,0.0,0.0,0.0,2.0,5.555555555555555,0.0,0.0,-19.78644444444444,0.0
2017-06-28 20:00:00,0.0,29.916,0.0,0.0,0.0,2.0,5.555555555555555,0.0,0.0,-22.360444444444447,0.0
2017-06-28 21:00:00,0.0,32.4,0.0,0.0,0.0,2.0,5.555555555555555,0.0,0.0,-24.84444444444444,0.0
2017-06-28 22:00:00,0.0,33.534,0.0,3.66666666666667,3.520000000000003,2.0,5.555555555555555,0.0,0.0,-22.311777777777774,0.0
2017-06-28 23:00:00,0.0,33.264,0.0,22.0,24.64,2.0,5.555555555555555,6.690257557429382,0.0,2.9818131129849377,6.556452406280794
2017-06-29 00:00:00,0.0,28.026,0.0,22.0,45.76,2.0,5.555555555555555,24.0,0.0,25.529555555555557,29.997774977405424
2017-06-29 01:00:00,0.0,25.65,0.0,22.0,66.88,2.0,5.555555555555555,24.0,0.0,27.90555555555556,53.15780167767656
2017-06-29 02:00:00,0.0,23.544,0.0,22.0,88.0,2.0,5.555555555555555,24.0,0.0,30.011555555555557,76.03990805754444
2017-06-29 03:00:00,0.144,22.302,0.0,0.0,88.0,2.0,5.555555555555555,24.0,0.0,9.109555555555557,98.6474291608539
2017-06-29 04:00:00,0.36,20.574,0.0,0.0,88.0,2.0,0.0,0.0,5.555555555555555,-18.934,91.9081044553681
2017-06-29 05:00:00,0.756,18.144,0.0,0.0,88.0,2.0,0.0,0.0,5.555555555555555,-16.9,85.24965164634813
2017-06-29 06:00:00,1.08,16.254,18.47999999972965,0.0,68.75000000022001,2.0,0.0,0.0,5.555555555555555,-33.81399999972965,78.6711002710364
2017-06-29 07:00:00,1.476,14.526,22.0,0.0,45.833333333480006,2.0,0.0,0.0,5.555555555555555,-36.001999999999995,72.1714915122284
2017-06-29 08:00:00,1.692,13.392,22.0,0.0,22.916666666740003,2.0,0.0,0.0,5.555555555555555,-35.083999999999996,65.74987805852611
2017-06-29 09:00:00,1.836,12.906,22.0,0.0,0.0,2.0,0.0,0.0,5.555555555555555,-34.742,59.40532396626824
2017-06-29 10:00:00,2.088,12.636,0.0,0.0,0.0,2.0,0.0,0.0,5.555555555555555,-12.724,53.136904523117465
2017-06-29 11:00:00,2.448,12.366,0.0,0.0,0.0,2.0,0.0,0.0,5.555555555555555,-12.814,46.9437061132845
2017-06-29 12:00:00,2.916,9.18,0.0,0.0,0.0,2.0,0.0,0.0,5.555555555555555,-10.096,40.824826084369526
2017-06-29 13:00:00,3.024,10.152,0.0,0.0,0.0,2.0,0.0,0.0,5.555555555555555,-11.175999999999998,34.779372615801535
2017-06-29 14:00:00,2.34,11.448,0.0,0.0,0.0,2.0,0.0,0.0,5.555555555555555,-11.788,28.806464588856358
2017-06-29 15:00:00,1.692,10.746,0.0,0.0,0.0,2.0,0.0,0.0,5.555555555555555,-10.438,22.905231458234528
2017-06-29 16:00:00,1.188,10.476,0.0,0.0,0.0,2.0,0.0,0.0,5.555555555555555,-9.664000000000001,17.074813125180157
2017-06-29 17:00:00,0.792,9.99,0.0,0.0,0.0,2.0,0.0,0.0,5.555555555555555,-8.782,11.314359812122438
2017-06-29 18:00:00,0.432,6.642,0.0,0.0,0.0,2.0,0.0,0.0,5.555555555555555,-5.074000000000001,5.623031938821413
2017-06-29 19:00:00,0.144,7.722,0.0,0.0,0.0,2.0,0.0,0.0,5.555555555555555,-5.8660000000000005,0.0
2017-06-29 20:00:00,0.0,9.558,0.0,0.0,0.0,2.0,5.555555555555555,0.0,0.0,-2.0024444444444445,0.0
2017-06-29 21:00:00,0.0,10.962,0.0,0.0,0.0,2.0,5.555555555555555,0.0,0.0,-3.4064444444444444,0.0
2017-06-29 22:00:00,0.0,12.69,0.0,0.0,0.0,2.0,5.555555555555555,0.0,0.0,-5.134444444444444,0.0
2017-06-29 23:00:00,0.0,14.148,0.0,22.0,21.119999999999997,2.0,5.555555555555555,0.0,0.0,15.407555555555557,0.0
2017-06-30 00:00:00,0.0,13.932,0.0,22.0,42.239999999999995,2.0,5.555555555555555,0.7903992170861254,0.0,16.41395477264168,0.7745912327444029
2017-06-30 01:00:00,0.0,14.364,0.0,22.0,63.35999999999999,2.0,5.555555555555555,24.0,0.0,39.19155555555555,24.28529613795147
2017-06-30 02:00:00,0.0,15.984,0.0,22.0,84.47999999999999,2.0,5.555555555555555,24.0,0.0,37.571555555555555,47.51387258429605
2017-06-30 03:00:00,0.108,15.768,0.0,3.6666666666666776,88.0,2.0,5.555555555555555,0.0,0.0,-4.653777777777768,46.9437061132845
2017-06-30 04:00:00,0.468,15.768,0.0,0.0,88.0,2.0,0.0,0.0,5.555555555555555,-14.236,40.824826084369526
2017-06-30 05:00:00,0.828,15.552,22.0,0.0,65.08333333326,2.0,0.0,0.0,5.555555555555555,-36.38,34.779372615801535
2017-06-30 06:00:00,1.188,11.772,22.0,0.0,42.16666666652,2.0,0.0,0.0,5.555555555555555,-32.96,28.806464588856358
2017-06-30 07:00:00,1.98,13.986,22.0,0.0,19.249999999779998,2.0,0.0,0.0,5.555555555555555,-35.966,22.905231458234528
2017-06-30 08:00:00,2.556,16.416,18.47999999972966,0.0,0.0,2.0,0.0,0.0,5.555555555555555,-35.45199999972966,17.074813125180157
2017-06-30 09:00:00,3.276,16.038,0.0,0.0,0.0,2.0,0.0,0.0,5.555555555555555,-17.314,11.314359812122438
2017-06-30 10:00:00,3.996,15.876,0.0,0.0,0.0,2.0,0.0,0.0,5.555555555555555,-17.872,5.623031938821413
2017-06-30 11:00:00,3.96,14.526,0.0,0.0,0.0,2.0,0.0,0.0,5.555555555555555,-16.486,0.0
2017-06-30 12:00:00,3.096,8.694,0.0,22.0,21.119999999999997,2.0,5.555555555555555,0.0,0.0,17.765555555555554,0.0
2017-06-30 13:00:00,2.304,5.832,0.0,22.0,42.239999999999995,2.0,5.555555555555555,23.372685161463806,0.0,44.79224071701936,22.905231458234528
2017-06-30 14:00:00,1.764,5.616,0.0,22.0,63.35999999999999,2.0,0.0,0.0,5.555555555555555,16.62,17.074813125180157
2017-06-30 15:00:00,1.44,6.588,16.825599999805345,0.0,45.833333333480006,2.0,0.0,0.0,5.555555555555555,-22.853599999805347,11.314359812122438
2017-06-30 16:00:00,1.188,7.344,22.0,0.0,22.916666666740003,2.0,0.0,0.0,5.555555555555555,-28.532,5.623031938821413
2017-06-30 17:00:00,0.72,8.262,22.0,0.0,0.0,2.0,0.0,0.0,5.555555555555555,-28.982,0.0
2017-06-30 18:00:00,0.396,6.048,0.0,0.0,0.0,2.0,5.555555555555555,0.0,0.0,1.1115555555555554,0.0
2017-06-30 19:00:00,0.108,7.182,0.0,0.0,0.0,2.0,5.555555555555555,0.0,0.0,0.265555555555555,0.0
2017-06-30 20:00:00,0.0,8.532,0.0,0.0,0.0,2.0,5.555555555555555,0.0,0.0,-0.9764444444444447,0.0
2017-06-30 21:00:00,0.0,9.504,0.0,22.0,21.119999999999997,2.0,5.555555555555555,5.737787692674911,0.0,25.789343248230466,5.623031938821413
2017-06-30 22:00:00,0.0,10.044,20.275199999935115,0.0,0.0,2.0,0.0,0.0,5.555555555555555,-28.319199999935115,0.0
2017-06-30 23:00:00,0.0,9.666,0.0,3.66666666666667,3.520000000000003,2.0,5.555555555555555,0.0,0.0,1.5562222222222246,0.0
2017-07-01 00:00:00,0.0,8.964,0.0,22.0,24.64,2.0,5.555555555555555,0.0,0.0,20.59155555555556,0.0
2017-07-01 01:00:00,0.0,7.992,0.0,22.0,45.76,2.0,5.555555555555555,0.0,0.0,21.563555555555556,0.0
2017-07-01 02:00:00,0.0,6.912,0.0,22.0,66.88,2.0,5.555555555555555,17.872455263539543,0.0,40.5160108190951,17.51500615826875
2017-07-01 03:00:00,0.216,6.264,0.0,22.0,88.0,2.0,5.555555555555555,24.0,0.0,47.07555555555555,40.824826084369526
2017-07-01 04:00:00,0.864,6.102,0.0,0.0,88.0,2.0,0.0,0.0,5.555555555555555,-4.966,34.779372615801535
2017-07-01 05:00:00,1.764,6.426,0.0,0.0,88.0,2.0,0.0,0.0,5.555555555555555,-6.19,28.806464588856358
2017-07-01 06:00:00,4.32,7.29,0.0,0.0,88.0,2.0,0.0,0.0,5.555555555555555,-9.61,22.905231458234528
2017-07-01 07:00:00,8.784,9.396,22.0,0.0,65.08333333326,2.0,0.0,0.0,5.555555555555555,-38.18,17.074813125180157
2017-07-01 08:00:00,12.744,10.908,22.0,0.0,42.16666666652,2.0,0.0,0.0,5.555555555555555,-43.652,11.314359812122438
2017-07-01 09:00:00,15.876,11.664,22.0,0.0,19.249999999779998,2.0,0.0,0.0,5.555555555555555,-47.54,5.623031938821413
2017-07-01 10:00:00,18.504,11.988,18.47999999972966,0.0,0.0,2.0,0.0,0.0,5.555555555555555,-46.97199999972966,0.0
2017-07-01 11:00:00,19.836,12.096,0.0,22.0,21.119999999999997,2.0,5.555555555555555,0.0,0.0,-2.3764444444444415,0.0
2017-07-01 12:00:00,19.908,11.772,0.0,22.0,42.239999999999995,2.0,5.555555555555555,0.0,0.0,-2.1244444444444426,0.0
2017-07-01 13:00:00,18.972,13.284,0.0,22.0,63.35999999999999,2.0,5.555555555555555,5.459870062026313,0.0,2.7594256175818686,5.350672660785787
2017-07-01 14:00:00,15.588,13.338,0.0,22.0,84.47999999999999,2.0,5.555555555555555,24.0,0.0,24.629555555555555,28.806464588856358
2017-07-01 15:00:00,11.124,13.014,15.100799999740454,0.0,68.75000000022001,2.0,0.0,0.0,5.555555555555555,-37.23879999974046,22.905231458234528
2017-07-01 16:00:00,5.868,13.122,22.0,0.0,45.833333333480006,2.0,0.0,0.0,5.555555555555555,-38.99,17.074813125180157
2017-07-01 17:00:00,1.152,13.5,22.0,0.0,22.916666666740003,2.0,0.0,0.0,5.555555555555555,-34.652,11.314359812122438
2017-07-01 18:00:00,0.864,13.176,22.0,0.0,0.0,2.0,0.0,0.0,5.555555555555555,-34.04,5.623031938821413
2017-07-01 19:00:00,0.36,12.798,0.0,0.0,0.0,2.0,0.0,0.0,5.555555555555555,-11.158,0.0
2017-07-01 20:00:00,0.0,13.122,0.0,0.0,0.0,2.0,5.555555555555555,0.0,0.0,-5.5664444444444445,0.0
2017-07-01 21:00:00,0.0,15.066,0.0,0.0,0.0,2.0,5.555555555555555,0.0,0.0,-7.510444444444445,0.0
2017-07-01 22:00:00,0.0,17.172,0.0,0.0,0.0,2.0,5.555555555555555,0.0,0.0,-9.616444444444445,0.0
2017-07-01 23:00:00,0.0,18.414,0.0,0.0,0.0,2.0,5.555555555555555,0.0,0.0,-10.858444444444446,0.0
2017-07-02 00:00:00,0.0,17.712,0.0,0.0,0.0,2.0,5.555555555555555,0.0,0.0,-10.156444444444444,0.0
2017-07-02 01:00:00,0.0,16.686,0.0,0.0,0.0,2.0,5.555555555555555,0.0,0.0,-9.130444444444445,0.0
2017-07-02 02:00:00,0.0,15.12,0.0,22.0,21.119999999999997,2.0,5.555555555555555,23.656563928607092,0.0,38.09211948416265,23.18343265003495
2017-07-02 03:00:00,0.288,15.606,0.0,22.0,42.239999999999995,2.0,5.555555555555555,0.0,0.0,13.661555555555557,22.905231458234528
2017-07-02 04:00:00,0.792,16.632,0.0,5.614583333562514,47.63000000022001,2.0,0.0,0.0,5.555555555555555,-9.809416666437487,17.074813125180157
2017-07-02 05:00:00,1.368,17.604,0.0,0.0,47.63000000022001,2.0,0.0,0.0,5.555555555555555,-16.971999999999998,11.314359812122438
2017-07-02 06:00:00,2.016,19.44,22.0,0.0,24.71333333348001,2.0,0.0,0.0,5.555555555555555,-41.455999999999996,5.623031938821413
2017-07-02 07:00:00,3.096,20.196,22.0,0.0,1.7966666667400055,2.0,0.0,0.0,5.555555555555555,-43.292,0.0
2017-07-02 08:00:00,4.716,22.95,0.0,22.0,22.916666666740003,2.0,5.555555555555555,5.737787692674911,0.0,7.627343248230464,5.623031938821413
2017-07-02 09:00:00,6.912,26.622,22.0,0.0,0.0,2.0,0.0,0.0,5.555555555555555,-53.534,0.0
2017-07-02 10:00:00,8.82,30.024,0.0,0.0,0.0,2.0,5.555555555555555,0.0,0.0,-31.288444444444444,0.0
2017-07-02 11:00:00,7.092,30.618,0.0,22.0,21.119999999999997,2.0,5.555555555555555,0.0,0.0,-8.15444444444444,0.0
2017-07-02 12:00:00,5.472,32.886,0.0,22.0,42.239999999999995,2.0,5.555555555555555,24.0,0.0,15.197555555555553,23.52
2017-07-02 13:00:00,4.356,33.102,0.0,22.0,63.35999999999999,2.0,5.555555555555555,24.0,0.0,16.09755555555556,46.75776
2017-07-02 14:00:00,3.888,34.398,0.0,22.0,84.47999999999999,2.0,5.555555555555555,24.0,0.0,15.269555555555554,69.71666687999999
2017-07-02 15:00:00,3.096,35.046,0.0,3.6666666666666776,88.0,2.0,0.0,0.0,5.555555555555555,-32.475333333333325,63.32451132188443
2017-07-02 16:00:00,2.124,35.316,22.0,0.0,65.08333333326,2.0,0.0,0.0,5.555555555555555,-57.440000000000005,57.009061630466256
2017-07-02 17:00:00,1.08,34.776,0.0,0.0,65.08333333326,2.0,0.0,0.0,5.555555555555555,-33.856,50.769397335345104
2017-07-02 18:00:00,0.468,34.722,0.0,0.0,65.08333333326,2.0,0.0,0.0,5.555555555555555,-33.190000000000005,44.604609011765405
2017-07-02 19:00:00,0.144,33.372,15.100799999740468,0.0,49.35333333348001,2.0,0.0,0.0,5.555555555555555,-46.616799999740465,38.51379814806866
2017-07-02 20:00:00,0.0,32.022,22.0,0.0,26.436666666740006,2.0,0.0,0.0,5.555555555555555,-52.022,32.49607701473628
2017-07-02 21:00:00,0.0,30.888,22.0,0.0,3.520000000000003,2.0,0.0,0.0,5.555555555555555,-50.888000000000005,26.550568535003883
2017-07-02 22:00:00,0.0,0.0,0.0,22.0,24.64,2.0,5.555555555555555,24.0,0.0,53.55555555555556,49.751961712583835
2017-07-02 23:00:00,0.0,0.0,0.0,22.0,45.76,2.0,5.555555555555555,24.0,0.0,53.55555555555556,72.67493817203282
2017-07-03 00:00:00,0.0,29.052,0.0,22.0,66.88,2.0,0.0,0.0,5.555555555555555,-5.052,66.24728335841287
2017-07-03 01:00:00,0.0,26.838,0.0,22.0,88.0,2.0,0.0,0.0,5.555555555555555,-2.838000000000001,59.89676040255635
2017-07-03 02:00:00,0.0,24.516,0.0,0.0,88.0,2.0,0.0,0.0,5.555555555555555,-22.516,53.62244372217012
2017-07-03 03:00:00,0.54,23.922,0.0,0.0,88.0,2.0,0.0,0.0,5.555555555555555,-22.462,47.42341884194852
2017-07-03 04:00:00,1.368,25.92,0.0,0.0,88.0,2.0,0.0,0.0,5.555555555555555,-25.288,41.29878226028958
2017-07-03 05:00:00,2.412,27.81,0.0,0.0,88.0,2.0,0.0,0.0,5.555555555555555,-28.221999999999998,35.247641317610544
2017-07-03 06:00:00,5.796,26.406,22.0,0.0,65.08333333326,2.0,0.0,0.0,5.555555555555555,-52.202,29.26911406624366
2017-07-03 07:00:00,8.784,26.622,22.0,0.0,42.16666666652,2.0,0.0,0.0,5.555555555555555,-55.406,23.362329141893177
2017-07-03 08:00:00,12.24,26.19,22.0,0.0,19.249999999779998,2.0,0.0,0.0,5.555555555555555,-58.43,17.526425636634904
2017-07-03 09:00:00,15.408,27.216,0.0,0.0,19.249999999779998,2.0,0.0,0.0,5.555555555555555,-40.624,11.760552973439731
2017-07-03 10:00:00,16.812,27.972,0.0,0.0,19.249999999779998,2.0,0.0,0.0,5.555555555555555,-42.784000000000006,6.063870782202899
2017-07-03 11:00:00,16.992,28.944,0.0,0.0,19.249999999779998,2.0,0.0,0.0,5.555555555555555,-43.936,0.4355487772609088
2017-07-03 12:00:00,17.172,28.35,0.0,0.0,19.249999999779998,2.0,5.125233363621778,0.0,0.4303221919337779,-38.396766636378224,0.0
2017-07-03 13:00:00,18.0,30.456,0.0,5.690972222604177,24.71333333348001,2.0,5.555555555555555,0.0,0.0,-35.209472221840265,0.0
2017-07-03 14:00:00,16.02,30.564,0.0,22.0,45.833333333480006,2.0,5.555555555555555,11.545265114410652,0.0,-5.4831793300337885,11.314359812122438
2017-07-03 15:00:00,11.592,28.134,22.0,0.0,22.916666666740003,2.0,0.0,0.0,5.555555555555555,-59.726,5.623031938821413
2017-07-03 16:00:00,6.048,26.19,22.0,0.0,0.0,2.0,0.0,0.0,5.555555555555555,-52.238,0.0
2017-07-03 17:00:00,1.26,24.516,0.0,0.0,0.0,2.0,5.555555555555555,0.0,0.0,-18.220444444444443,0.0
2017-07-03 18:00:00,1.008,23.922,0.0,0.0,0.0,2.0,5.555555555555555,0.0,0.0,-17.374444444444446,0.0
2017-07-03 19:00:00,0.36,22.68,0.0,0.0,0.0,2.0,5.555555555555555,0.0,0.0,-15.484444444444444,0.0
2017-07-03 20:00:00,0.0,22.842,0.0,0.0,0.0,2.0,5.555555555555555,0.0,0.0,-15.286444444444443,0.0
2017-07-03 21:00:00,0.0,24.192,0.0,0.0,0.0,2.0,5.555555555555555,0.0,0.0,-16.636444444444443,0.0
2017-07-03 22:00:00,0.0,25.218,0.0,0.0,0.0,2.0,5.555555555555555,0.0,0.0,-17.662444444444446,0.0
2017-07-03 23:00:00,0.0,25.434,0.0,3.66666666666667,3.520000000000003,2.0,5.555555555555555,8.138716421833657,0.0,-6.0730613559441196,7.9759420933969825
2017-07-04 00:00:00,0.0,23.004,0.0,22.0,24.64,2.0,5.555555555555555,24.0,0.0,30.551555555555556,31.400230788276218
2017-07-04 01:00:00,0.0,22.95,0.0,22.0,45.76,2.0,5.555555555555555,24.0,0.0,30.605555555555558,54.543428018816904
2017-07-04 02:00:00,0.0,21.222,0.0,22.0,66.88,2.0,5.555555555555555,24.0,0.0,32.333555555555556,77.4089068825911
2017-07-04 03:00:00,0.36,19.494,0.0,22.0,88.0,2.0,5.555555555555555,24.0,0.0,33.70155555555556,100.0
2017-07-04 04:00:00,1.116,19.224,0.0,0.0,88.0,2.0,5.555555555555555,1.2244897959183703,0.0,-11.559954648526073,100.0
2017-07-04 05:00:00,1.8,19.98,0.0,0.0,88.0,2.0,0.0,0.0,5.555555555555555,-19.78,93.24444444444444
2017-07-04 06:00:00,5.616,20.412,0.0,0.0,88.0,2.0,0.0,0.0,5.555555555555555,-24.028,86.56995555555555
2017-07-04 07:00:00,10.8,19.602,22.0,0.0,65.08333333326,2.0,0.0,0.0,5.555555555555555,-50.402,79.97556053333332
2017-07-04 08:00:00,15.732,18.198,22.0,0.0,42.16666666652,2.0,0.0,0.0,5.555555555555555,-53.93,73.46029825137776
2017-07-04 09:00:00,20.016,17.172,0.0,0.0,42.16666666652,2.0,0.0,0.0,5.555555555555555,-35.188,67.02321911680568
2017-07-04 10:00:00,22.644,16.902,0.0,0.0,42.16666666652,2.0,0.0,0.0,5.555555555555555,-37.546,60.663384931848455
2017-07-04 11:00:00,23.436,17.604,0.0,3.74305555570833,45.76,2.0,0.0,0.0,5.555555555555555,-35.29694444429167,54.379868757110714
2017-07-04 12:00:00,22.068,19.224,0.0,22.0,66.88,2.0,0.0,0.0,5.555555555555555,-17.292,48.171754776469825
2017-07-04 13:00:00,18.9,18.738,0.0,22.0,88.0,2.0,0.0,0.0,5.555555555555555,-13.637999999999998,42.03813816359663
2017-07-04 14:00:00,14.436,18.954,0.0,0.0,88.0,2.0,0.0,0.0,5.555555555555555,-31.39,35.97812495007791
2017-07-04 15:00:00,9.252,18.144,0.0,0.0,88.0,2.0,0.0,0.0,5.555555555555555,-25.396,29.990831895121417
2017-07-04 16:00:00,5.004,16.74,18.47999999972965,0.0,68.75000000022001,2.0,0.0,0.0,5.555555555555555,-38.22399999972965,24.075386356824403
2017-07-04 17:00:00,2.376,14.148,22.0,0.0,45.833333333480006,2.0,0.0,0.0,5.555555555555555,-36.523999999999994,18.230926164986954
2017-07-04 18:00:00,1.26,11.718,22.0,0.0,22.916666666740003,2.0,0.0,0.0,5.555555555555555,-32.978,12.456599495451554
2017-07-04 19:00:00,0.324,9.99,22.0,0.0,0.0,2.0,0.0,0.0,5.555555555555555,-30.314000000000004,6.75156474595058
2017-07-04 20:00:00,0.0,8.424,0.0,0.0,0.0,2.0,0.0,0.0,5.555555555555555,-6.4239999999999995,1.1149904134436168
2017-07-04 21:00:00,0.0,7.452,0.0,0.0,0.0,2.0,4.453945027073262,0.0,1.1016105284822935,-0.9980549729267372,0.0
2017-07-04 22:00:00,0.0,7.182,0.0,0.0,0.0,2.0,5.555555555555555,0.0,0.0,0.373555555555555,0.0
2017-07-04 23:00:00,0.0,7.506,0.0,3.66666666666667,3.520000000000003,2.0,5.555555555555555,0.0,0.0,3.7162222222222248,0.0
2017-07-05 00:00:00,0.0,7.128,0.0,22.0,24.64,2.0,5.555555555555555,24.0,0.0,46.42755555555556,23.52
2017-07-05 01:00:00,0.0,6.858,0.0,22.0,45.76,2.0,5.555555555555555,24.0,0.0,46.69755555555556,46.75776
2017-07-05 02:00:00,0.0,6.21,0.0,22.0,66.88,2.0,5.555555555555555,24.0,0.0,47.345555555555556,69.71666687999999
2017-07-05 03:00:00,0.396,5.994,0.0,22.0,88.0,2.0,5.555555555555555,24.0,0.0,47.16555555555556,92.40006687743998
2017-07-05 04:00:00,1.368,6.966,0.0,0.0,88.0,2.0,0.0,0.0,5.555555555555555,-6.3340000000000005,85.73571051935515
2017-07-05 05:00:00,2.232,7.722,22.0,0.0,65.08333333326,2.0,0.0,0.0,5.555555555555555,-29.954,79.15132643756733
2017-07-05 06:00:00,6.768,10.584,22.0,0.0,42.16666666652,2.0,0.0,0.0,5.555555555555555,-37.352,72.64595496476097
2017-07-05 07:00:00,11.484,10.8,22.0,0.0,19.249999999779998,2.0,0.0,0.0,5.555555555555555,-42.284,66.21864794962829
2017-07-05 08:00:00,16.056,10.314,18.47999999972966,0.0,0.0,2.0,0.0,0.0,5.555555555555555,-42.84999999972966,59.8684686186772
2017-07-05 09:00:00,19.98,10.692,0.0,0.0,0.0,2.0,0.0,0.0,5.555555555555555,-28.672,53.594491439697514
2017-07-05 10:00:00,23.22,11.07,0.0,0.0,0.0,2.0,0.0,0.0,5.555555555555555,-32.29,47.395801986865585
2017-07-05 11:00:00,24.084,11.61,0.0,22.0,21.119999999999997,2.0,0.0,0.0,5.555555555555555,-11.693999999999999,41.27149680746764
2017-07-05 12:00:00,23.184,11.934,0.0,22.0,42.239999999999995,2.0,0.0,0.0,5.555555555555555,-11.118,35.220683290222475
2017-07-05 13:00:00,20.484,12.906,0.0,22.0,63.35999999999999,2.0,5.536893080617288,0.0,0.018662474938267337,-3.8531069193827108,34.779372615801535
2017-07-05 14:00:00,16.56,13.068,0.0,5.614583333562521,68.75000000022001,2.0,0.0,0.0,5.555555555555555,-22.01341666643748,28.806464588856358
2017-07-05 15:00:00,11.808,12.474,0.0,0.0,68.75000000022001,2.0,0.0,0.0,5.555555555555555,-22.282,22.905231458234528
2017-07-05 16:00:00,6.084,10.908,0.0,0.0,68.75000000022001,2.0,0.0,0.0,5.555555555555555,-14.991999999999999,17.074813125180157
2017-07-05 17:00:00,1.08,8.37,22.0,0.0,45.833333333480006,2.0,0.0,0.0,5.555555555555555,-29.449999999999996,11.314359812122438
2017-07-05 18:00:00,0.828,4.482,22.0,0.0,22.916666666740003,2.0,0.0,0.0,5.555555555555555,-25.31,5.623031938821413
2017-07-05 19:00:00,0.324,4.374,22.0,0.0,0.0,2.0,0.0,0.0,5.555555555555555,-24.698,0.0
2017-07-05 20:00:00,0.0,4.698,0.0,0.0,0.0,2.0,5.555555555555555,0.0,0.0,2.857555555555555,0.0
2017-07-05 21:00:00,0.0,4.212,0.0,0.0,0.0,2.0,5.555555555555555,0.0,0.0,3.3435555555555556,0.0
2017-07-05 22:00:00,0.0,3.618,0.0,0.0,0.0,2.0,5.555555555555555,0.0,0.0,3.9375555555555555,0.0
2017-07-05 23:00:00,0.0,3.132,0.0,3.66666666666667,3.520000000000003,2.0,5.555555555555555,0.0,0.0,8.090222222222225,0.0
2017-07-06 00:00:00,0.0,4.266,0.0,22.0,24.64,2.0,5.555555555555555,24.0,0.0,49.28955555555556,23.52
2017-07-06 01:00:00,0.0,3.402,0.0,22.0,45.76,2.0,5.555555555555555,24.0,0.0,50.153555555555556,46.75776
2017-07-06 02:00:00,0.0,2.97,0.0,22.0,66.88,2.0,5.555555555555555,24.0,0.0,50.58555555555556,69.71666687999999
2017-07-06 03:00:00,0.54,2.754,0.0,22.0,88.0,2.0,5.555555555555555,0.0,0.0,26.261555555555557,68.88006687743999
2017-07-06 04:00:00,1.332,2.808,0.0,0.0,88.0,2.0,0.0,0.0,5.555555555555555,-2.1399999999999997,62.49795051935514
2017-07-06 05:00:00,2.304,3.078,16.82559999980536,0.0,70.47333333348,2.0,0.0,0.0,5.555555555555555,-20.207599999805357,56.19241955756733
2017-07-06 06:00:00,6.804,2.376,22.0,0.0,47.55666666674,2.0,0.0,0.0,5.555555555555555,-29.18,49.96255496732096
2017-07-06 07:00:00,11.7,2.862,22.0,0.0,24.64,2.0,0.0,0.0,5.555555555555555,-34.562,43.807448752157555
2017-07-06 08:00:00,16.56,2.97,0.0,0.0,24.64,2.0,0.0,0.0,5.555555555555555,-17.529999999999998,37.726203811576106
2017-07-06 09:00:00,20.412,3.186,0.0,0.0,24.64,2.0,0.0,0.0,5.555555555555555,-21.598,31.717933810281636
2017-07-06 10:00:00,22.716,3.294,0.0,22.0,45.76,2.0,0.0,0.0,5.555555555555555,-2.0100000000000016,25.7817630490027
2017-07-06 11:00:00,23.616,3.24,0.0,22.0,66.88,2.0,5.555555555555555,0.0,0.0,2.6995555555555555,25.472381892414667
2017-07-06 12:00:00,22.932,2.106,0.0,22.0,88.0,2.0,5.555555555555555,22.22142122814164,0.0,26.738976783697193,46.9437061132845
2017-07-06 13:00:00,20.16,1.836,0.0,0.0,88.0,2.0,0.0,0.0,5.555555555555555,-19.996,40.824826084369526
2017-07-06 14:00:00,16.164,1.674,0.0,0.0,88.0,2.0,0.0,0.0,5.555555555555555,-15.838000000000001,34.779372615801535
2017-07-06 15:00:00,11.304,1.62,0.0,0.0,88.0,2.0,0.0,0.0,5.555555555555555,-10.924,28.806464588856358
2017-07-06 16:00:00,5.94,1.512,18.47999999972965,0.0,68.75000000022001,2.0,0.0,0.0,5.555555555555555,-23.931999999729655,22.905231458234528
2017-07-06 17:00:00,1.188,0.972,22.0,0.0,45.833333333480006,2.0,0.0,0.0,5.555555555555555,-22.16,17.074813125180157
2017-07-06 18:00:00,0.936,0.81,22.0,0.0,22.916666666740003,2.0,0.0,0.0,5.555555555555555,-21.746,11.314359812122438
2017-07-06 19:00:00,0.324,0.594,22.0,0.0,0.0,2.0,0.0,0.0,5.555555555555555,-20.918000000000003,5.623031938821413
2017-07-06 20:00:00,0.0,0.486,0.0,0.0,0.0,2.0,0.0,0.0,5.555555555555555,1.514,0.0
2017-07-06 21:00:00,0.0,0.54,0.0,0.0,0.0,2.0,5.555555555555555,0.0,0.0,7.015555555555555,0.0
2017-07-06 22:00:00,0.0,0.594,0.0,0.0,0.0,2.0,5.555555555555555,0.0,0.0,6.961555555555555,0.0
2017-07-06 23:00:00,0.0,0.702,0.0,3.66666666666667,3.520000000000003,2.0,5.555555555555555,0.0,0.0,10.520222222222225,0.0
2017-07-07 00:00:00,0.0,0.864,0.0,22.0,24.64,2.0,5.555555555555555,0.0,0.0,28.691555555555556,0.0
2017-07-07 01:00:00,0.0,0.864,0.0,22.0,45.76,2.0,5.555555555555555,0.0,0.0,28.691555555555556,0.0
2017-07-07 02:00:00,0.0,1.08,0.0,22.0,66.88,2.0,5.555555555555555,24.0,0.0,52.47555555555556,23.52
2017-07-07 03:00:00,0.36,1.08,0.0,22.0,88.0,2.0,5.555555555555555,17.94598580037707,0.0,46.06154135593263,40.824826084369526
2017-07-07 04:00:00,1.224,1.134,0.0,0.0,88.0,2.0,0.0,0.0,5.555555555555555,-0.3579999999999999,34.779372615801535
2017-07-07 05:00:00,2.232,1.134,0.0,0.0,88.0,2.0,0.0,0.0,5.555555555555555,-1.366,28.806464588856358
2017-07-07 06:00:00,5.148,0.81,22.0,0.0,65.08333333326,2.0,0.0,0.0,5.555555555555555,-25.958,22.905231458234528
2017-07-07 07:00:00,8.388,0.648,22.0,0.0,42.16666666652,2.0,0.0,0.0,5.555555555555555,-29.036,17.074813125180157
2017-07-07 08:00:00,8.172,0.594,22.0,0.0,19.249999999779998,2.0,0.0,0.0,5.555555555555555,-28.766000000000002,11.314359812122438
2017-07-07 09:00:00,7.524,0.432,18.47999999972966,0.0,0.0,2.0,0.0,0.0,5.555555555555555,-24.43599999972966,5.623031938821413
2017-07-07 10:00:00,7.992,0.702,0.0,0.0,0.0,2.0,0.0,0.0,5.555555555555555,-6.694,0.0
2017-07-07 11:00:00,8.856,0.918,0.0,22.0,21.119999999999997,2.0,5.555555555555555,0.0,0.0,19.781555555555556,0.0
2017-07-07 12:00:00,10.152,1.242,0.0,22.0,42.239999999999995,2.0,5.555555555555555,0.0,0.0,18.16155555555556,0.0
2017-07-07 13:00:00,10.08,1.35,0.0,22.0,63.35999999999999,2.0,5.555555555555555,24.0,0.0,42.12555555555556,23.52
2017-07-07 14:00:00,10.044,1.134,0.0,22.0,84.47999999999999,2.0,5.555555555555555,11.777155730409731,0.0,30.154711285965288,34.779372615801535
2017-07-07 15:00:00,8.244,1.08,0.0,0.0,84.47999999999999,2.0,0.0,0.0,5.555555555555555,-7.324,28.806464588856358
2017-07-07 16:00:00,5.22,1.458,15.100799999740454,0.0,68.75000000022001,2.0,0.0,0.0,5.555555555555555,-19.778799999740457,22.905231458234528
2017-07-07 17:00:00,1.944,1.728,22.0,0.0,45.833333333480006,2.0,0.0,0.0,5.555555555555555,-23.672,17.074813125180157
2017-07-07 18:00:00,1.152,1.458,22.0,0.0,22.916666666740003,2.0,0.0,0.0,5.555555555555555,-22.61,11.314359812122438
2017-07-07 19:00:00,0.324,1.782,0.0,0.0,22.916666666740003,2.0,0.0,0.0,5.555555555555555,-0.10600000000000004,5.623031938821413
2017-07-07 20:00:00,0.0,1.674,22.0,0.0,0.0,2.0,0.0,0.0,5.555555555555555,-21.674,0.0
2017-07-07 21:00:00,0.0,2.268,0.0,0.0,0.0,2.0,5.555555555555555,0.0,0.0,5.287555555555556,0.0
2017-07-07 22:00:00,0.0,2.97,0.0,0.0,0.0,2.0,5.555555555555555,0.0,0.0,4.585555555555555,0.0
2017-07-07 23:00:00,0.0,3.942,0.0,0.0,0.0,2.0,5.555555555555555,0.0,0.0,3.613555555555555,0.0
2017-07-08 00:00:00,0.0,4.59,0.0,3.66666666666667,3.520000000000003,2.0,5.555555555555555,0.0,0.0,6.632222222222225,0.0
2017-07-08 01:00:00,0.0,4.482,0.0,22.0,24.64,2.0,5.555555555555555,0.0,0.0,25.073555555555558,0.0
2017-07-08 02:00:00,0.0,5.346,0.0,22.0,45.76,2.0,5.555555555555555,0.0,0.0,24.209555555555557,0.0
2017-07-08 03:00:00,0.216,5.562,0.0,22.0,66.88,2.0,5.555555555555555,24.0,0.0,47.77755555555556,23.52
2017-07-08 04:00:00,1.008,6.804,0.0,22.0,88.0,2.0,5.555555555555555,11.777155730409731,0.0,33.520711285965284,34.779372615801535
2017-07-08 05:00:00,2.088,8.316,0.0,0.0,88.0,2.0,0.0,0.0,5.555555555555555,-8.404,28.806464588856358
2017-07-08 06:00:00,4.5,7.776,18.47999999972965,0.0,68.75000000022001,2.0,0.0,0.0,5.555555555555555,-28.755999999729653,22.905231458234528
2017-07-08 07:00:00,6.84,11.07,22.0,0.0,45.833333333480006,2.0,0.0,0.0,5.555555555555555,-37.91,17.074813125180157
2017-07-08 08:00:00,9.972,15.606,22.0,0.0,22.916666666740003,2.0,0.0,0.0,5.555555555555555,-45.578,11.314359812122438
2017-07-08 09:00:00,14.148,19.278,22.0,0.0,0.0,2.0,0.0,0.0,5.555555555555555,-53.426,5.623031938821413
2017-07-08 10:00:00,17.712,22.518,0.0,0.0,0.0,2.0,0.0,0.0,5.555555555555555,-38.230000000000004,0.0
2017-07-08 11:00:00,18.972,24.408,0.0,3.66666666666667,3.520000000000003,2.0,5.555555555555555,0.0,0.0,-32.15777777777778,0.0
2017-07-08 12:00:00,19.764,22.896,0.0,22.0,24.64,2.0,5.555555555555555,0.0,0.0,-13.104444444444443,0.0
2017-07-08 13:00:00,18.252,25.326,0.0,22.0,45.76,2.0,5.555555555555555,0.0,0.0,-14.022444444444442,0.0
2017-07-08 14:00:00,15.624,26.082,0.0,22.0,66.88,2.0,5.555555555555555,24.0,0.0,11.849555555555556,23.52
2017-07-08 15:00:00,11.7,26.136,0.0,22.0,88.0,2.0,5.555555555555555,24.0,0.0,15.719555555555559,46.75776
2017-07-08 16:00:00,6.156,25.65,0.0,0.0,88.0,2.0,0.0,0.0,5.555555555555555,-29.805999999999997,40.64111132444444
2017-07-08 17:00:00,1.08,23.436,22.0,0.0,65.08333333326,2.0,0.0,0.0,5.555555555555555,-44.516,34.59786243299555
2017-07-08 18:00:00,0.828,17.442,15.100799999740468,0.0,49.35333333348001,2.0,0.0,0.0,5.555555555555555,-31.370799999740466,28.627132528244047
2017-07-08 19:00:00,0.324,15.768,22.0,0.0,26.436666666740006,2.0,0.0,0.0,5.555555555555555,-36.092,22.728051382349562
2017-07-08 20:00:00,0.0,17.226,22.0,0.0,3.520000000000003,2.0,0.0,0.0,5.555555555555555,-37.226,16.899759210205815
2017-07-08 21:00:00,0.0,17.118,0.0,0.0,3.520000000000003,2.0,0.0,0.0,5.555555555555555,-15.117999999999999,11.141406544127788
2017-07-08 22:00:00,0.0,16.902,0.0,0.0,3.520000000000003,2.0,0.0,0.0,5.555555555555555,-14.902000000000001,5.452154110042699
2017-07-08 23:00:00,0.0,16.038,0.0,0.0,3.520000000000003,2.0,0.16882729483336986,0.0,5.386728260722186,-13.86917270516663,0.0
2017-07-09 00:00:00,0.0,14.58,0.0,22.0,24.64,2.0,5.555555555555555,0.0,0.0,14.975555555555557,0.0
2017-07-09 01:00:00,0.0,13.338,0.0,22.0,45.76,2.0,5.555555555555555,0.0,0.0,16.217555555555556,0.0
2017-07-09 02:00:00,0.0,12.582,0.0,22.0,66.88,2.0,5.555555555555555,24.0,0.0,40.973555555555556,23.52
2017-07-09 03:00:00,0.468,11.178,0.0,22.0,88.0,2.0,5.555555555555555,0.5227071012136445,0.0,18.4322626567692,23.75001295918937
2017-07-09 04:00:00,1.26,11.124,0.0,0.0,88.0,2.0,5.555555555555555,0.0,0.0,-4.828444444444445,23.465012803679098
2017-07-09 05:00:00,2.088,10.854,0.0,0.0,88.0,2.0,5.555555555555555,0.0,0.0,-5.386444444444444,23.18343265003495
2017-07-09 06:00:00,6.516,9.666,0.0,0.0,88.0,2.0,5.555555555555555,0.0,0.0,-8.626444444444445,22.905231458234528
2017-07-09 07:00:00,11.628,9.612,0.0,0.0,88.0,2.0,0.0,0.0,5.555555555555555,-19.240000000000002,17.074813125180157
2017-07-09 08:00:00,16.308,9.558,0.0,0.0,88.0,2.0,0.0,0.0,5.555555555555555,-23.866,11.314359812122438
2017-07-09 09:00:00,20.232,9.774,0.0,0.0,88.0,2.0,0.0,0.0,5.555555555555555,-28.006,5.623031938821413
2017-07-09 10:00:00,22.86,9.936,0.0,0.0,88.0,2.0,0.0,0.0,5.555555555555555,-30.796,0.0
2017-07-09 11:00:00,23.58,10.098,0.0,0.0,88.0,2.0,5.555555555555555,0.0,0.0,-26.122444444444444,0.0
2017-07-09 12:00:00,22.824,10.206,0.0,0.0,88.0,2.0,5.555555555555555,24.0,0.0,-1.474444444444444,23.52
2017-07-09 13:00:00,20.592,9.126,0.0,0.0,88.0,2.0,5.555555555555555,18.45195323924805,0.0,-3.7104912051963908,41.320674174463086
2017-07-09 14:00:00,16.884,7.398,0.0,0.0,88.0,2.0,5.555555555555555,0.0,0.0,-16.726444444444446,40.824826084369526
2017-07-09 15:00:00,11.844,5.4,0.0,0.0,88.0,2.0,0.0,0.0,5.555555555555555,-15.244,34.779372615801535
2017-07-09 16:00:00,6.084,4.104,0.0,0.0,88.0,2.0,0.0,0.0,5.555555555555555,-8.187999999999999,28.806464588856358
2017-07-09 17:00:00,1.08,3.24,22.0,0.0,65.08333333326,2.0,0.0,0.0,5.555555555555555,-24.32,22.905231458234528
2017-07-09 18:00:00,0.828,2.052,18.479999999729657,0.0,45.833333333480006,2.0,0.0,0.0,5.555555555555555,-19.359999999729656,17.074813125180157
2017-07-09 19:00:00,0.288,2.376,22.0,0.0,22.916666666740003,2.0,0.0,0.0,5.555555555555555,-22.664,11.314359812122438
2017-07-09 20:00:00,0.0,2.646,22.0,0.0,0.0,2.0,0.0,0.0,5.555555555555555,-22.646,5.623031938821413
2017-07-09 21:00:00,0.0,2.268,0.0,0.0,0.0,2.0,0.0,0.0,5.555555555555555,-0.2679999999999998,0.0
2017-07-09 22:00:00,0.0,1.998,0.0,0.0,0.0,2.0,5.555555555555555,0.0,0.0,5.557555555555555,0.0
2017-07-09 23:00:00,0.0,1.728,0.0,22.0,21.119999999999997,2.0,5.555555555555555,6.77791460299766,0.0,34.60547015855322,6.642356310937706
2017-07-10 00:00:00,0.0,1.134,0.0,22.0,42.239999999999995,2.0,5.555555555555555,24.0,0.0,52.42155555555556,30.082648035206454
2017-07-10 01:00:00,0.0,1.134,0.0,22.0,63.35999999999999,2.0,5.555555555555555,24.0,0.0,52.42155555555556,53.241656258783976
2017-07-10 02:00:00,0.0,1.512,0.0,22.0,84.47999999999999,2.0,5.555555555555555,24.0,0.0,52.04355555555556,76.12275638367856
2017-07-10 03:00:00,0.468,1.512,0.0,3.6666666666666776,88.0,2.0,5.555555555555555,24.0,0.0,33.24222222222223,98.72928330707441
2017-07-10 04:00:00,1.368,1.512,0.0,0.0,88.0,2.0,0.0,0.0,5.555555555555555,-0.8800000000000001,91.98897635183395
2017-07-10 05:00:00,2.268,1.35,0.0,0.0,88.0,2.0,0.0,0.0,5.555555555555555,-1.6179999999999999,85.32955308005639
2017-07-10 06:00:00,6.444,1.188,22.0,0.0,65.08333333326,2.0,0.0,0.0,5.555555555555555,-27.631999999999998,78.75004288754015
2017-07-10 07:00:00,10.08,1.08,22.0,0.0,42.16666666652,2.0,0.0,0.0,5.555555555555555,-31.159999999999997,72.2494868173341
2017-07-10 08:00:00,11.7,1.08,22.0,0.0,19.249999999779998,2.0,0.0,0.0,5.555555555555555,-32.78,65.82693741997053
2017-07-10 09:00:00,11.556,0.972,18.47999999972966,0.0,0.0,2.0,0.0,0.0,5.555555555555555,-29.007999999729662,59.48145861537534
2017-07-10 10:00:00,10.944,0.918,0.0,0.0,0.0,2.0,0.0,0.0,5.555555555555555,-9.862000000000002,53.212125556435275
2017-07-10 11:00:00,10.116,0.81,0.0,0.0,0.0,2.0,0.0,0.0,5.555555555555555,-8.926,47.01802449420249
2017-07-10 12:00:00,9.54,0.54,0.0,0.0,0.0,2.0,0.0,0.0,5.555555555555555,-8.079999999999998,40.89825264471651
2017-07-10 13:00:00,8.82,0.324,0.0,0.0,0.0,2.0,0.0,0.0,5.555555555555555,-7.144,34.85191805742435
2017-07-10 14:00:00,7.488,0.27,0.0,0.0,0.0,2.0,0.0,0.0,5.555555555555555,-5.758000000000001,28.8781394851797
2017-07-10 15:00:00,6.12,0.27,0.0,0.0,0.0,2.0,0.0,0.0,5.555555555555555,-4.390000000000001,22.97604625580199
2017-07-10 16:00:00,4.392,0.216,0.0,0.0,0.0,2.0,0.0,0.0,5.555555555555555,-2.6080000000000005,17.144778145176808
2017-07-10 17:00:00,2.124,0.216,0.0,0.0,0.0,2.0,0.0,0.0,5.555555555555555,-0.3400000000000001,11.383485251879131
2017-07-10 18:00:00,1.08,0.324,0.0,0.0,0.0,2.0,0.0,0.0,5.555555555555555,0.5959999999999999,5.6913278733010255
2017-07-10 19:00:00,0.216,0.432,0.0,0.0,0.0,2.0,5.555555555555555,0.0,0.0,6.907555555555555,5.623031938821413
2017-07-10 20:00:00,0.0,0.648,0.0,0.0,0.0,2.0,0.0,0.0,5.555555555555555,1.3519999999999999,0.0
2017-07-10 21:00:00,0.0,0.648,0.0,0.0,0.0,2.0,5.555555555555555,0.0,0.0,6.907555555555556,0.0
2017-07-10 22:00:00,0.0,0.81,0.0,0.0,0.0,2.0,5.555555555555555,0.0,0.0,6.745555555555555,0.0
2017-07-10 23:00:00,0.0,1.134,0.0,3.66666666666667,3.520000000000003,2.0,5.555555555555555,0.0,0.0,10.088222222222225,0.0
2017-07-11 00:00:00,0.0,1.35,0.0,22.0,24.64,2.0,5.555555555555555,0.0,0.0,28.205555555555556,0.0
2017-07-11 01:00:00,0.0,1.62,0.0,22.0,45.76,2.0,5.555555555555555,24.0,0.0,51.93555555555556,23.52
2017-07-11 02:00:00,0.0,1.782,0.0,22.0,66.88,2.0,5.555555555555555,24.0,0.0,51.77355555555556,46.75776
2017-07-11 03:00:00,0.36,2.052,0.0,22.0,88.0,2.0,5.555555555555555,24.0,0.0,51.14355555555556,69.71666687999999
2017-07-11 04:00:00,1.224,2.7,0.0,0.0,88.0,2.0,0.0,0.0,5.555555555555555,-1.9240000000000002,63.32451132188443
2017-07-11 05:00:00,2.268,3.78,0.0,0.0,88.0,2.0,0.0,0.0,5.555555555555555,-4.048,57.009061630466256
2017-07-11 06:00:00,4.716,3.942,22.0,0.0,65.08333333326,2.0,0.0,0.0,5.555555555555555,-28.658,50.769397335345104
2017-07-11 07:00:00,7.236,5.292,22.0,0.0,42.16666666652,2.0,0.0,0.0,5.555555555555555,-32.528,44.604609011765405
2017-07-11 08:00:00,10.368,7.614,22.0,0.0,19.249999999779998,2.0,0.0,0.0,5.555555555555555,-37.982,38.51379814806866
2017-07-11 09:00:00,14.4,9.774,18.47999999972966,0.0,0.0,2.0,0.0,0.0,5.555555555555555,-40.653999999729656,32.49607701473628
2017-07-11 10:00:00,18.072,13.014,0.0,0.0,0.0,2.0,0.0,0.0,5.555555555555555,-29.086,26.550568535003883
2017-07-11 11:00:00,19.296,16.092,0.0,5.614583333562521,5.39000000022002,2.0,0.0,0.0,5.555555555555555,-27.773416666437477,20.676406157028282
2017-07-11 12:00:00,19.944,14.418,0.0,22.0,26.510000000220018,2.0,5.555555555555555,0.0,0.0,-4.806444444444441,20.428289283143943
2017-07-11 13:00:00,18.18,15.39,0.0,22.0,47.630000000220015,2.0,5.555555555555555,15.325147279389693,0.0,11.310702834945253,35.201794145548114
2017-07-11 14:00:00,15.624,17.388,0.0,22.0,68.75000000022001,2.0,5.555555555555555,0.0,0.0,-3.456444444444445,34.779372615801535
2017-07-11 15:00:00,10.62,17.388,0.0,0.0,68.75000000022001,2.0,0.0,0.0,5.555555555555555,-26.008000000000003,28.806464588856358
2017-07-11 16:00:00,5.544,17.064,22.0,0.0,45.833333333480006,2.0,0.0,0.0,5.555555555555555,-42.608,22.905231458234528
2017-07-11 17:00:00,1.692,15.336,22.0,0.0,22.916666666740003,2.0,0.0,0.0,5.555555555555555,-37.028,17.074813125180157
2017-07-11 18:00:00,1.08,10.26,22.0,0.0,0.0,2.0,0.0,0.0,5.555555555555555,-31.339999999999996,11.314359812122438
2017-07-11 19:00:00,0.288,9.288,0.0,0.0,0.0,2.0,0.0,0.0,5.555555555555555,-7.5760000000000005,5.623031938821413
2017-07-11 20:00:00,0.0,9.99,0.0,0.0,0.0,2.0,0.0,0.0,5.555555555555555,-7.99,0.0
2017-07-11 21:00:00,0.0,10.854,0.0,0.0,0.0,2.0,5.555555555555555,0.0,0.0,-3.298444444444444,0.0
2017-07-11 22:00:00,0.0,11.502,0.0,0.0,0.0,2.0,5.555555555555555,0.0,0.0,-3.9464444444444453,0.0
2017-07-11 23:00:00,0.0,11.286,0.0,3.66666666666667,3.520000000000003,2.0,5.555555555555555,0.0,0.0,-0.0637777777777746,0.0
2017-07-12 00:00:00,0.0,10.098,0.0,22.0,24.64,2.0,5.555555555555555,0.0,0.0,19.457555555555558,0.0
2017-07-12 01:00:00,0.0,7.452,0.0,22.0,45.76,2.0,5.555555555555555,24.0,0.0,46.10355555555556,23.52
2017-07-12 02:00:00,0.0,6.804,0.0,22.0,66.88,2.0,5.555555555555555,24.0,0.0,46.751555555555555,46.75776
2017-07-12 03:00:00,0.252,7.614,0.0,22.0,88.0,2.0,5.555555555555555,13.478221516600252,0.0,35.16777707215581,59.40532396626824
2017-07-12 04:00:00,1.008,8.64,0.0,0.0,88.0,2.0,0.0,0.0,5.555555555555555,-7.648000000000001,53.136904523117465
2017-07-12 05:00:00,2.016,10.692,0.0,0.0,88.0,2.0,0.0,0.0,5.555555555555555,-10.708,46.9437061132845
2017-07-12 06:00:00,4.032,10.908,22.0,0.0,65.08333333326,2.0,0.0,0.0,5.555555555555555,-34.94,40.824826084369526
2017-07-12 07:00:00,7.596,12.474,22.0,0.0,42.16666666652,2.0,0.0,0.0,5.555555555555555,-40.07000000000001,34.779372615801535
2017-07-12 08:00:00,10.332,13.716,22.0,0.0,19.249999999779998,2.0,0.0,0.0,5.555555555555555,-44.048,28.806464588856358
2017-07-12 09:00:00,12.672,15.444,18.47999999972966,0.0,0.0,2.0,0.0,0.0,5.555555555555555,-44.595999999729656,22.905231458234528
2017-07-12 10:00:00,14.22,17.334,0.0,0.0,0.0,2.0,0.0,0.0,5.555555555555555,-29.554000000000002,17.074813125180157
2017-07-12 11:00:00,14.76,19.602,0.0,0.0,0.0,2.0,0.0,0.0,5.555555555555555,-32.362,11.314359812122438
2017-07-12 12:00:00,14.868,19.224,0.0,0.0,0.0,2.0,0.0,0.0,5.555555555555555,-32.092,5.623031938821413
2017-07-12 13:00:00,14.616,22.572,0.0,0.0,0.0,2.0,0.0,0.0,5.555555555555555,-35.188,0.0
2017-07-12 14:00:00,13.248,23.976,0.0,0.0,0.0,2.0,5.555555555555555,5.737787692674911,0.0,-23.930656751769533,5.623031938821413
2017-07-12 15:00:00,10.296,25.056,0.0,0.0,0.0,2.0,0.0,0.0,5.555555555555555,-33.352000000000004,0.0
2017-07-12 16:00:00,5.94,26.406,0.0,0.0,0.0,2.0,5.555555555555555,0.0,0.0,-24.790444444444443,0.0
2017-07-12 17:00:00,1.332,26.514,0.0,0.0,0.0,2.0,5.555555555555555,0.0,0.0,-20.290444444444447,0.0
2017-07-12 18:00:00,0.9,24.894,0.0,0.0,0.0,2.0,5.555555555555555,0.0,0.0,-18.23844444444444,0.0
2017-07-12 19:00:00,0.252,25.218,0.0,0.0,0.0,2.0,5.555555555555555,0.0,0.0,-17.914444444444445,0.0
2017-07-12 20:00:00,0.0,25.974,0.0,0.0,0.0,2.0,5.555555555555555,0.0,0.0,-18.418444444444447,0.0
2017-07-12 21:00:00,0.0,26.892,0.0,0.0,0.0,2.0,5.555555555555555,0.0,0.0,-19.336444444444446,0.0
2017-07-12 22:00:00,0.0,26.892,0.0,3.66666666666667,3.520000000000003,2.0,5.555555555555555,0.0,0.0,-15.669777777777774,0.0
2017-07-12 23:00:00,0.0,26.082,0.0,22.0,24.64,2.0,5.555555555555555,24.0,0.0,27.473555555555556,23.52
2017-07-13 00:00:00,0.0,27.54,0.0,22.0,45.76,2.0,5.555555555555555,24.0,0.0,26.015555555555558,46.75776
2017-07-13 01:00:00,0.0,26.136,0.0,22.0,66.88,2.0,5.555555555555555,24.0,0.0,27.419555555555558,69.71666687999999
2017-07-13 02:00:00,0.0,25.326,0.0,22.0,88.0,2.0,5.555555555555555,24.0,0.0,28.229555555555557,92.40006687743998
2017-07-13 03:00:00,0.36,24.57,0.0,0.0,88.0,2.0,5.555555555555555,8.886463188866623,0.0,-8.487981255577822,100.0
2017-07-13 04:00:00,1.152,25.596,0.0,0.0,88.0,2.0,5.555555555555555,0.0,0.0,-19.192444444444448,98.8
2017-07-13 05:00:00,1.908,26.892,0.0,0.0,88.0,2.0,0.0,0.0,5.555555555555555,-26.8,92.05884444444443
2017-07-13 06:00:00,6.3,23.652,15.100799999740468,0.0,72.27000000022001,2.0,0.0,0.0,5.555555555555555,-43.052799999740465,85.39858275555554
2017-07-13 07:00:00,11.52,23.004,22.0,0.0,49.35333333348001,2.0,0.0,0.0,5.555555555555555,-54.524,78.81824420693331
2017-07-13 08:00:00,16.884,23.058,22.0,0.0,26.436666666740006,2.0,0.0,0.0,5.555555555555555,-59.942,72.31686972089456
2017-07-13 09:00:00,20.844,23.058,22.0,0.0,3.520000000000003,2.0,0.0,0.0,5.555555555555555,-63.902,65.89351172868827
2017-07-13 10:00:00,23.544,23.166,0.0,22.0,24.64,2.0,0.0,0.0,5.555555555555555,-22.71,59.547234032388445
2017-07-13 11:00:00,24.264,23.004,0.0,22.0,45.76,2.0,0.0,0.0,5.555555555555555,-23.268,53.27711166844423
2017-07-13 12:00:00,23.436,21.276,0.0,22.0,66.88,2.0,5.555555555555555,6.905650650862595,0.0,-8.250793793581845,59.40532396626824
2017-07-13 13:00:00,21.132,21.168,0.0,22.0,88.0,2.0,0.0,0.0,5.555555555555555,-18.3,53.136904523117465
2017-07-13 14:00:00,17.316,20.952,0.0,0.0,88.0,2.0,0.0,0.0,5.555555555555555,-36.268,46.9437061132845
2017-07-13 15:00:00,12.168,19.494,0.0,0.0,88.0,2.0,0.0,0.0,5.555555555555555,-29.662,40.824826084369526
2017-07-13 16:00:00,6.228,17.28,0.0,0.0,88.0,2.0,0.0,0.0,5.555555555555555,-21.508000000000003,34.779372615801535
2017-07-13 17:00:00,1.044,14.094,18.47999999972965,0.0,68.75000000022001,2.0,0.0,0.0,5.555555555555555,-31.61799999972965,28.806464588856358
2017-07-13 18:00:00,0.828,8.424,22.0,0.0,45.833333333480006,2.0,0.0,0.0,5.555555555555555,-29.252,22.905231458234528
2017-07-13 19:00:00,0.252,7.452,22.0,0.0,22.916666666740003,2.0,0.0,0.0,5.555555555555555,-27.703999999999997,17.074813125180157
2017-07-13 20:00:00,0.0,7.074,22.0,0.0,0.0,2.0,0.0,0.0,5.555555555555555,-27.073999999999998,11.314359812122438
2017-07-13 21:00:00,0.0,6.372,0.0,0.0,0.0,2.0,0.0,0.0,5.555555555555555,-4.372,5.623031938821413
2017-07-13 22:00:00,0.0,5.67,0.0,0.0,0.0,2.0,0.0,0.0,5.555555555555555,-3.67,0.0
2017-07-13 23:00:00,0.0,5.13,0.0,3.66666666666667,3.520000000000003,2.0,5.555555555555555,0.0,0.0,6.092222222222225,0.0
2017-07-14 00:00:00,0.0,6.858,0.0,22.0,24.64,2.0,5.555555555555555,0.0,0.0,22.697555555555557,0.0
2017-07-14 01:00:00,0.0,6.102,0.0,22.0,45.76,2.0,5.555555555555555,24.0,0.0,47.45355555555555,23.52
2017-07-14 02:00:00,0.0,5.832,0.0,22.0,66.88,2.0,5.555555555555555,24.0,0.0,47.723555555555556,46.75776
2017-07-14 03:00:00,0.252,5.4,0.0,22.0,88.0,2.0,5.555555555555555,0.762284931922963,0.0,24.665840487478523,46.9437061132845
2017-07-14 04:00:00,1.08,5.994,18.47999999972965,0.0,68.75000000022001,2.0,0.0,0.0,5.555555555555555,-23.553999999729655,40.824826084369526
2017-07-14 05:00:00,2.16,7.074,0.0,0.0,68.75000000022001,2.0,0.0,0.0,5.555555555555555,-7.234,34.779372615801535
2017-07-14 06:00:00,4.536,7.128,22.0,0.0,45.833333333480006,2.0,0.0,0.0,5.555555555555555,-31.664,28.806464588856358
2017-07-14 07:00:00,7.668,7.452,22.0,0.0,22.916666666740003,2.0,0.0,0.0,5.555555555555555,-35.12,22.905231458234528
2017-07-14 08:00:00,10.368,6.804,22.0,0.0,0.0,2.0,0.0,0.0,5.555555555555555,-37.172000000000004,17.074813125180157
2017-07-14 09:00:00,13.572,6.426,0.0,0.0,0.0,2.0,0.0,0.0,5.555555555555555,-17.997999999999998,11.314359812122438
2017-07-14 10:00:00,16.236,6.426,0.0,0.0,0.0,2.0,0.0,0.0,5.555555555555555,-20.662,5.623031938821413
2017-07-14 11:00:00,16.596,6.588,0.0,22.0,21.119999999999997,2.0,0.0,0.0,5.555555555555555,0.815999999999999,0.0
2017-07-14 12:00:00,15.3,5.238,0.0,22.0,42.239999999999995,2.0,5.555555555555555,0.0,0.0,9.017555555555557,0.0
2017-07-14 13:00:00,12.672,4.212,0.0,22.0,63.35999999999999,2.0,5.555555555555555,24.0,0.0,36.67155555555556,23.52
2017-07-14 14:00:00,11.16,3.564,0.0,22.0,84.47999999999999,2.0,5.555555555555555,17.94598580037707,0.0,32.77754135593263,40.824826084369526
2017-07-14 15:00:00,8.82,2.7,0.0,0.0,84.47999999999999,2.0,0.0,0.0,5.555555555555555,-9.52,34.779372615801535
2017-07-14 16:00:00,5.364,1.782,22.0,0.0,61.56333333325999,2.0,0.0,0.0,5.555555555555555,-27.146,28.806464588856358
2017-07-14 17:00:00,1.656,0.918,22.0,0.0,38.64666666651999,2.0,0.0,0.0,5.555555555555555,-22.573999999999998,22.905231458234528
2017-07-14 18:00:00,0.972,0.432,15.100799999740465,0.0,22.916666666740003,2.0,0.0,0.0,5.555555555555555,-14.504799999740465,17.074813125180157
2017-07-14 19:00:00,0.252,0.324,0.0,0.0,22.916666666740003,2.0,0.0,0.0,5.555555555555555,1.424,11.314359812122438
2017-07-14 20:00:00,0.0,0.27,22.0,0.0,0.0,2.0,0.0,0.0,5.555555555555555,-20.27,5.623031938821413
2017-07-14 21:00:00,0.0,0.216,0.0,0.0,0.0,2.0,0.0,0.0,5.555555555555555,1.784,0.0
2017-07-14 22:00:00,0.0,0.27,0.0,0.0,0.0,2.0,5.555555555555555,0.0,0.0,7.285555555555556,0.0
2017-07-14 23:00:00,0.0,0.27,0.0,0.0,0.0,2.0,5.555555555555555,0.0,0.0,7.285555555555556,0.0
2017-07-15 00:00:00,0.0,0.432,0.0,0.0,0.0,2.0,5.555555555555555,0.0,0.0,7.123555555555555,0.0
2017-07-15 01:00:00,0.0,0.378,0.0,22.0,21.119999999999997,2.0,5.555555555555555,0.0,0.0,29.177555555555557,0.0
2017-07-15 02:00:00,0.0,0.378,0.0,22.0,42.239999999999995,2.0,5.555555555555555,0.0,0.0,29.177555555555557,0.0
2017-07-15 03:00:00,0.36,0.486,0.0,22.0,63.35999999999999,2.0,5.555555555555555,24.0,0.0,52.70955555555556,23.52
2017-07-15 04:00:00,1.224,0.594,0.0,22.0,84.47999999999999,2.0,5.501228205590507,0.0,0.05432734996504962,27.683228205590506,23.18343265003495
2017-07-15 05:00:00,1.98,0.81,0.0,0.0,84.47999999999999,2.0,5.555555555555555,0.0,0.0,4.765555555555554,22.905231458234528
2017-07-15 06:00:00,6.84,0.864,0.0,0.0,84.47999999999999,2.0,0.0,0.0,5.555555555555555,-5.704,17.074813125180157
2017-07-15 07:00:00,12.204,1.134,22.0,0.0,61.56333333325999,2.0,0.0,0.0,5.555555555555555,-33.338,11.314359812122438
2017-07-15 08:00:00,16.92,1.566,22.0,0.0,38.64666666651999,2.0,0.0,0.0,5.555555555555555,-38.486000000000004,5.623031938821413
2017-07-15 09:00:00,20.556,2.376,13.446399999816162,0.0,24.64,2.0,0.0,0.0,5.555555555555555,-34.37839999981616,0.0
2017-07-15 10:00:00,22.536,3.618,0.0,0.0,24.64,2.0,5.555555555555555,0.0,0.0,-18.598444444444446,0.0
2017-07-15 11:00:00,20.376,4.86,0.0,0.0,24.64,2.0,5.555555555555555,0.0,0.0,-17.680444444444447,0.0
2017-07-15 12:00:00,16.596,5.022,0.0,22.0,45.76,2.0,5.555555555555555,0.19437801382066539,0.0,8.13193356937622,0.19049045354425206
2017-07-15 13:00:00,16.488,6.264,0.0,22.0,66.88,2.0,5.555555555555555,24.0,0.0,30.803555555555555,23.70820456810172
2017-07-15 14:00:00,13.608,7.398,0.0,22.0,88.0,2.0,5.555555555555555,24.0,0.0,32.54955555555556,46.9437061132845
2017-07-15 15:00:00,9.252,6.264,0.0,0.0,88.0,2.0,0.0,0.0,5.555555555555555,-13.516000000000002,40.824826084369526
2017-07-15 16:00:00,5.22,5.238,0.0,0.0,88.0,2.0,0.0,0.0,5.555555555555555,-8.458,34.779372615801535
2017-07-15 17:00:00,2.088,3.402,22.0,0.0,65.08333333326,2.0,0.0,0.0,5.555555555555555,-25.490000000000002,28.806464588856358
2017-07-15 18:00:00,1.152,2.106,22.0,0.0,42.16666666652,2.0,0.0,0.0,5.555555555555555,-23.258000000000003,22.905231458234528
2017-07-15 19:00:00,0.216,2.376,18.47999999972966,0.0,22.916666666740003,2.0,0.0,0.0,5.555555555555555,-19.071999999729663,17.074813125180157
2017-07-15 20:00:00,0.0,3.24,22.0,0.0,0.0,2.0,0.0,0.0,5.555555555555555,-23.240000000000002,11.314359812122438
2017-07-15 21:00:00,0.0,4.914,0.0,0.0,0.0,2.0,0.0,0.0,5.555555555555555,-2.9139999999999997,5.623031938821413
2017-07-15 22:00:00,0.0,6.912,0.0,0.0,0.0,2.0,0.0,0.0,5.555555555555555,-4.912,0.0
2017-07-15 23:00:00,0.0,9.234,0.0,0.0,0.0,2.0,5.555555555555555,0.0,0.0,-1.6784444444444446,0.0
2017-07-16 00:00:00,0.0,11.502,0.0,0.0,0.0,2.0,5.555555555555555,0.0,0.0,-3.9464444444444453,0.0
2017-07-16 01:00:00,0.0,13.77,0.0,0.0,0.0,2.0,5.555555555555555,0.0,0.0,-6.214444444444444,0.0
2017-07-16 02:00:00,0.0,16.578,0.0,22.0,21.119999999999997,2.0,5.555555555555555,24.0,0.0,36.977555555555554,23.52
2017-07-16 03:00:00,0.072,18.63,0.0,5.538194444520842,26.436666666740006,2.0,5.501228205590507,0.0,0.05432734996504962,-5.662577349888649,23.18343265003495
2017-07-16 04:00:00,0.396,19.926,0.0,0.0,26.436666666740006,2.0,5.555555555555555,0.0,0.0,-12.766444444444444,22.905231458234528
2017-07-16 05:00:00,0.54,19.548,0.0,0.0,26.436666666740006,2.0,0.0,0.0,5.555555555555555,-18.087999999999997,17.074813125180157
2017-07-16 06:00:00,0.72,21.276,0.0,0.0,26.436666666740006,2.0,0.0,0.0,5.555555555555555,-19.996,11.314359812122438
2017-07-16 07:00:00,0.972,17.982,0.0,0.0,26.436666666740006,2.0,0.0,0.0,5.555555555555555,-16.954,5.623031938821413
2017-07-16 08:00:00,1.404,15.552,0.0,0.0,26.436666666740006,2.0,0.0,0.0,5.555555555555555,-14.956,0.0
2017-07-16 09:00:00,2.16,14.418,0.0,0.0,26.436666666740006,2.0,5.555555555555555,0.0,0.0,-9.022444444444444,0.0
2017-07-16 10:00:00,3.276,14.634,0.0,0.0,26.436666666740006,2.0,5.555555555555555,0.0,0.0,-10.354444444444445,0.0
2017-07-16 11:00:00,4.248,15.228,0.0,0.0,26.436666666740006,2.0,5.555555555555555,0.0,0.0,-11.920444444444446,0.0
2017-07-16 12:00:00,6.12,18.576,0.0,0.0,26.436666666740006,2.0,5.555555555555555,0.0,0.0,-17.140444444444444,0.0
2017-07-16 13:00:00,7.308,18.468,0.0,0.0,26.436666666740006,2.0,5.555555555555555,17.423278699163426,0.0,-0.797165745281017,17.074813125180157
2017-07-16 14:00:00,7.56,19.764,0.0,0.0,26.436666666740006,2.0,0.0,0.0,5.555555555555555,-25.323999999999998,11.314359812122438
2017-07-16 15:00:00,6.192,19.818,0.0,0.0,26.436666666740006,2.0,0.0,0.0,5.555555555555555,-24.01,5.623031938821413
2017-07-16 16:00:00,4.176,19.764,0.0,0.0,26.436666666740006,2.0,0.0,0.0,5.555555555555555,-21.939999999999998,0.0
2017-07-16 17:00:00,1.368,18.576,0.0,0.0,26.436666666740006,2.0,5.555555555555555,0.0,0.0,-12.388444444444445,0.0
2017-07-16 18:00:00,0.792,14.796,0.0,0.0,26.436666666740006,2.0,5.555555555555555,0.0,0.0,-8.032444444444444,0.0
2017-07-16 19:00:00,0.18,13.338,22.0,0.0,3.520000000000003,2.0,5.555555555555555,0.0,0.0,-27.962444444444444,0.0
2017-07-16 20:00:00,0.0,12.474,0.0,0.0,3.520000000000003,2.0,5.555555555555555,0.0,0.0,-4.918444444444445,0.0
2017-07-16 21:00:00,0.0,11.664,0.0,0.0,3.520000000000003,2.0,5.555555555555555,0.0,0.0,-4.108444444444444,0.0
2017-07-16 22:00:00,0.0,11.232,0.0,0.0,3.520000000000003,2.0,5.555555555555555,0.0,0.0,-3.676444444444444,0.0
2017-07-16 23:00:00,0.0,10.854,0.0,22.0,24.64,2.0,5.555555555555555,0.0,0.0,18.701555555555558,0.0
2017-07-17 00:00:00,0.0,11.016,0.0,22.0,45.76,2.0,5.555555555555555,0.0,0.0,18.53955555555556,0.0
2017-07-17 01:00:00,0.0,10.962,0.0,22.0,66.88,2.0,5.555555555555555,17.872455263539543,0.0,36.466010819095104,17.51500615826875
2017-07-17 02:00:00,0.0,11.124,0.0,22.0,88.0,2.0,5.555555555555555,24.0,0.0,42.431555555555555,40.824826084369526
2017-07-17 03:00:00,0.288,11.07,0.0,0.0,88.0,2.0,0.0,0.0,5.555555555555555,-9.358,34.779372615801535
2017-07-17 04:00:00,1.188,12.582,0.0,0.0,88.0,2.0,0.0,0.0,5.555555555555555,-11.770000000000001,28.806464588856358
2017-07-17 05:00:00,1.872,16.308,15.100799999740468,0.0,72.27000000022001,2.0,0.0,0.0,5.555555555555555,-31.280799999740466,22.905231458234528
2017-07-17 06:00:00,6.552,16.308,22.0,0.0,49.35333333348001,2.0,0.0,0.0,5.555555555555555,-42.86,17.074813125180157
2017-07-17 07:00:00,12.132,18.522,22.0,0.0,26.436666666740006,2.0,0.0,0.0,5.555555555555555,-50.653999999999996,11.314359812122438
2017-07-17 08:00:00,17.1,19.494,22.0,0.0,3.520000000000003,2.0,0.0,0.0,5.555555555555555,-56.594,5.623031938821413
2017-07-17 09:00:00,20.34,20.79,0.0,0.0,3.520000000000003,2.0,0.0,0.0,5.555555555555555,-39.129999999999995,0.0
2017-07-17 10:00:00,21.744,21.816,0.0,0.0,3.520000000000003,2.0,5.555555555555555,0.0,0.0,-36.004444444444445,0.0
2017-07-17 11:00:00,21.78,22.626,0.0,0.0,3.520000000000003,2.0,5.555555555555555,0.0,0.0,-36.85044444444445,0.0
2017-07-17 12:00:00,20.556,22.518,0.0,0.0,3.520000000000003,2.0,5.555555555555555,0.0,0.0,-35.51844444444445,0.0
2017-07-17 13:00:00,16.416,21.168,0.0,0.0,3.520000000000003,2.0,5.555555555555555,0.0,0.0,-30.028444444444446,0.0
2017-07-17 14:00:00,12.708,20.79,0.0,0.0,3.520000000000003,2.0,5.555555555555555,0.0,0.0,-25.942444444444444,0.0
2017-07-17 15:00:00,9.36,20.466,0.0,0.0,3.520000000000003,2.0,5.555555555555555,0.0,0.0,-22.270444444444443,0.0
2017-07-17 16:00:00,5.184,18.846,0.0,0.0,3.520000000000003,2.0,5.555555555555555,0.0,0.0,-16.474444444444444,0.0
2017-07-17 17:00:00,1.584,15.66,0.0,0.0,3.520000000000003,2.0,5.555555555555555,0.0,0.0,-9.688444444444444,0.0
2017-07-17 18:00:00,0.936,13.23,0.0,0.0,3.520000000000003,2.0,5.555555555555555,0.0,0.0,-6.610444444444445,0.0
2017-07-17 19:00:00,0.18,11.934,0.0,0.0,3.520000000000003,2.0,5.555555555555555,0.0,0.0,-4.558444444444444,0.0
2017-07-17 20:00:00,0.0,12.312,0.0,0.0,3.520000000000003,2.0,5.555555555555555,0.0,0.0,-4.756444444444444,0.0
2017-07-17 21:00:00,0.0,12.42,0.0,0.0,3.520000000000003,2.0,5.555555555555555,0.0,0.0,-4.864444444444445,0.0
2017-07-17 22:00:00,0.0,12.636,0.0,0.0,3.520000000000003,2.0,5.555555555555555,0.0,0.0,-5.080444444444444,0.0
2017-07-17 23:00:00,0.0,12.852,0.0,22.0,24.64,2.0,5.555555555555555,8.138716421833657,0.0,24.842271977389213,7.9759420933969825
2017-07-18 00:00:00,0.0,14.958,0.0,22.0,45.76,2.0,5.555555555555555,24.0,0.0,38.59755555555556,31.400230788276218
2017-07-18 01:00:00,0.0,14.094,0.0,22.0,66.88,2.0,5.555555555555555,24.0,0.0,39.461555555555556,54.543428018816904
2017-07-18 02:00:00,0.0,13.662,0.0,22.0,88.0,2.0,5.555555555555555,24.0,0.0,39.89355555555556,77.4089068825911
2017-07-18 03:00:00,0.144,13.446,0.0,0.0,88.0,2.0,5.555555555555555,24.0,0.0,17.96555555555556,100.0
2017-07-18 04:00:00,0.756,13.014,0.0,0.0,88.0,2.0,5.555555555555555,1.2244897959183703,0.0,-4.989954648526073,100.0
2017-07-18 05:00:00,1.332,11.826,0.0,0.0,88.0,2.0,0.0,0.0,5.555555555555555,-11.158000000000001,93.24444444444444
2017-07-18 06:00:00,2.844,10.368,22.0,0.0,65.08333333326,2.0,0.0,0.0,5.555555555555555,-33.212,86.56995555555555
2017-07-18 07:00:00,3.924,9.234,22.0,0.0,42.16666666652,2.0,0.0,0.0,5.555555555555555,-33.158,79.97556053333332
2017-07-18 08:00:00,5.652,9.666,22.0,0.0,19.249999999779998,2.0,0.0,0.0,5.555555555555555,-35.318,73.46029825137776
2017-07-18 09:00:00,7.272,9.774,15.100799999740472,0.0,3.520000000000003,2.0,0.0,0.0,5.555555555555555,-30.146799999740473,67.02321911680568
2017-07-18 10:00:00,8.748,9.612,0.0,22.0,24.64,2.0,0.0,0.0,5.555555555555555,5.640000000000001,60.663384931848455
2017-07-18 11:00:00,9.612,9.558,0.0,22.0,45.76,2.0,0.0,0.0,5.555555555555555,4.83,54.379868757110714
2017-07-18 12:00:00,9.936,10.584,0.0,22.0,66.88,2.0,0.0,0.0,5.555555555555555,3.4800000000000004,48.171754776469825
2017-07-18 13:00:00,10.548,10.692,0.0,22.0,88.0,2.0,0.0,0.0,5.555555555555555,2.76,42.03813816359663
2017-07-18 14:00:00,11.844,10.422,0.0,0.0,88.0,2.0,0.0,0.0,5.555555555555555,-20.266,35.97812495007791
2017-07-18 15:00:00,10.08,8.856,0.0,0.0,88.0,2.0,0.0,0.0,5.555555555555555,-16.936,29.990831895121417
2017-07-18 16:00:00,5.76,7.236,22.0,0.0,65.08333333326,2.0,0.0,0.0,5.555555555555555,-32.996,24.075386356824403
2017-07-18 17:00:00,1.26,5.13,22.0,0.0,42.16666666652,2.0,0.0,0.0,5.555555555555555,-26.39,18.230926164986954
2017-07-18 18:00:00,0.864,2.916,22.0,0.0,19.249999999779998,2.0,0.0,0.0,5.555555555555555,-23.78,12.456599495451554
2017-07-18 19:00:00,0.18,2.43,18.47999999972966,0.0,0.0,2.0,0.0,0.0,5.555555555555555,-19.08999999972966,6.75156474595058
2017-07-18 20:00:00,0.0,2.322,0.0,0.0,0.0,2.0,0.0,0.0,5.555555555555555,-0.32200000000000006,1.1149904134436168
2017-07-18 21:00:00,0.0,1.836,0.0,0.0,0.0,2.0,4.453945027073262,0.0,1.1016105284822935,4.6179450270732625,0.0
2017-07-18 22:00:00,0.0,1.458,0.0,0.0,0.0,2.0,5.555555555555555,0.0,0.0,6.097555555555555,0.0
2017-07-18 23:00:00,0.0,1.134,0.0,3.66666666666667,3.520000000000003,2.0,5.555555555555555,0.0,0.0,10.088222222222225,0.0
2017-07-19 00:00:00,0.0,0.864,0.0,22.0,24.64,2.0,5.555555555555555,0.0,0.0,28.691555555555556,0.0
2017-07-19 01:00:00,0.0,0.81,0.0,22.0,45.76,2.0,5.555555555555555,24.0,0.0,52.745555555555555,23.52
2017-07-19 02:00:00,0.0,0.81,0.0,22.0,66.88,2.0,5.555555555555555,24.0,0.0,52.745555555555555,46.75776
2017-07-19 03:00:00,0.216,0.756,0.0,22.0,88.0,2.0,5.555555555555555,0.0,0.0,28.583555555555556,46.196666879999995
2017-07-19 04:00:00,1.152,0.81,18.47999999972965,0.0,68.75000000022001,2.0,0.0,0.0,5.555555555555555,-18.441999999729653,40.086751321884435
2017-07-19 05:00:00,1.944,0.756,22.0,0.0,45.833333333480006,2.0,0.0,0.0,5.555555555555555,-22.7,34.05015475046626
2017-07-19 06:00:00,6.084,0.702,22.0,0.0,22.916666666740003,2.0,0.0,0.0,5.555555555555555,-26.785999999999998,28.085997337905113
2017-07-19 07:00:00,10.8,0.918,22.0,0.0,0.0,2.0,0.0,0.0,5.555555555555555,-31.718,22.193409814294697
2017-07-19 08:00:00,15.156,1.404,0.0,0.0,0.0,2.0,0.0,0.0,5.555555555555555,-14.56,16.371533340967602
2017-07-19 09:00:00,18.288,1.836,0.0,0.0,0.0,2.0,0.0,0.0,5.555555555555555,-18.124,10.619519385320435
2017-07-19 10:00:00,19.836,2.754,0.0,22.0,21.119999999999997,2.0,5.555555555555555,0.0,0.0,6.965555555555557,10.49208515269659
2017-07-19 11:00:00,20.088,3.834,0.0,22.0,42.239999999999995,2.0,5.555555555555555,18.816616793869517,0.0,24.450172349425067,28.806464588856358
2017-07-19 12:00:00,19.404,4.752,0.0,22.0,63.35999999999999,2.0,0.0,0.0,5.555555555555555,-0.1559999999999988,22.905231458234528
2017-07-19 13:00:00,18.288,6.156,16.825599999805345,0.0,45.833333333480006,2.0,0.0,0.0,5.555555555555555,-39.269599999805344,17.074813125180157
2017-07-19 14:00:00,15.156,7.614,22.0,0.0,22.916666666740003,2.0,0.0,0.0,5.555555555555555,-42.77,11.314359812122438
2017-07-19 15:00:00,10.692,8.694,22.0,0.0,0.0,2.0,0.0,0.0,5.555555555555555,-39.386,5.623031938821413
2017-07-19 16:00:00,5.724,9.18,0.0,0.0,0.0,2.0,0.0,0.0,5.555555555555555,-12.904,0.0
2017-07-19 17:00:00,1.62,8.748,0.0,0.0,0.0,2.0,5.555555555555555,0.0,0.0,-2.812444444444444,0.0
2017-07-19 18:00:00,1.008,9.99,0.0,0.0,0.0,2.0,5.555555555555555,0.0,0.0,-3.442444444444445,0.0
2017-07-19 19:00:00,0.144,11.88,0.0,0.0,0.0,2.0,5.555555555555555,0.0,0.0,-4.4684444444444456,0.0
2017-07-19 20:00:00,0.0,13.716,0.0,0.0,0.0,2.0,5.555555555555555,0.0,0.0,-6.160444444444444,0.0
2017-07-19 21:00:00,0.0,14.148,0.0,0.0,0.0,2.0,5.555555555555555,0.0,0.0,-6.592444444444444,0.0
2017-07-19 22:00:00,0.0,14.364,0.0,0.0,0.0,2.0,5.555555555555555,0.0,0.0,-6.808444444444445,0.0
2017-07-19 23:00:00,0.0,14.526,0.0,22.0,21.119999999999997,2.0,5.555555555555555,0.668591097611195,0.0,15.698146653166749,0.6552192756589711
2017-07-20 00:00:00,0.0,11.502,0.0,22.0,42.239999999999995,2.0,5.555555555555555,24.0,0.0,42.053555555555555,24.167356644351063
2017-07-20 01:00:00,0.0,11.988,0.0,22.0,63.35999999999999,2.0,5.555555555555555,24.0,0.0,41.56755555555556,47.39734836461885
2017-07-20 02:00:00,0.0,13.554,0.0,22.0,84.47999999999999,2.0,5.555555555555555,24.0,0.0,40.001555555555555,70.34858018424342
2017-07-20 03:00:00,0.216,14.148,0.0,3.6666666666666776,88.0,2.0,5.555555555555555,24.0,0.0,20.858222222222235,93.02439722203249
2017-07-20 04:00:00,1.224,15.174,0.0,0.0,88.0,2.0,5.555555555555555,0.0,0.0,-8.842444444444444,91.9081044553681
2017-07-20 05:00:00,2.16,16.2,0.0,0.0,88.0,2.0,0.0,0.0,5.555555555555555,-16.36,85.24965164634813
2017-07-20 06:00:00,6.372,13.5,0.0,0.0,88.0,2.0,0.0,0.0,5.555555555555555,-17.872,78.6711002710364
2017-07-20 07:00:00,11.088,13.824,22.0,0.0,65.08333333326,2.0,0.0,0.0,5.555555555555555,-44.912,72.1714915122284
2017-07-20 08:00:00,15.156,13.284,22.0,0.0,42.16666666652,2.0,0.0,0.0,5.555555555555555,-48.44,65.74987805852611
2017-07-20 09:00:00,18.576,13.338,22.0,0.0,19.249999999779998,2.0,0.0,0.0,5.555555555555555,-51.914,59.40532396626824
2017-07-20 10:00:00,20.484,13.824,0.0,0.0,19.249999999779998,2.0,0.0,0.0,5.555555555555555,-32.308,53.136904523117465
2017-07-20 11:00:00,20.556,14.202,16.755199999664775,0.0,1.7966666667400055,2.0,0.0,0.0,5.555555555555555,-49.51319999966478,46.9437061132845
2017-07-20 12:00:00,17.604,9.936,0.0,0.0,1.7966666667400055,2.0,0.0,0.0,5.555555555555555,-25.54,40.824826084369526
2017-07-20 13:00:00,7.524,8.478,0.0,0.0,1.7966666667400055,2.0,0.0,0.0,5.555555555555555,-14.001999999999999,34.779372615801535
2017-07-20 14:00:00,4.176,7.722,0.0,22.0,22.916666666740003,2.0,0.0,0.0,5.555555555555555,12.101999999999999,28.806464588856358
2017-07-20 15:00:00,2.556,6.75,0.0,0.0,22.916666666740003,2.0,0.0,0.0,5.555555555555555,-7.306,22.905231458234528
2017-07-20 16:00:00,1.44,6.156,22.0,0.0,0.0,2.0,0.0,0.0,5.555555555555555,-27.596,17.074813125180157
2017-07-20 17:00:00,0.684,5.832,0.0,0.0,0.0,2.0,0.0,0.0,5.555555555555555,-4.516,11.314359812122438
2017-07-20 18:00:00,0.324,4.86,0.0,0.0,0.0,2.0,0.0,0.0,5.555555555555555,-3.184,5.623031938821413
2017-07-20 19:00:00,0.036,4.536,0.0,0.0,0.0,2.0,0.0,0.0,5.555555555555555,-2.5719999999999996,0.0
2017-07-20 20:00:00,0.0,4.158,0.0,0.0,0.0,2.0,5.555555555555555,0.0,0.0,3.397555555555555,0.0
2017-07-20 21:00:00,0.0,3.78,0.0,0.0,0.0,2.0,5.555555555555555,0.0,0.0,3.7755555555555556,0.0
2017-07-20 22:00:00,0.0,3.51,0.0,0.0,0.0,2.0,5.555555555555555,0.0,0.0,4.045555555555556,0.0
2017-07-20 23:00:00,0.0,3.618,0.0,22.0,21.119999999999997,2.0,5.555555555555555,8.138716421833657,0.0,34.07627197738921,7.9759420933969825
2017-07-21 00:00:00,0.0,4.05,0.0,22.0,42.239999999999995,2.0,5.555555555555555,24.0,0.0,49.50555555555556,31.400230788276218
2017-07-21 01:00:00,0.0,3.834,0.0,22.0,63.35999999999999,2.0,5.555555555555555,24.0,0.0,49.721555555555554,54.543428018816904
2017-07-21 02:00:00,0.0,3.618,0.0,22.0,84.47999999999999,2.0,5.555555555555555,24.0,0.0,49.937555555555555,77.4089068825911
2017-07-21 03:00:00,0.072,3.726,0.0,3.6666666666666776,88.0,2.0,5.555555555555555,24.0,0.0,31.424222222222237,100.0
2017-07-21 04:00:00,0.576,4.212,0.0,0.0,88.0,2.0,0.0,0.0,5.555555555555555,-2.788,93.24444444444444
2017-07-21 05:00:00,1.152,4.428,0.0,0.0,88.0,2.0,0.0,0.0,5.555555555555555,-3.58,86.56995555555555
2017-07-21 06:00:00,2.16,4.158,0.0,0.0,88.0,2.0,0.0,0.0,5.555555555555555,-4.3180000000000005,79.97556053333332
2017-07-21 07:00:00,2.844,3.996,22.0,0.0,65.08333333326,2.0,0.0,0.0,5.555555555555555,-26.84,73.46029825137776
2017-07-21 08:00:00,3.312,3.888,16.82559999980536,0.0,47.55666666674,2.0,0.0,0.0,5.555555555555555,-22.02559999980536,67.02321911680568
2017-07-21 09:00:00,3.996,3.78,22.0,0.0,24.64,2.0,0.0,0.0,5.555555555555555,-27.776,60.663384931848455
2017-07-21 10:00:00,4.572,3.618,0.0,0.0,24.64,2.0,0.0,0.0,5.555555555555555,-6.1899999999999995,54.379868757110714
2017-07-21 11:00:00,5.076,3.402,0.0,22.0,45.76,2.0,0.0,0.0,5.555555555555555,15.521999999999998,48.171754776469825
2017-07-21 12:00:00,5.184,2.7,0.0,22.0,66.88,2.0,5.475734420699423,0.0,0.0798211348561324,21.591734420699424,47.51387258429605
2017-07-21 13:00:00,5.832,2.646,0.0,22.0,88.0,2.0,5.555555555555555,0.0,0.0,21.077555555555556,46.9437061132845
2017-07-21 14:00:00,5.652,2.97,0.0,0.0,88.0,2.0,0.0,0.0,5.555555555555555,-6.622,40.824826084369526
2017-07-21 15:00:00,4.248,2.97,0.0,0.0,88.0,2.0,0.0,0.0,5.555555555555555,-5.218,34.779372615801535
2017-07-21 16:00:00,2.52,3.024,22.0,0.0,65.08333333326,2.0,0.0,0.0,5.555555555555555,-25.544,28.806464588856358
2017-07-21 17:00:00,1.044,2.916,22.0,0.0,42.16666666652,2.0,0.0,0.0,5.555555555555555,-23.96,22.905231458234528
2017-07-21 18:00:00,0.468,2.538,22.0,0.0,19.249999999779998,2.0,0.0,0.0,5.555555555555555,-23.006,17.074813125180157
2017-07-21 19:00:00,0.036,2.646,0.0,0.0,19.249999999779998,2.0,0.0,0.0,5.555555555555555,-0.6819999999999999,11.314359812122438
2017-07-21 20:00:00,0.0,2.646,18.47999999972966,0.0,0.0,2.0,0.0,0.0,5.555555555555555,-19.12599999972966,5.623031938821413
2017-07-21 21:00:00,0.0,2.7,0.0,0.0,0.0,2.0,0.0,0.0,5.555555555555555,-0.7000000000000002,0.0
2017-07-21 22:00:00,0.0,3.024,0.0,0.0,0.0,2.0,5.555555555555555,0.0,0.0,4.531555555555555,0.0
2017-07-21 23:00:00,0.0,3.51,0.0,0.0,0.0,2.0,5.555555555555555,0.0,0.0,4.045555555555556,0.0
2017-07-22 00:00:00,0.0,3.078,0.0,22.0,21.119999999999997,2.0,5.555555555555555,0.0,0.0,26.477555555555558,0.0
2017-07-22 01:00:00,0.0,2.97,0.0,22.0,42.239999999999995,2.0,5.555555555555555,0.0,0.0,26.58555555555556,0.0
2017-07-22 02:00:00,0.0,3.132,0.0,22.0,63.35999999999999,2.0,5.555555555555555,0.0,0.0,26.423555555555556,0.0
2017-07-22 03:00:00,0.108,3.51,0.0,22.0,84.47999999999999,2.0,5.555555555555555,24.0,0.0,49.93755555555556,23.52
2017-07-22 04:00:00,0.864,4.212,0.0,3.6666666666666776,88.0,2.0,5.555555555555555,11.777155730409731,0.0,17.923377952631963,34.779372615801535
2017-07-22 05:00:00,1.872,5.346,0.0,0.0,88.0,2.0,0.0,0.0,5.555555555555555,-5.218,28.806464588856358
2017-07-22 06:00:00,4.284,6.642,18.47999999972965,0.0,68.75000000022001,2.0,0.0,0.0,5.555555555555555,-27.40599999972965,22.905231458234528
2017-07-22 07:00:00,6.552,8.046,22.0,0.0,45.833333333480006,2.0,0.0,0.0,5.555555555555555,-34.598,17.074813125180157
2017-07-22 08:00:00,8.856,9.99,22.0,0.0,22.916666666740003,2.0,0.0,0.0,5.555555555555555,-38.846000000000004,11.314359812122438
2017-07-22 09:00:00,11.628,11.016,22.0,0.0,0.0,2.0,0.0,0.0,5.555555555555555,-42.644,5.623031938821413
2017-07-22 10:00:00,13.896,11.826,0.0,0.0,0.0,2.0,0.0,0.0,5.555555555555555,-23.722,0.0
2017-07-22 11:00:00,14.256,12.15,0.0,0.0,0.0,2.0,5.555555555555555,0.0,0.0,-18.850444444444445,0.0
2017-07-22 12:00:00,14.004,12.474,0.0,22.0,21.119999999999997,2.0,5.555555555555555,17.84908650687135,0.0,20.9266420624269,17.49210477673392
2017-07-22 13:00:00,10.8,12.366,0.0,22.0,42.239999999999995,2.0,5.555555555555555,0.0,0.0,6.389555555555557,17.282199519413115
2017-07-22 14:00:00,7.668,11.988,0.0,3.743055555708345,45.833333333480006,2.0,5.555555555555555,0.0,0.0,-8.3573888887361,17.074813125180157
2017-07-22 15:00:00,5.472,11.394,22.0,0.0,22.916666666740003,2.0,0.0,0.0,5.555555555555555,-36.866,11.314359812122438
2017-07-22 16:00:00,3.744,9.99,22.0,0.0,0.0,2.0,0.0,0.0,5.555555555555555,-33.734,5.623031938821413
2017-07-22 17:00:00,1.836,7.938,0.0,0.0,0.0,2.0,0.0,0.0,5.555555555555555,-7.774,0.0
2017-07-22 18:00:00,0.864,7.344,0.0,0.0,0.0,2.0,5.555555555555555,0.0,0.0,-0.6524444444444449,0.0
2017-07-22 19:00:00,0.072,7.884,0.0,0.0,0.0,2.0,5.555555555555555,0.0,0.0,-0.400444444444445,0.0
2017-07-22 20:00:00,0.0,8.532,0.0,0.0,0.0,2.0,5.555555555555555,0.0,0.0,-0.9764444444444447,0.0
2017-07-22 21:00:00,0.0,8.748,0.0,0.0,0.0,2.0,5.555555555555555,0.0,0.0,-1.192444444444444,0.0
2017-07-22 22:00:00,0.0,9.396,0.0,0.0,0.0,2.0,5.555555555555555,0.0,0.0,-1.8404444444444454,0.0
2017-07-22 23:00:00,0.0,10.422,0.0,0.0,0.0,2.0,5.555555555555555,0.0,0.0,-2.8664444444444452,0.0
2017-07-23 00:00:00,0.0,10.584,0.0,0.0,0.0,2.0,5.555555555555555,0.0,0.0,-3.0284444444444443,0.0
2017-07-23 01:00:00,0.0,12.15,0.0,22.0,21.119999999999997,2.0,5.555555555555555,0.0,0.0,17.40555555555556,0.0
2017-07-23 02:00:00,0.0,13.23,0.0,22.0,42.239999999999995,2.0,5.555555555555555,24.0,0.0,40.32555555555555,23.52
2017-07-23 03:00:00,0.108,16.092,0.0,22.0,63.35999999999999,2.0,5.555555555555555,0.0,0.0,13.355555555555558,23.237759999999998
2017-07-23 04:00:00,0.972,18.954,0.0,22.0,84.47999999999999,2.0,5.555555555555555,20.44962191852565,0.0,30.079177474081206,42.99953636015513
2017-07-23 05:00:00,1.728,21.222,0.0,0.0,84.47999999999999,2.0,0.0,0.0,5.555555555555555,-20.950000000000003,36.927986368277715
2017-07-23 06:00:00,2.664,20.574,0.0,0.0,84.47999999999999,2.0,0.0,0.0,5.555555555555555,-21.238000000000003,30.929294976302828
2017-07-23 07:00:00,3.816,20.844,0.0,0.0,84.47999999999999,2.0,0.0,0.0,5.555555555555555,-22.66,25.002587881031637
2017-07-23 08:00:00,4.86,20.574,0.0,0.0,84.47999999999999,2.0,0.0,0.0,5.555555555555555,-23.434,19.1470012709037
2017-07-23 09:00:00,4.392,19.062,15.171199999881036,0.0,68.67666666674,2.0,0.0,0.0,5.555555555555555,-36.62519999988104,13.361681700097304
2017-07-23 10:00:00,4.068,18.306,22.0,0.0,45.76,2.0,0.0,0.0,5.555555555555555,-42.373999999999995,7.645785964140581
2017-07-23 11:00:00,2.736,16.578,0.0,0.0,45.76,2.0,5.555555555555555,0.0,0.0,-11.758444444444445,7.554036532570894
2017-07-23 12:00:00,2.34,15.444,0.0,0.0,45.76,2.0,5.555555555555555,24.0,0.0,13.771555555555555,30.983388094180043
2017-07-23 13:00:00,2.592,13.986,0.0,22.0,66.88,2.0,5.555555555555555,24.0,0.0,36.977555555555554,54.13158743704988
2017-07-23 14:00:00,2.52,13.014,0.0,22.0,88.0,2.0,5.555555555555555,24.0,0.0,38.02155555555556,77.00200838780528
2017-07-23 15:00:00,2.772,10.962,0.0,0.0,88.0,2.0,5.555555555555555,24.0,0.0,17.82155555555556,99.5979842871516
2017-07-23 16:00:00,2.844,9.396,0.0,0.0,88.0,2.0,0.0,0.0,5.555555555555555,-10.24,92.84725292015023
2017-07-23 17:00:00,1.116,6.696,0.0,0.0,88.0,2.0,0.0,0.0,5.555555555555555,-5.811999999999999,86.17753032955287
2017-07-23 18:00:00,0.648,3.726,18.47999999972965,0.0,68.75000000022001,2.0,0.0,0.0,5.555555555555555,-20.853999999729652,79.58784441004268
2017-07-23 19:00:00,0.072,3.078,22.0,0.0,45.833333333480006,2.0,0.0,0.0,5.555555555555555,-23.15,73.07723472156661
2017-07-23 20:00:00,0.0,2.484,22.0,0.0,22.916666666740003,2.0,0.0,0.0,5.555555555555555,-22.484,66.64475234935226
2017-07-23 21:00:00,0.0,1.836,22.0,0.0,0.0,2.0,0.0,0.0,5.555555555555555,-21.836,60.289459765604484
2017-07-23 22:00:00,0.0,1.62,0.0,22.0,21.119999999999997,2.0,5.555555555555555,24.0,0.0,51.93555555555556,83.08598624841723
2017-07-23 23:00:00,0.0,1.458,0.0,0.0,21.119999999999997,2.0,0.0,0.0,5.555555555555555,0.542,76.53339885788067
2017-07-24 00:00:00,0.0,1.512,0.0,22.0,42.239999999999995,2.0,0.0,0.0,5.555555555555555,22.488,70.05944251603054
2017-07-24 01:00:00,0.0,1.35,0.0,22.0,63.35999999999999,2.0,5.555555555555555,0.0,0.0,28.205555555555556,69.21872920583817
2017-07-24 02:00:00,0.0,1.35,0.0,22.0,84.47999999999999,2.0,5.555555555555555,24.0,0.0,52.205555555555556,91.9081044553681
2017-07-24 03:00:00,0.108,1.35,0.0,3.6666666666666776,88.0,2.0,0.0,0.0,5.555555555555555,4.208666666666677,85.24965164634813
2017-07-24 04:00:00,1.044,1.296,0.0,0.0,88.0,2.0,0.0,0.0,5.555555555555555,-0.3400000000000001,78.6711002710364
2017-07-24 05:00:00,1.872,1.188,0.0,0.0,88.0,2.0,0.0,0.0,5.555555555555555,-1.06,72.1714915122284
2017-07-24 06:00:00,5.688,1.242,0.0,0.0,88.0,2.0,0.0,0.0,5.555555555555555,-4.93,65.74987805852611
2017-07-24 07:00:00,9.864,1.458,22.0,0.0,65.08333333326,2.0,0.0,0.0,5.555555555555555,-31.322,59.40532396626824
2017-07-24 08:00:00,13.284,1.674,22.0,0.0,42.16666666652,2.0,0.0,0.0,5.555555555555555,-34.958,53.136904523117465
2017-07-24 09:00:00,16.02,2.106,22.0,0.0,19.249999999779998,2.0,0.0,0.0,5.555555555555555,-38.126000000000005,46.9437061132845
2017-07-24 10:00:00,17.64,2.916,18.47999999972966,0.0,0.0,2.0,0.0,0.0,5.555555555555555,-37.03599999972966,40.824826084369526
2017-07-24 11:00:00,17.964,3.888,0.0,0.0,0.0,2.0,0.0,0.0,5.555555555555555,-19.851999999999997,34.779372615801535
2017-07-24 12:00:00,17.208,3.186,0.0,0.0,0.0,2.0,0.0,0.0,5.555555555555555,-18.394,28.806464588856358
2017-07-24 13:00:00,15.264,3.996,0.0,0.0,0.0,2.0,0.0,0.0,5.555555555555555,-17.259999999999998,22.905231458234528
2017-07-24 14:00:00,11.016,4.806,0.0,0.0,0.0,2.0,0.0,0.0,5.555555555555555,-13.822,17.074813125180157
2017-07-24 15:00:00,7.56,4.752,0.0,0.0,0.0,2.0,0.0,0.0,5.555555555555555,-10.312,11.314359812122438
2017-07-24 16:00:00,4.392,4.374,0.0,0.0,0.0,2.0,0.0,0.0,5.555555555555555,-6.766,5.623031938821413
2017-07-24 17:00:00,1.872,3.618,0.0,0.0,0.0,2.0,0.0,0.0,5.555555555555555,-3.49,0.0
2017-07-24 18:00:00,0.792,3.834,0.0,0.0,0.0,2.0,5.555555555555555,0.0,0.0,2.929555555555555,0.0
2017-07-24 19:00:00,0.072,3.672,0.0,0.0,0.0,2.0,5.555555555555555,0.0,0.0,3.811555555555555,0.0
2017-07-24 20:00:00,0.0,3.186,0.0,0.0,0.0,2.0,5.555555555555555,0.0,0.0,4.369555555555555,0.0
2017-07-24 21:00:00,0.0,3.456,0.0,0.0,0.0,2.0,5.555555555555555,0.0,0.0,4.099555555555556,0.0
2017-07-24 22:00:00,0.0,4.05,0.0,0.0,0.0,2.0,5.555555555555555,0.0,0.0,3.5055555555555555,0.0
2017-07-24 23:00:00,0.0,4.968,0.0,0.0,0.0,2.0,5.555555555555555,0.0,0.0,2.5875555555555554,0.0
2017-07-25 00:00:00,0.0,6.858,0.0,22.0,21.119999999999997,2.0,5.555555555555555,0.0,0.0,22.697555555555557,0.0
2017-07-25 01:00:00,0.0,8.64,0.0,22.0,42.239999999999995,2.0,5.555555555555555,0.0,0.0,20.915555555555557,0.0
2017-07-25 02:00:00,0.0,8.748,0.0,22.0,63.35999999999999,2.0,5.555555555555555,12.064977841803803,0.0,32.87253339735936,11.823678284967727
2017-07-25 03:00:00,0.072,8.748,0.0,22.0,84.47999999999999,2.0,5.555555555555555,24.0,0.0,44.73555555555556,35.201794145548114
2017-07-25 04:00:00,0.648,8.586,0.0,3.6666666666666776,88.0,2.0,5.555555555555555,0.0,0.0,1.9882222222222317,34.779372615801535
2017-07-25 05:00:00,1.584,9.072,0.0,0.0,88.0,2.0,0.0,0.0,5.555555555555555,-8.655999999999999,28.806464588856358
2017-07-25 06:00:00,3.744,9.234,0.0,0.0,88.0,2.0,0.0,0.0,5.555555555555555,-10.978,22.905231458234528
2017-07-25 07:00:00,7.416,10.584,0.0,0.0,88.0,2.0,0.0,0.0,5.555555555555555,-16.0,17.074813125180157
2017-07-25 08:00:00,10.548,11.988,0.0,0.0,88.0,2.0,0.0,0.0,5.555555555555555,-20.536,11.314359812122438
2017-07-25 09:00:00,13.032,12.096,0.0,0.0,88.0,2.0,0.0,0.0,5.555555555555555,-23.128,5.623031938821413
2017-07-25 10:00:00,14.796,12.474,0.0,0.0,88.0,2.0,0.0,0.0,5.555555555555555,-25.27,0.0
2017-07-25 11:00:00,14.58,12.204,0.0,0.0,88.0,2.0,5.555555555555555,0.0,0.0,-19.228444444444445,0.0
2017-07-25 12:00:00,12.744,9.396,0.0,0.0,88.0,2.0,5.555555555555555,0.0,0.0,-14.584444444444445,0.0
2017-07-25 13:00:00,10.188,8.154,0.0,0.0,88.0,2.0,5.555555555555555,0.0,0.0,-10.786444444444445,0.0
2017-07-25 14:00:00,6.876,7.182,0.0,0.0,88.0,2.0,5.555555555555555,24.0,0.0,17.497555555555554,23.52
2017-07-25 15:00:00,4.824,5.832,0.0,0.0,88.0,2.0,5.555555555555555,0.0,0.0,-3.1004444444444443,23.237759999999998
2017-07-25 16:00:00,3.024,4.914,22.0,0.0,65.08333333326,2.0,0.0,0.0,5.555555555555555,-27.938000000000002,17.403351324444444
2017-07-25 17:00:00,1.62,4.698,22.0,0.0,42.16666666652,2.0,0.0,0.0,5.555555555555555,-26.318,11.638955552995556
2017-07-25 18:00:00,0.72,5.076,22.0,0.0,19.249999999779998,2.0,0.0,0.0,5.555555555555555,-25.796,5.943732530804054
2017-07-25 19:00:00,0.036,4.698,18.47999999972966,0.0,0.0,2.0,0.0,0.0,5.555555555555555,-21.213999999729662,0.3168521848788499
2017-07-25 20:00:00,0.0,4.59,0.0,0.0,0.0,2.0,5.242505596895252,0.0,0.3130499586603037,2.652505596895252,0.0
2017-07-25 21:00:00,0.0,4.05,0.0,0.0,0.0,2.0,5.555555555555555,0.0,0.0,3.5055555555555555,0.0
2017-07-25 22:00:00,0.0,3.51,0.0,3.66666666666667,3.520000000000003,2.0,5.555555555555555,0.0,0.0,7.712222222222225,0.0
2017-07-25 23:00:00,0.0,3.024,0.0,22.0,24.64,2.0,5.555555555555555,8.138716421833657,0.0,34.67027197738921,7.9759420933969825
2017-07-26 00:00:00,0.0,2.214,0.0,22.0,45.76,2.0,5.555555555555555,24.0,0.0,51.34155555555556,31.400230788276218
2017-07-26 01:00:00,0.0,2.592,0.0,22.0,66.88,2.0,5.555555555555555,24.0,0.0,50.96355555555556,54.543428018816904
2017-07-26 02:00:00,0.0,2.862,0.0,22.0,88.0,2.0,5.555555555555555,24.0,0.0,50.693555555555555,77.4089068825911
2017-07-26 03:00:00,0.072,2.43,0.0,0.0,88.0,2.0,5.555555555555555,24.0,0.0,29.05355555555556,100.0
2017-07-26 04:00:00,0.936,1.944,0.0,0.0,88.0,2.0,5.4029847164094615,0.0,0.15257083914609382,4.5229847164094625,98.6474291608539
2017-07-26 05:00:00,2.016,1.728,0.0,0.0,88.0,2.0,0.0,0.0,5.555555555555555,-1.744,91.9081044553681
2017-07-26 06:00:00,5.724,1.458,0.0,0.0,88.0,2.0,0.0,0.0,5.555555555555555,-5.182,85.24965164634813
2017-07-26 07:00:00,10.44,1.458,16.755199999664775,0.0,70.54666666696001,2.0,0.0,0.0,5.555555555555555,-26.65319999966477,78.6711002710364
2017-07-26 08:00:00,14.868,1.782,22.0,0.0,47.63000000022001,2.0,0.0,0.0,5.555555555555555,-36.65,72.1714915122284
2017-07-26 09:00:00,18.972,1.62,22.0,0.0,24.71333333348001,2.0,0.0,0.0,5.555555555555555,-40.592,65.74987805852611
2017-07-26 10:00:00,21.528,1.782,22.0,0.0,1.7966666667400055,2.0,0.0,0.0,5.555555555555555,-43.31,59.40532396626824
2017-07-26 11:00:00,19.8,1.944,0.0,0.0,1.7966666667400055,2.0,0.0,0.0,5.555555555555555,-19.744,53.136904523117465
2017-07-26 12:00:00,16.884,1.836,0.0,0.0,1.7966666667400055,2.0,0.0,0.0,5.555555555555555,-16.72,46.9437061132845
2017-07-26 13:00:00,14.724,1.728,0.0,0.0,1.7966666667400055,2.0,0.0,0.0,5.555555555555555,-14.452,40.824826084369526
2017-07-26 14:00:00,12.96,1.404,0.0,22.0,22.916666666740003,2.0,0.0,0.0,5.555555555555555,9.636,34.779372615801535
2017-07-26 15:00:00,9.684,1.674,0.0,0.0,22.916666666740003,2.0,0.0,0.0,5.555555555555555,-9.357999999999999,28.806464588856358
2017-07-26 16:00:00,5.472,2.106,0.0,0.0,22.916666666740003,2.0,0.0,0.0,5.555555555555555,-5.578,22.905231458234528
2017-07-26 17:00:00,1.548,1.782,22.0,0.0,0.0,2.0,0.0,0.0,5.555555555555555,-23.33,17.074813125180157
2017-07-26 18:00:00,0.864,1.728,0.0,0.0,0.0,2.0,0.0,0.0,5.555555555555555,-0.592,11.314359812122438
2017-07-26 19:00:00,0.036,1.134,0.0,0.0,0.0,2.0,0.0,0.0,5.555555555555555,0.8300000000000001,5.623031938821413
2017-07-26 20:00:00,0.0,0.864,0.0,0.0,0.0,2.0,0.0,0.0,5.555555555555555,1.1360000000000001,0.0
2017-07-26 21:00:00,0.0,0.918,0.0,0.0,0.0,2.0,5.555555555555555,0.0,0.0,6.637555555555555,0.0
2017-07-26 22:00:00,0.0,1.188,0.0,0.0,0.0,2.0,5.555555555555555,0.0,0.0,6.367555555555556,0.0
2017-07-26 23:00:00,0.0,1.512,0.0,22.0,21.119999999999997,2.0,5.555555555555555,8.138716421833657,0.0,36.18227197738921,7.9759420933969825
2017-07-27 00:00:00,0.0,2.16,0.0,22.0,42.239999999999995,2.0,5.555555555555555,24.0,0.0,51.39555555555556,31.400230788276218
2017-07-27 01:00:00,0.0,2.808,0.0,22.0,63.35999999999999,2.0,5.555555555555555,24.0,0.0,50.74755555555556,54.543428018816904
2017-07-27 02:00:00,0.0,4.158,0.0,22.0,84.47999999999999,2.0,5.555555555555555,24.0,0.0,49.397555555555556,77.4089068825911
2017-07-27 03:00:00,0.072,6.642,0.0,3.6666666666666776,88.0,2.0,5.555555555555555,24.0,0.0,28.508222222222237,100.0
2017-07-27 04:00:00,0.612,9.18,0.0,0.0,88.0,2.0,5.4029847164094615,0.0,0.15257083914609382,-2.3890152835905374,98.6474291608539
2017-07-27 05:00:00,1.116,11.34,0.0,0.0,88.0,2.0,0.0,0.0,5.555555555555555,-10.456,91.9081044553681
2017-07-27 06:00:00,2.628,10.854,22.0,0.0,65.08333333326,2.0,0.0,0.0,5.555555555555555,-33.482,85.24965164634813
2017-07-27 07:00:00,4.176,9.234,22.0,0.0,42.16666666652,2.0,0.0,0.0,5.555555555555555,-33.410000000000004,78.6711002710364
2017-07-27 08:00:00,4.5,9.882,22.0,0.0,19.249999999779998,2.0,0.0,0.0,5.555555555555555,-34.382,72.1714915122284
2017-07-27 09:00:00,5.04,9.828,0.0,0.0,19.249999999779998,2.0,0.0,0.0,5.555555555555555,-12.867999999999999,65.74987805852611
2017-07-27 10:00:00,8.46,11.34,15.03039999959989,0.0,3.593333333480011,2.0,0.0,0.0,5.555555555555555,-32.83039999959989,59.40532396626824
2017-07-27 11:00:00,10.08,11.502,0.0,0.0,3.593333333480011,2.0,0.0,0.0,5.555555555555555,-19.582,53.136904523117465
2017-07-27 12:00:00,11.196,12.69,0.0,0.0,3.593333333480011,2.0,0.0,0.0,5.555555555555555,-21.886,46.9437061132845
2017-07-27 13:00:00,10.224,11.988,0.0,22.0,24.71333333348001,2.0,0.0,0.0,5.555555555555555,1.7880000000000003,40.824826084369526
2017-07-27 14:00:00,9.072,11.232,0.0,22.0,45.833333333480006,2.0,0.0,0.0,5.555555555555555,3.6960000000000015,34.779372615801535
2017-07-27 15:00:00,6.48,10.692,0.0,0.0,45.833333333480006,2.0,0.0,0.0,5.555555555555555,-15.172,28.806464588856358
2017-07-27 16:00:00,4.068,9.558,0.0,0.0,45.833333333480006,2.0,0.0,0.0,5.555555555555555,-11.626,22.905231458234528
2017-07-27 17:00:00,1.98,7.29,22.0,0.0,22.916666666740003,2.0,0.0,0.0,5.555555555555555,-29.27,17.074813125180157
2017-07-27 18:00:00,0.9,4.59,22.0,0.0,0.0,2.0,0.0,0.0,5.555555555555555,-25.49,11.314359812122438
2017-07-27 19:00:00,0.036,3.24,0.0,0.0,0.0,2.0,0.0,0.0,5.555555555555555,-1.2760000000000002,5.623031938821413
2017-07-27 20:00:00,0.0,2.97,0.0,0.0,0.0,2.0,0.0,0.0,5.555555555555555,-0.9700000000000002,0.0
2017-07-27 21:00:00,0.0,3.132,0.0,22.0,21.119999999999997,2.0,5.555555555555555,5.737787692674911,0.0,32.161343248230466,5.623031938821413
2017-07-27 22:00:00,0.0,3.294,20.275199999935115,0.0,0.0,2.0,0.0,0.0,5.555555555555555,-21.569199999935115,0.0
2017-07-27 23:00:00,0.0,3.132,0.0,3.66666666666667,3.520000000000003,2.0,5.555555555555555,0.0,0.0,8.090222222222225,0.0
2017-07-28 00:00:00,0.0,2.538,0.0,22.0,24.64,2.0,5.555555555555555,0.0,0.0,27.017555555555557,0.0
2017-07-28 01:00:00,0.0,2.7,0.0,22.0,45.76,2.0,5.555555555555555,12.064977841803803,0.0,38.92053339735936,11.823678284967727
2017-07-28 02:00:00,0.0,3.186,0.0,22.0,66.88,2.0,5.555555555555555,24.0,0.0,50.36955555555556,35.201794145548114
2017-07-28 03:00:00,0.072,3.996,0.0,22.0,88.0,2.0,5.555555555555555,0.0,0.0,25.48755555555556,34.779372615801535
2017-07-28 04:00:00,1.044,5.616,0.0,0.0,88.0,2.0,0.0,0.0,5.555555555555555,-4.66,28.806464588856358
2017-07-28 05:00:00,1.872,8.478,22.0,0.0,65.08333333326,2.0,0.0,0.0,5.555555555555555,-30.35,22.905231458234528
2017-07-28 06:00:00,6.624,9.99,22.0,0.0,42.16666666652,2.0,0.0,0.0,5.555555555555555,-36.614000000000004,17.074813125180157
2017-07-28 07:00:00,11.88,9.72,22.0,0.0,19.249999999779998,2.0,0.0,0.0,5.555555555555555,-41.6,11.314359812122438
2017-07-28 08:00:00,15.984,9.504,18.47999999972966,0.0,0.0,2.0,0.0,0.0,5.555555555555555,-41.96799999972966,5.623031938821413
2017-07-28 09:00:00,18.972,10.044,0.0,0.0,0.0,2.0,0.0,0.0,5.555555555555555,-27.016000000000002,0.0
2017-07-28 10:00:00,20.664,11.178,0.0,0.0,0.0,2.0,5.555555555555555,0.0,0.0,-24.28644444444445,0.0
2017-07-28 11:00:00,21.708,12.798,0.0,22.0,21.119999999999997,2.0,5.555555555555555,23.803664723921212,0.0,18.853220279476773,23.327591429442787
2017-07-28 12:00:00,21.24,16.146,0.0,0.0,21.119999999999997,2.0,0.0,0.0,5.555555555555555,-35.385999999999996,17.49210477673392
2017-07-28 13:00:00,19.368,17.172,0.0,1.8715277778541726,22.916666666740003,2.0,5.555555555555555,0.0,0.0,-27.112916666590273,17.282199519413115
2017-07-28 14:00:00,16.452,15.822,0.0,0.0,22.916666666740003,2.0,5.555555555555555,0.0,0.0,-24.718444444444444,17.074813125180157
2017-07-28 15:00:00,11.7,14.796,22.0,0.0,0.0,2.0,0.0,0.0,5.555555555555555,-46.495999999999995,11.314359812122438
2017-07-28 16:00:00,6.048,12.96,0.0,0.0,0.0,2.0,0.0,0.0,5.555555555555555,-17.008000000000003,5.623031938821413
2017-07-28 17:00:00,1.26,9.612,0.0,0.0,0.0,2.0,0.0,0.0,5.555555555555555,-8.872,0.0
2017-07-28 18:00:00,0.72,8.856,0.0,0.0,0.0,2.0,5.555555555555555,0.0,0.0,-2.0204444444444443,0.0
2017-07-28 19:00:00,0.0,7.938,0.0,0.0,0.0,2.0,5.555555555555555,0.0,0.0,-0.38244444444444436,0.0
2017-07-28 20:00:00,0.0,6.534,0.0,0.0,0.0,2.0,5.555555555555555,0.0,0.0,1.0215555555555556,0.0
2017-07-28 21:00:00,0.0,6.75,0.0,0.0,0.0,2.0,5.555555555555555,0.0,0.0,0.8055555555555554,0.0
2017-07-28 22:00:00,0.0,7.02,0.0,0.0,0.0,2.0,5.555555555555555,0.0,0.0,0.5355555555555558,0.0
2017-07-28 23:00:00,0.0,7.236,0.0,0.0,0.0,2.0,5.555555555555555,0.0,0.0,0.3195555555555556,0.0
2017-07-29 00:00:00,0.0,8.856,0.0,3.66666666666667,3.520000000000003,2.0,5.555555555555555,0.0,0.0,2.366222222222225,0.0
2017-07-29 01:00:00,0.0,10.206,0.0,22.0,24.64,2.0,5.555555555555555,24.0,0.0,43.349555555555554,23.52
2017-07-29 02:00:00,0.0,12.906,0.0,22.0,45.76,2.0,5.555555555555555,24.0,0.0,40.64955555555556,46.75776
2017-07-29 03:00:00,0.036,16.416,0.0,22.0,66.88,2.0,5.555555555555555,24.0,0.0,37.10355555555556,69.71666687999999
2017-07-29 04:00:00,0.504,20.574,0.0,22.0,88.0,2.0,5.555555555555555,24.0,0.0,32.47755555555556,92.40006687743998
2017-07-29 05:00:00,0.828,23.652,0.0,0.0,88.0,2.0,0.0,0.0,5.555555555555555,-22.48,85.73571051935515
2017-07-29 06:00:00,1.008,23.382,0.0,0.0,88.0,2.0,0.0,0.0,5.555555555555555,-22.39,79.15132643756733
2017-07-29 07:00:00,1.188,22.842,0.0,0.0,88.0,2.0,0.0,0.0,5.555555555555555,-22.029999999999998,72.64595496476097
2017-07-29 08:00:00,2.304,22.464,22.0,0.0,65.08333333326,2.0,0.0,0.0,5.555555555555555,-44.768,66.21864794962829
2017-07-29 09:00:00,3.924,22.734,22.0,0.0,42.16666666652,2.0,0.0,0.0,5.555555555555555,-46.658,59.8684686186772
2017-07-29 10:00:00,6.84,25.542,16.82559999980536,0.0,24.64,2.0,0.0,0.0,5.555555555555555,-47.20759999980537,53.594491439697514
2017-07-29 11:00:00,8.856,26.838,0.0,0.0,24.64,2.0,0.0,0.0,5.555555555555555,-33.694,47.395801986865585
2017-07-29 12:00:00,9.864,31.104,0.0,22.0,45.76,2.0,0.0,0.0,5.555555555555555,-16.968,41.27149680746764
2017-07-29 13:00:00,11.7,31.752,0.0,22.0,66.88,2.0,0.0,0.0,5.555555555555555,-19.451999999999998,35.220683290222475
2017-07-29 14:00:00,11.628,30.294,0.0,22.0,88.0,2.0,5.555555555555555,12.393541859739488,0.0,0.027097415295042282,46.9437061132845
2017-07-29 15:00:00,9.324,27.27,0.0,0.0,88.0,2.0,0.0,0.0,5.555555555555555,-34.594,40.824826084369526
2017-07-29 16:00:00,5.22,21.816,22.0,0.0,65.08333333326,2.0,0.0,0.0,5.555555555555555,-47.036,34.779372615801535
2017-07-29 17:00:00,1.44,14.472,22.0,0.0,42.16666666652,2.0,0.0,0.0,5.555555555555555,-35.912,28.806464588856358
2017-07-29 18:00:00,0.828,9.18,0.0,0.0,42.16666666652,2.0,0.0,0.0,5.555555555555555,-8.008,22.905231458234528
2017-07-29 19:00:00,0.0,6.372,18.47999999972966,0.0,22.916666666740003,2.0,0.0,0.0,5.555555555555555,-22.85199999972966,17.074813125180157
2017-07-29 20:00:00,0.0,5.292,22.0,0.0,0.0,2.0,0.0,0.0,5.555555555555555,-25.292,11.314359812122438
2017-07-29 21:00:00,0.0,3.726,0.0,0.0,0.0,2.0,0.0,0.0,5.555555555555555,-1.726,5.623031938821413
2017-07-29 22:00:00,0.0,3.186,0.0,0.0,0.0,2.0,0.0,0.0,5.555555555555555,-1.186,0.0
2017-07-29 23:00:00,0.0,3.078,0.0,22.0,21.119999999999997,2.0,5.555555555555555,23.749298673460814,0.0,50.22685422901637,23.274312699991597
2017-07-30 00:00:00,0.0,2.97,0.0,3.66666666666667,24.64,2.0,0.0,0.0,5.555555555555555,2.6966666666666694,17.43946539203614
2017-07-30 01:00:00,0.0,3.132,0.0,0.0,24.64,2.0,0.0,0.0,5.555555555555555,-1.1320000000000001,11.674636251776151
2017-07-30 02:00:00,0.0,3.456,0.0,22.0,45.76,2.0,5.555555555555555,0.0,0.0,26.099555555555558,11.534540616754837
2017-07-30 03:00:00,0.036,3.888,0.0,22.0,66.88,2.0,5.555555555555555,0.0,0.0,25.631555555555558,11.39612612935378
2017-07-30 04:00:00,0.792,5.076,0.0,22.0,88.0,2.0,5.555555555555555,24.0,0.0,47.687555555555555,34.779372615801535
2017-07-30 05:00:00,1.44,6.588,0.0,0.0,88.0,2.0,0.0,0.0,5.555555555555555,-6.0280000000000005,28.806464588856358
2017-07-30 06:00:00,1.656,6.102,0.0,0.0,88.0,2.0,0.0,0.0,5.555555555555555,-5.758,22.905231458234528
2017-07-30 07:00:00,1.944,8.1,0.0,0.0,88.0,2.0,0.0,0.0,5.555555555555555,-8.044,17.074813125180157
2017-07-30 08:00:00,3.024,9.828,22.0,0.0,65.08333333326,2.0,0.0,0.0,5.555555555555555,-32.852,11.314359812122438
2017-07-30 09:00:00,5.436,11.07,22.0,0.0,42.16666666652,2.0,0.0,0.0,5.555555555555555,-36.506,5.623031938821413
2017-07-30 10:00:00,7.956,13.878,22.0,0.0,19.249999999779998,2.0,0.0,0.0,5.555555555555555,-41.834,0.0
2017-07-30 11:00:00,9.612,17.712,18.47999999972966,0.0,0.0,2.0,5.555555555555555,0.0,0.0,-38.248444444174105,0.0
2017-07-30 12:00:00,11.628,0.0,0.0,22.0,21.119999999999997,2.0,5.555555555555555,24.0,0.0,41.92755555555556,23.52
2017-07-30 13:00:00,11.448,0.0,0.0,22.0,42.239999999999995,2.0,5.555555555555555,24.0,0.0,42.10755555555556,46.75776
2017-07-30 14:00:00,11.88,25.542,0.0,22.0,63.35999999999999,2.0,5.555555555555555,24.0,0.0,16.133555555555553,69.71666687999999
2017-07-30 15:00:00,7.848,23.76,0.0,22.0,84.47999999999999,2.0,5.555555555555555,24.0,0.0,21.947555555555557,92.40006687743998
2017-07-30 16:00:00,4.428,22.626,0.0,3.6666666666666776,88.0,2.0,0.0,0.0,5.555555555555555,-21.387333333333324,85.73571051935515
2017-07-30 17:00:00,1.368,21.168,22.0,0.0,65.08333333326,2.0,0.0,0.0,5.555555555555555,-42.536,79.15132643756733
2017-07-30 18:00:00,0.54,15.552,22.0,0.0,42.16666666652,2.0,0.0,0.0,5.555555555555555,-36.092,72.64595496476097
2017-07-30 19:00:00,0.0,15.444,22.0,0.0,19.249999999779998,2.0,0.0,0.0,5.555555555555555,-35.444,66.21864794962829
2017-07-30 20:00:00,0.0,13.986,0.0,0.0,19.249999999779998,2.0,0.0,0.0,5.555555555555555,-11.986,59.8684686186772
2017-07-30 21:00:00,0.0,10.368,0.0,0.0,19.249999999779998,2.0,0.0,0.0,5.555555555555555,-8.368,53.594491439697514
2017-07-30 22:00:00,0.0,7.992,0.0,0.0,19.249999999779998,2.0,0.0,0.0,5.555555555555555,-5.992,47.395801986865585
2017-07-30 23:00:00,0.0,6.426,0.0,5.614583333562503,24.64,2.0,0.0,0.0,5.555555555555555,1.1885833335625025,41.27149680746764
2017-07-31 00:00:00,0.0,6.156,0.0,22.0,45.76,2.0,0.0,0.0,5.555555555555555,17.844,35.220683290222475
2017-07-31 01:00:00,0.0,5.184,0.0,22.0,66.88,2.0,5.555555555555555,6.6557541670645755,0.0,31.027309722620128,41.320674174463086
2017-07-31 02:00:00,0.0,4.59,0.0,22.0,88.0,2.0,5.555555555555555,0.0,0.0,24.965555555555557,40.824826084369526
2017-07-31 03:00:00,0.036,5.184,0.0,0.0,88.0,2.0,0.0,0.0,5.555555555555555,-3.22,34.779372615801535
2017-07-31 04:00:00,0.972,7.02,0.0,0.0,88.0,2.0,0.0,0.0,5.555555555555555,-5.991999999999999,28.806464588856358
2017-07-31 05:00:00,1.836,10.044,0.0,0.0,88.0,2.0,0.0,0.0,5.555555555555555,-9.88,22.905231458234528
2017-07-31 06:00:00,6.372,11.394,0.0,0.0,88.0,2.0,0.0,0.0,5.555555555555555,-15.766,17.074813125180157
2017-07-31 07:00:00,11.7,12.906,0.0,0.0,88.0,2.0,0.0,0.0,5.555555555555555,-22.606,11.314359812122438
2017-07-31 08:00:00,16.704,15.984,0.0,0.0,88.0,2.0,0.0,0.0,5.555555555555555,-30.688000000000002,5.623031938821413
2017-07-31 09:00:00,20.124,17.442,0.0,0.0,88.0,2.0,0.0,0.0,5.555555555555555,-35.566,0.0
2017-07-31 10:00:00,22.212,19.278,0.0,0.0,88.0,2.0,5.555555555555555,0.0,0.0,-33.934444444444445,0.0
2017-07-31 11:00:00,22.68,20.466,0.0,0.0,88.0,2.0,5.555555555555555,0.0,0.0,-35.590444444444444,0.0
2017-07-31 12:00:00,22.284,19.71,0.0,0.0,88.0,2.0,5.555555555555555,0.0,0.0,-34.43844444444444,0.0
2017-07-31 13:00:00,20.304,20.196,0.0,0.0,88.0,2.0,5.555555555555555,0.0,0.0,-32.94444444444444,0.0
2017-07-31 14:00:00,15.66,19.764,0.0,0.0,88.0,2.0,5.555555555555555,0.0,0.0,-27.868444444444442,0.0
2017-07-31 15:00:00,10.764,17.496,0.0,0.0,88.0,2.0,5.555555555555555,0.0,0.0,-20.70444444444444,0.0
2017-07-31 16:00:00,5.904,14.04,0.0,0.0,88.0,2.0,5.555555555555555,0.0,0.0,-12.388444444444444,0.0
2017-07-31 17:00:00,1.224,9.45,0.0,0.0,88.0,2.0,5.555555555555555,0.0,0.0,-3.118444444444444,0.0
2017-07-31 18:00:00,0.72,5.94,0.0,0.0,88.0,2.0,5.555555555555555,0.0,0.0,0.895555555555555,0.0
2017-07-31 19:00:00,0.0,4.806,0.0,0.0,88.0,2.0,5.555555555555555,5.737787692674911,0.0,8.487343248230466,5.623031938821413
2017-07-31 20:00:00,0.0,4.428,22.0,0.0,65.08333333326,2.0,0.0,0.0,5.555555555555555,-24.428,0.0
2017-07-31 21:00:00,0.0,3.834,0.0,0.0,65.08333333326,2.0,5.555555555555555,0.0,0.0,3.7215555555555553,0.0
2017-07-31 22:00:00,0.0,3.24,0.0,0.0,65.08333333326,2.0,5.555555555555555,0.0,0.0,4.315555555555555,0.0
2017-07-31 23:00:00,0.0,2.862,0.0,0.0,65.08333333326,2.0,5.555555555555555,8.138716421833657,0.0,12.832271977389212,7.9759420933969825
2017-08-01 00:00:00,0.0,2.538,0.0,1.8715277778541615,66.88,2.0,5.555555555555555,24.0,0.0,30.88908333340972,31.400230788276218
2017-08-01 01:00:00,0.0,2.376,0.0,0.0,66.88,2.0,5.555555555555555,24.0,0.0,29.179555555555556,54.543428018816904
2017-08-01 02:00:00,0.0,2.538,0.0,22.0,88.0,2.0,5.555555555555555,24.0,0.0,51.01755555555556,77.4089068825911
2017-08-01 03:00:00,0.0,2.43,0.0,0.0,88.0,2.0,5.555555555555555,24.0,0.0,29.125555555555557,100.0
2017-08-01 04:00:00,0.936,2.376,0.0,0.0,88.0,2.0,0.0,0.0,5.555555555555555,-1.3119999999999998,93.24444444444444
2017-08-01 05:00:00,1.836,2.808,0.0,0.0,88.0,2.0,0.0,0.0,5.555555555555555,-2.644,86.56995555555555
2017-08-01 06:00:00,5.76,2.214,18.47999999972965,0.0,68.75000000022001,2.0,0.0,0.0,5.555555555555555,-24.453999999729653,79.97556053333332
2017-08-01 07:00:00,10.62,1.944,0.0,0.0,68.75000000022001,2.0,0.0,0.0,5.555555555555555,-10.564,73.46029825137776
2017-08-01 08:00:00,15.84,1.782,0.0,0.0,68.75000000022001,2.0,0.0,0.0,5.555555555555555,-15.622,67.02321911680568
2017-08-01 09:00:00,19.836,2.16,0.0,0.0,68.75000000022001,2.0,0.0,0.0,5.555555555555555,-19.996,60.663384931848455
2017-08-01 10:00:00,22.392,2.754,0.0,0.0,68.75000000022001,2.0,0.0,0.0,5.555555555555555,-23.146,54.379868757110714
2017-08-01 11:00:00,20.16,3.456,0.0,0.0,68.75000000022001,2.0,0.0,0.0,5.555555555555555,-21.616,48.171754776469825
2017-08-01 12:00:00,14.58,2.106,0.0,0.0,68.75000000022001,2.0,0.0,0.0,5.555555555555555,-14.686,42.03813816359663
2017-08-01 13:00:00,12.672,2.862,0.0,0.0,68.75000000022001,2.0,0.0,0.0,5.555555555555555,-13.534,35.97812495007791
2017-08-01 14:00:00,7.632,2.052,0.0,0.0,68.75000000022001,2.0,0.0,0.0,5.555555555555555,-7.683999999999999,29.990831895121417
2017-08-01 15:00:00,5.688,2.484,0.0,0.0,68.75000000022001,2.0,0.0,0.0,5.555555555555555,-6.172,24.075386356824403
2017-08-01 16:00:00,3.24,2.322,22.0,0.0,45.833333333480006,2.0,0.0,0.0,5.555555555555555,-25.561999999999998,18.230926164986954
2017-08-01 17:00:00,1.584,2.322,22.0,0.0,22.916666666740003,2.0,0.0,0.0,5.555555555555555,-23.906,12.456599495451554
2017-08-01 18:00:00,0.648,2.97,22.0,0.0,0.0,2.0,0.0,0.0,5.555555555555555,-23.618,6.75156474595058
2017-08-01 19:00:00,0.0,2.592,0.0,0.0,0.0,2.0,0.0,0.0,5.555555555555555,-0.5920000000000001,1.1149904134436168
2017-08-01 20:00:00,0.0,2.808,0.0,0.0,0.0,2.0,4.453945027073262,0.0,1.1016105284822935,3.645945027073263,0.0
2017-08-01 21:00:00,0.0,3.348,0.0,0.0,0.0,2.0,5.555555555555555,0.0,0.0,4.2075555555555555,0.0
2017-08-01 22:00:00,0.0,3.672,0.0,0.0,0.0,2.0,5.555555555555555,0.0,0.0,3.883555555555555,0.0
2017-08-01 23:00:00,0.0,3.834,0.0,22.0,21.119999999999997,2.0,5.555555555555555,0.0,0.0,25.721555555555558,0.0
2017-08-02 00:00:00,0.0,6.642,0.0,22.0,42.239999999999995,2.0,5.555555555555555,0.19437801382066539,0.0,23.10793356937622,0.19049045354425206
2017-08-02 01:00:00,0.0,6.318,0.0,22.0,63.35999999999999,2.0,5.555555555555555,24.0,0.0,47.23755555555556,23.70820456810172
2017-08-02 02:00:00,0.0,5.724,0.0,22.0,84.47999999999999,2.0,5.555555555555555,24.0,0.0,47.83155555555555,46.9437061132845
2017-08-02 03:00:00,0.0,5.67,0.0,3.6666666666666776,88.0,2.0,0.0,0.0,5.555555555555555,-0.003333333333322308,40.824826084369526
2017-08-02 04:00:00,0.936,6.588,0.0,0.0,88.0,2.0,0.0,0.0,5.555555555555555,-5.524,34.779372615801535
2017-08-02 05:00:00,1.872,9.126,0.0,0.0,88.0,2.0,0.0,0.0,5.555555555555555,-8.998,28.806464588856358
2017-08-02 06:00:00,6.336,12.15,22.0,0.0,65.08333333326,2.0,0.0,0.0,5.555555555555555,-38.486,22.905231458234528
2017-08-02 07:00:00,11.376,13.878,22.0,0.0,42.16666666652,2.0,0.0,0.0,5.555555555555555,-45.254,17.074813125180157
2017-08-02 08:00:00,16.38,14.256,22.0,0.0,19.249999999779998,2.0,0.0,0.0,5.555555555555555,-50.635999999999996,11.314359812122438
2017-08-02 09:00:00,20.124,15.174,15.100799999740472,0.0,3.520000000000003,2.0,0.0,0.0,5.555555555555555,-48.398799999740476,5.623031938821413
2017-08-02 10:00:00,22.428,16.47,0.0,0.0,3.520000000000003,2.0,0.0,0.0,5.555555555555555,-36.897999999999996,0.0
2017-08-02 11:00:00,21.816,17.226,0.0,22.0,24.64,2.0,5.555555555555555,0.0,0.0,-9.486444444444441,0.0
2017-08-02 12:00:00,19.404,13.284,0.0,22.0,45.76,2.0,5.555555555555555,0.0,0.0,-3.1324444444444417,0.0
2017-08-02 13:00:00,15.048,13.5,0.0,22.0,66.88,2.0,5.555555555555555,17.872455263539543,0.0,18.880010819095098,17.51500615826875
2017-08-02 14:00:00,9.936,9.99,0.0,22.0,88.0,2.0,5.555555555555555,24.0,0.0,33.629555555555555,40.824826084369526
2017-08-02 15:00:00,8.028,7.344,0.0,0.0,88.0,2.0,0.0,0.0,5.555555555555555,-13.372,34.779372615801535
2017-08-02 16:00:00,5.544,5.508,22.0,0.0,65.08333333326,2.0,0.0,0.0,5.555555555555555,-31.052,28.806464588856358
2017-08-02 17:00:00,1.512,2.97,22.0,0.0,42.16666666652,2.0,0.0,0.0,5.555555555555555,-24.482,22.905231458234528
2017-08-02 18:00:00,0.72,2.754,22.0,0.0,19.249999999779998,2.0,0.0,0.0,5.555555555555555,-23.474,17.074813125180157
2017-08-02 19:00:00,0.0,2.646,18.47999999972966,0.0,0.0,2.0,0.0,0.0,5.555555555555555,-19.12599999972966,11.314359812122438
2017-08-02 20:00:00,0.0,2.16,0.0,0.0,0.0,2.0,0.0,0.0,5.555555555555555,-0.16000000000000014,5.623031938821413
2017-08-02 21:00:00,0.0,2.16,0.0,0.0,0.0,2.0,0.0,0.0,5.555555555555555,-0.16000000000000014,0.0
2017-08-02 22:00:00,0.0,2.646,0.0,0.0,0.0,2.0,5.555555555555555,0.0,0.0,4.9095555555555555,0.0
2017-08-02 23:00:00,0.0,3.672,0.0,3.66666666666667,3.520000000000003,2.0,5.555555555555555,0.0,0.0,7.550222222222224,0.0
2017-08-03 00:00:00,0.0,4.914,0.0,22.0,24.64,2.0,5.555555555555555,0.0,0.0,24.641555555555556,0.0
2017-08-03 01:00:00,0.0,5.508,0.0,22.0,45.76,2.0,5.555555555555555,24.0,0.0,48.047555555555554,23.52
2017-08-03 02:00:00,0.0,7.776,0.0,22.0,66.88,2.0,5.555555555555555,24.0,0.0,45.77955555555556,46.75776
2017-08-03 03:00:00,0.0,9.072,0.0,22.0,88.0,2.0,0.18371475992508657,0.0,5.371840795630469,15.11171475992509,40.824826084369526
2017-08-03 04:00:00,0.54,10.422,0.0,0.0,88.0,2.0,0.0,0.0,5.555555555555555,-8.962,34.779372615801535
2017-08-03 05:00:00,1.188,11.664,0.0,0.0,88.0,2.0,0.0,0.0,5.555555555555555,-10.852,28.806464588856358
2017-08-03 06:00:00,1.584,15.876,18.47999999972965,0.0,68.75000000022001,2.0,0.0,0.0,5.555555555555555,-33.93999999972966,22.905231458234528
2017-08-03 07:00:00,1.116,20.52,22.0,0.0,45.833333333480006,2.0,0.0,0.0,5.555555555555555,-41.635999999999996,17.074813125180157
2017-08-03 08:00:00,1.116,21.33,22.0,0.0,22.916666666740003,2.0,0.0,0.0,5.555555555555555,-42.446,11.314359812122438
2017-08-03 09:00:00,1.08,18.09,22.0,0.0,0.0,2.0,0.0,0.0,5.555555555555555,-39.17,5.623031938821413
2017-08-03 10:00:00,1.404,16.74,0.0,0.0,0.0,2.0,0.0,0.0,5.555555555555555,-16.144,0.0
2017-08-03 11:00:00,2.16,15.984,0.0,0.0,0.0,2.0,5.555555555555555,0.0,0.0,-10.588444444444445,0.0
2017-08-03 12:00:00,3.708,16.038,0.0,22.0,21.119999999999997,2.0,5.555555555555555,24.0,0.0,33.80955555555556,23.52
2017-08-03 13:00:00,7.992,19.818,0.0,0.0,21.119999999999997,2.0,0.0,0.0,5.555555555555555,-25.810000000000002,17.682204444444444
2017-08-03 14:00:00,10.908,24.408,0.0,0.0,21.119999999999997,2.0,0.0,0.0,5.555555555555555,-33.316,11.914462435555555
2017-08-03 15:00:00,6.948,21.816,0.0,1.8715277778541726,22.916666666740003,2.0,5.555555555555555,11.36096180806698,0.0,-7.975954858523291,22.905231458234528
2017-08-03 16:00:00,5.544,22.41,0.0,0.0,22.916666666740003,2.0,0.0,0.0,5.555555555555555,-25.954,17.074813125180157
2017-08-03 17:00:00,1.296,19.656,22.0,0.0,0.0,2.0,0.0,0.0,5.555555555555555,-40.952,11.314359812122438
2017-08-03 18:00:00,0.72,19.278,0.0,0.0,0.0,2.0,0.0,0.0,5.555555555555555,-17.997999999999998,5.623031938821413
2017-08-03 19:00:00,0.0,18.63,0.0,0.0,0.0,2.0,0.0,0.0,5.555555555555555,-16.63,0.0
2017-08-03 20:00:00,0.0,18.09,0.0,0.0,0.0,2.0,5.555555555555555,0.0,0.0,-10.534444444444444,0.0
2017-08-03 21:00:00,0.0,19.926,0.0,0.0,0.0,2.0,5.555555555555555,0.0,0.0,-12.370444444444443,0.0
2017-08-03 22:00:00,0.0,20.466,0.0,0.0,0.0,2.0,5.555555555555555,0.0,0.0,-12.910444444444446,0.0
2017-08-03 23:00:00,0.0,20.412,0.0,3.66666666666667,3.520000000000003,2.0,5.555555555555555,0.0,0.0,-9.189777777777774,0.0
2017-08-04 00:00:00,0.0,21.168,0.0,22.0,24.64,2.0,5.555555555555555,0.0,0.0,8.387555555555558,0.0
2017-08-04 01:00:00,0.0,21.924,0.0,22.0,45.76,2.0,5.555555555555555,24.0,0.0,31.631555555555558,23.52
2017-08-04 02:00:00,0.0,21.438,0.0,22.0,66.88,2.0,5.555555555555555,24.0,0.0,32.117555555555555,46.75776
2017-08-04 03:00:00,0.0,21.654,0.0,22.0,88.0,2.0,5.555555555555555,0.762284931922963,0.0,8.66384048747852,46.9437061132845
2017-08-04 04:00:00,0.72,22.626,22.0,0.0,65.08333333326,2.0,0.0,0.0,5.555555555555555,-43.346000000000004,40.824826084369526
2017-08-04 05:00:00,1.584,24.192,0.0,0.0,65.08333333326,2.0,0.0,0.0,5.555555555555555,-23.776,34.779372615801535
2017-08-04 06:00:00,4.14,24.3,18.479999999729657,0.0,45.833333333480006,2.0,0.0,0.0,5.555555555555555,-44.919999999729654,28.806464588856358
2017-08-04 07:00:00,6.876,26.352,22.0,0.0,22.916666666740003,2.0,0.0,0.0,5.555555555555555,-53.228,22.905231458234528
2017-08-04 08:00:00,9.072,29.43,22.0,0.0,0.0,2.0,0.0,0.0,5.555555555555555,-58.501999999999995,17.074813125180157
2017-08-04 09:00:00,13.212,32.616,0.0,3.66666666666667,3.520000000000003,2.0,0.0,0.0,5.555555555555555,-40.16133333333333,11.314359812122438
2017-08-04 10:00:00,18.432,35.262,0.0,0.0,3.520000000000003,2.0,0.0,0.0,5.555555555555555,-51.694,5.623031938821413
2017-08-04 11:00:00,19.872,36.99,0.0,0.0,3.520000000000003,2.0,0.0,0.0,5.555555555555555,-54.862,0.0
2017-08-04 12:00:00,19.08,41.094,0.0,22.0,24.64,2.0,5.555555555555555,24.0,0.0,-6.618444444444442,23.52
2017-08-04 13:00:00,14.94,40.014,0.0,22.0,45.76,2.0,5.555555555555555,24.0,0.0,-1.3984444444444453,46.75776
2017-08-04 14:00:00,10.692,37.152,0.0,22.0,66.88,2.0,5.555555555555555,24.0,0.0,5.711555555555556,69.71666687999999
2017-08-04 15:00:00,5.076,34.02,0.0,22.0,88.0,2.0,0.0,0.0,5.555555555555555,-15.096000000000004,63.32451132188443
2017-08-04 16:00:00,2.556,33.588,22.0,0.0,65.08333333326,2.0,0.0,0.0,5.555555555555555,-56.144,57.009061630466256
2017-08-04 17:00:00,0.972,34.884,22.0,0.0,42.16666666652,2.0,0.0,0.0,5.555555555555555,-55.856,50.769397335345104
2017-08-04 18:00:00,0.324,35.964,22.0,0.0,19.249999999779998,2.0,0.0,0.0,5.555555555555555,-56.288,44.604609011765405
2017-08-04 19:00:00,0.0,36.72,18.47999999972966,0.0,0.0,2.0,0.0,0.0,5.555555555555555,-53.199999999729656,38.51379814806866
2017-08-04 20:00:00,0.0,37.314,0.0,0.0,0.0,2.0,0.0,0.0,5.555555555555555,-35.314,32.49607701473628
2017-08-04 21:00:00,0.0,37.098,0.0,0.0,0.0,2.0,0.0,0.0,5.555555555555555,-35.098,26.550568535003883
2017-08-04 22:00:00,0.0,36.45,0.0,0.0,0.0,2.0,0.0,0.0,5.555555555555555,-34.45,20.676406157028282
2017-08-04 23:00:00,0.0,35.64,0.0,0.0,0.0,2.0,0.0,0.0,5.555555555555555,-33.64,14.872733727588388
2017-08-05 00:00:00,0.0,32.508,0.0,22.0,21.119999999999997,2.0,0.0,0.0,5.555555555555555,-8.508000000000003,9.138705367301771
2017-08-05 01:00:00,0.0,30.456,0.0,22.0,42.239999999999995,2.0,0.0,0.0,5.555555555555555,-6.4559999999999995,3.4734853473385936
2017-08-05 02:00:00,0.0,28.566,0.0,22.0,63.35999999999999,2.0,5.555555555555555,24.0,0.0,24.989555555555558,26.95180352317053
2017-08-05 03:00:00,0.0,27.54,0.0,22.0,84.47999999999999,2.0,5.555555555555555,24.0,0.0,26.015555555555558,50.14838188089249
2017-08-05 04:00:00,0.54,27.108,0.0,3.6666666666666776,88.0,2.0,0.0,0.0,5.555555555555555,-21.98133333333332,43.99104574276622
2017-08-05 05:00:00,1.44,27.648,0.0,0.0,88.0,2.0,0.0,0.0,5.555555555555555,-27.088,37.90759763829747
2017-08-05 06:00:00,3.852,26.028,0.0,0.0,88.0,2.0,0.0,0.0,5.555555555555555,-27.88,31.897150911082342
2017-08-05 07:00:00,6.588,24.678,0.0,0.0,88.0,2.0,0.0,0.0,5.555555555555555,-29.266000000000002,25.958829544593797
2017-08-05 08:00:00,11.556,24.192,22.0,0.0,65.08333333326,2.0,0.0,0.0,5.555555555555555,-55.748,20.09176803450312
2017-08-05 09:00:00,16.38,23.598,18.55039999987024,0.0,45.76,2.0,0.0,0.0,5.555555555555555,-56.52839999987023,14.295111262533526
2017-08-05 10:00:00,19.296,23.598,0.0,0.0,45.76,2.0,0.0,0.0,5.555555555555555,-40.894,8.568014371827568
2017-08-05 11:00:00,20.124,24.192,0.0,22.0,66.88,2.0,5.555555555555555,15.554088131363352,0.0,0.7936436869189087,23.70820456810172
2017-08-05 12:00:00,17.568,21.924,0.0,22.0,88.0,2.0,5.555555555555555,24.0,0.0,14.063555555555556,46.9437061132845
2017-08-05 13:00:00,19.62,23.76,0.0,0.0,88.0,2.0,0.0,0.0,5.555555555555555,-41.38,40.824826084369526
2017-08-05 14:00:00,14.904,22.464,0.0,0.0,88.0,2.0,0.0,0.0,5.555555555555555,-35.367999999999995,34.779372615801535
2017-08-05 15:00:00,10.548,20.898,0.0,0.0,88.0,2.0,0.0,0.0,5.555555555555555,-29.445999999999998,28.806464588856358
2017-08-05 16:00:00,5.544,18.684,0.0,0.0,88.0,2.0,0.0,0.0,5.555555555555555,-22.228,22.905231458234528
2017-08-05 17:00:00,1.296,14.904,22.0,0.0,65.08333333326,2.0,0.0,0.0,5.555555555555555,-36.199999999999996,17.074813125180157
2017-08-05 18:00:00,0.648,11.502,22.0,0.0,42.16666666652,2.0,0.0,0.0,5.555555555555555,-32.150000000000006,11.314359812122438
2017-08-05 19:00:00,0.0,11.178,22.0,0.0,19.249999999779998,2.0,0.0,0.0,5.555555555555555,-31.178,5.623031938821413
2017-08-05 20:00:00,0.0,10.854,18.47999999972966,0.0,0.0,2.0,0.0,0.0,5.555555555555555,-27.33399999972966,0.0
2017-08-05 21:00:00,0.0,10.854,0.0,0.0,0.0,2.0,5.555555555555555,0.0,0.0,-3.298444444444444,0.0
2017-08-05 22:00:00,0.0,11.07,0.0,0.0,0.0,2.0,5.555555555555555,0.0,0.0,-3.514444444444445,0.0
2017-08-05 23:00:00,0.0,11.934,0.0,0.0,0.0,2.0,5.555555555555555,0.0,0.0,-4.378444444444444,0.0
2017-08-06 00:00:00,0.0,14.148,0.0,0.0,0.0,2.0,5.555555555555555,0.0,0.0,-6.592444444444444,0.0
2017-08-06 01:00:00,0.0,15.066,0.0,0.0,0.0,2.0,5.555555555555555,0.0,0.0,-7.510444444444445,0.0
2017-08-06 02:00:00,0.0,16.632,0.0,22.0,21.119999999999997,2.0,5.555555555555555,0.0,0.0,12.923555555555556,0.0
2017-08-06 03:00:00,0.0,18.198,0.0,22.0,42.239999999999995,2.0,5.555555555555555,24.0,0.0,35.35755555555556,23.52
2017-08-06 04:00:00,0.828,20.628,0.0,22.0,63.35999999999999,2.0,5.555555555555555,24.0,0.0,32.099555555555554,46.75776
2017-08-06 05:00:00,1.836,24.894,0.0,5.614583333562521,68.75000000022001,2.0,0.0,0.0,5.555555555555555,-19.115416666437476,40.64111132444444
2017-08-06 06:00:00,6.444,24.732,22.0,0.0,45.833333333480006,2.0,0.0,0.0,5.555555555555555,-51.176,34.59786243299555
2017-08-06 07:00:00,11.808,27.108,22.0,0.0,22.916666666740003,2.0,0.0,0.0,5.555555555555555,-58.916000000000004,28.627132528244047
2017-08-06 08:00:00,16.74,30.186,22.0,0.0,0.0,2.0,0.0,0.0,5.555555555555555,-66.926,22.728051382349562
2017-08-06 09:00:00,20.304,31.86,0.0,22.0,21.119999999999997,2.0,5.555555555555555,24.0,0.0,1.3915555555555592,45.97531476576137
2017-08-06 10:00:00,22.608,31.914,0.0,22.0,42.239999999999995,2.0,5.555555555555555,22.945278695665163,0.0,-2.0211657487792785,67.9099841103241
2017-08-06 11:00:00,23.58,30.888,0.0,22.0,63.35999999999999,2.0,5.555555555555555,24.0,0.0,-0.9124444444444428,90.6150643010002
2017-08-06 12:00:00,23.148,31.374,16.895999999945925,0.0,45.76,2.0,0.0,0.0,5.555555555555555,-69.41799999994592,83.97212797383264
2017-08-06 13:00:00,19.872,30.078,0.0,22.0,66.88,2.0,0.0,0.0,5.555555555555555,-25.95,77.4089068825911
2017-08-06 14:00:00,15.876,28.134,0.0,22.0,88.0,2.0,5.555555555555555,24.0,0.0,9.545555555555557,100.0
2017-08-06 15:00:00,10.836,24.57,0.0,0.0,88.0,2.0,5.555555555555555,1.2244897959183703,0.0,-26.625954648526076,100.0
2017-08-06 16:00:00,5.148,19.44,0.0,0.0,88.0,2.0,0.0,0.0,5.555555555555555,-22.588,93.24444444444444
2017-08-06 17:00:00,1.116,14.148,0.0,0.0,88.0,2.0,0.0,0.0,5.555555555555555,-13.264,86.56995555555555
2017-08-06 18:00:00,0.612,11.232,22.0,0.0,65.08333333326,2.0,0.0,0.0,5.555555555555555,-31.843999999999998,79.97556053333332
2017-08-06 19:00:00,0.0,9.396,22.0,0.0,42.16666666652,2.0,0.0,0.0,5.555555555555555,-29.396,73.46029825137776
2017-08-06 20:00:00,0.0,9.288,22.0,0.0,19.249999999779998,2.0,0.0,0.0,5.555555555555555,-29.288,67.02321911680568
2017-08-06 21:00:00,0.0,8.262,18.47999999972966,0.0,0.0,2.0,0.0,0.0,5.555555555555555,-24.74199999972966,60.663384931848455
2017-08-06 22:00:00,0.0,7.452,0.0,0.0,0.0,2.0,0.0,0.0,5.555555555555555,-5.452,54.379868757110714
2017-08-06 23:00:00,0.0,6.858,0.0,22.0,21.119999999999997,2.0,0.0,0.0,5.555555555555555,17.142,48.171754776469825
2017-08-07 00:00:00,0.0,6.372,0.0,22.0,42.239999999999995,2.0,0.0,0.0,5.555555555555555,17.628,42.03813816359663
2017-08-07 01:00:00,0.0,5.4,0.0,22.0,63.35999999999999,2.0,5.555555555555555,0.0,0.0,24.15555555555556,41.53368050563347
2017-08-07 02:00:00,0.0,5.076,0.0,22.0,84.47999999999999,2.0,5.555555555555555,6.2430976076112055,0.0,30.72265316316676,47.15351199502485
2017-08-07 03:00:00,0.0,6.21,0.0,3.6666666666666776,88.0,2.0,0.0,0.0,5.555555555555555,-0.5433333333333223,41.03211429552899
2017-08-07 04:00:00,0.792,9.018,15.100799999740468,0.0,72.27000000022001,2.0,0.0,0.0,5.555555555555555,-22.91079999974047,34.984173368427086
2017-08-07 05:00:00,1.98,13.824,22.0,0.0,49.35333333348001,2.0,0.0,0.0,5.555555555555555,-35.803999999999995,29.00880773245041
2017-08-07 06:00:00,5.328,15.498,22.0,0.0,26.436666666740006,2.0,0.0,0.0,5.555555555555555,-40.826,23.10514648410545
2017-08-07 07:00:00,8.784,17.712,22.0,0.0,3.520000000000003,2.0,0.0,0.0,5.555555555555555,-46.496,17.272329170740626
2017-08-07 08:00:00,12.024,19.062,0.0,0.0,3.520000000000003,2.0,0.0,0.0,5.555555555555555,-29.086,11.509505665136185
2017-08-07 09:00:00,15.768,20.304,0.0,0.0,3.520000000000003,2.0,0.0,0.0,5.555555555555555,-34.072,5.815836041598995
2017-08-07 10:00:00,18.252,21.06,0.0,22.0,24.64,2.0,0.0,0.0,5.555555555555555,-15.311999999999998,0.19049045354425206
2017-08-07 11:00:00,19.296,21.762,0.0,22.0,45.76,2.0,5.555555555555555,24.0,0.0,12.497555555555557,23.70820456810172
2017-08-07 12:00:00,18.756,21.87,0.0,22.0,66.88,2.0,5.555555555555555,24.0,0.0,12.929555555555556,46.9437061132845
2017-08-07 13:00:00,15.444,21.06,0.0,22.0,88.0,2.0,0.0,0.0,5.555555555555555,-12.504,40.824826084369526
2017-08-07 14:00:00,11.052,17.388,0.0,0.0,88.0,2.0,0.0,0.0,5.555555555555555,-26.44,34.779372615801535
2017-08-07 15:00:00,7.416,12.636,0.0,0.0,88.0,2.0,0.0,0.0,5.555555555555555,-18.052,28.806464588856358
2017-08-07 16:00:00,3.816,8.1,22.0,0.0,65.08333333326,2.0,0.0,0.0,5.555555555555555,-31.916,22.905231458234528
2017-08-07 17:00:00,1.152,4.698,22.0,0.0,42.16666666652,2.0,0.0,0.0,5.555555555555555,-25.85,17.074813125180157
2017-08-07 18:00:00,0.432,4.104,22.0,0.0,19.249999999779998,2.0,0.0,0.0,5.555555555555555,-24.535999999999998,11.314359812122438
2017-08-07 19:00:00,0.0,3.24,18.47999999972966,0.0,0.0,2.0,0.0,0.0,5.555555555555555,-19.71999999972966,5.623031938821413
2017-08-07 20:00:00,0.0,2.592,0.0,0.0,0.0,2.0,0.0,0.0,5.555555555555555,-0.5920000000000001,0.0
2017-08-07 21:00:00,0.0,2.052,0.0,0.0,0.0,2.0,5.555555555555555,0.0,0.0,5.503555555555556,0.0
2017-08-07 22:00:00,0.0,1.782,0.0,0.0,0.0,2.0,5.555555555555555,0.0,0.0,5.773555555555555,0.0
2017-08-07 23:00:00,0.0,1.566,0.0,22.0,21.119999999999997,2.0,5.555555555555555,0.0,0.0,27.989555555555558,0.0
2017-08-08 00:00:00,0.0,0.756,0.0,22.0,42.239999999999995,2.0,5.555555555555555,24.0,0.0,52.79955555555556,23.52
2017-08-08 01:00:00,0.0,0.702,0.0,22.0,63.35999999999999,2.0,5.555555555555555,24.0,0.0,52.85355555555556,46.75776
2017-08-08 02:00:00,0.0,0.864,0.0,22.0,84.47999999999999,2.0,5.555555555555555,24.0,0.0,52.69155555555556,69.71666687999999
2017-08-08 03:00:00,0.0,1.134,0.0,3.6666666666666776,88.0,2.0,5.555555555555555,0.0,0.0,10.088222222222232,68.88006687743999
2017-08-08 04:00:00,0.684,1.458,0.0,0.0,88.0,2.0,0.0,0.0,5.555555555555555,-0.14200000000000002,62.49795051935514
2017-08-08 05:00:00,1.872,1.728,0.0,0.0,88.0,2.0,0.0,0.0,5.555555555555555,-1.6,56.19241955756733
2017-08-08 06:00:00,4.392,1.026,22.0,0.0,65.08333333326,2.0,0.0,0.0,5.555555555555555,-25.418,49.96255496732096
2017-08-08 07:00:00,8.1,2.106,22.0,0.0,42.16666666652,2.0,0.0,0.0,5.555555555555555,-30.206000000000003,43.807448752157555
2017-08-08 08:00:00,12.6,3.726,18.47999999972966,0.0,22.916666666740003,2.0,0.0,0.0,5.555555555555555,-32.80599999972966,37.726203811576106
2017-08-08 09:00:00,16.812,5.184,22.0,0.0,0.0,2.0,0.0,0.0,5.555555555555555,-41.996,31.717933810281636
2017-08-08 10:00:00,19.764,6.642,0.0,0.0,0.0,2.0,0.0,0.0,5.555555555555555,-24.406,25.7817630490027
2017-08-08 11:00:00,19.26,8.262,0.0,0.0,0.0,2.0,0.0,0.0,5.555555555555555,-25.522000000000002,19.91682633685911
2017-08-08 12:00:00,15.768,8.208,0.0,22.0,21.119999999999997,2.0,5.555555555555555,3.2932724871609462,0.0,8.872828042716506,22.905231458234528
2017-08-08 13:00:00,12.852,9.72,0.0,0.0,21.119999999999997,2.0,0.0,0.0,5.555555555555555,-20.572000000000003,17.074813125180157
2017-08-08 14:00:00,9.216,11.556,0.0,0.0,21.119999999999997,2.0,0.0,0.0,5.555555555555555,-18.772,11.314359812122438
2017-08-08 15:00:00,5.076,9.99,0.0,0.0,21.119999999999997,2.0,0.0,0.0,5.555555555555555,-13.065999999999999,5.623031938821413
2017-08-08 16:00:00,2.34,8.856,20.275199999935115,0.0,0.0,2.0,0.0,0.0,5.555555555555555,-29.471199999935113,0.0
2017-08-08 17:00:00,0.828,8.37,0.0,0.0,0.0,2.0,5.555555555555555,0.0,0.0,-1.6424444444444437,0.0
2017-08-08 18:00:00,0.18,4.914,0.0,0.0,0.0,2.0,5.555555555555555,0.0,0.0,2.4615555555555555,0.0
2017-08-08 19:00:00,0.0,6.75,0.0,0.0,0.0,2.0,5.555555555555555,0.0,0.0,0.8055555555555554,0.0
2017-08-08 20:00:00,0.0,9.666,0.0,0.0,0.0,2.0,5.555555555555555,0.0,0.0,-2.110444444444445,0.0
2017-08-08 21:00:00,0.0,11.178,0.0,0.0,0.0,2.0,5.555555555555555,0.0,0.0,-3.6224444444444455,0.0
2017-08-08 22:00:00,0.0,12.582,0.0,0.0,0.0,2.0,5.555555555555555,0.0,0.0,-5.026444444444445,0.0
2017-08-08 23:00:00,0.0,13.338,0.0,22.0,21.119999999999997,2.0,5.555555555555555,0.0,0.0,16.217555555555556,0.0
2017-08-09 00:00:00,0.0,11.124,0.0,22.0,42.239999999999995,2.0,5.555555555555555,24.0,0.0,42.431555555555555,23.52
2017-08-09 01:00:00,0.0,10.8,0.0,22.0,63.35999999999999,2.0,5.555555555555555,24.0,0.0,42.75555555555556,46.75776
2017-08-09 02:00:00,0.0,9.99,0.0,22.0,84.47999999999999,2.0,5.555555555555555,24.0,0.0,43.565555555555555,69.71666687999999
2017-08-09 03:00:00,0.0,9.396,0.0,3.6666666666666776,88.0,2.0,0.0,0.0,5.555555555555555,-3.729333333333323,63.32451132188443
2017-08-09 04:00:00,0.324,9.45,0.0,0.0,88.0,2.0,0.0,0.0,5.555555555555555,-7.773999999999999,57.009061630466256
2017-08-09 05:00:00,1.08,11.178,0.0,0.0,88.0,2.0,0.0,0.0,5.555555555555555,-10.258000000000001,50.769397335345104
2017-08-09 06:00:00,2.052,9.99,22.0,0.0,65.08333333326,2.0,0.0,0.0,5.555555555555555,-32.042,44.604609011765405
2017-08-09 07:00:00,4.68,14.256,22.0,0.0,42.16666666652,2.0,0.0,0.0,5.555555555555555,-38.936,38.51379814806866
2017-08-09 08:00:00,8.46,19.548,22.0,0.0,19.249999999779998,2.0,0.0,0.0,5.555555555555555,-48.008,32.49607701473628
2017-08-09 09:00:00,12.456,22.464,18.47999999972966,0.0,0.0,2.0,0.0,0.0,5.555555555555555,-51.39999999972966,26.550568535003883
2017-08-09 10:00:00,15.624,24.732,0.0,3.66666666666667,3.520000000000003,2.0,0.0,0.0,5.555555555555555,-34.68933333333333,20.676406157028282
2017-08-09 11:00:00,19.008,27.054,0.0,22.0,24.64,2.0,0.0,0.0,5.555555555555555,-22.061999999999998,14.872733727588388
2017-08-09 12:00:00,18.864,28.728,0.0,22.0,45.76,2.0,0.0,0.0,5.555555555555555,-23.592000000000002,9.138705367301771
2017-08-09 13:00:00,14.508,27.594,0.0,22.0,66.88,2.0,5.555555555555555,0.0,0.0,-12.546444444444443,9.029040902894149
2017-08-09 14:00:00,11.808,25.812,0.0,22.0,88.0,2.0,5.555555555555555,20.291604262037694,0.0,12.22715981759325,28.806464588856358
2017-08-09 15:00:00,8.172,23.544,22.0,0.0,65.08333333326,2.0,0.0,0.0,5.555555555555555,-51.715999999999994,22.905231458234528
2017-08-09 16:00:00,4.32,21.438,22.0,0.0,42.16666666652,2.0,0.0,0.0,5.555555555555555,-45.758,17.074813125180157
2017-08-09 17:00:00,1.188,19.386,22.0,0.0,19.249999999779998,2.0,0.0,0.0,5.555555555555555,-40.574,11.314359812122438
2017-08-09 18:00:00,0.432,19.764,0.0,0.0,19.249999999779998,2.0,0.0,0.0,5.555555555555555,-18.195999999999998,5.623031938821413
2017-08-09 19:00:00,0.0,18.954,18.47999999972966,0.0,0.0,2.0,0.0,0.0,5.555555555555555,-35.433999999729664,0.0
2017-08-09 20:00:00,0.0,16.902,0.0,0.0,0.0,2.0,5.555555555555555,0.0,0.0,-9.346444444444446,0.0
2017-08-09 21:00:00,0.0,13.554,0.0,3.66666666666667,3.520000000000003,2.0,5.555555555555555,5.737787692674911,0.0,3.406009914897135,5.623031938821413
2017-08-09 22:00:00,0.0,11.826,0.0,0.0,3.520000000000003,2.0,0.0,0.0,5.555555555555555,-9.826,0.0
2017-08-09 23:00:00,0.0,10.692,0.0,22.0,24.64,2.0,5.555555555555555,24.0,0.0,42.86355555555556,23.52
2017-08-10 00:00:00,0.0,11.124,0.0,22.0,45.76,2.0,5.555555555555555,24.0,0.0,42.431555555555555,46.75776
2017-08-10 01:00:00,0.0,8.694,0.0,22.0,66.88,2.0,5.555555555555555,24.0,0.0,44.861555555555555,69.71666687999999
2017-08-10 02:00:00,0.0,7.398,0.0,22.0,88.0,2.0,5.555555555555555,24.0,0.0,46.15755555555556,92.40006687743998
2017-08-10 03:00:00,0.0,6.75,0.0,0.0,88.0,2.0,5.555555555555555,8.886463188866623,0.0,9.692018744422178,100.0
2017-08-10 04:00:00,0.648,7.398,0.0,0.0,88.0,2.0,0.0,0.0,5.555555555555555,-6.045999999999999,93.24444444444444
2017-08-10 05:00:00,1.692,8.91,0.0,0.0,88.0,2.0,0.0,0.0,5.555555555555555,-8.602,86.56995555555555
2017-08-10 06:00:00,4.716,10.368,0.0,0.0,88.0,2.0,0.0,0.0,5.555555555555555,-13.084,79.97556053333332
2017-08-10 07:00:00,8.208,10.368,22.0,0.0,65.08333333326,2.0,0.0,0.0,5.555555555555555,-38.576,73.46029825137776
2017-08-10 08:00:00,12.888,9.666,22.0,0.0,42.16666666652,2.0,0.0,0.0,5.555555555555555,-42.554,67.02321911680568
2017-08-10 09:00:00,16.848,10.476,22.0,0.0,19.249999999779998,2.0,0.0,0.0,5.555555555555555,-47.324,60.663384931848455
2017-08-10 10:00:00,20.736,12.15,18.47999999972966,0.0,0.0,2.0,0.0,0.0,5.555555555555555,-49.36599999972967,54.379868757110714
2017-08-10 11:00:00,22.86,14.85,0.0,0.0,0.0,2.0,0.0,0.0,5.555555555555555,-35.71,48.171754776469825
2017-08-10 12:00:00,22.968,10.26,0.0,0.0,0.0,2.0,0.0,0.0,5.555555555555555,-31.228,42.03813816359663
2017-08-10 13:00:00,20.664,10.962,0.0,0.0,0.0,2.0,0.0,0.0,5.555555555555555,-29.626,35.97812495007791
2017-08-10 14:00:00,16.812,10.692,0.0,22.0,21.119999999999997,2.0,0.0,0.0,5.555555555555555,-3.5040000000000013,29.990831895121417
2017-08-10 15:00:00,11.664,10.26,0.0,0.0,21.119999999999997,2.0,0.0,0.0,5.555555555555555,-19.924,24.075386356824403
2017-08-10 16:00:00,5.832,9.396,0.0,0.0,21.119999999999997,2.0,0.0,0.0,5.555555555555555,-13.228000000000002,18.230926164986954
2017-08-10 17:00:00,1.08,6.966,20.275199999935115,0.0,0.0,2.0,0.0,0.0,5.555555555555555,-26.321199999935118,12.456599495451554
2017-08-10 18:00:00,0.504,3.132,0.0,0.0,0.0,2.0,0.0,0.0,5.555555555555555,-1.6360000000000001,6.75156474595058
2017-08-10 19:00:00,0.0,3.078,0.0,0.0,0.0,2.0,0.0,0.0,5.555555555555555,-1.0779999999999998,1.1149904134436168
2017-08-10 20:00:00,0.0,3.024,0.0,0.0,0.0,2.0,4.453945027073262,0.0,1.1016105284822935,3.4299450270732628,0.0
2017-08-10 21:00:00,0.0,3.024,0.0,0.0,0.0,2.0,5.555555555555555,0.0,0.0,4.531555555555555,0.0
2017-08-10 22:00:00,0.0,2.862,0.0,0.0,0.0,2.0,5.555555555555555,0.0,0.0,4.693555555555555,0.0
2017-08-10 23:00:00,0.0,2.7,0.0,3.66666666666667,3.520000000000003,2.0,5.555555555555555,0.0,0.0,8.522222222222226,0.0
2017-08-11 00:00:00,0.0,2.754,0.0,22.0,24.64,2.0,5.555555555555555,24.0,0.0,50.80155555555556,23.52
2017-08-11 01:00:00,0.0,2.268,0.0,22.0,45.76,2.0,5.555555555555555,24.0,0.0,51.28755555555556,46.75776
2017-08-11 02:00:00,0.0,2.376,0.0,22.0,66.88,2.0,5.555555555555555,24.0,0.0,51.17955555555556,69.71666687999999
2017-08-11 03:00:00,0.0,2.106,0.0,22.0,88.0,2.0,5.555555555555555,16.703657927457286,0.0,44.15321348301284,85.24965164634813
2017-08-11 04:00:00,0.54,2.106,0.0,0.0,88.0,2.0,0.0,0.0,5.555555555555555,-0.6459999999999999,78.6711002710364
2017-08-11 05:00:00,1.62,2.376,0.0,0.0,88.0,2.0,0.0,0.0,5.555555555555555,-1.996,72.1714915122284
2017-08-11 06:00:00,4.068,1.89,0.0,0.0,88.0,2.0,0.0,0.0,5.555555555555555,-3.9579999999999993,65.74987805852611
2017-08-11 07:00:00,6.588,1.998,18.47999999972965,0.0,68.75000000022001,2.0,0.0,0.0,5.555555555555555,-25.065999999729655,59.40532396626824
2017-08-11 08:00:00,8.676,2.052,22.0,0.0,45.833333333480006,2.0,0.0,0.0,5.555555555555555,-30.728,53.136904523117465
2017-08-11 09:00:00,9.936,1.782,22.0,0.0,22.916666666740003,2.0,0.0,0.0,5.555555555555555,-31.718,46.9437061132845
2017-08-11 10:00:00,10.62,1.674,22.0,0.0,0.0,2.0,0.0,0.0,5.555555555555555,-32.294,40.824826084369526
2017-08-11 11:00:00,10.008,1.674,0.0,0.0,0.0,2.0,0.0,0.0,5.555555555555555,-9.681999999999999,34.779372615801535
2017-08-11 12:00:00,9.792,2.214,0.0,0.0,0.0,2.0,0.0,0.0,5.555555555555555,-10.006,28.806464588856358
2017-08-11 13:00:00,8.676,3.024,0.0,0.0,0.0,2.0,0.0,0.0,5.555555555555555,-9.7,22.905231458234528
2017-08-11 14:00:00,6.516,3.78,0.0,0.0,0.0,2.0,0.0,0.0,5.555555555555555,-8.296,17.074813125180157
2017-08-11 15:00:00,4.896,3.726,0.0,0.0,0.0,2.0,0.0,0.0,5.555555555555555,-6.622,11.314359812122438
2017-08-11 16:00:00,3.096,3.834,0.0,0.0,0.0,2.0,0.0,0.0,5.555555555555555,-4.93,5.623031938821413
2017-08-11 17:00:00,1.008,3.78,0.0,0.0,0.0,2.0,0.0,0.0,5.555555555555555,-2.788,0.0
2017-08-11 18:00:00,0.36,2.484,0.0,0.0,0.0,2.0,5.555555555555555,0.0,0.0,4.711555555555555,0.0
2017-08-11 19:00:00,0.0,2.592,0.0,0.0,0.0,2.0,5.555555555555555,0.0,0.0,4.963555555555555,0.0
2017-08-11 20:00:00,0.0,2.16,0.0,0.0,0.0,2.0,5.555555555555555,0.0,0.0,5.395555555555555,0.0
2017-08-11 21:00:00,0.0,1.674,0.0,0.0,0.0,2.0,5.555555555555555,0.0,0.0,5.881555555555556,0.0
2017-08-11 22:00:00,0.0,1.836,0.0,0.0,0.0,2.0,5.555555555555555,0.0,0.0,5.719555555555555,0.0
2017-08-11 23:00:00,0.0,2.16,0.0,0.0,0.0,2.0,5.555555555555555,0.0,0.0,5.395555555555555,0.0
2017-08-12 00:00:00,0.0,2.43,0.0,3.66666666666667,3.520000000000003,2.0,5.555555555555555,0.0,0.0,8.792222222222225,0.0
2017-08-12 01:00:00,0.0,1.944,0.0,22.0,24.64,2.0,5.555555555555555,0.0,0.0,27.611555555555558,0.0
2017-08-12 02:00:00,0.0,2.268,0.0,22.0,45.76,2.0,5.555555555555555,24.0,0.0,51.28755555555556,23.52
2017-08-12 03:00:00,0.0,2.97,0.0,22.0,66.88,2.0,5.555555555555555,24.0,0.0,50.58555555555556,46.75776
2017-08-12 04:00:00,0.288,4.104,0.0,22.0,88.0,2.0,5.555555555555555,24.0,0.0,49.16355555555556,69.71666687999999
2017-08-12 05:00:00,0.972,5.508,0.0,0.0,88.0,2.0,0.0,0.0,5.555555555555555,-4.48,63.32451132188443
2017-08-12 06:00:00,1.728,3.942,0.0,0.0,88.0,2.0,0.0,0.0,5.555555555555555,-3.67,57.009061630466256
2017-08-12 07:00:00,1.656,4.374,22.0,0.0,65.08333333326,2.0,0.0,0.0,5.555555555555555,-26.029999999999998,50.769397335345104
2017-08-12 08:00:00,2.52,4.644,18.479999999729657,0.0,45.833333333480006,2.0,0.0,0.0,5.555555555555555,-23.643999999729655,44.604609011765405
2017-08-12 09:00:00,3.456,5.454,22.0,0.0,22.916666666740003,2.0,0.0,0.0,5.555555555555555,-28.91,38.51379814806866
2017-08-12 10:00:00,5.364,6.696,0.0,0.0,22.916666666740003,2.0,0.0,0.0,5.555555555555555,-10.059999999999999,32.49607701473628
2017-08-12 11:00:00,4.428,8.1,0.0,0.0,22.916666666740003,2.0,0.0,0.0,5.555555555555555,-10.527999999999999,26.550568535003883
2017-08-12 12:00:00,3.384,6.912,0.0,0.0,22.916666666740003,2.0,0.0,0.0,5.555555555555555,-8.296,20.676406157028282
2017-08-12 13:00:00,3.528,8.316,0.0,0.0,22.916666666740003,2.0,2.2020793975917687,0.0,3.3534761579637866,-7.6419206024082325,17.074813125180157
2017-08-12 14:00:00,4.716,11.502,0.0,0.0,22.916666666740003,2.0,0.0,0.0,5.555555555555555,-14.218,11.314359812122438
2017-08-12 15:00:00,4.356,12.96,0.0,0.0,22.916666666740003,2.0,0.0,0.0,5.555555555555555,-15.316,5.623031938821413
2017-08-12 16:00:00,3.24,13.446,0.0,0.0,22.916666666740003,2.0,0.0,0.0,5.555555555555555,-14.686,0.0
2017-08-12 17:00:00,0.936,12.474,0.0,0.0,22.916666666740003,2.0,5.555555555555555,0.0,0.0,-5.854444444444445,0.0
2017-08-12 18:00:00,0.396,10.206,22.0,0.0,0.0,2.0,5.555555555555555,0.0,0.0,-25.046444444444447,0.0
2017-08-12 19:00:00,0.0,12.042,0.0,0.0,0.0,2.0,5.555555555555555,0.0,0.0,-4.4864444444444445,0.0
2017-08-12 20:00:00,0.0,14.634,0.0,0.0,0.0,2.0,5.555555555555555,0.0,0.0,-7.078444444444445,0.0
2017-08-12 21:00:00,0.0,17.172,0.0,0.0,0.0,2.0,5.555555555555555,5.737787692674911,0.0,-3.878656751769533,5.623031938821413
2017-08-12 22:00:00,0.0,19.008,0.0,0.0,0.0,2.0,0.0,0.0,5.555555555555555,-17.008,0.0
2017-08-12 23:00:00,0.0,20.358,0.0,0.0,0.0,2.0,5.555555555555555,0.0,0.0,-12.802444444444445,0.0
2017-08-13 00:00:00,0.0,22.302,0.0,0.0,0.0,2.0,5.555555555555555,0.0,0.0,-14.746444444444444,0.0
2017-08-13 01:00:00,0.0,21.33,0.0,3.66666666666667,3.520000000000003,2.0,5.555555555555555,0.0,0.0,-10.107777777777773,0.0
2017-08-13 02:00:00,0.0,20.196,0.0,22.0,24.64,2.0,5.555555555555555,24.0,0.0,33.35955555555556,23.52
2017-08-13 03:00:00,0.0,19.71,0.0,22.0,45.76,2.0,5.555555555555555,24.0,0.0,33.845555555555556,46.75776
2017-08-13 04:00:00,0.576,19.602,0.0,22.0,66.88,2.0,5.555555555555555,24.0,0.0,33.37755555555555,69.71666687999999
2017-08-13 05:00:00,1.656,20.79,0.0,22.0,88.0,2.0,5.555555555555555,0.0,0.0,7.109555555555558,68.88006687743999
2017-08-13 06:00:00,6.084,24.138,22.0,0.0,65.08333333326,2.0,0.0,0.0,5.555555555555555,-50.22200000000001,62.49795051935514
2017-08-13 07:00:00,10.548,22.68,16.82559999980536,0.0,47.55666666674,2.0,0.0,0.0,5.555555555555555,-48.05359999980536,56.19241955756733
2017-08-13 08:00:00,13.968,21.33,0.0,0.0,47.55666666674,2.0,0.0,0.0,5.555555555555555,-33.298,49.96255496732096
2017-08-13 09:00:00,15.804,20.304,22.0,0.0,24.64,2.0,0.0,0.0,5.555555555555555,-56.108000000000004,43.807448752157555
2017-08-13 10:00:00,17.244,19.44,0.0,22.0,45.76,2.0,0.3976467410397413,0.0,5.157908814515814,-12.286353258960261,38.123850552615856
2017-08-13 11:00:00,18.288,19.548,0.0,22.0,66.88,2.0,5.555555555555555,24.0,0.0,15.719555555555555,61.18636434598446
2017-08-13 12:00:00,19.764,20.574,0.0,22.0,88.0,2.0,5.555555555555555,24.0,0.0,13.21755555555556,83.97212797383264
2017-08-13 13:00:00,19.368,20.52,20.275199999935122,0.0,66.88,2.0,0.0,0.0,5.555555555555555,-58.16319999993512,77.4089068825911
2017-08-13 14:00:00,14.976,20.034,0.0,22.0,88.0,2.0,5.555555555555555,24.0,0.0,18.54555555555556,100.0
2017-08-13 15:00:00,9.828,17.388,0.0,0.0,88.0,2.0,5.555555555555555,1.2244897959183703,0.0,-18.435954648526074,100.0
2017-08-13 16:00:00,5.22,14.31,0.0,0.0,88.0,2.0,0.0,0.0,5.555555555555555,-17.53,93.24444444444444
2017-08-13 17:00:00,1.008,9.936,18.47999999972965,0.0,68.75000000022001,2.0,0.0,0.0,5.555555555555555,-27.423999999729652,86.56995555555555
2017-08-13 18:00:00,0.396,6.588,22.0,0.0,45.833333333480006,2.0,0.0,0.0,5.555555555555555,-26.984,79.97556053333332
2017-08-13 19:00:00,0.0,5.616,22.0,0.0,22.916666666740003,2.0,0.0,0.0,5.555555555555555,-25.616,73.46029825137776
2017-08-13 20:00:00,0.0,5.076,22.0,0.0,0.0,2.0,0.0,0.0,5.555555555555555,-25.076,67.02321911680568
2017-08-13 21:00:00,0.0,4.158,0.0,0.0,0.0,2.0,0.0,0.0,5.555555555555555,-2.1580000000000004,60.663384931848455
2017-08-13 22:00:00,0.0,3.294,0.0,0.0,0.0,2.0,0.0,0.0,5.555555555555555,-1.294,54.379868757110714
2017-08-13 23:00:00,0.0,2.538,0.0,22.0,21.119999999999997,2.0,0.0,0.0,5.555555555555555,21.462,48.171754776469825
2017-08-14 00:00:00,0.0,1.998,0.0,22.0,42.239999999999995,2.0,5.555555555555555,7.091565611902775,0.0,34.64912116745833,54.543428018816904
2017-08-14 01:00:00,0.0,1.62,0.0,22.0,63.35999999999999,2.0,5.555555555555555,24.0,0.0,51.93555555555556,77.4089068825911
2017-08-14 02:00:00,0.0,1.404,0.0,22.0,84.47999999999999,2.0,5.555555555555555,24.0,0.0,52.15155555555556,100.0
2017-08-14 03:00:00,0.0,1.404,0.0,3.6666666666666776,88.0,2.0,5.4029847164094615,0.0,0.15257083914609382,9.66565138307614,98.6474291608539
2017-08-14 04:00:00,0.576,1.566,0.0,0.0,88.0,2.0,0.0,0.0,5.555555555555555,-0.14200000000000002,91.9081044553681
2017-08-14 05:00:00,1.692,1.89,0.0,0.0,88.0,2.0,0.0,0.0,5.555555555555555,-1.5819999999999999,85.24965164634813
2017-08-14 06:00:00,6.228,2.052,22.0,0.0,65.08333333326,2.0,0.0,0.0,5.555555555555555,-28.28,78.6711002710364
2017-08-14 07:00:00,11.628,2.592,0.0,0.0,65.08333333326,2.0,0.0,0.0,5.555555555555555,-12.22,72.1714915122284
2017-08-14 08:00:00,16.596,2.97,0.0,0.0,65.08333333326,2.0,0.0,0.0,5.555555555555555,-17.566,65.74987805852611
2017-08-14 09:00:00,20.196,2.808,22.0,0.0,42.16666666652,2.0,0.0,0.0,5.555555555555555,-43.004000000000005,59.40532396626824
2017-08-14 10:00:00,21.672,2.592,0.0,0.0,42.16666666652,2.0,0.0,0.0,5.555555555555555,-22.264,53.136904523117465
2017-08-14 11:00:00,19.404,2.052,16.755199999664775,0.0,24.71333333348001,2.0,0.0,0.0,5.555555555555555,-36.21119999966477,46.9437061132845
2017-08-14 12:00:00,17.964,1.728,0.0,0.0,24.71333333348001,2.0,0.0,0.0,5.555555555555555,-17.692,40.824826084369526
2017-08-14 13:00:00,14.4,1.62,0.0,0.0,24.71333333348001,2.0,0.0,0.0,5.555555555555555,-14.02,34.779372615801535
2017-08-14 14:00:00,11.232,1.836,0.0,22.0,45.833333333480006,2.0,0.0,0.0,5.555555555555555,10.932000000000002,28.806464588856358
2017-08-14 15:00:00,8.1,2.484,0.0,0.0,45.833333333480006,2.0,0.0,0.0,5.555555555555555,-8.584,22.905231458234528
2017-08-14 16:00:00,4.212,2.7,22.0,0.0,22.916666666740003,2.0,0.0,0.0,5.555555555555555,-26.912,17.074813125180157
2017-08-14 17:00:00,0.972,2.646,22.0,0.0,0.0,2.0,0.0,0.0,5.555555555555555,-23.618000000000002,11.314359812122438
2017-08-14 18:00:00,0.324,4.644,0.0,0.0,0.0,2.0,0.0,0.0,5.555555555555555,-2.968,5.623031938821413
2017-08-14 19:00:00,0.0,6.156,0.0,0.0,0.0,2.0,0.0,0.0,5.555555555555555,-4.156,0.0
2017-08-14 20:00:00,0.0,7.614,0.0,0.0,0.0,2.0,5.555555555555555,0.0,0.0,-0.05844444444444452,0.0
2017-08-14 21:00:00,0.0,7.83,0.0,0.0,0.0,2.0,5.555555555555555,0.0,0.0,-0.2744444444444447,0.0
2017-08-14 22:00:00,0.0,8.1,0.0,3.66666666666667,3.520000000000003,2.0,5.555555555555555,0.0,0.0,3.1222222222222253,0.0
2017-08-14 23:00:00,0.0,8.37,0.0,22.0,24.64,2.0,5.555555555555555,0.0,0.0,21.18555555555556,0.0
2017-08-15 00:00:00,0.0,10.638,0.0,22.0,45.76,2.0,5.555555555555555,24.0,0.0,42.91755555555556,23.52
2017-08-15 01:00:00,0.0,10.908,0.0,0.0,45.76,2.0,5.555555555555555,0.0,0.0,-3.352444444444444,23.237759999999998
2017-08-15 02:00:00,0.0,11.988,0.0,22.0,66.88,2.0,5.555555555555555,24.0,0.0,41.56755555555556,46.47890688
2017-08-15 03:00:00,0.0,13.338,0.0,22.0,88.0,2.0,5.555555555555555,24.0,0.0,40.217555555555556,69.44115999744
2017-08-15 04:00:00,0.288,14.58,0.0,0.0,88.0,2.0,0.0,0.0,5.555555555555555,-12.868,63.05231052191516
2017-08-15 05:00:00,0.972,15.876,22.0,0.0,65.08333333326,2.0,0.0,0.0,5.555555555555555,-36.848,56.74012724009662
2017-08-15 06:00:00,2.196,16.902,0.0,0.0,65.08333333326,2.0,0.0,0.0,5.555555555555555,-17.098000000000003,50.5036901576599
2017-08-15 07:00:00,4.788,16.362,0.0,0.0,65.08333333326,2.0,0.0,0.0,5.555555555555555,-19.15,44.34209032021243
2017-08-15 08:00:00,6.84,18.036,0.0,0.0,65.08333333326,2.0,0.0,0.0,5.555555555555555,-22.876,38.25442968081432
2017-08-15 09:00:00,7.884,19.332,0.0,0.0,65.08333333326,2.0,0.0,0.0,5.555555555555555,-25.216,32.23982096908899
2017-08-15 10:00:00,13.104,20.736,0.0,1.8715277778541615,66.88,2.0,0.0,0.0,5.555555555555555,-29.968472222145838,26.297387561904365
2017-08-15 11:00:00,14.796,20.682,0.0,22.0,88.0,2.0,5.555555555555555,0.0,0.0,-5.922444444444441,25.98181891116151
2017-08-15 12:00:00,17.172,16.362,0.0,0.0,88.0,2.0,5.555555555555555,15.464070408308116,0.0,-10.514374036136328,40.824826084369526
2017-08-15 13:00:00,14.436,18.306,0.0,0.0,88.0,2.0,0.0,0.0,5.555555555555555,-30.742,34.779372615801535
2017-08-15 14:00:00,12.456,18.846,0.0,0.0,88.0,2.0,0.0,0.0,5.555555555555555,-29.302,28.806464588856358
2017-08-15 15:00:00,6.012,9.936,0.0,0.0,88.0,2.0,0.0,0.0,5.555555555555555,-13.948,22.905231458234528
2017-08-15 16:00:00,2.952,6.102,22.0,0.0,65.08333333326,2.0,0.0,0.0,5.555555555555555,-29.054000000000002,17.074813125180157
2017-08-15 17:00:00,0.9,3.402,22.0,0.0,42.16666666652,2.0,0.0,0.0,5.555555555555555,-24.302,11.314359812122438
2017-08-15 18:00:00,0.18,2.106,22.0,0.0,19.249999999779998,2.0,0.0,0.0,5.555555555555555,-22.286,5.623031938821413
2017-08-15 19:00:00,0.0,1.458,18.47999999972966,0.0,0.0,2.0,0.0,0.0,5.555555555555555,-17.93799999972966,0.0
2017-08-15 20:00:00,0.0,1.08,0.0,0.0,0.0,2.0,5.555555555555555,0.0,0.0,6.475555555555555,0.0
2017-08-15 21:00:00,0.0,0.81,0.0,0.0,0.0,2.0,5.555555555555555,0.0,0.0,6.745555555555555,0.0
2017-08-15 22:00:00,0.0,1.026,0.0,3.66666666666667,3.520000000000003,2.0,5.555555555555555,0.0,0.0,10.196222222222225,0.0
2017-08-15 23:00:00,0.0,1.944,0.0,22.0,24.64,2.0,5.555555555555555,24.0,0.0,51.611555555555555,23.52
2017-08-16 00:00:00,0.0,3.996,0.0,22.0,45.76,2.0,5.555555555555555,24.0,0.0,49.559555555555555,46.75776
2017-08-16 01:00:00,0.0,4.536,0.0,22.0,66.88,2.0,5.555555555555555,24.0,0.0,49.019555555555556,69.71666687999999
2017-08-16 02:00:00,0.0,4.644,0.0,22.0,88.0,2.0,5.555555555555555,24.0,0.0,48.91155555555556,92.40006687743998
2017-08-16 03:00:00,0.0,3.888,0.0,0.0,88.0,2.0,5.555555555555555,8.886463188866623,0.0,12.554018744422178,100.0
2017-08-16 04:00:00,0.468,3.456,0.0,0.0,88.0,2.0,0.0,0.0,5.555555555555555,-1.924,93.24444444444444
2017-08-16 05:00:00,1.584,3.132,0.0,0.0,88.0,2.0,0.0,0.0,5.555555555555555,-2.716,86.56995555555555
2017-08-16 06:00:00,5.796,3.726,22.0,0.0,65.08333333326,2.0,0.0,0.0,5.555555555555555,-29.522,79.97556053333332
2017-08-16 07:00:00,11.52,4.158,22.0,0.0,42.16666666652,2.0,0.0,0.0,5.555555555555555,-35.678,73.46029825137776
2017-08-16 08:00:00,16.74,5.238,22.0,0.0,19.249999999779998,2.0,0.0,0.0,5.555555555555555,-41.977999999999994,67.02321911680568
2017-08-16 09:00:00,20.664,5.778,13.305599999535,0.0,5.39000000022002,2.0,0.0,0.0,5.555555555555555,-37.747599999535,60.663384931848455
2017-08-16 10:00:00,23.004,6.156,0.0,0.0,5.39000000022002,2.0,0.0,0.0,5.555555555555555,-27.16,54.379868757110714
2017-08-16 11:00:00,23.76,5.994,0.0,0.0,5.39000000022002,2.0,0.0,0.0,5.555555555555555,-27.754,48.171754776469825
2017-08-16 12:00:00,22.968,5.13,0.0,22.0,26.510000000220018,2.0,0.0,0.0,5.555555555555555,-4.097999999999999,42.03813816359663
2017-08-16 13:00:00,19.548,4.428,0.0,22.0,47.630000000220015,2.0,0.0,0.0,5.555555555555555,0.02400000000000091,35.97812495007791
2017-08-16 14:00:00,14.4,3.834,0.0,22.0,68.75000000022001,2.0,0.0,0.0,5.555555555555555,5.766,29.990831895121417
2017-08-16 15:00:00,10.008,2.754,0.0,0.0,68.75000000022001,2.0,0.0,0.0,5.555555555555555,-10.761999999999999,24.075386356824403
2017-08-16 16:00:00,4.896,1.782,22.0,0.0,45.833333333480006,2.0,0.0,0.0,5.555555555555555,-26.678,18.230926164986954
2017-08-16 17:00:00,1.26,1.08,22.0,0.0,22.916666666740003,2.0,0.0,0.0,5.555555555555555,-22.34,12.456599495451554
2017-08-16 18:00:00,0.288,1.026,22.0,0.0,0.0,2.0,0.0,0.0,5.555555555555555,-21.314,6.75156474595058
2017-08-16 19:00:00,0.0,0.972,0.0,0.0,0.0,2.0,0.0,0.0,5.555555555555555,1.028,1.1149904134436168
2017-08-16 20:00:00,0.0,1.134,0.0,0.0,0.0,2.0,4.453945027073262,0.0,1.1016105284822935,5.319945027073263,0.0
2017-08-16 21:00:00,0.0,1.35,0.0,0.0,0.0,2.0,5.555555555555555,0.0,0.0,6.205555555555556,0.0
2017-08-16 22:00:00,0.0,1.512,0.0,3.66666666666667,3.520000000000003,2.0,5.555555555555555,0.0,0.0,9.710222222222225,0.0
2017-08-16 23:00:00,0.0,1.674,0.0,22.0,24.64,2.0,5.555555555555555,24.0,0.0,51.88155555555556,23.52
2017-08-17 00:00:00,0.0,2.268,0.0,22.0,45.76,2.0,5.555555555555555,24.0,0.0,51.28755555555556,46.75776
2017-08-17 01:00:00,0.0,3.132,0.0,22.0,66.88,2.0,5.555555555555555,24.0,0.0,50.42355555555556,69.71666687999999
2017-08-17 02:00:00,0.0,4.428,0.0,22.0,88.0,2.0,5.555555555555555,24.0,0.0,49.12755555555556,92.40006687743998
2017-08-17 03:00:00,0.0,5.886,0.0,0.0,88.0,2.0,5.555555555555555,0.0,0.0,1.6695555555555552,91.29126607491071
2017-08-17 04:00:00,0.468,7.236,0.0,0.0,88.0,2.0,0.0,0.0,5.555555555555555,-5.704,84.64021532645623
2017-08-17 05:00:00,1.764,8.802,0.0,0.0,88.0,2.0,0.0,0.0,5.555555555555555,-8.565999999999999,78.06897718698319
2017-08-17 06:00:00,5.868,10.584,0.0,0.0,88.0,2.0,0.0,0.0,5.555555555555555,-14.452,71.57659390518383
2017-08-17 07:00:00,11.016,13.176,18.47999999972965,0.0,68.75000000022001,2.0,0.0,0.0,5.555555555555555,-40.67199999972965,65.16211922276607
2017-08-17 08:00:00,15.228,15.282,22.0,0.0,45.833333333480006,2.0,0.0,0.0,5.555555555555555,-50.51,58.82461823653732
2017-08-17 09:00:00,15.876,16.848,22.0,0.0,22.916666666740003,2.0,0.0,0.0,5.555555555555555,-52.724,52.56316726214331
2017-08-17 10:00:00,15.3,18.306,22.0,0.0,0.0,2.0,0.0,0.0,5.555555555555555,-53.605999999999995,46.37685369944203
2017-08-17 11:00:00,13.176,19.71,0.0,0.0,0.0,2.0,0.0,0.0,5.555555555555555,-30.886000000000003,40.264775899493166
2017-08-17 12:00:00,9.288,19.44,0.0,0.0,0.0,2.0,0.0,0.0,5.555555555555555,-26.728,34.22604303314369
2017-08-17 13:00:00,5.076,14.418,0.0,0.0,0.0,2.0,0.0,0.0,5.555555555555555,-17.494,28.25977496119041
2017-08-17 14:00:00,2.88,12.636,0.0,0.0,0.0,2.0,0.0,0.0,5.555555555555555,-13.515999999999998,22.365102106100572
2017-08-17 15:00:00,1.62,12.042,0.0,0.0,0.0,2.0,0.5336477999083458,0.0,5.021907755647209,-11.128352200091655,17.074813125180157
2017-08-17 16:00:00,0.756,11.178,0.0,0.0,0.0,2.0,0.0,0.0,5.555555555555555,-9.934000000000001,11.314359812122438
2017-08-17 17:00:00,0.252,10.098,0.0,0.0,0.0,2.0,0.0,0.0,5.555555555555555,-8.350000000000001,5.623031938821413
2017-08-17 18:00:00,0.036,11.286,0.0,0.0,0.0,2.0,0.0,0.0,5.555555555555555,-9.322,0.0
2017-08-17 19:00:00,0.0,10.206,0.0,0.0,0.0,2.0,5.555555555555555,0.0,0.0,-2.650444444444444,0.0
2017-08-17 20:00:00,0.0,9.18,0.0,0.0,0.0,2.0,5.555555555555555,0.0,0.0,-1.6244444444444444,0.0
2017-08-17 21:00:00,0.0,7.02,0.0,0.0,0.0,2.0,5.555555555555555,0.0,0.0,0.5355555555555558,0.0
2017-08-17 22:00:00,0.0,5.778,0.0,3.66666666666667,3.520000000000003,2.0,5.555555555555555,0.0,0.0,5.444222222222225,0.0
2017-08-17 23:00:00,0.0,4.536,0.0,22.0,24.64,2.0,5.555555555555555,0.0,0.0,25.019555555555556,0.0
2017-08-18 00:00:00,0.0,2.646,0.0,22.0,45.76,2.0,5.555555555555555,0.7903992170861254,0.0,27.699954772641682,0.7745912327444029
2017-08-18 01:00:00,0.0,2.808,0.0,22.0,66.88,2.0,5.555555555555555,24.0,0.0,50.74755555555556,24.28529613795147
2017-08-18 02:00:00,0.0,3.294,0.0,22.0,88.0,2.0,5.555555555555555,24.0,0.0,50.26155555555556,47.51387258429605
2017-08-18 03:00:00,0.0,4.86,0.0,0.0,88.0,2.0,5.555555555555555,0.0,0.0,2.695555555555555,46.9437061132845
2017-08-18 04:00:00,0.252,6.372,0.0,0.0,88.0,2.0,0.0,0.0,5.555555555555555,-4.624,40.824826084369526
2017-08-18 05:00:00,1.368,8.424,0.0,0.0,88.0,2.0,0.0,0.0,5.555555555555555,-7.792,34.779372615801535
2017-08-18 06:00:00,3.924,7.02,18.47999999972965,0.0,68.75000000022001,2.0,0.0,0.0,5.555555555555555,-27.423999999729652,28.806464588856358
2017-08-18 07:00:00,8.136,8.424,22.0,0.0,45.833333333480006,2.0,0.0,0.0,5.555555555555555,-36.56,22.905231458234528
2017-08-18 08:00:00,11.916,8.532,22.0,0.0,22.916666666740003,2.0,0.0,0.0,5.555555555555555,-40.448,17.074813125180157
2017-08-18 09:00:00,15.264,10.422,22.0,0.0,0.0,2.0,0.0,0.0,5.555555555555555,-45.686,11.314359812122438
2017-08-18 10:00:00,16.812,12.366,0.0,0.0,0.0,2.0,0.0,0.0,5.555555555555555,-27.178,5.623031938821413
2017-08-18 11:00:00,15.516,13.446,0.0,22.0,21.119999999999997,2.0,0.0,0.0,5.555555555555555,-4.962,0.0
2017-08-18 12:00:00,12.924,14.472,0.0,22.0,42.239999999999995,2.0,5.555555555555555,24.0,0.0,26.159555555555556,23.52
2017-08-18 13:00:00,11.16,13.284,0.0,22.0,63.35999999999999,2.0,5.555555555555555,11.777155730409731,0.0,16.88871128596529,34.779372615801535
2017-08-18 14:00:00,9.252,12.852,0.0,22.0,84.47999999999999,2.0,0.0,0.0,5.555555555555555,1.895999999999999,28.806464588856358
2017-08-18 15:00:00,5.544,9.936,0.0,0.0,84.47999999999999,2.0,0.0,0.0,5.555555555555555,-13.48,22.905231458234528
2017-08-18 16:00:00,2.7,7.29,22.0,0.0,61.56333333325999,2.0,0.0,0.0,5.555555555555555,-29.99,17.074813125180157
2017-08-18 17:00:00,0.936,5.778,22.0,0.0,38.64666666651999,2.0,0.0,0.0,5.555555555555555,-26.714,11.314359812122438
2017-08-18 18:00:00,0.18,2.484,15.100799999740465,0.0,22.916666666740003,2.0,0.0,0.0,5.555555555555555,-15.764799999740465,5.623031938821413
2017-08-18 19:00:00,0.0,3.564,22.0,0.0,0.0,2.0,0.0,0.0,5.555555555555555,-23.564,0.0
2017-08-18 20:00:00,0.0,3.294,0.0,0.0,0.0,2.0,5.555555555555555,0.0,0.0,4.261555555555555,0.0
2017-08-18 21:00:00,0.0,3.186,0.0,0.0,0.0,2.0,5.555555555555555,0.0,0.0,4.369555555555555,0.0
2017-08-18 22:00:00,0.0,3.996,0.0,22.0,21.119999999999997,2.0,5.555555555555555,0.0,0.0,25.55955555555556,0.0
2017-08-18 23:00:00,0.0,5.184,0.0,22.0,42.239999999999995,2.0,5.555555555555555,17.423278699163426,0.0,41.794834254718985,17.074813125180157
2017-08-19 00:00:00,0.0,8.046,0.0,0.0,42.239999999999995,2.0,0.0,0.0,5.555555555555555,-6.045999999999999,11.314359812122438
2017-08-19 01:00:00,0.0,9.072,0.0,0.0,42.239999999999995,2.0,0.0,0.0,5.555555555555555,-7.071999999999999,5.623031938821413
2017-08-19 02:00:00,0.0,10.044,0.0,0.0,42.239999999999995,2.0,0.0,0.0,5.555555555555555,-8.044,0.0
2017-08-19 03:00:00,0.0,9.018,0.0,3.743055555708345,45.833333333480006,2.0,5.555555555555555,0.0,0.0,2.2806111112639,0.0
2017-08-19 04:00:00,0.396,9.396,0.0,0.0,45.833333333480006,2.0,5.555555555555555,0.0,0.0,-2.2364444444444453,0.0
2017-08-19 05:00:00,1.656,11.556,0.0,0.0,45.833333333480006,2.0,5.555555555555555,17.423278699163426,0.0,11.766834254718983,17.074813125180157
2017-08-19 06:00:00,6.156,12.744,0.0,0.0,45.833333333480006,2.0,0.0,0.0,5.555555555555555,-16.9,11.314359812122438
2017-08-19 07:00:00,11.808,15.93,22.0,0.0,22.916666666740003,2.0,0.0,0.0,5.555555555555555,-47.738,5.623031938821413
2017-08-19 08:00:00,17.028,18.63,22.0,0.0,0.0,2.0,0.0,0.0,5.555555555555555,-55.657999999999994,0.0
2017-08-19 09:00:00,20.916,21.978,0.0,0.0,0.0,2.0,5.555555555555555,0.0,0.0,-35.33844444444445,0.0
2017-08-19 10:00:00,23.256,25.326,0.0,22.0,21.119999999999997,2.0,5.555555555555555,2.5973086565563697,0.0,-16.42913578788808,2.5453624834252424
2017-08-19 11:00:00,0.0,0.0,0.0,22.0,42.239999999999995,2.0,5.555555555555555,24.0,0.0,53.55555555555556,26.03481813362414
2017-08-19 12:00:00,0.0,0.0,0.0,22.0,63.35999999999999,2.0,5.555555555555555,24.0,0.0,53.55555555555556,49.24240031602065
2017-08-19 13:00:00,0.0,0.0,0.0,22.0,84.47999999999999,2.0,5.555555555555555,24.0,0.0,53.55555555555556,72.1714915122284
2017-08-19 14:00:00,14.976,29.43,0.0,3.6666666666666776,88.0,2.0,0.0,0.0,5.555555555555555,-38.73933333333332,65.74987805852611
2017-08-19 15:00:00,9.9,25.65,0.0,0.0,88.0,2.0,0.0,0.0,5.555555555555555,-33.55,59.40532396626824
2017-08-19 16:00:00,4.968,20.682,0.0,0.0,88.0,2.0,0.0,0.0,5.555555555555555,-23.65,53.136904523117465
2017-08-19 17:00:00,1.044,15.606,22.0,0.0,65.08333333326,2.0,0.0,0.0,5.555555555555555,-36.65,46.9437061132845
2017-08-19 18:00:00,0.18,14.364,22.0,0.0,42.16666666652,2.0,0.0,0.0,5.555555555555555,-34.544000000000004,40.824826084369526
2017-08-19 19:00:00,0.0,12.636,22.0,0.0,19.249999999779998,2.0,0.0,0.0,5.555555555555555,-32.635999999999996,34.779372615801535
2017-08-19 20:00:00,0.0,12.582,18.47999999972966,0.0,0.0,2.0,0.0,0.0,5.555555555555555,-29.06199999972966,28.806464588856358
2017-08-19 21:00:00,0.0,12.96,0.0,0.0,0.0,2.0,0.0,0.0,5.555555555555555,-10.96,22.905231458234528
2017-08-19 22:00:00,0.0,13.824,0.0,0.0,0.0,2.0,0.0,0.0,5.555555555555555,-11.824,17.074813125180157
2017-08-19 23:00:00,0.0,15.066,0.0,0.0,0.0,2.0,0.0,0.0,5.555555555555555,-13.066,11.314359812122438
2017-08-20 00:00:00,0.0,17.28,0.0,3.66666666666667,3.520000000000003,2.0,0.0,0.0,5.555555555555555,-11.613333333333332,5.623031938821413
2017-08-20 01:00:00,0.0,17.928,0.0,22.0,24.64,2.0,0.0,0.0,5.555555555555555,6.071999999999999,0.0
2017-08-20 02:00:00,0.0,17.55,0.0,22.0,45.76,2.0,5.555555555555555,24.0,0.0,36.00555555555556,23.52
2017-08-20 03:00:00,0.0,16.848,0.0,22.0,66.88,2.0,5.555555555555555,9.078286637374358,0.0,21.78584219292992,32.13448090462687
2017-08-20 04:00:00,0.288,17.064,0.0,22.0,88.0,2.0,5.555555555555555,24.0,0.0,36.20355555555556,55.268867133771344
2017-08-20 05:00:00,1.368,17.766,0.0,0.0,88.0,2.0,0.0,0.0,5.555555555555555,-17.133999999999997,49.05008517261054
2017-08-20 06:00:00,3.816,16.2,0.0,0.0,88.0,2.0,0.0,0.0,5.555555555555555,-18.016,42.90592859498365
2017-08-20 07:00:00,8.64,17.496,18.47999999972965,0.0,68.75000000022001,2.0,0.0,0.0,5.555555555555555,-42.61599999972965,36.835501896288285
2017-08-20 08:00:00,14.4,16.848,22.0,0.0,45.833333333480006,2.0,0.0,0.0,5.555555555555555,-51.248,30.837920317977275
2017-08-20 09:00:00,18.504,16.578,22.0,0.0,22.916666666740003,2.0,0.0,0.0,5.555555555555555,-55.08200000000001,24.912309718605993
2017-08-20 10:00:00,20.988,17.118,22.0,0.0,0.0,2.0,0.0,0.0,5.555555555555555,-58.105999999999995,19.057806446427165
2017-08-20 11:00:00,22.068,18.414,0.0,3.66666666666667,3.520000000000003,2.0,0.0,0.0,5.555555555555555,-34.815333333333335,13.273557213514485
2017-08-20 12:00:00,22.032,0.0,0.0,22.0,24.64,2.0,5.555555555555555,24.0,0.0,31.523555555555557,36.63427452695231
2017-08-20 13:00:00,0.0,0.0,0.0,22.0,45.76,2.0,5.555555555555555,24.0,0.0,53.55555555555556,59.71466323262889
2017-08-20 14:00:00,0.0,0.0,0.0,22.0,66.88,2.0,5.555555555555555,24.0,0.0,53.55555555555556,82.51808727383734
2017-08-20 15:00:00,10.62,23.544,0.0,22.0,88.0,2.0,5.555555555555555,0.0,0.0,-4.608444444444443,81.52787022655129
2017-08-20 16:00:00,5.04,21.06,0.0,0.0,88.0,2.0,0.0,0.0,5.555555555555555,-24.099999999999998,74.99398022827711
2017-08-20 17:00:00,1.116,18.144,18.47999999972965,0.0,68.75000000022001,2.0,0.0,0.0,5.555555555555555,-35.73999999972965,68.53849690998223
2017-08-20 18:00:00,0.144,16.308,22.0,0.0,45.833333333480006,2.0,0.0,0.0,5.555555555555555,-36.452,62.16047939150688
2017-08-20 19:00:00,0.0,14.904,22.0,0.0,22.916666666740003,2.0,0.0,0.0,5.555555555555555,-34.903999999999996,55.85899808325324
2017-08-20 20:00:00,0.0,15.066,22.0,0.0,0.0,2.0,0.0,0.0,5.555555555555555,-35.066,49.63313455069864
2017-08-20 21:00:00,0.0,15.93,0.0,0.0,0.0,2.0,0.0,0.0,5.555555555555555,-13.93,43.4819813805347
2017-08-20 22:00:00,0.0,17.604,0.0,3.66666666666667,3.520000000000003,2.0,0.0,0.0,5.555555555555555,-11.93733333333333,37.404642048412725
2017-08-20 23:00:00,0.0,19.548,0.0,22.0,24.64,2.0,0.0,0.0,5.555555555555555,4.452000000000002,31.400230788276218
2017-08-21 00:00:00,0.0,21.222,0.0,22.0,45.76,2.0,5.555555555555555,24.0,0.0,32.333555555555556,54.543428018816904
2017-08-21 01:00:00,0.0,21.924,0.0,22.0,66.88,2.0,5.555555555555555,24.0,0.0,31.631555555555558,77.4089068825911
2017-08-21 02:00:00,0.0,22.95,0.0,22.0,88.0,2.0,5.555555555555555,24.0,0.0,30.605555555555558,100.0
2017-08-21 03:00:00,0.0,21.546,0.0,0.0,88.0,2.0,5.555555555555555,1.2244897959183703,0.0,-12.765954648526073,100.0
2017-08-21 04:00:00,0.18,20.304,0.0,0.0,88.0,2.0,0.0,0.0,5.555555555555555,-18.483999999999998,93.24444444444444
2017-08-21 05:00:00,1.152,19.71,22.0,0.0,65.08333333326,2.0,0.0,0.0,5.555555555555555,-40.862,86.56995555555555
2017-08-21 06:00:00,3.816,23.706,22.0,0.0,42.16666666652,2.0,0.0,0.0,5.555555555555555,-47.522000000000006,79.97556053333332
2017-08-21 07:00:00,8.568,24.624,22.0,0.0,19.249999999779998,2.0,0.0,0.0,5.555555555555555,-53.19199999999999,73.46029825137776
2017-08-21 08:00:00,11.88,24.732,15.100799999740472,0.0,3.520000000000003,2.0,0.0,0.0,5.555555555555555,-49.712799999740476,67.02321911680568
2017-08-21 09:00:00,15.552,25.488,0.0,0.0,3.520000000000003,2.0,0.0,0.0,5.555555555555555,-39.04,60.663384931848455
2017-08-21 10:00:00,16.812,25.596,0.0,22.0,24.64,2.0,0.0,0.0,5.555555555555555,-18.408,54.379868757110714
2017-08-21 11:00:00,16.236,24.948,0.0,22.0,45.76,2.0,0.0,0.0,5.555555555555555,-17.184,48.171754776469825
2017-08-21 12:00:00,15.372,21.06,0.0,22.0,66.88,2.0,5.555555555555555,0.0,0.0,-6.8764444444444415,47.593693719152185
2017-08-21 13:00:00,13.464,20.196,0.0,22.0,88.0,2.0,0.0,0.0,5.555555555555555,-9.660000000000002,41.4670138389668
2017-08-21 14:00:00,10.692,21.546,0.0,0.0,88.0,2.0,0.0,0.0,5.555555555555555,-30.238,35.41385411734364
2017-08-21 15:00:00,6.84,21.438,22.0,0.0,65.08333333326,2.0,0.0,0.0,5.555555555555555,-48.278000000000006,29.43333231237996
2017-08-21 16:00:00,3.132,20.466,0.0,0.0,65.08333333326,2.0,0.0,0.0,5.555555555555555,-21.598000000000003,23.524576769075843
2017-08-21 17:00:00,0.72,18.468,22.0,0.0,42.16666666652,2.0,0.0,0.0,5.555555555555555,-39.188,17.686726292291375
2017-08-21 18:00:00,0.072,17.766,22.0,0.0,19.249999999779998,2.0,0.0,0.0,5.555555555555555,-37.838,11.918930021228322
2017-08-21 19:00:00,0.0,15.66,18.47999999972966,0.0,0.0,2.0,0.0,0.0,5.555555555555555,-32.13999999972966,6.220347305418027
2017-08-21 20:00:00,0.0,14.31,0.0,0.0,0.0,2.0,0.0,0.0,5.555555555555555,-12.31,0.5901475821974556
2017-08-21 21:00:00,0.0,13.878,0.0,3.66666666666667,3.520000000000003,2.0,5.555555555555555,0.0,0.0,-2.655777777777775,0.5830658112110861
2017-08-21 22:00:00,0.0,13.716,0.0,0.0,3.520000000000003,2.0,4.979486534079002,0.0,0.5760690214765531,-6.736513465920997,0.0
2017-08-21 23:00:00,0.0,13.662,0.0,22.0,24.64,2.0,5.555555555555555,24.0,0.0,39.89355555555556,23.52
2017-08-22 00:00:00,0.0,20.034,0.0,22.0,45.76,2.0,5.555555555555555,24.0,0.0,33.52155555555556,46.75776
2017-08-22 01:00:00,0.0,18.9,0.0,22.0,66.88,2.0,5.555555555555555,24.0,0.0,34.65555555555556,69.71666687999999
2017-08-22 02:00:00,0.0,19.278,0.0,22.0,88.0,2.0,5.555555555555555,24.0,0.0,34.27755555555556,92.40006687743998
2017-08-22 03:00:00,0.0,18.576,0.0,0.0,88.0,2.0,5.555555555555555,7.506288863207342,0.0,-3.5141555812371035,98.6474291608539
2017-08-22 04:00:00,0.144,17.28,0.0,0.0,88.0,2.0,0.0,0.0,5.555555555555555,-15.424000000000001,91.9081044553681
2017-08-22 05:00:00,1.08,15.768,0.0,0.0,88.0,2.0,0.0,0.0,5.555555555555555,-14.848,85.24965164634813
2017-08-22 06:00:00,3.924,11.88,0.0,0.0,88.0,2.0,0.0,0.0,5.555555555555555,-13.804,78.6711002710364
2017-08-22 07:00:00,7.956,10.26,0.0,0.0,88.0,2.0,0.0,0.0,5.555555555555555,-16.216,72.1714915122284
2017-08-22 08:00:00,11.448,9.126,22.0,0.0,65.08333333326,2.0,0.0,0.0,5.555555555555555,-40.574,65.74987805852611
2017-08-22 09:00:00,14.544,9.504,22.0,0.0,42.16666666652,2.0,0.0,0.0,5.555555555555555,-44.048,59.40532396626824
2017-08-22 10:00:00,16.56,9.504,22.0,0.0,19.249999999779998,2.0,0.0,0.0,5.555555555555555,-46.06399999999999,53.136904523117465
2017-08-22 11:00:00,17.532,9.234,18.47999999972966,0.0,0.0,2.0,0.0,0.0,5.555555555555555,-43.24599999972966,46.9437061132845
2017-08-22 12:00:00,17.388,6.75,0.0,0.0,0.0,2.0,0.0,0.0,5.555555555555555,-22.138,40.824826084369526
2017-08-22 13:00:00,18.216,7.56,0.0,0.0,0.0,2.0,0.0,0.0,5.555555555555555,-23.776,34.779372615801535
2017-08-22 14:00:00,14.4,8.316,0.0,22.0,21.119999999999997,2.0,0.0,0.0,5.555555555555555,1.283999999999999,28.806464588856358
2017-08-22 15:00:00,9.576,7.614,0.0,0.0,21.119999999999997,2.0,0.0,0.0,5.555555555555555,-15.190000000000001,22.905231458234528
2017-08-22 16:00:00,4.68,5.94,0.0,0.0,21.119999999999997,2.0,0.0,0.0,5.555555555555555,-8.620000000000001,17.074813125180157
2017-08-22 17:00:00,0.936,3.672,20.275199999935115,0.0,0.0,2.0,0.0,0.0,5.555555555555555,-22.883199999935115,11.314359812122438
2017-08-22 18:00:00,0.072,3.132,0.0,0.0,0.0,2.0,0.0,0.0,5.555555555555555,-1.2040000000000002,5.623031938821413
2017-08-22 19:00:00,0.0,2.16,0.0,0.0,0.0,2.0,0.0,0.0,5.555555555555555,-0.16000000000000014,0.0
2017-08-22 20:00:00,0.0,1.512,0.0,0.0,0.0,2.0,5.555555555555555,0.0,0.0,6.043555555555555,0.0
2017-08-22 21:00:00,0.0,1.134,0.0,0.0,0.0,2.0,5.555555555555555,0.0,0.0,6.421555555555555,0.0
2017-08-22 22:00:00,0.0,0.972,0.0,3.66666666666667,3.520000000000003,2.0,5.555555555555555,0.0,0.0,10.250222222222225,0.0
2017-08-22 23:00:00,0.0,0.864,0.0,22.0,24.64,2.0,5.555555555555555,6.690257557429382,0.0,35.38181311298494,6.556452406280794
2017-08-23 00:00:00,0.0,0.864,0.0,22.0,45.76,2.0,5.555555555555555,24.0,0.0,52.69155555555556,29.997774977405424
2017-08-23 01:00:00,0.0,0.972,0.0,22.0,66.88,2.0,5.555555555555555,24.0,0.0,52.583555555555556,53.15780167767656
2017-08-23 02:00:00,0.0,0.972,0.0,22.0,88.0,2.0,5.555555555555555,24.0,0.0,52.583555555555556,76.03990805754444
2017-08-23 03:00:00,0.0,0.918,0.0,0.0,88.0,2.0,5.555555555555555,24.0,0.0,30.637555555555558,98.6474291608539
2017-08-23 04:00:00,0.252,0.864,0.0,0.0,88.0,2.0,0.0,0.0,5.555555555555555,0.8840000000000001,91.9081044553681
2017-08-23 05:00:00,1.584,0.756,18.47999999972965,0.0,68.75000000022001,2.0,0.0,0.0,5.555555555555555,-18.819999999729653,85.24965164634813
2017-08-23 06:00:00,6.264,0.594,22.0,0.0,45.833333333480006,2.0,0.0,0.0,5.555555555555555,-26.858,78.6711002710364
2017-08-23 07:00:00,12.06,0.432,22.0,0.0,22.916666666740003,2.0,0.0,0.0,5.555555555555555,-32.492,72.1714915122284
2017-08-23 08:00:00,17.388,0.324,22.0,0.0,0.0,2.0,0.0,0.0,5.555555555555555,-37.712,65.74987805852611
2017-08-23 09:00:00,21.204,0.378,0.0,0.0,0.0,2.0,0.0,0.0,5.555555555555555,-19.582,59.40532396626824
2017-08-23 10:00:00,23.508,0.486,0.0,0.0,0.0,2.0,0.0,0.0,5.555555555555555,-21.994,53.136904523117465
2017-08-23 11:00:00,24.192,0.594,0.0,0.0,0.0,2.0,0.0,0.0,5.555555555555555,-22.786,46.9437061132845
2017-08-23 12:00:00,23.22,1.188,0.0,0.0,0.0,2.0,0.0,0.0,5.555555555555555,-22.407999999999998,40.824826084369526
2017-08-23 13:00:00,20.736,1.296,0.0,1.8715277778541726,1.7966666667400055,2.0,0.0,0.0,5.555555555555555,-18.160472222145827,34.779372615801535
2017-08-23 14:00:00,16.452,1.458,0.0,22.0,22.916666666740003,2.0,0.0,0.0,5.555555555555555,6.09,28.806464588856358
2017-08-23 15:00:00,10.8,1.404,22.0,0.0,0.0,2.0,0.0,0.0,5.555555555555555,-32.204,22.905231458234528
2017-08-23 16:00:00,5.292,1.242,0.0,0.0,0.0,2.0,0.0,0.0,5.555555555555555,-4.534,17.074813125180157
2017-08-23 17:00:00,0.864,1.458,0.0,0.0,0.0,2.0,0.0,0.0,5.555555555555555,-0.32199999999999995,11.314359812122438
2017-08-23 18:00:00,0.036,1.89,0.0,0.0,0.0,2.0,0.0,0.0,5.555555555555555,0.0740000000000001,5.623031938821413
2017-08-23 19:00:00,0.0,2.538,0.0,0.0,0.0,2.0,0.0,0.0,5.555555555555555,-0.5379999999999998,0.0
2017-08-23 20:00:00,0.0,3.348,0.0,0.0,0.0,2.0,5.555555555555555,0.0,0.0,4.2075555555555555,0.0
2017-08-23 21:00:00,0.0,4.05,0.0,0.0,0.0,2.0,5.555555555555555,0.0,0.0,3.5055555555555555,0.0
2017-08-23 22:00:00,0.0,4.86,0.0,3.66666666666667,3.520000000000003,2.0,5.555555555555555,0.0,0.0,6.362222222222225,0.0
2017-08-23 23:00:00,0.0,5.346,0.0,22.0,24.64,2.0,5.555555555555555,6.690257557429382,0.0,30.89981311298494,6.556452406280794
2017-08-24 00:00:00,0.0,7.236,0.0,22.0,45.76,2.0,5.555555555555555,24.0,0.0,46.31955555555556,29.997774977405424
2017-08-24 01:00:00,0.0,7.29,0.0,22.0,66.88,2.0,5.555555555555555,24.0,0.0,46.26555555555556,53.15780167767656
2017-08-24 02:00:00,0.0,7.344,0.0,22.0,88.0,2.0,5.555555555555555,24.0,0.0,46.211555555555556,76.03990805754444
2017-08-24 03:00:00,0.0,7.668,0.0,0.0,88.0,2.0,5.555555555555555,24.0,0.0,23.887555555555558,98.6474291608539
2017-08-24 04:00:00,0.18,7.56,0.0,0.0,88.0,2.0,0.0,0.0,5.555555555555555,-5.739999999999999,91.9081044553681
2017-08-24 05:00:00,1.152,7.56,0.0,0.0,88.0,2.0,0.0,0.0,5.555555555555555,-6.712,85.24965164634813
2017-08-24 06:00:00,3.312,8.1,0.0,0.0,88.0,2.0,0.0,0.0,5.555555555555555,-9.411999999999999,78.6711002710364
2017-08-24 07:00:00,4.716,8.64,0.0,0.0,88.0,2.0,0.0,0.0,5.555555555555555,-11.356000000000002,72.1714915122284
2017-08-24 08:00:00,7.884,9.018,22.0,0.0,65.08333333326,2.0,0.0,0.0,5.555555555555555,-36.902,65.74987805852611
2017-08-24 09:00:00,8.712,8.262,18.479999999729657,0.0,45.833333333480006,2.0,0.0,0.0,5.555555555555555,-33.45399999972966,59.40532396626824
2017-08-24 10:00:00,11.952,9.72,22.0,0.0,22.916666666740003,2.0,0.0,0.0,5.555555555555555,-41.672,53.136904523117465
2017-08-24 11:00:00,9.576,10.854,22.0,0.0,0.0,2.0,0.0,0.0,5.555555555555555,-40.43,46.9437061132845
2017-08-24 12:00:00,9.144,13.824,0.0,0.0,0.0,2.0,0.0,0.0,5.555555555555555,-20.968,40.824826084369526
2017-08-24 13:00:00,9.396,16.524,0.0,0.0,0.0,2.0,0.0,0.0,5.555555555555555,-23.92,34.779372615801535
2017-08-24 14:00:00,9.144,18.09,0.0,22.0,21.119999999999997,2.0,0.0,0.0,5.555555555555555,-3.234,28.806464588856358
2017-08-24 15:00:00,7.524,19.008,0.0,0.0,21.119999999999997,2.0,0.0,0.0,5.555555555555555,-24.532,22.905231458234528
2017-08-24 16:00:00,4.176,18.576,0.0,0.0,21.119999999999997,2.0,0.0,0.0,5.555555555555555,-20.752000000000002,17.074813125180157
2017-08-24 17:00:00,0.936,16.902,20.275199999935115,0.0,0.0,2.0,0.0,0.0,5.555555555555555,-36.11319999993511,11.314359812122438
2017-08-24 18:00:00,0.0,18.036,0.0,0.0,0.0,2.0,0.0,0.0,5.555555555555555,-16.036,5.623031938821413
2017-08-24 19:00:00,0.0,17.172,0.0,0.0,0.0,2.0,0.0,0.0,5.555555555555555,-15.172,0.0
2017-08-24 20:00:00,0.0,19.062,0.0,0.0,0.0,2.0,5.555555555555555,0.0,0.0,-11.506444444444446,0.0
2017-08-24 21:00:00,0.0,19.926,0.0,0.0,0.0,2.0,5.555555555555555,0.0,0.0,-12.370444444444443,0.0
2017-08-24 22:00:00,0.0,19.926,0.0,0.0,0.0,2.0,5.555555555555555,0.0,0.0,-12.370444444444443,0.0
2017-08-24 23:00:00,0.0,19.008,0.0,22.0,21.119999999999997,2.0,5.555555555555555,0.0,0.0,10.547555555555558,0.0
2017-08-25 00:00:00,0.0,19.98,0.0,22.0,42.239999999999995,2.0,5.555555555555555,0.19437801382066539,0.0,9.769933569376217,0.19049045354425206
2017-08-25 01:00:00,0.0,17.982,0.0,22.0,63.35999999999999,2.0,5.555555555555555,24.0,0.0,35.57355555555556,23.70820456810172
2017-08-25 02:00:00,0.0,17.01,0.0,22.0,84.47999999999999,2.0,5.555555555555555,24.0,0.0,36.54555555555555,46.9437061132845
2017-08-25 03:00:00,0.0,16.578,0.0,3.6666666666666776,88.0,2.0,0.0,0.0,5.555555555555555,-10.911333333333321,40.824826084369526
2017-08-25 04:00:00,0.18,16.146,0.0,0.0,88.0,2.0,0.0,0.0,5.555555555555555,-14.326,34.779372615801535
2017-08-25 05:00:00,1.44,17.118,22.0,0.0,65.08333333326,2.0,0.0,0.0,5.555555555555555,-38.55799999999999,28.806464588856358
2017-08-25 06:00:00,5.364,19.278,22.0,0.0,42.16666666652,2.0,0.0,0.0,5.555555555555555,-44.641999999999996,22.905231458234528
2017-08-25 07:00:00,10.332,20.79,22.0,0.0,19.249999999779998,2.0,0.0,0.0,5.555555555555555,-51.122,17.074813125180157
2017-08-25 08:00:00,14.904,21.978,18.47999999972966,0.0,0.0,2.0,0.0,0.0,5.555555555555555,-53.36199999972966,11.314359812122438
2017-08-25 09:00:00,18.972,22.032,0.0,0.0,0.0,2.0,0.0,0.0,5.555555555555555,-39.004000000000005,5.623031938821413
2017-08-25 10:00:00,21.636,22.194,0.0,3.66666666666667,3.520000000000003,2.0,0.0,0.0,5.555555555555555,-38.16333333333333,0.0
2017-08-25 11:00:00,22.572,22.572,0.0,22.0,24.64,2.0,5.555555555555555,0.0,0.0,-15.588444444444441,0.0
2017-08-25 12:00:00,21.852,22.356,0.0,22.0,45.76,2.0,5.555555555555555,24.0,0.0,9.347555555555555,23.52
2017-08-25 13:00:00,18.864,21.222,0.0,22.0,66.88,2.0,5.555555555555555,17.94598580037707,0.0,7.415541355932628,40.824826084369526
2017-08-25 14:00:00,13.968,19.386,0.0,22.0,88.0,2.0,0.0,0.0,5.555555555555555,-9.354,34.779372615801535
2017-08-25 15:00:00,9.576,16.038,0.0,0.0,88.0,2.0,0.0,0.0,5.555555555555555,-23.614,28.806464588856358
2017-08-25 16:00:00,4.68,12.204,22.0,0.0,65.08333333326,2.0,0.0,0.0,5.555555555555555,-36.884,22.905231458234528
2017-08-25 17:00:00,0.9,8.424,22.0,0.0,42.16666666652,2.0,0.0,0.0,5.555555555555555,-29.323999999999998,17.074813125180157
2017-08-25 18:00:00,0.0,6.912,22.0,0.0,19.249999999779998,2.0,0.0,0.0,5.555555555555555,-26.912,11.314359812122438
2017-08-25 19:00:00,0.0,4.914,18.47999999972966,0.0,0.0,2.0,0.0,0.0,5.555555555555555,-21.393999999729658,5.623031938821413
2017-08-25 20:00:00,0.0,3.942,0.0,0.0,0.0,2.0,0.0,0.0,5.555555555555555,-1.9420000000000002,0.0
2017-08-25 21:00:00,0.0,3.618,0.0,0.0,0.0,2.0,5.555555555555555,0.0,0.0,3.9375555555555555,0.0
2017-08-25 22:00:00,0.0,3.402,0.0,0.0,0.0,2.0,5.555555555555555,0.0,0.0,4.153555555555555,0.0
2017-08-25 23:00:00,0.0,3.402,0.0,0.0,0.0,2.0,5.555555555555555,0.0,0.0,4.153555555555555,0.0
2017-08-26 00:00:00,0.0,3.942,0.0,0.0,0.0,2.0,5.555555555555555,0.0,0.0,3.613555555555555,0.0
2017-08-26 01:00:00,0.0,3.672,0.0,22.0,21.119999999999997,2.0,5.555555555555555,0.0,0.0,25.883555555555557,0.0
2017-08-26 02:00:00,0.0,3.888,0.0,22.0,42.239999999999995,2.0,5.555555555555555,0.0,0.0,25.66755555555556,0.0
2017-08-26 03:00:00,0.0,3.402,0.0,22.0,63.35999999999999,2.0,5.555555555555555,0.0,0.0,26.153555555555556,0.0
2017-08-26 04:00:00,0.144,2.916,0.0,22.0,84.47999999999999,2.0,5.555555555555555,23.656563928607092,0.0,50.152119484162654,23.18343265003495
2017-08-26 05:00:00,1.332,2.43,0.0,3.6666666666666776,88.0,2.0,5.555555555555555,0.0,0.0,7.4602222222222325,22.905231458234528
2017-08-26 06:00:00,4.356,2.268,0.0,0.0,88.0,2.0,0.0,0.0,5.555555555555555,-4.624,17.074813125180157
2017-08-26 07:00:00,9.144,1.89,22.0,0.0,65.08333333326,2.0,0.0,0.0,5.555555555555555,-31.034,11.314359812122438
2017-08-26 08:00:00,12.672,1.674,22.0,0.0,42.16666666652,2.0,0.0,0.0,5.555555555555555,-34.346000000000004,5.623031938821413
2017-08-26 09:00:00,16.02,1.728,22.0,0.0,19.249999999779998,2.0,0.0,0.0,5.555555555555555,-37.748000000000005,0.0
2017-08-26 10:00:00,16.812,1.62,0.0,22.0,40.36999999977999,2.0,5.555555555555555,0.0,0.0,11.123555555555555,0.0
2017-08-26 11:00:00,15.084,1.458,0.0,22.0,61.48999999977999,2.0,5.555555555555555,0.0,0.0,13.013555555555559,0.0
2017-08-26 12:00:00,12.852,1.08,0.0,22.0,82.60999999977999,2.0,5.555555555555555,11.769939404851876,0.0,27.393494960407434,11.534540616754837
2017-08-26 13:00:00,11.556,1.35,0.0,0.0,82.60999999977999,2.0,5.555555555555555,0.0,0.0,-5.3504444444444434,11.39612612935378
2017-08-26 14:00:00,8.856,1.026,0.0,5.614583333562514,88.0,2.0,5.555555555555555,24.0,0.0,27.288138889118066,34.779372615801535
2017-08-26 15:00:00,6.336,0.648,0.0,0.0,88.0,2.0,0.0,0.0,5.555555555555555,-4.984,28.806464588856358
2017-08-26 16:00:00,2.808,0.378,18.47999999972965,0.0,68.75000000022001,2.0,0.0,0.0,5.555555555555555,-19.665999999729653,22.905231458234528
2017-08-26 17:00:00,0.648,0.27,22.0,0.0,45.833333333480006,2.0,0.0,0.0,5.555555555555555,-20.918,17.074813125180157
2017-08-26 18:00:00,0.0,0.54,22.0,0.0,22.916666666740003,2.0,0.0,0.0,5.555555555555555,-20.54,11.314359812122438
2017-08-26 19:00:00,0.0,0.594,22.0,0.0,0.0,2.0,0.0,0.0,5.555555555555555,-20.594,5.623031938821413
2017-08-26 20:00:00,0.0,0.54,0.0,0.0,0.0,2.0,0.0,0.0,5.555555555555555,1.46,0.0
2017-08-26 21:00:00,0.0,0.594,0.0,0.0,0.0,2.0,5.555555555555555,0.0,0.0,6.961555555555555,0.0
2017-08-26 22:00:00,0.0,0.864,0.0,0.0,0.0,2.0,5.555555555555555,0.0,0.0,6.6915555555555555,0.0
2017-08-26 23:00:00,0.0,1.134,0.0,0.0,0.0,2.0,5.555555555555555,0.0,0.0,6.421555555555555,0.0
2017-08-27 00:00:00,0.0,1.458,0.0,0.0,0.0,2.0,5.555555555555555,0.0,0.0,6.097555555555555,0.0
2017-08-27 01:00:00,0.0,1.728,0.0,22.0,21.119999999999997,2.0,5.555555555555555,0.0,0.0,27.827555555555556,0.0
2017-08-27 02:00:00,0.0,2.214,0.0,0.0,21.119999999999997,2.0,5.555555555555555,0.0,0.0,5.341555555555555,0.0
2017-08-27 03:00:00,0.0,2.268,0.0,22.0,42.239999999999995,2.0,5.555555555555555,0.0,0.0,27.287555555555556,0.0
2017-08-27 04:00:00,0.108,2.322,0.0,0.0,42.239999999999995,2.0,5.555555555555555,0.0,0.0,5.125555555555556,0.0
2017-08-27 05:00:00,1.404,2.808,0.0,22.0,63.35999999999999,2.0,5.555555555555555,0.0,0.0,25.343555555555557,0.0
2017-08-27 06:00:00,5.328,4.86,0.0,0.0,63.35999999999999,2.0,5.555555555555555,0.0,0.0,-2.6324444444444453,0.0
2017-08-27 07:00:00,11.232,6.102,0.0,0.0,63.35999999999999,2.0,5.555555555555555,0.0,0.0,-9.778444444444444,0.0
2017-08-27 08:00:00,16.596,7.182,0.0,0.0,63.35999999999999,2.0,5.555555555555555,0.0,0.0,-16.222444444444445,0.0
2017-08-27 09:00:00,20.412,7.236,0.0,0.0,63.35999999999999,2.0,5.555555555555555,0.0,0.0,-20.092444444444443,0.0
2017-08-27 10:00:00,22.5,7.128,0.0,0.0,63.35999999999999,2.0,5.555555555555555,0.0,0.0,-22.072444444444443,0.0
2017-08-27 11:00:00,23.328,6.804,0.0,0.0,63.35999999999999,2.0,5.555555555555555,0.0,0.0,-22.576444444444444,0.0
2017-08-27 12:00:00,22.428,6.48,0.0,22.0,84.47999999999999,2.0,5.555555555555555,0.19437801382066539,0.0,0.84193356937622,0.19049045354425206
2017-08-27 13:00:00,17.028,5.994,0.0,3.6666666666666776,88.0,2.0,5.555555555555555,24.0,0.0,12.200222222222237,23.70820456810172
2017-08-27 14:00:00,12.852,5.346,0.0,0.0,88.0,2.0,5.555555555555555,24.0,0.0,13.357555555555557,46.9437061132845
2017-08-27 15:00:00,9.144,4.644,0.0,0.0,88.0,2.0,0.0,0.0,5.555555555555555,-11.788,40.824826084369526
2017-08-27 16:00:00,4.68,3.24,0.0,0.0,88.0,2.0,0.0,0.0,5.555555555555555,-5.92,34.779372615801535
2017-08-27 17:00:00,0.792,1.782,22.0,0.0,65.08333333326,2.0,0.0,0.0,5.555555555555555,-22.574,28.806464588856358
2017-08-27 18:00:00,0.0,1.404,22.0,0.0,42.16666666652,2.0,0.0,0.0,5.555555555555555,-21.404,22.905231458234528
2017-08-27 19:00:00,0.0,1.026,22.0,0.0,19.249999999779998,2.0,0.0,0.0,5.555555555555555,-21.026,17.074813125180157
2017-08-27 20:00:00,0.0,0.81,18.47999999972966,0.0,0.0,2.0,0.0,0.0,5.555555555555555,-17.28999999972966,11.314359812122438
2017-08-27 21:00:00,0.0,0.81,0.0,0.0,0.0,2.0,0.0,0.0,5.555555555555555,1.19,5.623031938821413
2017-08-27 22:00:00,0.0,0.864,0.0,0.0,0.0,2.0,0.0,0.0,5.555555555555555,1.1360000000000001,0.0
2017-08-27 23:00:00,0.0,0.918,0.0,22.0,21.119999999999997,2.0,5.555555555555555,6.690257557429382,0.0,35.32781311298494,6.556452406280794
2017-08-28 00:00:00,0.0,1.62,0.0,22.0,42.239999999999995,2.0,5.555555555555555,24.0,0.0,51.93555555555556,29.997774977405424
2017-08-28 01:00:00,0.0,1.35,0.0,22.0,63.35999999999999,2.0,5.555555555555555,24.0,0.0,52.205555555555556,53.15780167767656
2017-08-28 02:00:00,0.0,1.134,0.0,22.0,84.47999999999999,2.0,5.555555555555555,24.0,0.0,52.42155555555556,76.03990805754444
2017-08-28 03:00:00,0.0,0.972,0.0,3.6666666666666776,88.0,2.0,5.555555555555555,24.0,0.0,34.250222222222234,98.6474291608539
2017-08-28 04:00:00,0.108,0.918,0.0,0.0,88.0,2.0,0.0,0.0,5.555555555555555,0.9739999999999999,91.9081044553681
2017-08-28 05:00:00,1.368,0.864,22.0,0.0,65.08333333326,2.0,0.0,0.0,5.555555555555555,-22.232,85.24965164634813
2017-08-28 06:00:00,5.076,1.026,22.0,0.0,42.16666666652,2.0,0.0,0.0,5.555555555555555,-26.102,78.6711002710364
2017-08-28 07:00:00,10.008,1.35,22.0,0.0,19.249999999779998,2.0,0.0,0.0,5.555555555555555,-31.358,72.1714915122284
2017-08-28 08:00:00,15.228,1.62,18.47999999972966,0.0,0.0,2.0,0.0,0.0,5.555555555555555,-33.32799999972966,65.74987805852611
2017-08-28 09:00:00,19.296,2.268,0.0,0.0,0.0,2.0,0.0,0.0,5.555555555555555,-19.564,59.40532396626824
2017-08-28 10:00:00,20.988,3.186,0.0,0.0,0.0,2.0,0.0,0.0,5.555555555555555,-22.174,53.136904523117465
2017-08-28 11:00:00,20.16,4.32,0.0,0.0,0.0,2.0,0.0,0.0,5.555555555555555,-22.48,46.9437061132845
2017-08-28 12:00:00,15.336,4.374,0.0,0.0,0.0,2.0,0.0,0.0,5.555555555555555,-17.71,40.824826084369526
2017-08-28 13:00:00,12.24,4.698,0.0,1.8715277778541726,1.7966666667400055,2.0,0.0,0.0,5.555555555555555,-13.066472222145828,34.779372615801535
2017-08-28 14:00:00,10.188,4.752,0.0,22.0,22.916666666740003,2.0,0.0,0.0,5.555555555555555,9.06,28.806464588856358
2017-08-28 15:00:00,7.992,4.428,0.0,0.0,22.916666666740003,2.0,0.0,0.0,5.555555555555555,-10.42,22.905231458234528
2017-08-28 16:00:00,4.428,3.186,0.0,0.0,22.916666666740003,2.0,0.0,0.0,5.555555555555555,-5.614,17.074813125180157
2017-08-28 17:00:00,0.792,2.484,22.0,0.0,0.0,2.0,0.0,0.0,5.555555555555555,-23.276000000000003,11.314359812122438
2017-08-28 18:00:00,0.0,2.322,0.0,0.0,0.0,2.0,0.0,0.0,5.555555555555555,-0.32200000000000006,5.623031938821413
2017-08-28 19:00:00,0.0,3.078,0.0,0.0,0.0,2.0,0.0,0.0,5.555555555555555,-1.0779999999999998,0.0
2017-08-28 20:00:00,0.0,3.78,0.0,0.0,0.0,2.0,5.555555555555555,0.0,0.0,3.7755555555555556,0.0
2017-08-28 21:00:00,0.0,4.212,0.0,0.0,0.0,2.0,5.555555555555555,0.0,0.0,3.3435555555555556,0.0
2017-08-28 22:00:00,0.0,4.644,0.0,0.0,0.0,2.0,5.555555555555555,0.0,0.0,2.9115555555555552,0.0
2017-08-28 23:00:00,0.0,5.184,0.0,22.0,21.119999999999997,2.0,5.555555555555555,0.0,0.0,24.371555555555556,0.0
2017-08-29 00:00:00,0.0,6.264,0.0,22.0,42.239999999999995,2.0,5.555555555555555,0.0,0.0,23.291555555555558,0.0
2017-08-29 01:00:00,0.0,6.966,0.0,22.0,63.35999999999999,2.0,5.555555555555555,0.0,0.0,22.589555555555556,0.0
2017-08-29 02:00:00,0.0,7.398,0.0,22.0,84.47999999999999,2.0,5.555555555555555,24.0,0.0,46.15755555555556,23.52
2017-08-29 03:00:00,0.0,7.884,0.0,3.6666666666666776,88.0,2.0,5.555555555555555,11.777155730409731,0.0,15.115377952631963,34.779372615801535
2017-08-29 04:00:00,0.072,8.424,0.0,0.0,88.0,2.0,0.0,0.0,5.555555555555555,-6.4959999999999996,28.806464588856358
2017-08-29 05:00:00,1.404,9.666,15.100799999740468,0.0,72.27000000022001,2.0,0.0,0.0,5.555555555555555,-24.17079999974047,22.905231458234528
2017-08-29 06:00:00,5.292,10.476,22.0,0.0,49.35333333348001,2.0,0.0,0.0,5.555555555555555,-35.768,17.074813125180157
2017-08-29 07:00:00,10.224,11.286,22.0,0.0,26.436666666740006,2.0,0.0,0.0,5.555555555555555,-41.510000000000005,11.314359812122438
2017-08-29 08:00:00,14.616,13.662,22.0,0.0,3.520000000000003,2.0,0.0,0.0,5.555555555555555,-48.278,5.623031938821413
2017-08-29 09:00:00,18.648,16.524,0.0,0.0,3.520000000000003,2.0,0.0,0.0,5.555555555555555,-33.172,0.0
2017-08-29 10:00:00,21.132,17.928,0.0,22.0,24.64,2.0,5.555555555555555,24.0,0.0,14.495555555555558,23.52
2017-08-29 11:00:00,22.212,18.252,0.0,22.0,45.76,2.0,5.555555555555555,12.644475817512307,0.0,1.736031373067867,35.62934630116206
2017-08-29 12:00:00,21.168,15.876,0.0,22.0,66.88,2.0,5.555555555555555,0.0,0.0,-7.488444444444442,35.201794145548114
2017-08-29 13:00:00,18.108,15.12,0.0,22.0,88.0,2.0,5.555555555555555,0.0,0.0,-3.6724444444444426,34.779372615801535
2017-08-29 14:00:00,14.22,14.958,0.0,0.0,88.0,2.0,0.0,0.0,5.555555555555555,-27.178,28.806464588856358
2017-08-29 15:00:00,9.18,13.284,0.0,0.0,88.0,2.0,0.0,0.0,5.555555555555555,-20.464,22.905231458234528
2017-08-29 16:00:00,4.068,10.26,18.47999999972965,0.0,68.75000000022001,2.0,0.0,0.0,5.555555555555555,-30.807999999729653,17.074813125180157
2017-08-29 17:00:00,0.684,7.506,22.0,0.0,45.833333333480006,2.0,0.0,0.0,5.555555555555555,-28.19,11.314359812122438
2017-08-29 18:00:00,0.0,5.778,22.0,0.0,22.916666666740003,2.0,0.0,0.0,5.555555555555555,-25.778,5.623031938821413
2017-08-29 19:00:00,0.0,4.806,22.0,0.0,0.0,2.0,0.0,0.0,5.555555555555555,-24.806,0.0
2017-08-29 20:00:00,0.0,4.374,0.0,0.0,0.0,2.0,5.555555555555555,0.0,0.0,3.1815555555555557,0.0
2017-08-29 21:00:00,0.0,5.616,0.0,0.0,0.0,2.0,5.555555555555555,0.0,0.0,1.9395555555555557,0.0
2017-08-29 22:00:00,0.0,6.21,0.0,0.0,0.0,2.0,5.555555555555555,0.0,0.0,1.3455555555555554,0.0
2017-08-29 23:00:00,0.0,5.292,0.0,22.0,21.119999999999997,2.0,5.555555555555555,0.0,0.0,24.263555555555556,0.0
2017-08-30 00:00:00,0.0,5.13,0.0,22.0,42.239999999999995,2.0,5.555555555555555,23.47948287597725,0.0,47.90503843153281,23.009893218457705
2017-08-30 01:00:00,0.0,3.078,0.0,22.0,63.35999999999999,2.0,5.555555555555555,24.0,0.0,50.477555555555554,46.25377449983621
2017-08-30 02:00:00,0.0,1.782,0.0,22.0,84.47999999999999,2.0,5.555555555555555,24.0,0.0,51.77355555555556,69.21872920583817
2017-08-30 03:00:00,0.0,1.35,0.0,3.6666666666666776,88.0,2.0,5.555555555555555,24.0,0.0,33.872222222222234,91.9081044553681
2017-08-30 04:00:00,0.036,1.134,0.0,0.0,88.0,2.0,0.0,0.0,5.555555555555555,0.8300000000000001,85.24965164634813
2017-08-30 05:00:00,0.792,1.026,0.0,0.0,88.0,2.0,0.0,0.0,5.555555555555555,0.18199999999999994,78.6711002710364
2017-08-30 06:00:00,1.836,0.594,22.0,0.0,65.08333333326,2.0,0.0,0.0,5.555555555555555,-22.43,72.1714915122284
2017-08-30 07:00:00,2.268,0.324,22.0,0.0,42.16666666652,2.0,0.0,0.0,5.555555555555555,-22.592000000000002,65.74987805852611
2017-08-30 08:00:00,2.556,0.486,18.47999999972966,0.0,22.916666666740003,2.0,0.0,0.0,5.555555555555555,-19.521999999729662,59.40532396626824
2017-08-30 09:00:00,2.268,0.918,22.0,0.0,0.0,2.0,0.0,0.0,5.555555555555555,-23.186,53.136904523117465
2017-08-30 10:00:00,4.212,1.512,0.0,0.0,0.0,2.0,0.0,0.0,5.555555555555555,-3.7239999999999998,46.9437061132845
2017-08-30 11:00:00,5.652,1.674,0.0,0.0,0.0,2.0,0.0,0.0,5.555555555555555,-5.3260000000000005,40.824826084369526
2017-08-30 12:00:00,6.12,1.89,0.0,0.0,0.0,2.0,0.0,0.0,5.555555555555555,-6.01,34.779372615801535
2017-08-30 13:00:00,3.852,2.052,0.0,1.8715277778541726,1.7966666667400055,2.0,0.0,0.0,5.555555555555555,-2.0324722221458273,28.806464588856358
2017-08-30 14:00:00,1.692,2.916,0.0,22.0,22.916666666740003,2.0,0.0,0.0,5.555555555555555,19.392,22.905231458234528
2017-08-30 15:00:00,1.224,4.104,0.0,0.0,22.916666666740003,2.0,0.0,0.0,5.555555555555555,-3.3280000000000003,17.074813125180157
2017-08-30 16:00:00,0.684,5.562,22.0,0.0,0.0,2.0,0.0,0.0,5.555555555555555,-26.246000000000002,11.314359812122438
2017-08-30 17:00:00,0.216,6.858,0.0,0.0,0.0,2.0,0.0,0.0,5.555555555555555,-5.074,5.623031938821413
2017-08-30 18:00:00,0.0,9.612,0.0,0.0,0.0,2.0,0.0,0.0,5.555555555555555,-7.612,0.0
2017-08-30 19:00:00,0.0,9.342,0.0,0.0,0.0,2.0,5.555555555555555,0.0,0.0,-1.7864444444444452,0.0
2017-08-30 20:00:00,0.0,6.372,0.0,0.0,0.0,2.0,5.555555555555555,0.0,0.0,1.1835555555555555,0.0
2017-08-30 21:00:00,0.0,6.588,0.0,0.0,0.0,2.0,5.555555555555555,0.0,0.0,0.9675555555555553,0.0
2017-08-30 22:00:00,0.0,6.642,0.0,0.0,0.0,2.0,5.555555555555555,0.0,0.0,0.913555555555555,0.0
2017-08-30 23:00:00,0.0,6.804,0.0,22.0,21.119999999999997,2.0,5.555555555555555,0.0,0.0,22.751555555555555,0.0
2017-08-31 00:00:00,0.0,8.154,0.0,22.0,42.239999999999995,2.0,5.555555555555555,24.0,0.0,45.40155555555556,23.52
2017-08-31 01:00:00,0.0,8.154,0.0,22.0,63.35999999999999,2.0,5.555555555555555,24.0,0.0,45.40155555555556,46.75776
2017-08-31 02:00:00,0.0,7.344,0.0,22.0,84.47999999999999,2.0,5.555555555555555,24.0,0.0,46.211555555555556,69.71666687999999
2017-08-31 03:00:00,0.0,5.184,0.0,3.6666666666666776,88.0,2.0,5.555555555555555,24.0,0.0,30.038222222222235,92.40006687743998
2017-08-31 04:00:00,0.036,3.996,0.0,0.0,88.0,2.0,0.0,0.0,5.555555555555555,-2.032,85.73571051935515
2017-08-31 05:00:00,0.468,3.348,0.0,0.0,88.0,2.0,0.0,0.0,5.555555555555555,-1.8159999999999998,79.15132643756733
2017-08-31 06:00:00,1.368,3.834,0.0,0.0,88.0,2.0,0.0,0.0,5.555555555555555,-3.202,72.64595496476097
2017-08-31 07:00:00,2.412,4.374,22.0,0.0,65.08333333326,2.0,0.0,0.0,5.555555555555555,-26.785999999999998,66.21864794962829
2017-08-31 08:00:00,3.6,5.454,22.0,0.0,42.16666666652,2.0,0.0,0.0,5.555555555555555,-29.054000000000002,59.8684686186772
2017-08-31 09:00:00,2.412,7.236,22.0,0.0,19.249999999779998,2.0,0.0,0.0,5.555555555555555,-29.648,53.594491439697514
2017-08-31 10:00:00,3.492,9.72,18.47999999972966,0.0,0.0,2.0,0.0,0.0,5.555555555555555,-29.691999999729664,47.395801986865585
2017-08-31 11:00:00,6.984,12.15,0.0,0.0,0.0,2.0,0.0,0.0,5.555555555555555,-17.134,41.27149680746764
2017-08-31 12:00:00,10.908,15.39,0.0,0.0,0.0,2.0,0.0,0.0,5.555555555555555,-24.298000000000002,35.220683290222475
2017-08-31 13:00:00,7.416,14.472,0.0,0.0,0.0,2.0,0.0,0.0,5.555555555555555,-19.887999999999998,29.242479535184245
2017-08-31 14:00:00,4.14,12.42,0.0,0.0,0.0,2.0,0.0,0.0,5.555555555555555,-14.559999999999999,23.336014225206476
2017-08-31 15:00:00,4.14,11.502,0.0,0.0,0.0,2.0,0.0,0.0,5.555555555555555,-13.642,17.500426498948443
2017-08-31 16:00:00,3.096,9.558,0.0,0.0,0.0,2.0,0.0,0.0,5.555555555555555,-10.654,11.734865825405505
2017-08-31 17:00:00,0.648,7.992,0.0,0.0,0.0,2.0,0.0,0.0,5.555555555555555,-6.64,6.038491879945083
2017-08-31 18:00:00,0.0,9.342,0.0,0.0,0.0,2.0,0.0,0.0,5.555555555555555,-7.3420000000000005,0.41047442183018656
2017-08-31 19:00:00,0.0,8.91,0.0,0.0,0.0,2.0,5.1500068267873305,0.0,0.40554872876822434,-1.7599931732126688,0.0
2017-08-31 20:00:00,0.0,8.856,0.0,0.0,0.0,2.0,5.555555555555555,0.0,0.0,-1.3004444444444445,0.0
2017-08-31 21:00:00,0.0,8.154,0.0,0.0,0.0,2.0,5.555555555555555,0.0,0.0,-0.5984444444444446,0.0
2017-08-31 22:00:00,0.0,7.614,0.0,0.0,0.0,2.0,5.555555555555555,0.0,0.0,-0.05844444444444452,0.0
2017-08-31 23:00:00,0.0,7.074,0.0,22.0,21.119999999999997,2.0,5.555555555555555,0.0,0.0,22.48155555555556,0.0
2017-09-01 00:00:00,0.0,7.722,0.0,22.0,42.239999999999995,2.0,5.555555555555555,24.0,0.0,45.833555555555556,23.52
2017-09-01 01:00:00,0.0,5.886,0.0,22.0,63.35999999999999,2.0,5.555555555555555,24.0,0.0,47.669555555555554,46.75776
2017-09-01 02:00:00,0.0,4.806,0.0,22.0,84.47999999999999,2.0,5.555555555555555,24.0,0.0,48.74955555555556,69.71666687999999
2017-09-01 03:00:00,0.0,4.266,0.0,3.6666666666666776,88.0,2.0,5.555555555555555,24.0,0.0,30.956222222222237,92.40006687743998
2017-09-01 04:00:00,0.036,3.78,0.0,0.0,88.0,2.0,0.0,0.0,5.555555555555555,-1.8159999999999998,85.73571051935515
2017-09-01 05:00:00,1.296,3.726,0.0,0.0,88.0,2.0,0.0,0.0,5.555555555555555,-3.0220000000000002,79.15132643756733
2017-09-01 06:00:00,5.616,4.644,22.0,0.0,65.08333333326,2.0,0.0,0.0,5.555555555555555,-30.259999999999998,72.64595496476097
2017-09-01 07:00:00,11.484,5.832,22.0,0.0,42.16666666652,2.0,0.0,0.0,5.555555555555555,-37.316,66.21864794962829
2017-09-01 08:00:00,16.38,5.67,18.47999999972966,0.0,22.916666666740003,2.0,0.0,0.0,5.555555555555555,-38.529999999729654,59.8684686186772
2017-09-01 09:00:00,19.476,5.67,22.0,0.0,0.0,2.0,0.0,0.0,5.555555555555555,-45.146,53.594491439697514
2017-09-01 10:00:00,21.456,5.832,0.0,0.0,0.0,2.0,0.0,0.0,5.555555555555555,-25.288,47.395801986865585
2017-09-01 11:00:00,21.384,5.778,0.0,5.614583333562521,5.39000000022002,2.0,0.0,0.0,5.555555555555555,-19.547416666437478,41.27149680746764
2017-09-01 12:00:00,20.448,6.318,0.0,22.0,26.510000000220018,2.0,0.0,0.0,5.555555555555555,-2.7659999999999982,35.220683290222475
2017-09-01 13:00:00,15.804,6.804,0.0,22.0,47.630000000220015,2.0,0.0,0.0,5.555555555555555,1.3919999999999977,29.242479535184245
2017-09-01 14:00:00,12.852,6.48,0.0,22.0,68.75000000022001,2.0,0.0,0.0,5.555555555555555,4.667999999999999,23.336014225206476
2017-09-01 15:00:00,8.964,5.076,0.0,0.0,68.75000000022001,2.0,0.0,0.0,5.555555555555555,-12.04,17.500426498948443
2017-09-01 16:00:00,4.176,3.078,22.0,0.0,45.833333333480006,2.0,0.0,0.0,5.555555555555555,-27.253999999999998,11.734865825405505
2017-09-01 17:00:00,0.648,2.376,22.0,0.0,22.916666666740003,2.0,0.0,0.0,5.555555555555555,-23.024,6.038491879945083
2017-09-01 18:00:00,0.0,2.052,22.0,0.0,0.0,2.0,0.0,0.0,5.555555555555555,-22.052,0.41047442183018656
2017-09-01 19:00:00,0.0,2.16,0.0,0.0,0.0,2.0,5.1500068267873305,0.0,0.40554872876822434,4.990006826787331,0.0
2017-09-01 20:00:00,0.0,2.106,0.0,0.0,0.0,2.0,5.555555555555555,0.0,0.0,5.4495555555555555,0.0
2017-09-01 21:00:00,0.0,1.89,0.0,0.0,0.0,2.0,5.555555555555555,0.0,0.0,5.665555555555556,0.0
2017-09-01 22:00:00,0.0,1.728,0.0,0.0,0.0,2.0,5.555555555555555,0.0,0.0,5.827555555555556,0.0
2017-09-01 23:00:00,0.0,1.674,0.0,0.0,0.0,2.0,5.555555555555555,0.0,0.0,5.881555555555556,0.0
2017-09-02 00:00:00,0.0,1.944,0.0,22.0,21.119999999999997,2.0,5.555555555555555,0.0,0.0,27.611555555555558,0.0
2017-09-02 01:00:00,0.0,2.16,0.0,22.0,42.239999999999995,2.0,5.555555555555555,0.0,0.0,27.395555555555557,0.0
2017-09-02 02:00:00,0.0,2.43,0.0,22.0,63.35999999999999,2.0,5.555555555555555,0.0,0.0,27.125555555555557,0.0
2017-09-02 03:00:00,0.0,2.754,0.0,22.0,84.47999999999999,2.0,5.555555555555555,24.0,0.0,50.80155555555556,23.52
2017-09-02 04:00:00,0.0,3.024,0.0,3.6666666666666776,88.0,2.0,5.555555555555555,11.777155730409731,0.0,19.975377952631963,34.779372615801535
2017-09-02 05:00:00,1.296,3.132,0.0,0.0,88.0,2.0,0.0,0.0,5.555555555555555,-2.428,28.806464588856358
2017-09-02 06:00:00,5.724,3.132,0.0,0.0,88.0,2.0,0.0,0.0,5.555555555555555,-6.856,22.905231458234528
2017-09-02 07:00:00,11.484,2.97,22.0,0.0,65.08333333326,2.0,0.0,0.0,5.555555555555555,-34.454,17.074813125180157
2017-09-02 08:00:00,16.74,2.646,22.0,0.0,42.16666666652,2.0,0.0,0.0,5.555555555555555,-39.385999999999996,11.314359812122438
2017-09-02 09:00:00,20.592,2.376,22.0,0.0,19.249999999779998,2.0,0.0,0.0,5.555555555555555,-42.968,5.623031938821413
2017-09-02 10:00:00,22.86,2.322,0.0,0.0,19.249999999779998,2.0,0.0,0.0,5.555555555555555,-23.182,0.0
2017-09-02 11:00:00,21.348,2.322,0.0,0.0,19.249999999779998,2.0,5.555555555555555,0.0,0.0,-16.114444444444445,0.0
2017-09-02 12:00:00,18.396,2.214,0.0,22.0,40.36999999977999,2.0,5.555555555555555,0.0,0.0,8.945555555555558,0.0
2017-09-02 13:00:00,16.956,2.592,0.0,22.0,61.48999999977999,2.0,5.555555555555555,11.628700131993654,0.0,21.636255687549212,11.39612612935378
2017-09-02 14:00:00,14.76,3.132,0.0,22.0,82.60999999977999,2.0,5.555555555555555,24.0,0.0,35.66355555555556,34.779372615801535
2017-09-02 15:00:00,9.648,2.97,0.0,5.614583333562514,88.0,2.0,0.0,0.0,5.555555555555555,-5.003416666437486,28.806464588856358
2017-09-02 16:00:00,4.32,1.998,18.47999999972965,0.0,68.75000000022001,2.0,0.0,0.0,5.555555555555555,-22.797999999729655,22.905231458234528
2017-09-02 17:00:00,0.612,1.512,22.0,0.0,45.833333333480006,2.0,0.0,0.0,5.555555555555555,-22.124,17.074813125180157
2017-09-02 18:00:00,0.0,0.972,22.0,0.0,22.916666666740003,2.0,0.0,0.0,5.555555555555555,-20.972,11.314359812122438
2017-09-02 19:00:00,0.0,0.81,22.0,0.0,0.0,2.0,0.0,0.0,5.555555555555555,-20.81,5.623031938821413
2017-09-02 20:00:00,0.0,0.594,0.0,0.0,0.0,2.0,0.0,0.0,5.555555555555555,1.4060000000000001,0.0
2017-09-02 21:00:00,0.0,0.54,0.0,0.0,0.0,2.0,5.555555555555555,5.737787692674911,0.0,12.753343248230468,5.623031938821413
2017-09-02 22:00:00,0.0,0.486,0.0,0.0,0.0,2.0,0.0,0.0,5.555555555555555,1.514,0.0
2017-09-02 23:00:00,0.0,0.486,0.0,22.0,21.119999999999997,2.0,5.555555555555555,0.0,0.0,29.069555555555556,0.0
2017-09-03 00:00:00,0.0,0.378,0.0,0.0,21.119999999999997,2.0,5.555555555555555,0.0,0.0,7.177555555555555,0.0
2017-09-03 01:00:00,0.0,0.378,0.0,22.0,42.239999999999995,2.0,5.555555555555555,0.0,0.0,29.177555555555557,0.0
2017-09-03 02:00:00,0.0,0.378,0.0,22.0,63.35999999999999,2.0,5.555555555555555,0.0,0.0,29.177555555555557,0.0
2017-09-03 03:00:00,0.0,0.324,0.0,22.0,84.47999999999999,2.0,5.555555555555555,0.0,0.0,29.231555555555556,0.0
2017-09-03 04:00:00,0.0,0.324,0.0,3.6666666666666776,88.0,2.0,5.555555555555555,0.0,0.0,10.898222222222232,0.0
2017-09-03 05:00:00,1.296,0.27,0.0,0.0,88.0,2.0,5.555555555555555,0.0,0.0,5.9895555555555555,0.0
2017-09-03 06:00:00,5.76,0.594,0.0,0.0,88.0,2.0,5.555555555555555,0.0,0.0,1.2015555555555553,0.0
2017-09-03 07:00:00,11.484,0.54,0.0,0.0,88.0,2.0,5.555555555555555,0.0,0.0,-4.468444444444445,0.0
2017-09-03 08:00:00,16.74,0.648,0.0,0.0,88.0,2.0,5.555555555555555,0.0,0.0,-9.832444444444443,0.0
2017-09-03 09:00:00,20.844,0.864,0.0,0.0,88.0,2.0,5.555555555555555,0.0,0.0,-14.152444444444445,0.0
2017-09-03 10:00:00,23.112,1.134,0.0,0.0,88.0,2.0,5.555555555555555,0.0,0.0,-16.690444444444445,0.0
2017-09-03 11:00:00,23.652,1.242,0.0,0.0,88.0,2.0,5.555555555555555,0.0,0.0,-17.338444444444445,0.0
2017-09-03 12:00:00,22.5,1.89,0.0,0.0,88.0,2.0,5.555555555555555,0.0,0.0,-16.834444444444443,0.0
2017-09-03 13:00:00,18.972,2.268,0.0,0.0,88.0,2.0,5.555555555555555,11.628700131993654,0.0,-2.0557443124507913,11.39612612935378
2017-09-03 14:00:00,12.816,2.214,0.0,0.0,88.0,2.0,5.555555555555555,24.0,0.0,16.525555555555556,34.779372615801535
2017-09-03 15:00:00,8.712,1.89,0.0,0.0,88.0,2.0,0.0,0.0,5.555555555555555,-8.602,28.806464588856358
2017-09-03 16:00:00,3.996,1.62,0.0,0.0,88.0,2.0,0.0,0.0,5.555555555555555,-3.616,22.905231458234528
2017-09-03 17:00:00,0.576,1.89,22.0,0.0,65.08333333326,2.0,0.0,0.0,5.555555555555555,-22.466,17.074813125180157
2017-09-03 18:00:00,0.0,1.674,22.0,0.0,42.16666666652,2.0,0.0,0.0,5.555555555555555,-21.674,11.314359812122438
2017-09-03 19:00:00,0.0,1.242,22.0,0.0,19.249999999779998,2.0,0.0,0.0,5.555555555555555,-21.242,5.623031938821413
2017-09-03 20:00:00,0.0,1.08,18.47999999972966,0.0,0.0,2.0,0.0,0.0,5.555555555555555,-17.559999999729662,0.0
2017-09-03 21:00:00,0.0,1.188,0.0,0.0,0.0,2.0,5.555555555555555,0.0,0.0,6.367555555555556,0.0
2017-09-03 22:00:00,0.0,1.188,0.0,0.0,0.0,2.0,5.555555555555555,0.0,0.0,6.367555555555556,0.0
2017-09-03 23:00:00,0.0,1.242,0.0,22.0,21.119999999999997,2.0,5.555555555555555,0.0,0.0,28.313555555555556,0.0
2017-09-04 00:00:00,0.0,1.242,0.0,22.0,42.239999999999995,2.0,5.555555555555555,0.0,0.0,28.313555555555556,0.0
2017-09-04 01:00:00,0.0,1.458,0.0,22.0,63.35999999999999,2.0,5.555555555555555,0.0,0.0,28.09755555555556,0.0
2017-09-04 02:00:00,0.0,1.944,0.0,22.0,84.47999999999999,2.0,5.555555555555555,24.0,0.0,51.611555555555555,23.52
2017-09-04 03:00:00,0.0,2.538,0.0,3.6666666666666776,88.0,2.0,5.555555555555555,11.777155730409731,0.0,20.461377952631963,34.779372615801535
2017-09-04 04:00:00,0.0,3.24,18.47999999972965,0.0,68.75000000022001,2.0,0.0,0.0,5.555555555555555,-19.71999999972965,28.806464588856358
2017-09-04 05:00:00,1.224,4.212,22.0,0.0,45.833333333480006,2.0,0.0,0.0,5.555555555555555,-25.436,22.905231458234528
2017-09-04 06:00:00,5.184,5.238,22.0,0.0,22.916666666740003,2.0,0.0,0.0,5.555555555555555,-30.422,17.074813125180157
2017-09-04 07:00:00,8.892,5.832,22.0,0.0,0.0,2.0,0.0,0.0,5.555555555555555,-34.724000000000004,11.314359812122438
2017-09-04 08:00:00,11.844,5.778,0.0,0.0,0.0,2.0,0.0,0.0,5.555555555555555,-15.622,5.623031938821413
2017-09-04 09:00:00,14.472,5.346,0.0,22.0,21.119999999999997,2.0,0.0,0.0,5.555555555555555,4.182,0.0
2017-09-04 10:00:00,15.804,4.914,0.0,22.0,42.239999999999995,2.0,5.555555555555555,24.0,0.0,32.837555555555554,23.52
2017-09-04 11:00:00,16.164,4.536,0.0,22.0,63.35999999999999,2.0,5.555555555555555,0.48004547765481903,0.0,9.335601033210374,23.70820456810172
2017-09-04 12:00:00,15.552,3.618,0.0,22.0,84.47999999999999,2.0,5.555555555555555,24.0,0.0,34.385555555555555,46.9437061132845
2017-09-04 13:00:00,13.968,4.59,0.0,3.6666666666666776,88.0,2.0,0.0,0.0,5.555555555555555,-12.891333333333321,40.824826084369526
2017-09-04 14:00:00,10.8,5.292,0.0,0.0,88.0,2.0,0.0,0.0,5.555555555555555,-14.092,34.779372615801535
2017-09-04 15:00:00,6.372,3.942,0.0,0.0,88.0,2.0,0.0,0.0,5.555555555555555,-8.314,28.806464588856358
2017-09-04 16:00:00,2.736,2.754,22.0,0.0,65.08333333326,2.0,0.0,0.0,5.555555555555555,-25.490000000000002,22.905231458234528
2017-09-04 17:00:00,0.432,2.268,22.0,0.0,42.16666666652,2.0,0.0,0.0,5.555555555555555,-22.7,17.074813125180157
2017-09-04 18:00:00,0.0,1.674,22.0,0.0,19.249999999779998,2.0,0.0,0.0,5.555555555555555,-21.674,11.314359812122438
2017-09-04 19:00:00,0.0,1.728,18.47999999972966,0.0,0.0,2.0,0.0,0.0,5.555555555555555,-18.20799999972966,5.623031938821413
2017-09-04 20:00:00,0.0,1.674,0.0,0.0,0.0,2.0,0.0,0.0,5.555555555555555,0.32600000000000007,0.0
2017-09-04 21:00:00,0.0,1.458,0.0,0.0,0.0,2.0,5.555555555555555,0.0,0.0,6.097555555555555,0.0
2017-09-04 22:00:00,0.0,1.404,0.0,0.0,0.0,2.0,5.555555555555555,0.0,0.0,6.151555555555555,0.0
2017-09-04 23:00:00,0.0,1.35,0.0,22.0,21.119999999999997,2.0,5.555555555555555,6.690257557429382,0.0,34.89581311298494,6.556452406280794
2017-09-05 00:00:00,0.0,1.35,0.0,22.0,42.239999999999995,2.0,5.555555555555555,24.0,0.0,52.205555555555556,29.997774977405424
2017-09-05 01:00:00,0.0,1.458,0.0,22.0,63.35999999999999,2.0,5.555555555555555,24.0,0.0,52.09755555555556,53.15780167767656
2017-09-05 02:00:00,0.0,1.674,0.0,22.0,84.47999999999999,2.0,5.555555555555555,24.0,0.0,51.88155555555556,76.03990805754444
2017-09-05 03:00:00,0.0,1.836,0.0,3.6666666666666776,88.0,2.0,5.555555555555555,24.0,0.0,33.38622222222224,98.6474291608539
2017-09-05 04:00:00,0.0,2.16,0.0,0.0,88.0,2.0,0.0,0.0,5.555555555555555,-0.16000000000000014,91.9081044553681
2017-09-05 05:00:00,1.08,2.646,22.0,0.0,65.08333333326,2.0,0.0,0.0,5.555555555555555,-23.726,85.24965164634813
2017-09-05 06:00:00,4.644,3.24,22.0,0.0,42.16666666652,2.0,0.0,0.0,5.555555555555555,-27.884,78.6711002710364
2017-09-05 07:00:00,9.144,3.726,22.0,0.0,19.249999999779998,2.0,0.0,0.0,5.555555555555555,-32.87,72.1714915122284
2017-09-05 08:00:00,12.204,4.212,0.0,0.0,19.249999999779998,2.0,0.0,0.0,5.555555555555555,-14.416,65.74987805852611
2017-09-05 09:00:00,13.932,4.698,13.305599999535,0.0,5.39000000022002,2.0,0.0,0.0,5.555555555555555,-29.935599999535,59.40532396626824
2017-09-05 10:00:00,14.652,5.616,0.0,0.0,5.39000000022002,2.0,0.0,0.0,5.555555555555555,-18.268,53.136904523117465
2017-09-05 11:00:00,14.832,7.29,0.0,22.0,26.510000000220018,2.0,0.0,0.0,5.555555555555555,1.8780000000000001,46.9437061132845
2017-09-05 12:00:00,14.112,7.722,0.0,22.0,47.630000000220015,2.0,0.0,0.0,5.555555555555555,2.1659999999999986,40.824826084369526
2017-09-05 13:00:00,12.096,9.342,0.0,22.0,68.75000000022001,2.0,0.0,0.0,5.555555555555555,2.5619999999999994,34.779372615801535
2017-09-05 14:00:00,9.9,10.8,0.0,0.0,68.75000000022001,2.0,0.0,0.0,5.555555555555555,-18.700000000000003,28.806464588856358
2017-09-05 15:00:00,5.184,9.288,0.0,0.0,68.75000000022001,2.0,0.0,0.0,5.555555555555555,-12.472000000000001,22.905231458234528
2017-09-05 16:00:00,2.232,8.64,22.0,0.0,45.833333333480006,2.0,0.0,0.0,5.555555555555555,-30.872,17.074813125180157
2017-09-05 17:00:00,0.324,9.99,22.0,0.0,22.916666666740003,2.0,0.0,0.0,5.555555555555555,-30.314000000000004,11.314359812122438
2017-09-05 18:00:00,0.0,10.368,22.0,0.0,0.0,2.0,0.0,0.0,5.555555555555555,-30.368000000000002,5.623031938821413
2017-09-05 19:00:00,0.0,11.772,0.0,0.0,0.0,2.0,0.0,0.0,5.555555555555555,-9.772,0.0
2017-09-05 20:00:00,0.0,12.15,0.0,0.0,0.0,2.0,5.555555555555555,0.0,0.0,-4.594444444444445,0.0
2017-09-05 21:00:00,0.0,10.638,0.0,0.0,0.0,2.0,5.555555555555555,0.0,0.0,-3.0824444444444445,0.0
2017-09-05 22:00:00,0.0,8.91,0.0,22.0,21.119999999999997,2.0,5.555555555555555,0.0,0.0,20.645555555555557,0.0
2017-09-05 23:00:00,0.0,7.452,0.0,22.0,42.239999999999995,2.0,5.555555555555555,0.0,0.0,22.10355555555556,0.0
2017-09-06 00:00:00,0.0,6.264,0.0,3.66666666666667,45.76,2.0,5.555555555555555,0.0,0.0,4.958222222222225,0.0
2017-09-06 01:00:00,0.0,4.536,0.0,0.0,45.76,2.0,5.555555555555555,0.0,0.0,3.0195555555555558,0.0
2017-09-06 02:00:00,0.0,3.564,0.0,22.0,66.88,2.0,5.555555555555555,24.0,0.0,49.99155555555556,23.52
2017-09-06 03:00:00,0.0,3.078,0.0,22.0,88.0,2.0,5.555555555555555,24.0,0.0,50.477555555555554,46.75776
2017-09-06 04:00:00,0.0,2.646,0.0,0.0,88.0,2.0,0.0,0.0,5.555555555555555,-0.6459999999999999,40.64111132444444
2017-09-06 05:00:00,0.36,2.214,0.0,0.0,88.0,2.0,0.0,0.0,5.555555555555555,-0.574,34.59786243299555
2017-09-06 06:00:00,1.26,1.188,22.0,0.0,65.08333333326,2.0,0.0,0.0,5.555555555555555,-22.448,28.627132528244047
2017-09-06 07:00:00,2.52,1.566,22.0,0.0,42.16666666652,2.0,0.0,0.0,5.555555555555555,-24.086,22.728051382349562
2017-09-06 08:00:00,3.924,3.024,22.0,0.0,19.249999999779998,2.0,0.0,0.0,5.555555555555555,-26.948,16.899759210205815
2017-09-06 09:00:00,3.816,6.21,18.47999999972966,0.0,0.0,2.0,0.0,0.0,5.555555555555555,-26.50599999972966,11.141406544127788
2017-09-06 10:00:00,3.492,10.152,0.0,0.0,0.0,2.0,0.0,0.0,5.555555555555555,-11.643999999999998,5.452154110042699
2017-09-06 11:00:00,3.132,11.934,0.0,0.0,0.0,2.0,0.16882729483336986,0.0,5.386728260722186,-12.897172705166629,0.0
2017-09-06 12:00:00,2.844,12.312,0.0,0.0,0.0,2.0,5.555555555555555,0.0,0.0,-7.6004444444444434,0.0
2017-09-06 13:00:00,2.052,12.798,0.0,0.0,0.0,2.0,5.555555555555555,0.0,0.0,-7.294444444444444,0.0
2017-09-06 14:00:00,1.728,15.498,0.0,3.743055555708345,3.593333333480011,2.0,5.555555555555555,0.0,0.0,-5.927388888736099,0.0
2017-09-06 15:00:00,1.188,16.47,0.0,22.0,24.71333333348001,2.0,5.555555555555555,0.0,0.0,11.897555555555558,0.0
2017-09-06 16:00:00,0.612,18.252,0.0,22.0,45.833333333480006,2.0,5.555555555555555,11.545265114410652,0.0,22.236820669966214,11.314359812122438
2017-09-06 17:00:00,0.18,19.602,22.0,0.0,22.916666666740003,2.0,0.0,0.0,5.555555555555555,-39.782000000000004,5.623031938821413
2017-09-06 18:00:00,0.0,20.682,22.0,0.0,0.0,2.0,0.0,0.0,5.555555555555555,-40.682,0.0
2017-09-06 19:00:00,0.0,19.548,0.0,0.0,0.0,2.0,5.555555555555555,0.0,0.0,-11.992444444444443,0.0
2017-09-06 20:00:00,0.0,19.278,0.0,0.0,0.0,2.0,5.555555555555555,0.0,0.0,-11.722444444444443,0.0
2017-09-06 21:00:00,0.0,19.98,0.0,5.538194444520847,5.316666666740012,2.0,5.555555555555555,0.0,0.0,-6.886249999923599,0.0
2017-09-06 22:00:00,0.0,20.142,0.0,22.0,26.43666666674001,2.0,5.555555555555555,14.709241150030188,0.0,24.122796705585746,14.415056327029584
2017-09-06 23:00:00,0.0,19.872,0.0,22.0,47.55666666674001,2.0,5.555555555555555,24.0,0.0,33.68355555555556,37.76207565110523
2017-09-07 00:00:00,0.0,26.298,0.0,22.0,68.67666666674,2.0,5.555555555555555,24.0,0.0,27.25755555555556,60.82893074329196
2017-09-07 01:00:00,0.0,23.706,22.0,0.0,45.76,2.0,0.0,0.0,5.555555555555555,-43.706,54.543428018816904
2017-09-07 02:00:00,0.0,22.032,0.0,22.0,66.88,2.0,5.555555555555555,24.0,0.0,31.523555555555557,77.4089068825911
2017-09-07 03:00:00,0.0,21.222,0.0,22.0,88.0,2.0,5.555555555555555,24.0,0.0,32.333555555555556,100.0
2017-09-07 04:00:00,0.0,20.898,0.0,0.0,88.0,2.0,0.0,0.0,5.555555555555555,-18.898,93.24444444444444
2017-09-07 05:00:00,0.216,20.304,22.0,0.0,65.08333333326,2.0,0.0,0.0,5.555555555555555,-40.52,86.56995555555555
2017-09-07 06:00:00,0.612,15.39,0.0,1.8715277778541615,66.88,2.0,0.0,0.0,5.555555555555555,-12.130472222145839,79.97556053333332
2017-09-07 07:00:00,0.936,13.554,0.0,22.0,88.0,2.0,0.0,0.0,5.555555555555555,9.51,73.46029825137776
2017-09-07 08:00:00,1.368,11.34,0.0,0.0,88.0,2.0,0.0,0.0,5.555555555555555,-10.708,67.02321911680568
2017-09-07 09:00:00,2.052,10.8,0.0,0.0,88.0,2.0,0.0,0.0,5.555555555555555,-10.852,60.663384931848455
2017-09-07 10:00:00,2.916,10.638,0.0,0.0,88.0,2.0,0.0,0.0,5.555555555555555,-11.554,54.379868757110714
2017-09-07 11:00:00,4.68,10.692,0.0,0.0,88.0,2.0,0.0,0.0,5.555555555555555,-13.372,48.171754776469825
2017-09-07 12:00:00,6.588,9.558,0.0,0.0,88.0,2.0,0.0,0.0,5.555555555555555,-14.146,42.03813816359663
2017-09-07 13:00:00,7.668,10.206,0.0,0.0,88.0,2.0,0.0,0.0,5.555555555555555,-15.873999999999999,35.97812495007791
2017-09-07 14:00:00,6.264,8.586,0.0,0.0,88.0,2.0,0.0,0.0,5.555555555555555,-12.850000000000001,29.990831895121417
2017-09-07 15:00:00,4.428,6.588,0.0,0.0,88.0,2.0,0.0,0.0,5.555555555555555,-9.016,24.075386356824403
2017-09-07 16:00:00,2.016,4.86,22.0,0.0,65.08333333326,2.0,0.0,0.0,5.555555555555555,-26.875999999999998,18.230926164986954
2017-09-07 17:00:00,0.288,4.752,22.0,0.0,42.16666666652,2.0,0.0,0.0,5.555555555555555,-25.04,12.456599495451554
2017-09-07 18:00:00,0.0,4.05,22.0,0.0,19.249999999779998,2.0,0.0,0.0,5.555555555555555,-24.05,6.75156474595058
2017-09-07 19:00:00,0.0,4.104,18.47999999972966,0.0,0.0,2.0,0.0,0.0,5.555555555555555,-20.58399999972966,1.1149904134436168
2017-09-07 20:00:00,0.0,3.78,0.0,0.0,0.0,2.0,4.453945027073262,0.0,1.1016105284822935,2.673945027073263,0.0
2017-09-07 21:00:00,0.0,3.024,0.0,0.0,0.0,2.0,5.555555555555555,0.0,0.0,4.531555555555555,0.0
2017-09-07 22:00:00,0.0,2.916,0.0,0.0,0.0,2.0,5.555555555555555,0.0,0.0,4.639555555555555,0.0
2017-09-07 23:00:00,0.0,3.24,0.0,22.0,21.119999999999997,2.0,5.555555555555555,17.423278699163426,0.0,43.73883425471898,17.074813125180157
2017-09-08 00:00:00,0.0,7.236,0.0,3.66666666666667,24.64,2.0,0.0,0.0,5.555555555555555,-1.5693333333333301,11.314359812122438
2017-09-08 01:00:00,0.0,9.45,0.0,22.0,45.76,2.0,0.0,0.0,5.555555555555555,14.55,5.623031938821413
2017-09-08 02:00:00,0.0,11.178,0.0,22.0,66.88,2.0,0.0,0.0,5.555555555555555,12.822,0.0
2017-09-08 03:00:00,0.0,11.448,0.0,22.0,88.0,2.0,5.555555555555555,24.0,0.0,42.10755555555556,23.52
2017-09-08 04:00:00,0.0,12.474,22.0,0.0,65.08333333326,2.0,0.0,0.0,5.555555555555555,-32.474000000000004,17.682204444444444
2017-09-08 05:00:00,0.432,14.04,22.0,0.0,42.16666666652,2.0,0.0,0.0,5.555555555555555,-34.472,11.914462435555555
2017-09-08 06:00:00,1.224,15.012,22.0,0.0,19.249999999779998,2.0,0.0,0.0,5.555555555555555,-36.236,6.215933330773332
2017-09-08 07:00:00,1.908,18.792,0.0,0.0,19.249999999779998,2.0,0.0,0.0,5.555555555555555,-18.700000000000003,0.5857865752484965
2017-09-08 08:00:00,3.096,22.41,0.0,0.0,19.249999999779998,2.0,4.9767984192100405,0.0,0.5787571363455146,-18.52920158078996,0.0
2017-09-08 09:00:00,2.664,22.734,0.0,0.0,19.249999999779998,2.0,5.555555555555555,0.0,0.0,-17.842444444444446,0.0
2017-09-08 10:00:00,2.376,22.896,0.0,5.614583333562503,24.64,2.0,5.555555555555555,0.0,0.0,-12.101861110881943,0.0
2017-09-08 11:00:00,2.088,22.896,0.0,22.0,45.76,2.0,5.555555555555555,0.0,0.0,4.571555555555556,0.0
2017-09-08 12:00:00,2.916,23.22,0.0,22.0,66.88,2.0,5.555555555555555,0.0,0.0,3.4195555555555583,0.0
2017-09-08 13:00:00,5.544,24.624,0.0,22.0,88.0,2.0,5.555555555555555,23.94389061599908,0.0,23.33144617155464,23.465012803679098
2017-09-08 14:00:00,5.868,24.246,0.0,0.0,88.0,2.0,5.555555555555555,0.0,0.0,-22.558444444444447,23.18343265003495
2017-09-08 15:00:00,4.644,20.52,0.0,0.0,88.0,2.0,5.555555555555555,0.0,0.0,-17.608444444444444,22.905231458234528
2017-09-08 16:00:00,2.304,16.416,22.0,0.0,65.08333333326,2.0,0.0,0.0,5.555555555555555,-38.72,17.074813125180157
2017-09-08 17:00:00,0.324,12.42,22.0,0.0,42.16666666652,2.0,0.0,0.0,5.555555555555555,-32.744,11.314359812122438
2017-09-08 18:00:00,0.0,9.828,22.0,0.0,19.249999999779998,2.0,0.0,0.0,5.555555555555555,-29.828,5.623031938821413
2017-09-08 19:00:00,0.0,8.046,18.47999999972966,0.0,0.0,2.0,0.0,0.0,5.555555555555555,-24.52599999972966,0.0
2017-09-08 20:00:00,0.0,6.48,0.0,0.0,0.0,2.0,5.555555555555555,0.0,0.0,1.075555555555555,0.0
2017-09-08 21:00:00,0.0,5.724,0.0,22.0,21.119999999999997,2.0,5.555555555555555,0.0,0.0,23.831555555555557,0.0
2017-09-08 22:00:00,0.0,5.508,0.0,0.0,21.119999999999997,2.0,5.555555555555555,0.0,0.0,2.0475555555555554,0.0
2017-09-08 23:00:00,0.0,5.508,0.0,0.0,21.119999999999997,2.0,5.555555555555555,0.0,0.0,2.0475555555555554,0.0
2017-09-09 00:00:00,0.0,6.156,0.0,0.0,21.119999999999997,2.0,5.555555555555555,0.0,0.0,1.3995555555555557,0.0
2017-09-09 01:00:00,0.0,6.156,0.0,3.66666666666667,24.64,2.0,5.555555555555555,0.0,0.0,5.066222222222225,0.0
2017-09-09 02:00:00,0.0,5.616,0.0,22.0,45.76,2.0,5.555555555555555,0.0,0.0,23.939555555555557,0.0
2017-09-09 03:00:00,0.0,4.374,0.0,22.0,66.88,2.0,5.555555555555555,12.064977841803803,0.0,37.24653339735936,11.823678284967727
2017-09-09 04:00:00,0.0,3.618,0.0,22.0,88.0,2.0,5.555555555555555,24.0,0.0,49.937555555555555,35.201794145548114
2017-09-09 05:00:00,0.756,2.862,0.0,0.0,88.0,2.0,5.555555555555555,0.0,0.0,3.937555555555555,34.779372615801535
2017-09-09 06:00:00,3.672,1.242,0.0,0.0,88.0,2.0,0.0,0.0,5.555555555555555,-2.914,28.806464588856358
2017-09-09 07:00:00,7.344,0.702,22.0,0.0,65.08333333326,2.0,0.0,0.0,5.555555555555555,-28.046,22.905231458234528
2017-09-09 08:00:00,9.432,0.486,22.0,0.0,42.16666666652,2.0,0.0,0.0,5.555555555555555,-29.918,17.074813125180157
2017-09-09 09:00:00,10.08,0.378,22.0,0.0,19.249999999779998,2.0,0.0,0.0,5.555555555555555,-30.458,11.314359812122438
2017-09-09 10:00:00,10.044,0.378,15.100799999740472,0.0,3.520000000000003,2.0,0.0,0.0,5.555555555555555,-23.52279999974047,5.623031938821413
2017-09-09 11:00:00,8.136,0.486,0.0,22.0,24.64,2.0,0.0,0.0,5.555555555555555,15.378,0.0
2017-09-09 12:00:00,6.12,0.486,0.0,22.0,45.76,2.0,5.555555555555555,24.0,0.0,46.94955555555556,23.52
2017-09-09 13:00:00,4.32,0.81,0.0,22.0,66.88,2.0,5.555555555555555,24.0,0.0,48.425555555555555,46.75776
2017-09-09 14:00:00,2.88,1.242,0.0,22.0,88.0,2.0,0.18371475992508657,0.0,5.371840795630469,20.06171475992509,40.824826084369526
2017-09-09 15:00:00,1.836,1.458,0.0,0.0,88.0,2.0,0.0,0.0,5.555555555555555,-1.294,34.779372615801535
2017-09-09 16:00:00,1.152,1.62,0.0,0.0,88.0,2.0,0.0,0.0,5.555555555555555,-0.772,28.806464588856358
2017-09-09 17:00:00,0.252,1.674,22.0,0.0,65.08333333326,2.0,0.0,0.0,5.555555555555555,-21.926,22.905231458234528
2017-09-09 18:00:00,0.0,2.052,22.0,0.0,42.16666666652,2.0,0.0,0.0,5.555555555555555,-22.052,17.074813125180157
2017-09-09 19:00:00,0.0,2.376,22.0,0.0,19.249999999779998,2.0,0.0,0.0,5.555555555555555,-22.376,11.314359812122438
2017-09-09 20:00:00,0.0,2.484,18.47999999972966,0.0,0.0,2.0,0.0,0.0,5.555555555555555,-18.96399999972966,5.623031938821413
2017-09-09 21:00:00,0.0,2.538,0.0,0.0,0.0,2.0,0.0,0.0,5.555555555555555,-0.5379999999999998,0.0
2017-09-09 22:00:00,0.0,3.024,0.0,0.0,0.0,2.0,5.555555555555555,0.0,0.0,4.531555555555555,0.0
2017-09-09 23:00:00,0.0,3.78,0.0,0.0,0.0,2.0,5.555555555555555,0.0,0.0,3.7755555555555556,0.0
2017-09-10 00:00:00,0.0,3.942,0.0,0.0,0.0,2.0,5.555555555555555,0.0,0.0,3.613555555555555,0.0
2017-09-10 01:00:00,0.0,4.482,0.0,3.66666666666667,3.520000000000003,2.0,5.555555555555555,0.0,0.0,6.740222222222225,0.0
2017-09-10 02:00:00,0.0,4.698,0.0,22.0,24.64,2.0,5.555555555555555,0.0,0.0,24.857555555555557,0.0
2017-09-10 03:00:00,0.0,5.724,0.0,22.0,45.76,2.0,5.555555555555555,0.0,0.0,23.831555555555557,0.0
2017-09-10 04:00:00,0.0,6.858,0.0,22.0,66.88,2.0,5.555555555555555,0.0,0.0,22.697555555555557,0.0
2017-09-10 05:00:00,0.864,8.424,0.0,22.0,88.0,2.0,5.555555555555555,23.372685161463806,0.0,43.64024071701937,22.905231458234528
2017-09-10 06:00:00,4.644,8.586,22.0,0.0,65.08333333326,2.0,0.0,0.0,5.555555555555555,-33.23,17.074813125180157
2017-09-10 07:00:00,9.972,11.88,22.0,0.0,42.16666666652,2.0,0.0,0.0,5.555555555555555,-41.852000000000004,11.314359812122438
2017-09-10 08:00:00,15.336,16.902,22.0,0.0,19.249999999779998,2.0,0.0,0.0,5.555555555555555,-52.238,5.623031938821413
2017-09-10 09:00:00,18.936,20.682,18.47999999972966,0.0,0.0,2.0,0.0,0.0,5.555555555555555,-56.09799999972966,0.0
2017-09-10 10:00:00,19.764,23.382,0.0,22.0,21.119999999999997,2.0,5.555555555555555,24.0,0.0,10.409555555555556,23.52
2017-09-10 11:00:00,19.584,24.678,0.0,0.0,21.119999999999997,2.0,0.0,0.0,5.555555555555555,-42.262,17.682204444444444
2017-09-10 12:00:00,19.944,25.272,0.0,0.0,21.119999999999997,2.0,0.0,0.0,5.555555555555555,-43.215999999999994,11.914462435555555
2017-09-10 13:00:00,18.576,25.542,0.0,22.0,42.239999999999995,2.0,5.098426481349107,0.0,0.4571290742064491,-15.019573518650894,11.314359812122438
2017-09-10 14:00:00,13.176,24.57,0.0,0.0,42.239999999999995,2.0,0.0,0.0,5.555555555555555,-35.746,5.623031938821413
2017-09-10 15:00:00,8.208,22.734,0.0,0.0,42.239999999999995,2.0,0.0,0.0,5.555555555555555,-28.942,0.0
2017-09-10 16:00:00,3.096,20.79,0.0,3.743055555708345,45.833333333480006,2.0,5.555555555555555,11.545265114410652,0.0,-1.042123774325443,11.314359812122438
2017-09-10 17:00:00,0.252,20.52,22.0,0.0,22.916666666740003,2.0,0.0,0.0,5.555555555555555,-40.772,5.623031938821413
2017-09-10 18:00:00,0.0,24.732,22.0,0.0,0.0,2.0,0.0,0.0,5.555555555555555,-44.732,0.0
2017-09-10 19:00:00,0.0,27.216,0.0,0.0,0.0,2.0,5.555555555555555,0.0,0.0,-19.660444444444444,0.0
2017-09-10 20:00:00,0.0,29.484,0.0,0.0,0.0,2.0,5.555555555555555,0.0,0.0,-21.928444444444445,0.0
2017-09-10 21:00:00,0.0,30.618,0.0,0.0,0.0,2.0,5.555555555555555,0.0,0.0,-23.062444444444445,0.0
2017-09-10 22:00:00,0.0,0.0,0.0,3.66666666666667,3.520000000000003,2.0,5.555555555555555,8.138716421833657,0.0,19.36093864405588,7.9759420933969825
2017-09-10 23:00:00,0.0,0.0,0.0,22.0,24.64,2.0,5.555555555555555,24.0,0.0,53.55555555555556,31.400230788276218
2017-09-11 00:00:00,0.0,0.0,0.0,22.0,45.76,2.0,5.555555555555555,24.0,0.0,53.55555555555556,54.543428018816904
2017-09-11 01:00:00,0.0,0.0,0.0,22.0,66.88,2.0,5.555555555555555,24.0,0.0,53.55555555555556,77.4089068825911
2017-09-11 02:00:00,0.0,0.0,0.0,22.0,88.0,2.0,5.555555555555555,24.0,0.0,53.55555555555556,100.0
2017-09-11 03:00:00,0.0,40.014,0.0,0.0,88.0,2.0,5.555555555555555,1.2244897959183703,0.0,-31.233954648526076,100.0
2017-09-11 04:00:00,0.0,40.068,0.0,0.0,88.0,2.0,0.0,0.0,5.555555555555555,-38.068,93.24444444444444
2017-09-11 05:00:00,0.18,38.556,22.0,0.0,65.08333333326,2.0,0.0,0.0,5.555555555555555,-58.736,86.56995555555555
2017-09-11 06:00:00,0.612,34.668,0.0,0.0,65.08333333326,2.0,0.0,0.0,5.555555555555555,-33.28,79.97556053333332
2017-09-11 07:00:00,1.584,31.914,0.0,0.0,65.08333333326,2.0,0.0,0.0,5.555555555555555,-31.498,73.46029825137776
2017-09-11 08:00:00,4.392,30.24,0.0,0.0,65.08333333326,2.0,0.0,0.0,5.555555555555555,-32.632,67.02321911680568
2017-09-11 09:00:00,7.56,29.538,0.0,0.0,65.08333333326,2.0,0.0,0.0,5.555555555555555,-35.098,60.663384931848455
2017-09-11 10:00:00,11.736,29.268,22.0,0.0,42.16666666652,2.0,0.0,0.0,5.555555555555555,-61.004000000000005,54.379868757110714
2017-09-11 11:00:00,12.6,28.62,0.0,0.0,42.16666666652,2.0,0.0,0.0,5.555555555555555,-39.22,48.171754776469825
2017-09-11 12:00:00,12.204,30.024,0.0,0.0,42.16666666652,2.0,0.0,0.0,5.555555555555555,-40.228,42.03813816359663
2017-09-11 13:00:00,15.66,32.292,0.0,0.0,42.16666666652,2.0,0.0,0.0,5.555555555555555,-45.952,35.97812495007791
2017-09-11 14:00:00,12.42,31.482,0.0,22.0,63.28666666652,2.0,0.0,0.0,5.555555555555555,-19.902,29.990831895121417
2017-09-11 15:00:00,7.272,29.052,22.0,0.0,40.36999999977999,2.0,0.0,0.0,5.555555555555555,-56.324,24.075386356824403
2017-09-11 16:00:00,2.628,26.838,0.0,0.0,40.36999999977999,2.0,0.0,0.0,5.555555555555555,-27.466,18.230926164986954
2017-09-11 17:00:00,0.18,26.784,0.0,0.0,40.36999999977999,2.0,0.0,0.0,5.555555555555555,-24.964,12.456599495451554
2017-09-11 18:00:00,0.0,30.942,22.0,0.0,17.45333333303999,2.0,0.0,0.0,5.555555555555555,-50.942,6.75156474595058
2017-09-11 19:00:00,0.0,32.454,16.75519999966477,0.0,0.0,2.0,0.0,0.0,5.555555555555555,-47.209199999664776,1.1149904134436168
2017-09-11 20:00:00,0.0,31.968,0.0,0.0,0.0,2.0,4.453945027073262,0.0,1.1016105284822935,-25.514054972926736,0.0
2017-09-11 21:00:00,0.0,29.376,0.0,22.0,21.119999999999997,2.0,5.555555555555555,13.975354921251485,0.0,14.154910476807043,13.695847822826455
2017-09-11 22:00:00,0.0,27.054,16.895999999945925,0.0,3.520000000000003,2.0,0.0,0.0,5.555555555555555,-41.94999999994593,7.9759420933969825
2017-09-11 23:00:00,0.0,24.84,0.0,22.0,24.64,2.0,5.555555555555555,24.0,0.0,28.715555555555557,31.400230788276218
2017-09-12 00:00:00,0.0,22.14,0.0,22.0,45.76,2.0,5.555555555555555,24.0,0.0,31.415555555555557,54.543428018816904
2017-09-12 01:00:00,0.0,21.114,0.0,22.0,66.88,2.0,5.555555555555555,24.0,0.0,32.44155555555555,77.4089068825911
2017-09-12 02:00:00,0.0,19.116,0.0,22.0,88.0,2.0,5.555555555555555,24.0,0.0,34.43955555555556,100.0
2017-09-12 03:00:00,0.0,18.036,0.0,0.0,88.0,2.0,5.555555555555555,1.2244897959183703,0.0,-9.255954648526075,100.0
2017-09-12 04:00:00,0.0,17.064,22.0,0.0,65.08333333326,2.0,0.0,0.0,5.555555555555555,-37.064,93.24444444444444
2017-09-12 05:00:00,0.612,17.496,22.0,0.0,42.16666666652,2.0,0.0,0.0,5.555555555555555,-38.108,86.56995555555555
2017-09-12 06:00:00,3.096,19.98,22.0,0.0,19.249999999779998,2.0,0.0,0.0,5.555555555555555,-43.07600000000001,79.97556053333332
2017-09-12 07:00:00,6.336,21.222,0.0,0.0,19.249999999779998,2.0,0.0,0.0,5.555555555555555,-25.558,73.46029825137776
2017-09-12 08:00:00,10.548,22.734,0.0,0.0,19.249999999779998,2.0,0.0,0.0,5.555555555555555,-31.282000000000004,67.02321911680568
2017-09-12 09:00:00,14.58,24.678,0.0,0.0,19.249999999779998,2.0,0.0,0.0,5.555555555555555,-37.258,60.663384931848455
2017-09-12 10:00:00,17.064,26.028,0.0,0.0,19.249999999779998,2.0,0.0,0.0,5.555555555555555,-41.092,54.379868757110714
2017-09-12 11:00:00,18.756,27.378,18.47999999972966,0.0,0.0,2.0,0.0,0.0,5.555555555555555,-62.61399999972966,48.171754776469825
2017-09-12 12:00:00,19.152,28.026,0.0,0.0,0.0,2.0,0.0,0.0,5.555555555555555,-45.178,42.03813816359663
2017-09-12 13:00:00,17.82,25.002,0.0,0.0,0.0,2.0,0.0,0.0,5.555555555555555,-40.822,35.97812495007791
2017-09-12 14:00:00,13.824,21.546,0.0,0.0,0.0,2.0,0.0,0.0,5.555555555555555,-33.37,29.990831895121417
2017-09-12 15:00:00,8.244,19.224,0.0,0.0,0.0,2.0,0.0,0.0,5.555555555555555,-25.468,24.075386356824403
2017-09-12 16:00:00,3.096,17.766,0.0,0.0,0.0,2.0,0.0,0.0,5.555555555555555,-18.862,18.230926164986954
2017-09-12 17:00:00,0.18,17.226,0.0,0.0,0.0,2.0,0.0,0.0,5.555555555555555,-15.405999999999999,12.456599495451554
2017-09-12 18:00:00,0.0,18.198,0.0,0.0,0.0,2.0,0.0,0.0,5.555555555555555,-16.198,6.75156474595058
2017-09-12 19:00:00,0.0,18.792,0.0,0.0,0.0,2.0,0.0,0.0,5.555555555555555,-16.792,1.1149904134436168
2017-09-12 20:00:00,0.0,18.252,0.0,0.0,0.0,2.0,4.453945027073262,0.0,1.1016105284822935,-11.798054972926735,0.0
2017-09-12 21:00:00,0.0,16.686,0.0,0.0,0.0,2.0,5.555555555555555,0.0,0.0,-9.130444444444445,0.0
2017-09-12 22:00:00,0.0,15.012,0.0,22.0,21.119999999999997,2.0,5.555555555555555,0.0,0.0,14.543555555555557,0.0
2017-09-12 23:00:00,0.0,12.798,0.0,22.0,42.239999999999995,2.0,5.555555555555555,24.0,0.0,40.757555555555555,23.52
2017-09-13 00:00:00,0.0,12.258,0.0,3.66666666666667,45.76,2.0,5.555555555555555,9.64848055371849,0.0,8.612702775940715,32.69327094264412
2017-09-13 01:00:00,0.0,12.744,0.0,22.0,66.88,2.0,5.555555555555555,24.0,0.0,40.81155555555556,55.82095169133239
2017-09-13 02:00:00,0.0,14.58,0.0,22.0,88.0,2.0,5.555555555555555,24.0,0.0,38.97555555555556,78.6711002710364
2017-09-13 03:00:00,0.0,18.198,0.0,0.0,88.0,2.0,0.0,0.0,5.555555555555555,-16.198,72.1714915122284
2017-09-13 04:00:00,0.0,21.816,0.0,0.0,88.0,2.0,0.0,0.0,5.555555555555555,-19.816,65.74987805852611
2017-09-13 05:00:00,0.504,24.786,22.0,0.0,65.08333333326,2.0,0.0,0.0,5.555555555555555,-45.29,59.40532396626824
2017-09-13 06:00:00,1.98,27.54,22.0,0.0,42.16666666652,2.0,0.0,0.0,5.555555555555555,-49.519999999999996,53.136904523117465
2017-09-13 07:00:00,3.096,31.104,18.47999999972966,0.0,22.916666666740003,2.0,0.0,0.0,5.555555555555555,-50.67999999972966,46.9437061132845
2017-09-13 08:00:00,3.096,34.776,0.0,0.0,22.916666666740003,2.0,0.0,0.0,5.555555555555555,-35.872,40.824826084369526
2017-09-13 09:00:00,2.016,33.858,0.0,0.0,22.916666666740003,2.0,0.0,0.0,5.555555555555555,-33.873999999999995,34.779372615801535
2017-09-13 10:00:00,1.476,32.238,0.0,0.0,22.916666666740003,2.0,0.0,0.0,5.555555555555555,-31.714,28.806464588856358
2017-09-13 11:00:00,1.584,27.54,0.0,0.0,22.916666666740003,2.0,0.0,0.0,5.555555555555555,-27.124,22.905231458234528
2017-09-13 12:00:00,3.348,24.516,0.0,0.0,22.916666666740003,2.0,0.0,0.0,5.555555555555555,-25.863999999999997,17.074813125180157
2017-09-13 13:00:00,3.96,20.304,0.0,0.0,22.916666666740003,2.0,0.0,0.0,5.555555555555555,-22.264,11.314359812122438
2017-09-13 14:00:00,4.14,17.874,0.0,0.0,22.916666666740003,2.0,0.0,0.0,5.555555555555555,-20.014,5.623031938821413
2017-09-13 15:00:00,2.952,17.55,22.0,0.0,0.0,2.0,0.0,0.0,5.555555555555555,-40.501999999999995,0.0
2017-09-13 16:00:00,1.296,17.334,0.0,22.0,21.119999999999997,2.0,5.555555555555555,11.545265114410652,0.0,22.470820669966212,11.314359812122438
2017-09-13 17:00:00,0.108,18.576,0.0,0.0,21.119999999999997,2.0,0.0,0.0,5.555555555555555,-16.684,5.623031938821413
2017-09-13 18:00:00,0.0,19.71,20.275199999935115,0.0,0.0,2.0,0.0,0.0,5.555555555555555,-37.98519999993512,0.0
2017-09-13 19:00:00,0.0,19.71,0.0,22.0,21.119999999999997,2.0,5.555555555555555,24.0,0.0,33.845555555555556,23.52
2017-09-13 20:00:00,0.0,19.494,0.0,22.0,42.239999999999995,2.0,5.555555555555555,24.0,0.0,34.06155555555556,46.75776
2017-09-13 21:00:00,0.0,18.63,0.0,22.0,63.35999999999999,2.0,5.555555555555555,24.0,0.0,34.92555555555556,69.71666687999999
2017-09-13 22:00:00,0.0,17.604,0.0,0.0,63.35999999999999,2.0,0.0,0.0,5.555555555555555,-15.604,63.32451132188443
2017-09-13 23:00:00,0.0,16.416,0.0,0.0,63.35999999999999,2.0,0.0,0.0,5.555555555555555,-14.416,57.009061630466256
2017-09-14 00:00:00,0.0,16.2,0.0,3.66666666666667,66.88,2.0,0.0,0.0,5.555555555555555,-10.53333333333333,50.769397335345104
2017-09-14 01:00:00,0.0,13.392,0.0,0.0,66.88,2.0,0.0,0.0,5.555555555555555,-11.392,44.604609011765405
2017-09-14 02:00:00,0.0,11.286,0.0,0.0,66.88,2.0,0.0,0.0,5.555555555555555,-9.286,38.51379814806866
2017-09-14 03:00:00,0.0,9.558,0.0,22.0,88.0,2.0,5.555555555555555,24.0,0.0,43.99755555555556,61.57163257029184
2017-09-14 04:00:00,0.0,7.776,0.0,0.0,88.0,2.0,0.0,0.0,5.555555555555555,-5.776,55.27721742389278
2017-09-14 05:00:00,0.36,6.264,22.0,0.0,65.08333333326,2.0,0.0,0.0,5.555555555555555,-26.624,49.058335259250505
2017-09-14 06:00:00,2.628,4.374,22.0,0.0,42.16666666652,2.0,0.0,0.0,5.555555555555555,-27.002,42.91407968058394
2017-09-14 07:00:00,6.12,4.482,22.0,0.0,19.249999999779998,2.0,0.0,0.0,5.555555555555555,-30.602,36.84355516886137
2017-09-14 08:00:00,10.152,4.536,18.47999999972966,0.0,0.0,2.0,0.0,0.0,5.555555555555555,-31.16799999972966,30.84587695127948
2017-09-14 09:00:00,13.428,4.59,0.0,0.0,0.0,2.0,0.0,0.0,5.555555555555555,-16.018,24.920170872308567
2017-09-14 10:00:00,15.588,5.076,0.0,3.66666666666667,3.520000000000003,2.0,0.0,0.0,5.555555555555555,-14.99733333333333,19.065573266285305
2017-09-14 11:00:00,16.848,6.102,0.0,22.0,24.64,2.0,0.0,0.0,5.555555555555555,1.0500000000000007,13.281230831534325
2017-09-14 12:00:00,16.596,8.586,0.0,22.0,45.76,2.0,0.0,0.0,5.555555555555555,-1.1820000000000004,7.566300506000358
2017-09-14 13:00:00,14.184,7.884,0.0,22.0,66.88,2.0,3.4307233164129887,0.0,2.1248322391425667,5.362723316412991,5.350672660785787
2017-09-14 14:00:00,12.06,7.182,0.0,22.0,88.0,2.0,5.555555555555555,24.0,0.0,34.31355555555555,28.806464588856358
2017-09-14 15:00:00,7.74,7.074,0.0,0.0,88.0,2.0,0.0,0.0,5.555555555555555,-12.814,22.905231458234528
2017-09-14 16:00:00,2.916,8.478,22.0,0.0,65.08333333326,2.0,0.0,0.0,5.555555555555555,-31.394000000000002,17.074813125180157
2017-09-14 17:00:00,0.072,11.718,22.0,0.0,42.16666666652,2.0,0.0,0.0,5.555555555555555,-31.79,11.314359812122438
2017-09-14 18:00:00,0.0,14.634,22.0,0.0,19.249999999779998,2.0,0.0,0.0,5.555555555555555,-34.634,5.623031938821413
2017-09-14 19:00:00,0.0,15.282,18.47999999972966,0.0,0.0,2.0,0.0,0.0,5.555555555555555,-31.76199999972966,0.0
2017-09-14 20:00:00,0.0,15.93,0.0,22.0,21.119999999999997,2.0,5.555555555555555,0.0,0.0,13.625555555555557,0.0
2017-09-14 21:00:00,0.0,16.254,0.0,22.0,42.239999999999995,2.0,5.555555555555555,24.0,0.0,37.30155555555555,23.52
2017-09-14 22:00:00,0.0,16.254,0.0,0.0,42.239999999999995,2.0,0.0,0.0,5.555555555555555,-14.254000000000001,17.682204444444444
2017-09-14 23:00:00,0.0,15.984,0.0,0.0,42.239999999999995,2.0,5.555555555555555,14.21450285425011,0.0,5.786058409805664,31.400230788276218
2017-09-15 00:00:00,0.0,18.522,0.0,3.66666666666667,45.76,2.0,5.555555555555555,24.0,0.0,16.70022222222223,54.543428018816904
2017-09-15 01:00:00,0.0,17.712,0.0,22.0,66.88,2.0,5.555555555555555,24.0,0.0,35.843555555555554,77.4089068825911
2017-09-15 02:00:00,0.0,15.714,0.0,22.0,88.0,2.0,5.555555555555555,24.0,0.0,37.84155555555556,100.0
2017-09-15 03:00:00,0.0,14.202,0.0,0.0,88.0,2.0,5.555555555555555,0.5609469220869658,0.0,-6.085497522357478,99.34972798364522
2017-09-15 04:00:00,0.0,12.798,0.0,0.0,88.0,2.0,0.0,0.0,5.555555555555555,-10.798,92.60197569228592
2017-09-15 05:00:00,0.324,11.772,0.0,0.0,88.0,2.0,0.0,0.0,5.555555555555555,-10.096,85.93519642842293
2017-09-15 06:00:00,1.944,9.342,0.0,0.0,88.0,2.0,0.0,0.0,5.555555555555555,-9.286000000000001,79.3484185157263
2017-09-15 07:00:00,5.292,7.938,0.0,0.0,88.0,2.0,0.0,0.0,5.555555555555555,-11.23,72.84068193798203
2017-09-15 08:00:00,9.756,7.128,0.0,0.0,88.0,2.0,0.0,0.0,5.555555555555555,-14.884,66.41103819917069
2017-09-15 09:00:00,11.988,6.858,0.0,0.0,88.0,2.0,0.0,0.0,5.555555555555555,-16.846,60.05855018522509
2017-09-15 10:00:00,13.896,6.912,0.0,0.0,88.0,2.0,0.0,0.0,5.555555555555555,-18.808,53.78229202744683
2017-09-15 11:00:00,15.696,7.398,0.0,0.0,88.0,2.0,5.555555555555555,0.0,0.0,-15.538444444444444,53.136904523117465
2017-09-15 12:00:00,15.48,8.262,0.0,0.0,88.0,2.0,0.0,0.0,5.555555555555555,-21.742,46.9437061132845
2017-09-15 13:00:00,18.288,9.558,0.0,0.0,88.0,2.0,0.0,0.0,5.555555555555555,-25.846,40.824826084369526
2017-09-15 14:00:00,14.796,9.18,0.0,0.0,88.0,2.0,0.0,0.0,5.555555555555555,-21.976,34.779372615801535
2017-09-15 15:00:00,9.216,6.912,0.0,0.0,88.0,2.0,0.0,0.0,5.555555555555555,-14.128,28.806464588856358
2017-09-15 16:00:00,3.276,5.13,22.0,0.0,65.08333333326,2.0,0.0,0.0,5.555555555555555,-28.406,22.905231458234528
2017-09-15 17:00:00,0.036,4.266,22.0,0.0,42.16666666652,2.0,0.0,0.0,5.555555555555555,-24.302,17.074813125180157
2017-09-15 18:00:00,0.0,3.24,22.0,0.0,19.249999999779998,2.0,0.0,0.0,5.555555555555555,-23.240000000000002,11.314359812122438
2017-09-15 19:00:00,0.0,3.24,18.47999999972966,0.0,0.0,2.0,0.0,0.0,5.555555555555555,-19.71999999972966,5.623031938821413
2017-09-15 20:00:00,0.0,3.348,0.0,0.0,0.0,2.0,0.0,0.0,5.555555555555555,-1.3479999999999999,0.0
2017-09-15 21:00:00,0.0,3.618,0.0,22.0,21.119999999999997,2.0,5.555555555555555,5.737787692674911,0.0,31.675343248230465,5.623031938821413
2017-09-15 22:00:00,0.0,3.726,0.0,0.0,21.119999999999997,2.0,0.0,0.0,5.555555555555555,-1.726,0.0
2017-09-15 23:00:00,0.0,3.564,0.0,0.0,21.119999999999997,2.0,5.555555555555555,0.0,0.0,3.9915555555555553,0.0
2017-09-16 00:00:00,0.0,2.808,0.0,3.66666666666667,24.64,2.0,5.555555555555555,0.0,0.0,8.414222222222225,0.0
2017-09-16 01:00:00,0.0,2.16,0.0,22.0,45.76,2.0,5.555555555555555,0.0,0.0,27.395555555555557,0.0
2017-09-16 02:00:00,0.0,2.106,0.0,22.0,66.88,2.0,5.555555555555555,24.0,0.0,51.449555555555555,23.52
2017-09-16 03:00:00,0.0,2.052,0.0,22.0,88.0,2.0,5.555555555555555,12.20819810770216,0.0,39.71175366325772,35.201794145548114
2017-09-16 04:00:00,0.0,1.998,0.0,0.0,88.0,2.0,5.555555555555555,0.0,0.0,5.557555555555555,34.779372615801535
2017-09-16 05:00:00,0.504,1.998,0.0,0.0,88.0,2.0,0.0,0.0,5.555555555555555,-0.502,28.806464588856358
2017-09-16 06:00:00,3.564,1.836,22.0,0.0,65.08333333326,2.0,0.0,0.0,5.555555555555555,-25.4,22.905231458234528
2017-09-16 07:00:00,7.884,2.538,22.0,0.0,42.16666666652,2.0,0.0,0.0,5.555555555555555,-30.422,17.074813125180157
2017-09-16 08:00:00,11.592,3.132,22.0,0.0,19.249999999779998,2.0,0.0,0.0,5.555555555555555,-34.724000000000004,11.314359812122438
2017-09-16 09:00:00,13.968,2.916,0.0,5.614583333562503,24.64,2.0,0.0,0.0,5.555555555555555,-9.269416666437497,5.623031938821413
2017-09-16 10:00:00,15.012,2.808,0.0,0.0,24.64,2.0,0.0,0.0,5.555555555555555,-15.82,0.0
2017-09-16 11:00:00,14.796,2.7,0.0,22.0,45.76,2.0,5.555555555555555,0.0,0.0,12.059555555555558,0.0
2017-09-16 12:00:00,12.852,1.944,0.0,22.0,66.88,2.0,5.555555555555555,24.0,0.0,38.75955555555555,23.52
2017-09-16 13:00:00,11.772,1.998,0.0,22.0,88.0,2.0,5.555555555555555,17.94598580037707,0.0,33.731541355932634,40.824826084369526
2017-09-16 14:00:00,8.964,1.836,0.0,0.0,88.0,2.0,0.0,0.0,5.555555555555555,-8.8,34.779372615801535
2017-09-16 15:00:00,5.22,1.512,0.0,0.0,88.0,2.0,0.0,0.0,5.555555555555555,-4.731999999999999,28.806464588856358
2017-09-16 16:00:00,1.764,1.296,22.0,0.0,65.08333333326,2.0,0.0,0.0,5.555555555555555,-23.06,22.905231458234528
2017-09-16 17:00:00,0.0,1.404,22.0,0.0,42.16666666652,2.0,0.0,0.0,5.555555555555555,-21.404,17.074813125180157
2017-09-16 18:00:00,0.0,1.512,22.0,0.0,19.249999999779998,2.0,0.0,0.0,5.555555555555555,-21.512,11.314359812122438
2017-09-16 19:00:00,0.0,1.134,18.47999999972966,0.0,0.0,2.0,0.0,0.0,5.555555555555555,-17.61399999972966,5.623031938821413
2017-09-16 20:00:00,0.0,0.918,0.0,0.0,0.0,2.0,0.0,0.0,5.555555555555555,1.0819999999999999,0.0
2017-09-16 21:00:00,0.0,1.026,0.0,0.0,0.0,2.0,5.555555555555555,0.0,0.0,6.529555555555556,0.0
2017-09-16 22:00:00,0.0,1.188,0.0,0.0,0.0,2.0,5.555555555555555,0.0,0.0,6.367555555555556,0.0
2017-09-16 23:00:00,0.0,1.296,0.0,0.0,0.0,2.0,5.555555555555555,0.0,0.0,6.259555555555555,0.0
2017-09-17 00:00:00,0.0,1.62,0.0,3.66666666666667,3.520000000000003,2.0,5.555555555555555,0.0,0.0,9.602222222222224,0.0
2017-09-17 01:00:00,0.0,1.242,0.0,22.0,24.64,2.0,5.555555555555555,0.0,0.0,28.313555555555556,0.0
2017-09-17 02:00:00,0.0,1.134,0.0,22.0,45.76,2.0,5.555555555555555,0.0,0.0,28.421555555555557,0.0
2017-09-17 03:00:00,0.0,1.026,0.0,22.0,66.88,2.0,5.555555555555555,0.0,0.0,28.529555555555557,0.0
2017-09-17 04:00:00,0.0,0.972,0.0,22.0,88.0,2.0,5.555555555555555,0.0,0.0,28.583555555555556,0.0
2017-09-17 05:00:00,0.468,0.972,0.0,0.0,88.0,2.0,5.555555555555555,23.372685161463806,0.0,29.488240717019362,22.905231458234528
2017-09-17 06:00:00,3.384,1.242,0.0,0.0,88.0,2.0,0.0,0.0,5.555555555555555,-2.626,17.074813125180157
2017-09-17 07:00:00,8.028,1.296,0.0,0.0,88.0,2.0,0.0,0.0,5.555555555555555,-7.324000000000001,11.314359812122438
2017-09-17 08:00:00,13.14,1.35,0.0,0.0,88.0,2.0,0.0,0.0,5.555555555555555,-12.49,5.623031938821413
2017-09-17 09:00:00,17.532,1.188,20.275199999935122,0.0,66.88,2.0,0.0,0.0,5.555555555555555,-36.995199999935124,0.0
2017-09-17 10:00:00,20.988,1.134,0.0,0.0,66.88,2.0,5.555555555555555,0.0,0.0,-14.566444444444445,0.0
2017-09-17 11:00:00,22.176,1.296,0.0,0.0,66.88,2.0,5.555555555555555,0.0,0.0,-15.916444444444444,0.0
2017-09-17 12:00:00,21.42,1.566,0.0,0.0,66.88,2.0,5.555555555555555,0.0,0.0,-15.430444444444447,0.0
2017-09-17 13:00:00,18.972,1.944,0.0,0.0,66.88,2.0,5.555555555555555,11.628700131993654,0.0,-1.7317443124507896,11.39612612935378
2017-09-17 14:00:00,14.256,1.782,0.0,22.0,88.0,2.0,5.555555555555555,24.0,0.0,37.51755555555556,34.779372615801535
2017-09-17 15:00:00,8.496,1.404,0.0,0.0,88.0,2.0,0.0,0.0,5.555555555555555,-7.9,28.806464588856358
2017-09-17 16:00:00,2.808,1.35,18.47999999972965,0.0,68.75000000022001,2.0,0.0,0.0,5.555555555555555,-20.637999999729654,22.905231458234528
2017-09-17 17:00:00,0.0,1.512,22.0,0.0,45.833333333480006,2.0,0.0,0.0,5.555555555555555,-21.512,17.074813125180157
2017-09-17 18:00:00,0.0,0.972,22.0,0.0,22.916666666740003,2.0,0.0,0.0,5.555555555555555,-20.972,11.314359812122438
2017-09-17 19:00:00,0.0,0.864,22.0,0.0,0.0,2.0,0.0,0.0,5.555555555555555,-20.864,5.623031938821413
2017-09-17 20:00:00,0.0,0.702,0.0,0.0,0.0,2.0,0.0,0.0,5.555555555555555,1.298,0.0
2017-09-17 21:00:00,0.0,0.54,0.0,0.0,0.0,2.0,5.555555555555555,0.0,0.0,7.015555555555555,0.0
2017-09-17 22:00:00,0.0,0.432,0.0,0.0,0.0,2.0,5.555555555555555,0.0,0.0,7.123555555555555,0.0
2017-09-17 23:00:00,0.0,0.432,0.0,22.0,21.119999999999997,2.0,5.555555555555555,0.0,0.0,29.12355555555556,0.0
2017-09-18 00:00:00,0.0,0.378,0.0,22.0,42.239999999999995,2.0,5.555555555555555,0.0,0.0,29.177555555555557,0.0
2017-09-18 01:00:00,0.0,0.324,0.0,22.0,63.35999999999999,2.0,5.555555555555555,24.0,0.0,53.23155555555556,23.52
2017-09-18 02:00:00,0.0,0.324,0.0,22.0,84.47999999999999,2.0,5.555555555555555,24.0,0.0,53.23155555555556,46.75776
2017-09-18 03:00:00,0.0,0.324,0.0,3.6666666666666776,88.0,2.0,5.555555555555555,20.446978656277654,0.0,31.345200878499885,66.2347059631521
2017-09-18 04:00:00,0.0,0.378,0.0,0.0,88.0,2.0,0.0,0.0,5.555555555555555,1.6219999999999999,59.88433393603872
2017-09-18 05:00:00,0.54,0.378,18.47999999972965,0.0,68.75000000022001,2.0,0.0,0.0,5.555555555555555,-17.397999999729652,53.6101663732507
2017-09-18 06:00:00,4.716,0.324,22.0,0.0,45.833333333480006,2.0,0.0,0.0,5.555555555555555,-25.040000000000003,47.41128882121613
2017-09-18 07:00:00,10.584,0.324,22.0,0.0,22.916666666740003,2.0,0.0,0.0,5.555555555555555,-30.908,41.28679779980598
2017-09-18 08:00:00,15.552,0.324,22.0,0.0,0.0,2.0,0.0,0.0,5.555555555555555,-35.876000000000005,35.23580067065275
2017-09-18 09:00:00,19.188,0.27,0.0,0.0,0.0,2.0,0.0,0.0,5.555555555555555,-17.458,29.257415507049362
2017-09-18 10:00:00,21.096,0.27,0.0,22.0,21.119999999999997,2.0,0.0,0.0,5.555555555555555,2.6340000000000003,23.350770965409215
2017-09-18 11:00:00,21.6,0.324,0.0,22.0,42.239999999999995,2.0,0.0,0.0,5.555555555555555,2.075999999999997,17.51500615826875
2017-09-18 12:00:00,20.448,0.594,0.0,22.0,63.35999999999999,2.0,5.555555555555555,24.0,0.0,32.513555555555556,40.824826084369526
2017-09-18 13:00:00,17.64,1.242,0.0,22.0,84.47999999999999,2.0,0.0,0.0,5.555555555555555,5.1179999999999986,34.779372615801535
2017-09-18 14:00:00,12.708,1.782,0.0,0.0,84.47999999999999,2.0,0.0,0.0,5.555555555555555,-12.49,28.806464588856358
2017-09-18 15:00:00,6.264,1.458,15.100799999740454,0.0,68.75000000022001,2.0,0.0,0.0,5.555555555555555,-20.822799999740457,22.905231458234528
2017-09-18 16:00:00,1.836,1.35,22.0,0.0,45.833333333480006,2.0,0.0,0.0,5.555555555555555,-23.186,17.074813125180157
2017-09-18 17:00:00,0.0,1.512,22.0,0.0,22.916666666740003,2.0,0.0,0.0,5.555555555555555,-21.512,11.314359812122438
2017-09-18 18:00:00,0.0,1.404,22.0,0.0,0.0,2.0,0.0,0.0,5.555555555555555,-21.404,5.623031938821413
2017-09-18 19:00:00,0.0,1.782,0.0,0.0,0.0,2.0,0.0,0.0,5.555555555555555,0.21799999999999997,0.0
2017-09-18 20:00:00,0.0,1.782,0.0,0.0,0.0,2.0,5.555555555555555,0.0,0.0,5.773555555555555,0.0
2017-09-18 21:00:00,0.0,2.052,0.0,0.0,0.0,2.0,5.555555555555555,0.0,0.0,5.503555555555556,0.0
2017-09-18 22:00:00,0.0,2.538,0.0,3.66666666666667,3.520000000000003,2.0,5.555555555555555,0.0,0.0,8.684222222222225,0.0
2017-09-18 23:00:00,0.0,3.24,0.0,22.0,24.64,2.0,5.555555555555555,6.690257557429382,0.0,33.00581311298494,6.556452406280794
2017-09-19 00:00:00,0.0,4.212,0.0,22.0,45.76,2.0,5.555555555555555,24.0,0.0,49.343555555555554,29.997774977405424
2017-09-19 01:00:00,0.0,5.454,0.0,22.0,66.88,2.0,5.555555555555555,24.0,0.0,48.10155555555556,53.15780167767656
2017-09-19 02:00:00,0.0,6.372,0.0,22.0,88.0,2.0,5.555555555555555,24.0,0.0,47.18355555555556,76.03990805754444
2017-09-19 03:00:00,0.0,6.588,0.0,0.0,88.0,2.0,5.555555555555555,24.0,0.0,24.967555555555556,98.6474291608539
2017-09-19 04:00:00,0.0,7.074,0.0,0.0,88.0,2.0,0.0,0.0,5.555555555555555,-5.074,91.9081044553681
2017-09-19 05:00:00,0.432,7.506,18.47999999972965,0.0,68.75000000022001,2.0,0.0,0.0,5.555555555555555,-24.417999999729652,85.24965164634813
2017-09-19 06:00:00,3.42,7.722,22.0,0.0,45.833333333480006,2.0,0.0,0.0,5.555555555555555,-31.142000000000003,78.6711002710364
2017-09-19 07:00:00,7.056,9.558,22.0,0.0,22.916666666740003,2.0,0.0,0.0,5.555555555555555,-36.614,72.1714915122284
2017-09-19 08:00:00,10.296,11.664,22.0,0.0,0.0,2.0,0.0,0.0,5.555555555555555,-41.96,65.74987805852611
2017-09-19 09:00:00,12.708,13.284,0.0,0.0,0.0,2.0,0.0,0.0,5.555555555555555,-23.992,59.40532396626824
2017-09-19 10:00:00,13.5,14.094,0.0,0.0,0.0,2.0,0.0,0.0,5.555555555555555,-25.594,53.136904523117465
2017-09-19 11:00:00,12.672,14.04,0.0,22.0,21.119999999999997,2.0,0.0,0.0,5.555555555555555,-2.7119999999999997,46.9437061132845
2017-09-19 12:00:00,9.756,12.96,0.0,22.0,42.239999999999995,2.0,0.0,0.0,5.555555555555555,1.283999999999999,40.824826084369526
2017-09-19 13:00:00,6.732,12.96,0.0,22.0,63.35999999999999,2.0,0.0,0.0,5.555555555555555,4.307999999999999,34.779372615801535
2017-09-19 14:00:00,3.6,13.446,0.0,22.0,84.47999999999999,2.0,0.0,0.0,5.555555555555555,6.954000000000001,28.806464588856358
2017-09-19 15:00:00,1.764,13.392,15.100799999740454,0.0,68.75000000022001,2.0,0.0,0.0,5.555555555555555,-28.256799999740455,22.905231458234528
2017-09-19 16:00:00,0.54,12.69,22.0,0.0,45.833333333480006,2.0,0.0,0.0,5.555555555555555,-33.23,17.074813125180157
2017-09-19 17:00:00,0.0,11.232,22.0,0.0,22.916666666740003,2.0,0.0,0.0,5.555555555555555,-31.232,11.314359812122438
2017-09-19 18:00:00,0.0,9.342,22.0,0.0,0.0,2.0,0.0,0.0,5.555555555555555,-29.342,5.623031938821413
2017-09-19 19:00:00,0.0,7.668,0.0,0.0,0.0,2.0,0.0,0.0,5.555555555555555,-5.668,0.0
2017-09-19 20:00:00,0.0,6.534,0.0,0.0,0.0,2.0,5.555555555555555,0.0,0.0,1.0215555555555556,0.0
2017-09-19 21:00:00,0.0,6.21,0.0,0.0,0.0,2.0,5.555555555555555,0.0,0.0,1.3455555555555554,0.0
2017-09-19 22:00:00,0.0,5.94,0.0,3.66666666666667,3.520000000000003,2.0,5.555555555555555,0.0,0.0,5.282222222222225,0.0
2017-09-19 23:00:00,0.0,5.886,0.0,22.0,24.64,2.0,5.555555555555555,24.0,0.0,47.669555555555554,23.52
2017-09-20 00:00:00,0.0,5.886,0.0,22.0,45.76,2.0,5.555555555555555,24.0,0.0,47.669555555555554,46.75776
2017-09-20 01:00:00,0.0,4.914,0.0,22.0,66.88,2.0,5.555555555555555,24.0,0.0,48.641555555555556,69.71666687999999
2017-09-20 02:00:00,0.0,3.834,0.0,22.0,88.0,2.0,5.555555555555555,24.0,0.0,49.721555555555554,92.40006687743998
2017-09-20 03:00:00,0.0,2.646,0.0,0.0,88.0,2.0,5.555555555555555,7.506288863207342,0.0,12.415844418762898,98.6474291608539
2017-09-20 04:00:00,0.0,1.998,0.0,0.0,88.0,2.0,0.0,0.0,5.555555555555555,0.0020000000000000018,91.9081044553681
2017-09-20 05:00:00,0.324,1.674,22.0,0.0,65.08333333326,2.0,0.0,0.0,5.555555555555555,-21.998,85.24965164634813
2017-09-20 06:00:00,3.204,1.242,22.0,0.0,42.16666666652,2.0,0.0,0.0,5.555555555555555,-24.446,78.6711002710364
2017-09-20 07:00:00,7.848,1.404,18.47999999972966,0.0,22.916666666740003,2.0,0.0,0.0,5.555555555555555,-25.73199999972966,72.1714915122284
2017-09-20 08:00:00,12.312,1.512,22.0,0.0,0.0,2.0,0.0,0.0,5.555555555555555,-33.824,65.74987805852611
2017-09-20 09:00:00,16.416,1.782,0.0,0.0,0.0,2.0,0.0,0.0,5.555555555555555,-16.198,59.40532396626824
2017-09-20 10:00:00,19.476,2.7,0.0,22.0,21.119999999999997,2.0,0.0,0.0,5.555555555555555,1.8240000000000016,53.136904523117465
2017-09-20 11:00:00,19.08,3.672,0.0,22.0,42.239999999999995,2.0,0.0,0.0,5.555555555555555,1.248000000000001,46.9437061132845
2017-09-20 12:00:00,17.928,4.374,0.0,22.0,63.35999999999999,2.0,0.0,0.0,5.555555555555555,1.6980000000000004,40.824826084369526
2017-09-20 13:00:00,17.46,3.942,0.0,22.0,84.47999999999999,2.0,0.0,0.0,5.555555555555555,2.597999999999999,34.779372615801535
2017-09-20 14:00:00,12.636,3.186,0.0,3.6666666666666776,88.0,2.0,0.0,0.0,5.555555555555555,-10.15533333333332,28.806464588856358
2017-09-20 15:00:00,6.264,2.484,18.47999999972965,0.0,68.75000000022001,2.0,0.0,0.0,5.555555555555555,-25.22799999972965,22.905231458234528
2017-09-20 16:00:00,1.62,2.16,22.0,0.0,45.833333333480006,2.0,0.0,0.0,5.555555555555555,-23.78,17.074813125180157
2017-09-20 17:00:00,0.0,2.268,22.0,0.0,22.916666666740003,2.0,0.0,0.0,5.555555555555555,-22.268,11.314359812122438
2017-09-20 18:00:00,0.0,2.052,22.0,0.0,0.0,2.0,0.0,0.0,5.555555555555555,-22.052,5.623031938821413
2017-09-20 19:00:00,0.0,1.728,0.0,0.0,0.0,2.0,0.0,0.0,5.555555555555555,0.272,0.0
2017-09-20 20:00:00,0.0,1.35,0.0,0.0,0.0,2.0,5.555555555555555,0.0,0.0,6.205555555555556,0.0
2017-09-20 21:00:00,0.0,1.188,0.0,0.0,0.0,2.0,5.555555555555555,0.0,0.0,6.367555555555556,0.0
2017-09-20 22:00:00,0.0,1.242,0.0,3.66666666666667,3.520000000000003,2.0,5.555555555555555,0.0,0.0,9.980222222222224,0.0
2017-09-20 23:00:00,0.0,1.296,0.0,22.0,24.64,2.0,5.555555555555555,17.530076413676863,0.0,45.789631969232424,17.179474885403327
2017-09-21 00:00:00,0.0,1.188,0.0,22.0,45.76,2.0,5.555555555555555,24.0,0.0,52.367555555555555,40.49332118677849
2017-09-21 01:00:00,0.0,1.134,0.0,22.0,66.88,2.0,5.555555555555555,24.0,0.0,52.42155555555556,63.52740133253714
2017-09-21 02:00:00,0.0,1.026,0.0,22.0,88.0,2.0,5.555555555555555,24.0,0.0,52.529555555555554,86.28507251654669
2017-09-21 03:00:00,0.0,1.134,0.0,0.0,88.0,2.0,5.555555555555555,0.0,0.0,6.421555555555555,85.24965164634813
2017-09-21 04:00:00,0.0,1.512,0.0,0.0,88.0,2.0,0.0,0.0,5.555555555555555,0.488,78.6711002710364
2017-09-21 05:00:00,0.18,1.944,22.0,0.0,65.08333333326,2.0,0.0,0.0,5.555555555555555,-22.124,72.1714915122284
2017-09-21 06:00:00,1.08,2.538,22.0,0.0,42.16666666652,2.0,0.0,0.0,5.555555555555555,-23.618000000000002,65.74987805852611
2017-09-21 07:00:00,3.672,2.43,22.0,0.0,19.249999999779998,2.0,0.0,0.0,5.555555555555555,-26.102,59.40532396626824
2017-09-21 08:00:00,8.064,2.322,18.47999999972966,0.0,0.0,2.0,0.0,0.0,5.555555555555555,-26.86599999972966,53.136904523117465
2017-09-21 09:00:00,12.816,2.322,0.0,0.0,0.0,2.0,0.0,0.0,5.555555555555555,-13.138000000000002,46.9437061132845
2017-09-21 10:00:00,16.2,2.106,0.0,0.0,0.0,2.0,0.0,0.0,5.555555555555555,-16.305999999999997,40.824826084369526
2017-09-21 11:00:00,15.768,2.106,0.0,0.0,0.0,2.0,0.0,0.0,5.555555555555555,-15.874,34.779372615801535
2017-09-21 12:00:00,13.428,1.404,0.0,22.0,21.119999999999997,2.0,0.0,0.0,5.555555555555555,9.168,28.806464588856358
2017-09-21 13:00:00,10.512,1.35,0.0,1.8715277778541726,22.916666666740003,2.0,0.0,0.0,5.555555555555555,-7.9904722221458275,22.905231458234528
2017-09-21 14:00:00,7.668,1.674,0.0,0.0,22.916666666740003,2.0,0.0,0.0,5.555555555555555,-7.3420000000000005,17.074813125180157
2017-09-21 15:00:00,4.5,2.16,0.0,0.0,22.916666666740003,2.0,0.0,0.0,5.555555555555555,-4.66,11.314359812122438
2017-09-21 16:00:00,1.296,2.592,0.0,0.0,22.916666666740003,2.0,0.0,0.0,5.555555555555555,-1.8880000000000001,5.623031938821413
2017-09-21 17:00:00,0.0,3.186,22.0,0.0,0.0,2.0,0.0,0.0,5.555555555555555,-23.186,0.0
2017-09-21 18:00:00,0.0,3.996,0.0,0.0,0.0,2.0,5.555555555555555,0.0,0.0,3.5595555555555554,0.0
2017-09-21 19:00:00,0.0,4.212,0.0,0.0,0.0,2.0,5.555555555555555,0.0,0.0,3.3435555555555556,0.0
2017-09-21 20:00:00,0.0,3.726,0.0,0.0,0.0,2.0,5.555555555555555,0.0,0.0,3.8295555555555554,0.0
2017-09-21 21:00:00,0.0,3.078,0.0,0.0,0.0,2.0,5.555555555555555,0.0,0.0,4.477555555555556,0.0
2017-09-21 22:00:00,0.0,2.646,0.0,3.66666666666667,3.520000000000003,2.0,5.555555555555555,0.0,0.0,8.576222222222224,0.0
2017-09-21 23:00:00,0.0,2.43,0.0,22.0,24.64,2.0,5.555555555555555,24.0,0.0,51.12555555555556,23.52
2017-09-22 00:00:00,0.0,1.998,0.0,22.0,45.76,2.0,5.555555555555555,24.0,0.0,51.55755555555556,46.75776
2017-09-22 01:00:00,0.0,2.43,0.0,22.0,66.88,2.0,5.555555555555555,24.0,0.0,51.12555555555556,69.71666687999999
2017-09-22 02:00:00,0.0,2.646,0.0,22.0,88.0,2.0,5.555555555555555,24.0,0.0,50.909555555555556,92.40006687743998
2017-09-22 03:00:00,0.0,2.268,0.0,0.0,88.0,2.0,5.555555555555555,1.1099424926453392,0.0,6.397498048200895,92.37900971770314
2017-09-22 04:00:00,0.0,2.106,0.0,0.0,88.0,2.0,0.0,0.0,5.555555555555555,-0.10599999999999987,85.71490604553514
2017-09-22 05:00:00,0.288,2.052,0.0,0.0,88.0,2.0,0.0,0.0,5.555555555555555,-0.34,79.13077161743317
2017-09-22 06:00:00,2.808,2.646,22.0,0.0,65.08333333326,2.0,0.0,0.0,5.555555555555555,-25.454,72.62564680246841
2017-09-22 07:00:00,7.02,2.376,22.0,0.0,42.16666666652,2.0,0.0,0.0,5.555555555555555,-29.396,66.19858348528324
2017-09-22 08:00:00,11.268,1.728,22.0,0.0,19.249999999779998,2.0,0.0,0.0,5.555555555555555,-32.996,59.84864492790428
2017-09-22 09:00:00,15.552,1.35,18.47999999972966,0.0,0.0,2.0,0.0,0.0,5.555555555555555,-33.38199999972966,53.574905633213874
2017-09-22 10:00:00,18.576,1.08,0.0,0.0,0.0,2.0,0.0,0.0,5.555555555555555,-17.656,47.37645121005975
2017-09-22 11:00:00,17.388,0.918,0.0,22.0,21.119999999999997,2.0,0.0,0.0,5.555555555555555,5.693999999999999,41.25237823998347
2017-09-22 12:00:00,15.156,0.918,0.0,22.0,42.239999999999995,2.0,0.0,0.0,5.555555555555555,7.926,35.201794145548114
2017-09-22 13:00:00,12.06,1.026,0.0,22.0,63.35999999999999,2.0,5.555555555555555,0.0,0.0,16.46955555555556,34.779372615801535
2017-09-22 14:00:00,8.748,1.35,0.0,22.0,84.47999999999999,2.0,0.0,0.0,5.555555555555555,13.902,28.806464588856358
2017-09-22 15:00:00,4.86,1.296,0.0,0.0,84.47999999999999,2.0,0.0,0.0,5.555555555555555,-4.156000000000001,22.905231458234528
2017-09-22 16:00:00,1.44,1.242,22.0,0.0,61.56333333325999,2.0,0.0,0.0,5.555555555555555,-22.682000000000002,17.074813125180157
2017-09-22 17:00:00,0.0,1.242,22.0,0.0,38.64666666651999,2.0,0.0,0.0,5.555555555555555,-21.242,11.314359812122438
2017-09-22 18:00:00,0.0,0.864,22.0,0.0,15.729999999779988,2.0,0.0,0.0,5.555555555555555,-20.864,5.623031938821413
2017-09-22 19:00:00,0.0,0.648,15.100799999740465,0.0,0.0,2.0,0.0,0.0,5.555555555555555,-13.748799999740465,0.0
2017-09-22 20:00:00,0.0,0.594,0.0,0.0,0.0,2.0,5.555555555555555,0.0,0.0,6.961555555555555,0.0
2017-09-22 21:00:00,0.0,0.702,0.0,0.0,0.0,2.0,5.555555555555555,0.0,0.0,6.853555555555555,0.0
2017-09-22 22:00:00,0.0,0.756,0.0,0.0,0.0,2.0,5.555555555555555,0.0,0.0,6.799555555555555,0.0
2017-09-22 23:00:00,0.0,0.702,0.0,3.66666666666667,3.520000000000003,2.0,5.555555555555555,0.0,0.0,10.520222222222225,0.0
2017-09-23 00:00:00,0.0,0.54,0.0,22.0,24.64,2.0,5.555555555555555,0.0,0.0,29.015555555555558,0.0
2017-09-23 01:00:00,0.0,0.486,0.0,22.0,45.76,2.0,5.555555555555555,0.0,0.0,29.069555555555556,0.0
2017-09-23 02:00:00,0.0,0.54,0.0,22.0,66.88,2.0,5.555555555555555,11.628700131993654,0.0,40.64425568754921,11.39612612935378
2017-09-23 03:00:00,0.0,0.756,0.0,22.0,88.0,2.0,5.555555555555555,24.0,0.0,52.79955555555556,34.779372615801535
2017-09-23 04:00:00,0.0,0.864,0.0,0.0,88.0,2.0,0.0,0.0,5.555555555555555,1.1360000000000001,28.806464588856358
2017-09-23 05:00:00,0.288,0.918,0.0,0.0,88.0,2.0,0.0,0.0,5.555555555555555,0.7939999999999998,22.905231458234528
2017-09-23 06:00:00,3.564,0.81,22.0,0.0,65.08333333326,2.0,0.0,0.0,5.555555555555555,-24.374,17.074813125180157
2017-09-23 07:00:00,9.36,0.864,22.0,0.0,42.16666666652,2.0,0.0,0.0,5.555555555555555,-30.224,11.314359812122438
2017-09-23 08:00:00,14.58,1.134,22.0,0.0,19.249999999779998,2.0,0.0,0.0,5.555555555555555,-35.714,5.623031938821413
2017-09-23 09:00:00,17.208,1.134,18.47999999972966,0.0,0.0,2.0,0.0,0.0,5.555555555555555,-34.821999999729655,0.0
2017-09-23 10:00:00,18.18,1.08,0.0,22.0,21.119999999999997,2.0,5.555555555555555,0.0,0.0,10.29555555555556,0.0
2017-09-23 11:00:00,16.704,0.918,0.0,22.0,42.239999999999995,2.0,5.555555555555555,0.0,0.0,11.933555555555557,0.0
2017-09-23 12:00:00,13.14,0.378,0.0,22.0,63.35999999999999,2.0,5.555555555555555,0.0,0.0,16.037555555555556,0.0
2017-09-23 13:00:00,11.052,0.54,0.0,22.0,84.47999999999999,2.0,5.555555555555555,24.0,0.0,41.96355555555556,23.52
2017-09-23 14:00:00,7.2,0.756,0.0,3.6666666666666776,88.0,2.0,5.555555555555555,5.682351621282,0.0,8.948573843504231,28.806464588856358
2017-09-23 15:00:00,3.852,0.864,0.0,0.0,88.0,2.0,0.0,0.0,5.555555555555555,-2.7159999999999997,22.905231458234528
2017-09-23 16:00:00,1.152,1.188,22.0,0.0,65.08333333326,2.0,0.0,0.0,5.555555555555555,-22.34,17.074813125180157
2017-09-23 17:00:00,0.0,1.62,22.0,0.0,42.16666666652,2.0,0.0,0.0,5.555555555555555,-21.62,11.314359812122438
2017-09-23 18:00:00,0.0,0.972,22.0,0.0,19.249999999779998,2.0,0.0,0.0,5.555555555555555,-20.972,5.623031938821413
2017-09-23 19:00:00,0.0,0.972,18.47999999972966,0.0,0.0,2.0,0.0,0.0,5.555555555555555,-17.45199999972966,0.0
2017-09-23 20:00:00,0.0,0.972,0.0,0.0,0.0,2.0,5.555555555555555,0.0,0.0,6.583555555555556,0.0
2017-09-23 21:00:00,0.0,1.134,0.0,0.0,0.0,2.0,5.555555555555555,0.0,0.0,6.421555555555555,0.0
2017-09-23 22:00:00,0.0,1.188,0.0,0.0,0.0,2.0,5.555555555555555,0.0,0.0,6.367555555555556,0.0
2017-09-23 23:00:00,0.0,1.08,0.0,22.0,21.119999999999997,2.0,5.555555555555555,0.0,0.0,28.47555555555556,0.0
2017-09-24 00:00:00,0.0,1.026,0.0,22.0,42.239999999999995,2.0,5.555555555555555,0.0,0.0,28.529555555555557,0.0
2017-09-24 01:00:00,0.0,0.972,0.0,22.0,63.35999999999999,2.0,5.555555555555555,0.0,0.0,28.583555555555556,0.0
2017-09-24 02:00:00,0.0,1.134,0.0,22.0,84.47999999999999,2.0,5.555555555555555,24.0,0.0,52.42155555555556,23.52
2017-09-24 03:00:00,0.0,1.296,0.0,3.6666666666666776,88.0,2.0,5.555555555555555,6.400720685966413,0.0,16.326942908188645,29.510466272247083
2017-09-24 04:00:00,0.0,1.458,0.0,0.0,88.0,2.0,5.555555555555555,0.0,0.0,6.097555555555555,29.15634067698012
2017-09-24 05:00:00,0.072,1.782,0.0,0.0,88.0,2.0,5.555555555555555,0.0,0.0,5.701555555555555,28.806464588856358
2017-09-24 06:00:00,0.756,1.404,0.0,0.0,88.0,2.0,0.0,0.0,5.555555555555555,-0.15999999999999992,22.905231458234528
2017-09-24 07:00:00,1.44,1.944,22.0,0.0,65.08333333326,2.0,0.0,0.0,5.555555555555555,-23.384,17.074813125180157
2017-09-24 08:00:00,2.376,2.484,16.82559999980536,0.0,47.55666666674,2.0,0.0,0.0,5.555555555555555,-19.68559999980536,11.314359812122438
2017-09-24 09:00:00,3.78,2.754,22.0,0.0,24.64,2.0,0.0,0.0,5.555555555555555,-26.534000000000002,5.623031938821413
2017-09-24 10:00:00,5.796,3.294,0.0,0.0,24.64,2.0,0.0,0.0,5.555555555555555,-7.09,0.0
2017-09-24 11:00:00,8.892,3.942,0.0,0.0,24.64,2.0,5.555555555555555,0.0,0.0,-5.278444444444444,0.0
2017-09-24 12:00:00,9.288,4.32,0.0,22.0,45.76,2.0,5.555555555555555,0.0,0.0,15.947555555555557,0.0
2017-09-24 13:00:00,8.784,4.752,0.0,22.0,66.88,2.0,5.555555555555555,5.459870062026313,0.0,21.479425617581867,5.350672660785787
2017-09-24 14:00:00,7.524,4.806,0.0,22.0,88.0,2.0,5.555555555555555,24.0,0.0,41.22555555555556,28.806464588856358
2017-09-24 15:00:00,5.472,4.536,0.0,0.0,88.0,2.0,0.0,0.0,5.555555555555555,-8.008,22.905231458234528
2017-09-24 16:00:00,1.8,4.86,22.0,0.0,65.08333333326,2.0,0.0,0.0,5.555555555555555,-26.66,17.074813125180157
2017-09-24 17:00:00,0.0,6.696,22.0,0.0,42.16666666652,2.0,0.0,0.0,5.555555555555555,-26.695999999999998,11.314359812122438
2017-09-24 18:00:00,0.0,5.778,22.0,0.0,19.249999999779998,2.0,0.0,0.0,5.555555555555555,-25.778,5.623031938821413
2017-09-24 19:00:00,0.0,7.074,18.47999999972966,0.0,0.0,2.0,0.0,0.0,5.555555555555555,-23.553999999729662,0.0
2017-09-24 20:00:00,0.0,7.722,0.0,0.0,0.0,2.0,5.555555555555555,0.0,0.0,-0.16644444444444506,0.0
2017-09-24 21:00:00,0.0,8.1,0.0,0.0,0.0,2.0,5.555555555555555,0.0,0.0,-0.5444444444444443,0.0
2017-09-24 22:00:00,0.0,8.154,0.0,3.66666666666667,3.520000000000003,2.0,5.555555555555555,0.0,0.0,3.068222222222225,0.0
2017-09-24 23:00:00,0.0,7.83,0.0,22.0,24.64,2.0,5.555555555555555,0.0,0.0,21.72555555555556,0.0
2017-09-25 00:00:00,0.0,6.966,0.0,22.0,45.76,2.0,5.555555555555555,6.668412801838901,0.0,29.257968357394454,6.535044545802123
2017-09-25 01:00:00,0.0,7.614,0.0,22.0,66.88,2.0,5.555555555555555,24.0,0.0,45.94155555555556,29.976624011252497
2017-09-25 02:00:00,0.0,8.694,0.0,22.0,88.0,2.0,5.555555555555555,24.0,0.0,44.861555555555555,53.136904523117465
2017-09-25 03:00:00,0.0,10.098,0.0,0.0,88.0,2.0,0.0,0.0,5.555555555555555,-8.098,46.9437061132845
2017-09-25 04:00:00,0.0,11.502,22.0,0.0,65.08333333326,2.0,0.0,0.0,5.555555555555555,-31.502000000000002,40.824826084369526
2017-09-25 05:00:00,0.036,12.582,18.479999999729657,0.0,45.833333333480006,2.0,0.0,0.0,5.555555555555555,-29.09799999972966,34.779372615801535
2017-09-25 06:00:00,0.504,11.394,22.0,0.0,22.916666666740003,2.0,0.0,0.0,5.555555555555555,-31.898,28.806464588856358
2017-09-25 07:00:00,1.116,13.068,22.0,0.0,0.0,2.0,0.0,0.0,5.555555555555555,-34.184,22.905231458234528
2017-09-25 08:00:00,2.196,14.796,0.0,0.0,0.0,2.0,0.0,0.0,5.555555555555555,-14.991999999999999,17.074813125180157
2017-09-25 09:00:00,4.068,16.146,0.0,0.0,0.0,2.0,0.0,0.0,5.555555555555555,-18.214,11.314359812122438
2017-09-25 10:00:00,6.66,16.848,0.0,0.0,0.0,2.0,0.0,0.0,5.555555555555555,-21.508,5.623031938821413
2017-09-25 11:00:00,8.352,16.848,0.0,0.0,0.0,2.0,0.0,0.0,5.555555555555555,-23.2,0.0
2017-09-25 12:00:00,9.0,13.662,0.0,0.0,0.0,2.0,5.555555555555555,0.0,0.0,-15.106444444444445,0.0
2017-09-25 13:00:00,10.836,14.418,0.0,0.0,0.0,2.0,5.555555555555555,5.8780135847527735,0.0,-11.82043085969167,5.760453313057718
2017-09-25 14:00:00,10.368,13.716,0.0,0.0,0.0,2.0,5.555555555555555,0.0,0.0,-16.528444444444446,5.6913278733010255
2017-09-25 15:00:00,5.652,11.394,0.0,0.0,0.0,2.0,5.555555555555555,0.0,0.0,-9.490444444444446,5.623031938821413
2017-09-25 16:00:00,1.548,10.206,0.0,0.0,0.0,2.0,0.0,0.0,5.555555555555555,-9.754,0.0
2017-09-25 17:00:00,0.0,11.664,0.0,0.0,0.0,2.0,5.555555555555555,0.0,0.0,-4.108444444444444,0.0
2017-09-25 18:00:00,0.0,10.422,0.0,0.0,0.0,2.0,5.555555555555555,0.0,0.0,-2.8664444444444452,0.0
2017-09-25 19:00:00,0.0,10.206,0.0,0.0,0.0,2.0,5.555555555555555,0.0,0.0,-2.650444444444444,0.0
2017-09-25 20:00:00,0.0,10.746,0.0,0.0,0.0,2.0,5.555555555555555,0.0,0.0,-3.190444444444445,0.0
2017-09-25 21:00:00,0.0,11.286,0.0,22.0,21.119999999999997,2.0,5.555555555555555,0.0,0.0,18.269555555555556,0.0
2017-09-25 22:00:00,0.0,11.718,0.0,3.66666666666667,24.64,2.0,5.555555555555555,0.0,0.0,-0.495777777777775,0.0
2017-09-25 23:00:00,0.0,12.096,0.0,22.0,45.76,2.0,5.555555555555555,23.47948287597725,0.0,40.93903843153281,23.009893218457705
2017-09-26 00:00:00,0.0,10.476,0.0,22.0,66.88,2.0,5.555555555555555,24.0,0.0,43.07955555555556,46.25377449983621
2017-09-26 01:00:00,0.0,10.638,0.0,22.0,88.0,2.0,5.555555555555555,24.0,0.0,42.91755555555556,69.21872920583817
2017-09-26 02:00:00,0.0,10.584,0.0,0.0,88.0,2.0,5.555555555555555,24.0,0.0,20.971555555555558,91.9081044553681
2017-09-26 03:00:00,0.0,10.692,0.0,0.0,88.0,2.0,0.0,0.0,5.555555555555555,-8.692,85.24965164634813
2017-09-26 04:00:00,0.0,10.854,0.0,0.0,88.0,2.0,0.0,0.0,5.555555555555555,-8.854,78.6711002710364
2017-09-26 05:00:00,0.108,11.124,0.0,0.0,88.0,2.0,0.0,0.0,5.555555555555555,-9.232000000000001,72.1714915122284
2017-09-26 06:00:00,1.224,11.61,22.0,0.0,65.08333333326,2.0,0.0,0.0,5.555555555555555,-32.833999999999996,65.74987805852611
2017-09-26 07:00:00,2.844,13.5,0.0,0.0,65.08333333326,2.0,0.0,0.0,5.555555555555555,-14.344,59.40532396626824
2017-09-26 08:00:00,3.924,15.606,0.0,0.0,65.08333333326,2.0,0.0,0.0,5.555555555555555,-17.53,53.136904523117465
2017-09-26 09:00:00,4.536,16.416,0.0,0.0,65.08333333326,2.0,0.0,0.0,5.555555555555555,-18.951999999999998,46.9437061132845
2017-09-26 10:00:00,5.22,16.632,0.0,0.0,65.08333333326,2.0,0.0,0.0,5.555555555555555,-19.852,40.824826084369526
2017-09-26 11:00:00,6.012,16.092,0.0,0.0,65.08333333326,2.0,0.0,0.0,5.555555555555555,-20.104,34.779372615801535
2017-09-26 12:00:00,5.652,13.446,0.0,22.0,86.20333333325999,2.0,0.0,0.0,5.555555555555555,4.902,28.806464588856358
2017-09-26 13:00:00,10.152,14.634,0.0,0.0,86.20333333325999,2.0,0.0,0.0,5.555555555555555,-22.786,22.905231458234528
2017-09-26 14:00:00,6.336,11.394,16.75519999966476,0.0,68.75000000022001,2.0,0.0,0.0,5.555555555555555,-32.48519999966476,17.074813125180157
2017-09-26 15:00:00,3.456,9.126,22.0,0.0,45.833333333480006,2.0,0.0,0.0,5.555555555555555,-32.582,11.314359812122438
2017-09-26 16:00:00,0.936,8.532,22.0,0.0,22.916666666740003,2.0,0.0,0.0,5.555555555555555,-29.468,5.623031938821413
2017-09-26 17:00:00,0.0,9.45,22.0,0.0,0.0,2.0,0.0,0.0,5.555555555555555,-29.45,0.0
2017-09-26 18:00:00,0.0,10.152,0.0,0.0,0.0,2.0,5.555555555555555,0.0,0.0,-2.596444444444444,0.0
2017-09-26 19:00:00,0.0,10.53,0.0,0.0,0.0,2.0,5.555555555555555,0.0,0.0,-2.974444444444444,0.0
2017-09-26 20:00:00,0.0,10.26,0.0,0.0,0.0,2.0,5.555555555555555,0.0,0.0,-2.7044444444444444,0.0
2017-09-26 21:00:00,0.0,9.612,0.0,22.0,21.119999999999997,2.0,5.555555555555555,5.737787692674911,0.0,25.681343248230462,5.623031938821413
2017-09-26 22:00:00,0.0,9.72,0.0,3.66666666666667,24.64,2.0,0.0,0.0,5.555555555555555,-4.053333333333331,0.0
2017-09-26 23:00:00,0.0,10.26,0.0,22.0,45.76,2.0,5.555555555555555,0.0,0.0,19.29555555555556,0.0
2017-09-27 00:00:00,0.0,10.044,0.0,22.0,66.88,2.0,5.555555555555555,18.384568055919075,0.0,37.896123611474636,18.016876694800693
2017-09-27 01:00:00,0.0,9.612,0.0,22.0,88.0,2.0,5.555555555555555,24.0,0.0,43.943555555555555,41.320674174463086
2017-09-27 02:00:00,0.0,8.532,0.0,0.0,88.0,2.0,5.555555555555555,0.0,0.0,-0.9764444444444447,40.824826084369526
2017-09-27 03:00:00,0.0,8.046,0.0,0.0,88.0,2.0,0.0,0.0,5.555555555555555,-6.045999999999999,34.779372615801535
2017-09-27 04:00:00,0.0,8.208,0.0,0.0,88.0,2.0,0.0,0.0,5.555555555555555,-6.208,28.806464588856358
2017-09-27 05:00:00,0.036,9.504,22.0,0.0,65.08333333326,2.0,0.0,0.0,5.555555555555555,-29.54,22.905231458234528
2017-09-27 06:00:00,0.792,10.152,22.0,0.0,42.16666666652,2.0,0.0,0.0,5.555555555555555,-30.944000000000003,17.074813125180157
2017-09-27 07:00:00,2.088,13.338,22.0,0.0,19.249999999779998,2.0,0.0,0.0,5.555555555555555,-35.426,11.314359812122438
2017-09-27 08:00:00,3.924,15.552,18.47999999972966,0.0,0.0,2.0,0.0,0.0,5.555555555555555,-35.95599999972966,5.623031938821413
2017-09-27 09:00:00,5.292,15.498,0.0,0.0,0.0,2.0,0.0,0.0,5.555555555555555,-18.79,0.0
2017-09-27 10:00:00,6.84,15.282,0.0,1.8715277778541726,1.7966666667400055,2.0,5.555555555555555,0.0,0.0,-12.694916666590272,0.0
2017-09-27 11:00:00,7.56,14.58,0.0,0.0,1.7966666667400055,2.0,5.555555555555555,0.0,0.0,-14.584444444444443,0.0
2017-09-27 12:00:00,6.624,11.88,0.0,22.0,22.916666666740003,2.0,5.555555555555555,17.423278699163426,0.0,28.47483425471898,17.074813125180157
2017-09-27 13:00:00,6.228,14.094,0.0,0.0,22.916666666740003,2.0,0.0,0.0,5.555555555555555,-18.322,11.314359812122438
2017-09-27 14:00:00,5.508,16.794,0.0,0.0,22.916666666740003,2.0,0.0,0.0,5.555555555555555,-20.302,5.623031938821413
2017-09-27 15:00:00,3.276,17.658,22.0,0.0,0.0,2.0,0.0,0.0,5.555555555555555,-40.934,0.0
2017-09-27 16:00:00,0.864,17.712,0.0,0.0,0.0,2.0,5.555555555555555,0.0,0.0,-11.020444444444445,0.0
2017-09-27 17:00:00,0.0,18.36,0.0,0.0,0.0,2.0,5.555555555555555,0.0,0.0,-10.804444444444444,0.0
2017-09-27 18:00:00,0.0,17.172,0.0,0.0,0.0,2.0,5.555555555555555,0.0,0.0,-9.616444444444445,0.0
2017-09-27 19:00:00,0.0,18.306,0.0,0.0,0.0,2.0,5.555555555555555,0.0,0.0,-10.750444444444446,0.0
2017-09-27 20:00:00,0.0,19.278,0.0,0.0,0.0,2.0,5.555555555555555,0.0,0.0,-11.722444444444443,0.0
2017-09-27 21:00:00,0.0,18.9,0.0,22.0,21.119999999999997,2.0,5.555555555555555,0.0,0.0,10.655555555555559,0.0
2017-09-27 22:00:00,0.0,18.252,0.0,3.66666666666667,24.64,2.0,5.555555555555555,0.0,0.0,-7.029777777777774,0.0
2017-09-27 23:00:00,0.0,17.496,0.0,22.0,45.76,2.0,5.555555555555555,0.0,0.0,12.059555555555558,0.0
2017-09-28 00:00:00,0.0,13.932,0.0,22.0,66.88,2.0,5.555555555555555,0.0,0.0,15.623555555555557,0.0
2017-09-28 01:00:00,0.0,15.444,0.0,22.0,88.0,2.0,5.555555555555555,24.0,0.0,38.111555555555555,23.52
2017-09-28 02:00:00,0.0,16.416,0.0,0.0,88.0,2.0,5.555555555555555,11.777155730409731,0.0,2.916711285965288,34.779372615801535
2017-09-28 03:00:00,0.0,17.28,0.0,0.0,88.0,2.0,0.0,0.0,5.555555555555555,-15.280000000000001,28.806464588856358
2017-09-28 04:00:00,0.0,17.82,22.0,0.0,65.08333333326,2.0,0.0,0.0,5.555555555555555,-37.82,22.905231458234528
2017-09-28 05:00:00,0.108,18.306,22.0,0.0,42.16666666652,2.0,0.0,0.0,5.555555555555555,-38.413999999999994,17.074813125180157
2017-09-28 06:00:00,1.548,19.656,22.0,0.0,19.249999999779998,2.0,0.0,0.0,5.555555555555555,-41.204,11.314359812122438
2017-09-28 07:00:00,3.492,20.52,15.100799999740472,0.0,3.520000000000003,2.0,0.0,0.0,5.555555555555555,-37.11279999974047,5.623031938821413
2017-09-28 08:00:00,3.6,20.952,0.0,0.0,3.520000000000003,2.0,0.0,0.0,5.555555555555555,-22.552000000000003,0.0
2017-09-28 09:00:00,4.788,22.194,0.0,22.0,24.64,2.0,5.555555555555555,0.0,0.0,2.573555555555558,0.0
2017-09-28 10:00:00,5.508,22.248,0.0,22.0,45.76,2.0,5.555555555555555,0.0,0.0,1.799555555555556,0.0
2017-09-28 11:00:00,6.156,21.654,0.0,22.0,66.88,2.0,5.555555555555555,11.628700131993654,0.0,13.374255687549212,11.39612612935378
2017-09-28 12:00:00,6.876,20.682,0.0,22.0,88.0,2.0,5.555555555555555,24.0,0.0,25.997555555555554,34.779372615801535
2017-09-28 13:00:00,6.876,21.276,0.0,0.0,88.0,2.0,0.0,0.0,5.555555555555555,-26.152,28.806464588856358
2017-09-28 14:00:00,4.716,20.412,0.0,0.0,88.0,2.0,0.0,0.0,5.555555555555555,-23.128,22.905231458234528
2017-09-28 15:00:00,2.664,17.766,18.47999999972965,0.0,68.75000000022001,2.0,0.0,0.0,5.555555555555555,-36.90999999972965,17.074813125180157
2017-09-28 16:00:00,0.648,14.688,22.0,0.0,45.833333333480006,2.0,0.0,0.0,5.555555555555555,-35.336000000000006,11.314359812122438
2017-09-28 17:00:00,0.0,12.15,22.0,0.0,22.916666666740003,2.0,0.0,0.0,5.555555555555555,-32.15,5.623031938821413
2017-09-28 18:00:00,0.0,10.368,22.0,0.0,0.0,2.0,0.0,0.0,5.555555555555555,-30.368000000000002,0.0
2017-09-28 19:00:00,0.0,9.612,0.0,0.0,0.0,2.0,5.555555555555555,0.0,0.0,-2.0564444444444447,0.0
2017-09-28 20:00:00,0.0,10.206,0.0,0.0,0.0,2.0,5.555555555555555,0.0,0.0,-2.650444444444444,0.0
2017-09-28 21:00:00,0.0,10.53,0.0,22.0,21.119999999999997,2.0,5.555555555555555,0.0,0.0,19.025555555555556,0.0
2017-09-28 22:00:00,0.0,10.53,0.0,22.0,42.239999999999995,2.0,5.555555555555555,0.0,0.0,19.025555555555556,0.0
2017-09-28 23:00:00,0.0,10.476,0.0,3.66666666666667,45.76,2.0,5.555555555555555,0.0,0.0,0.7462222222222241,0.0
2017-09-29 00:00:00,0.0,10.692,0.0,22.0,66.88,2.0,5.555555555555555,12.064977841803803,0.0,30.92853339735936,11.823678284967727
2017-09-29 01:00:00,0.0,11.988,0.0,22.0,88.0,2.0,5.555555555555555,24.0,0.0,41.56755555555556,35.201794145548114
2017-09-29 02:00:00,0.0,13.446,0.0,0.0,88.0,2.0,5.555555555555555,0.0,0.0,-5.890444444444444,34.779372615801535
2017-09-29 03:00:00,0.0,14.796,0.0,0.0,88.0,2.0,0.0,0.0,5.555555555555555,-12.796,28.806464588856358
2017-09-29 04:00:00,0.0,16.146,18.47999999972965,0.0,68.75000000022001,2.0,0.0,0.0,5.555555555555555,-32.62599999972966,22.905231458234528
2017-09-29 05:00:00,0.072,17.388,0.0,0.0,68.75000000022001,2.0,0.0,0.0,5.555555555555555,-15.46,17.074813125180157
2017-09-29 06:00:00,0.756,17.28,22.0,0.0,45.833333333480006,2.0,0.0,0.0,5.555555555555555,-38.036,11.314359812122438
2017-09-29 07:00:00,1.944,17.55,22.0,0.0,22.916666666740003,2.0,0.0,0.0,5.555555555555555,-39.494,5.623031938821413
2017-09-29 08:00:00,3.456,18.252,22.0,0.0,0.0,2.0,0.0,0.0,5.555555555555555,-41.708,0.0
2017-09-29 09:00:00,5.004,19.224,0.0,0.0,0.0,2.0,5.555555555555555,0.0,0.0,-16.672444444444444,0.0
2017-09-29 10:00:00,6.192,19.926,0.0,0.0,0.0,2.0,5.555555555555555,0.0,0.0,-18.562444444444445,0.0
2017-09-29 11:00:00,6.372,20.412,0.0,0.0,0.0,2.0,5.555555555555555,0.0,0.0,-19.228444444444442,0.0
2017-09-29 12:00:00,5.04,18.846,0.0,0.0,0.0,2.0,5.555555555555555,0.0,0.0,-16.330444444444446,0.0
2017-09-29 13:00:00,3.6,21.438,0.0,0.0,0.0,2.0,5.555555555555555,11.685491006488515,0.0,-5.7969534379559295,11.451781186358744
2017-09-29 14:00:00,2.88,24.084,0.0,0.0,0.0,2.0,5.555555555555555,0.0,0.0,-19.408444444444445,11.314359812122438
2017-09-29 15:00:00,1.8,25.974,0.0,0.0,0.0,2.0,0.0,0.0,5.555555555555555,-25.774,5.623031938821413
2017-09-29 16:00:00,0.432,27.378,0.0,0.0,0.0,2.0,0.0,0.0,5.555555555555555,-25.81,0.0
2017-09-29 17:00:00,0.0,28.836,0.0,0.0,0.0,2.0,5.555555555555555,0.0,0.0,-21.28044444444444,0.0
2017-09-29 18:00:00,0.0,30.78,0.0,0.0,0.0,2.0,5.555555555555555,0.0,0.0,-23.224444444444444,0.0
2017-09-29 19:00:00,0.0,32.616,0.0,0.0,0.0,2.0,5.555555555555555,0.0,0.0,-25.060444444444443,0.0
2017-09-29 20:00:00,0.0,33.75,0.0,0.0,0.0,2.0,5.555555555555555,0.0,0.0,-26.194444444444443,0.0
2017-09-29 21:00:00,0.0,34.344,0.0,0.0,0.0,2.0,5.555555555555555,0.0,0.0,-26.788444444444444,0.0
2017-09-29 22:00:00,0.0,34.722,0.0,22.0,21.119999999999997,2.0,5.555555555555555,24.0,0.0,18.833555555555556,23.52
2017-09-29 23:00:00,0.0,33.966,0.0,3.66666666666667,24.64,2.0,5.555555555555555,8.329051824771653,0.0,-14.414725953006123,31.400230788276218
2017-09-30 00:00:00,0.0,30.888,0.0,22.0,45.76,2.0,5.555555555555555,24.0,0.0,22.667555555555555,54.543428018816904
2017-09-30 01:00:00,0.0,31.32,0.0,22.0,66.88,2.0,5.555555555555555,24.0,0.0,22.235555555555557,77.4089068825911
2017-09-30 02:00:00,0.0,32.346,0.0,22.0,88.0,2.0,5.555555555555555,24.0,0.0,21.20955555555556,100.0
2017-09-30 03:00:00,0.0,33.102,0.0,0.0,88.0,2.0,5.555555555555555,1.2244897959183703,0.0,-24.32195464852607,100.0
2017-09-30 04:00:00,0.0,33.912,0.0,0.0,88.0,2.0,5.4029847164094615,0.0,0.15257083914609382,-26.509015283590536,98.6474291608539
2017-09-30 05:00:00,0.072,34.452,0.0,0.0,88.0,2.0,0.0,0.0,5.555555555555555,-32.524,91.9081044553681
2017-09-30 06:00:00,1.332,30.888,0.0,0.0,88.0,2.0,0.0,0.0,5.555555555555555,-30.220000000000002,85.24965164634813
2017-09-30 07:00:00,3.636,30.24,0.0,0.0,88.0,2.0,0.0,0.0,5.555555555555555,-31.875999999999998,78.6711002710364
2017-09-30 08:00:00,6.66,28.89,0.0,0.0,88.0,2.0,0.0,0.0,5.555555555555555,-33.55,72.1714915122284
2017-09-30 09:00:00,8.64,27.81,0.0,0.0,88.0,2.0,0.0,0.0,5.555555555555555,-34.45,65.74987805852611
2017-09-30 10:00:00,9.144,26.514,0.0,0.0,88.0,2.0,0.0,0.0,5.555555555555555,-33.658,59.40532396626824
2017-09-30 11:00:00,8.496,25.38,0.0,0.0,88.0,2.0,0.0,0.0,5.555555555555555,-31.875999999999998,53.136904523117465
2017-09-30 12:00:00,7.38,20.628,0.0,0.0,88.0,2.0,0.0,0.0,5.555555555555555,-26.008,46.9437061132845
2017-09-30 13:00:00,5.22,20.898,0.0,0.0,88.0,2.0,0.0,0.0,5.555555555555555,-24.118,40.824826084369526
2017-09-30 14:00:00,3.456,21.708,0.0,0.0,88.0,2.0,0.0,0.0,5.555555555555555,-23.163999999999998,34.779372615801535
2017-09-30 15:00:00,1.692,22.464,18.47999999972965,0.0,68.75000000022001,2.0,0.0,0.0,5.555555555555555,-40.635999999729655,28.806464588856358
2017-09-30 16:00:00,0.36,22.41,22.0,0.0,45.833333333480006,2.0,0.0,0.0,5.555555555555555,-42.769999999999996,22.905231458234528
2017-09-30 17:00:00,0.0,21.222,22.0,0.0,22.916666666740003,2.0,0.0,0.0,5.555555555555555,-41.222,17.074813125180157
2017-09-30 18:00:00,0.0,17.604,22.0,0.0,0.0,2.0,0.0,0.0,5.555555555555555,-37.604,11.314359812122438
2017-09-30 19:00:00,0.0,16.254,0.0,0.0,0.0,2.0,0.0,0.0,5.555555555555555,-14.254000000000001,5.623031938821413
2017-09-30 20:00:00,0.0,15.228,0.0,0.0,0.0,2.0,0.0,0.0,5.555555555555555,-13.228,0.0
2017-09-30 21:00:00,0.0,14.31,0.0,0.0,0.0,2.0,5.555555555555555,0.0,0.0,-6.754444444444445,0.0
2017-09-30 22:00:00,0.0,0.0,0.0,22.0,21.119999999999997,2.0,5.555555555555555,24.0,0.0,53.55555555555556,23.52
2017-09-30 23:00:00,0.0,0.0,0.0,22.0,42.239999999999995,2.0,5.555555555555555,24.0,0.0,53.55555555555556,46.75776
2017-10-01 00:00:00,0.0,16.416,0.0,22.0,63.35999999999999,2.0,5.555555555555555,24.0,0.0,37.13955555555556,69.71666687999999
2017-10-01 01:00:00,0.0,12.96,0.0,22.0,84.47999999999999,2.0,5.555555555555555,24.0,0.0,40.595555555555556,92.40006687743998
2017-10-01 02:00:00,0.0,9.774,0.0,3.6666666666666776,88.0,2.0,5.555555555555555,0.0,0.0,1.448222222222233,91.29126607491071
2017-10-01 03:00:00,0.0,6.966,0.0,0.0,88.0,2.0,5.555555555555555,0.0,0.0,0.5895555555555552,90.19577088201179
2017-10-01 04:00:00,0.0,5.292,0.0,0.0,88.0,2.0,0.0,0.0,5.555555555555555,-3.292,83.55786607587208
2017-10-01 05:00:00,0.036,3.996,0.0,0.0,88.0,2.0,0.0,0.0,5.555555555555555,-2.032,76.99961612740606
2017-10-01 06:00:00,1.188,3.456,0.0,0.0,88.0,2.0,0.0,0.0,5.555555555555555,-2.644,70.52006517832163
2017-10-01 07:00:00,4.392,3.348,18.47999999972965,0.0,68.75000000022001,2.0,0.0,0.0,5.555555555555555,-24.21999999972965,64.11826884062621
2017-10-01 08:00:00,9.504,3.456,22.0,0.0,45.833333333480006,2.0,0.0,0.0,5.555555555555555,-32.96,57.79329405898314
2017-10-01 09:00:00,13.572,3.888,22.0,0.0,22.916666666740003,2.0,0.0,0.0,5.555555555555555,-37.459999999999994,51.54421897471979
2017-10-01 10:00:00,17.388,4.644,22.0,0.0,0.0,2.0,0.0,0.0,5.555555555555555,-42.032,45.3701327914676
2017-10-01 11:00:00,18.828,5.616,0.0,0.0,0.0,2.0,0.0,0.0,5.555555555555555,-22.444,39.27013564241443
2017-10-01 12:00:00,17.784,9.504,0.0,22.0,21.119999999999997,2.0,0.0,0.0,5.555555555555555,-3.2879999999999985,33.2433384591499
2017-10-01 13:00:00,15.732,10.206,0.0,22.0,42.239999999999995,2.0,0.0,0.0,5.555555555555555,-1.9379999999999988,27.288862842084548
2017-10-01 14:00:00,11.916,10.206,0.0,0.0,42.239999999999995,2.0,0.0,0.0,5.555555555555555,-20.122,21.405840932423978
2017-10-01 15:00:00,6.66,10.962,0.0,0.0,42.239999999999995,2.0,0.0,0.0,5.555555555555555,-15.622,15.593415285679333
2017-10-01 16:00:00,1.332,13.77,22.0,0.0,19.323333333259992,2.0,0.0,0.0,5.555555555555555,-35.102,9.850738746695626
2017-10-01 17:00:00,0.0,18.144,18.55039999987023,0.0,0.0,2.0,0.0,0.0,5.555555555555555,-34.69439999987023,4.176974326179723
2017-10-01 18:00:00,0.0,23.112,0.0,0.0,0.0,2.0,1.4287049212899892,0.0,4.126850634265566,-19.68329507871001,0.0
2017-10-01 19:00:00,0.0,27.162,0.0,0.0,0.0,2.0,5.555555555555555,0.0,0.0,-19.606444444444442,0.0
2017-10-01 20:00:00,0.0,31.104,0.0,0.0,0.0,2.0,5.555555555555555,0.0,0.0,-23.548444444444442,0.0
2017-10-01 21:00:00,0.0,33.912,0.0,22.0,21.119999999999997,2.0,5.555555555555555,5.737787692674911,0.0,1.3813432482304648,5.623031938821413
2017-10-01 22:00:00,0.0,36.342,20.275199999935115,0.0,0.0,2.0,0.0,0.0,5.555555555555555,-54.61719999993511,0.0
2017-10-01 23:00:00,0.0,37.854,0.0,3.66666666666667,3.520000000000003,2.0,5.555555555555555,0.0,0.0,-26.631777777777774,0.0
2017-10-02 00:00:00,0.0,40.392,0.0,22.0,24.64,2.0,5.555555555555555,24.0,0.0,13.163555555555554,23.52
2017-10-02 01:00:00,0.0,0.0,0.0,22.0,45.76,2.0,5.555555555555555,24.0,0.0,53.55555555555556,46.75776
2017-10-02 02:00:00,0.0,43.038,0.0,22.0,66.88,2.0,5.555555555555555,24.0,0.0,10.51755555555556,69.71666687999999
2017-10-02 03:00:00,0.0,43.848,0.0,22.0,88.0,2.0,5.555555555555555,24.0,0.0,9.707555555555558,92.40006687743998
2017-10-02 04:00:00,0.0,42.768,0.0,0.0,88.0,2.0,0.0,0.0,5.555555555555555,-40.768,85.73571051935515
2017-10-02 05:00:00,0.0,38.124,0.0,0.0,88.0,2.0,0.0,0.0,5.555555555555555,-36.124,79.15132643756733
2017-10-02 06:00:00,0.144,32.886,0.0,0.0,88.0,2.0,0.0,0.0,5.555555555555555,-31.03,72.64595496476097
2017-10-02 07:00:00,0.432,29.268,15.100799999740468,0.0,72.27000000022001,2.0,0.0,0.0,5.555555555555555,-42.80079999974047,66.21864794962829
2017-10-02 08:00:00,0.54,29.106,22.0,0.0,49.35333333348001,2.0,0.0,0.0,5.555555555555555,-49.646,59.8684686186772
2017-10-02 09:00:00,1.296,29.592,22.0,0.0,26.436666666740006,2.0,0.0,0.0,5.555555555555555,-50.888,53.594491439697514
2017-10-02 10:00:00,4.428,32.508,22.0,0.0,3.520000000000003,2.0,0.0,0.0,5.555555555555555,-56.936,47.395801986865585
2017-10-02 11:00:00,7.416,34.938,0.0,22.0,24.64,2.0,0.0,0.0,5.555555555555555,-18.354000000000003,41.27149680746764
2017-10-02 12:00:00,5.688,31.806,0.0,22.0,45.76,2.0,5.555555555555555,0.0495788148892801,0.0,-7.888865629555164,40.824826084369526
2017-10-02 13:00:00,7.488,34.614,0.0,22.0,66.88,2.0,0.0,0.0,5.555555555555555,-18.101999999999997,34.779372615801535
2017-10-02 14:00:00,4.068,34.02,0.0,22.0,88.0,2.0,0.0,0.0,5.555555555555555,-14.088000000000003,28.806464588856358
2017-10-02 15:00:00,1.332,33.48,22.0,0.0,65.08333333326,2.0,0.0,0.0,5.555555555555555,-54.812,22.905231458234528
2017-10-02 16:00:00,0.324,32.616,22.0,0.0,42.16666666652,2.0,0.0,0.0,5.555555555555555,-52.94,17.074813125180157
2017-10-02 17:00:00,0.0,31.266,18.47999999972966,0.0,22.916666666740003,2.0,0.0,0.0,5.555555555555555,-47.74599999972966,11.314359812122438
2017-10-02 18:00:00,0.0,27.324,22.0,0.0,0.0,2.0,0.0,0.0,5.555555555555555,-47.324,5.623031938821413
2017-10-02 19:00:00,0.0,21.924,0.0,0.0,0.0,2.0,0.0,0.0,5.555555555555555,-19.924,0.0
2017-10-02 20:00:00,0.0,17.658,0.0,0.0,0.0,2.0,5.555555555555555,0.0,0.0,-10.102444444444446,0.0
2017-10-02 21:00:00,0.0,16.578,0.0,22.0,21.119999999999997,2.0,5.555555555555555,24.0,0.0,36.977555555555554,23.52
2017-10-02 22:00:00,0.0,15.552,0.0,22.0,42.239999999999995,2.0,5.555555555555555,24.0,0.0,38.00355555555556,46.75776
2017-10-02 23:00:00,0.0,15.39,0.0,22.0,63.35999999999999,2.0,2.1016802327682225,0.0,3.453875322787333,10.711680232768224,42.74279155721266
2017-10-03 00:00:00,0.0,22.464,0.0,22.0,84.47999999999999,2.0,5.555555555555555,24.0,0.0,31.09155555555556,65.74987805852611
2017-10-03 01:00:00,0.0,22.14,0.0,3.6666666666666776,88.0,2.0,0.0,0.0,5.555555555555555,-16.473333333333322,59.40532396626824
2017-10-03 02:00:00,0.0,21.978,0.0,0.0,88.0,2.0,0.0,0.0,5.555555555555555,-19.978,53.136904523117465
2017-10-03 03:00:00,0.0,22.734,0.0,0.0,88.0,2.0,0.0,0.0,5.555555555555555,-20.734,46.9437061132845
2017-10-03 04:00:00,0.0,23.814,0.0,0.0,88.0,2.0,0.0,0.0,5.555555555555555,-21.814,40.824826084369526
2017-10-03 05:00:00,0.036,25.056,22.0,0.0,65.08333333326,2.0,0.0,0.0,5.555555555555555,-45.092,34.779372615801535
2017-10-03 06:00:00,1.116,25.326,22.0,0.0,42.16666666652,2.0,0.0,0.0,5.555555555555555,-46.442,28.806464588856358
2017-10-03 07:00:00,4.428,28.674,18.47999999972966,0.0,22.916666666740003,2.0,0.0,0.0,5.555555555555555,-49.58199999972966,22.905231458234528
2017-10-03 08:00:00,7.776,31.806,0.0,0.0,22.916666666740003,2.0,0.0,0.0,5.555555555555555,-37.582,17.074813125180157
2017-10-03 09:00:00,8.82,34.182,22.0,0.0,0.0,2.0,0.0,0.0,5.555555555555555,-63.002,11.314359812122438
2017-10-03 10:00:00,10.44,36.126,0.0,3.66666666666667,3.520000000000003,2.0,0.0,0.0,5.555555555555555,-40.899333333333324,5.623031938821413
2017-10-03 11:00:00,11.664,37.854,0.0,22.0,24.64,2.0,0.0,0.0,5.555555555555555,-25.518,0.0
2017-10-03 12:00:00,10.044,38.88,0.0,22.0,45.76,2.0,5.555555555555555,24.0,0.0,4.631555555555554,23.52
2017-10-03 13:00:00,8.352,38.556,0.0,22.0,66.88,2.0,5.555555555555555,24.0,0.0,6.647555555555559,46.75776
2017-10-03 14:00:00,8.388,39.15,0.0,22.0,88.0,2.0,0.18371475992508657,0.0,5.371840795630469,-23.35428524007491,40.824826084369526
2017-10-03 15:00:00,3.816,37.584,22.0,0.0,65.08333333326,2.0,0.0,0.0,5.555555555555555,-61.400000000000006,34.779372615801535
2017-10-03 16:00:00,0.648,36.396,22.0,0.0,42.16666666652,2.0,0.0,0.0,5.555555555555555,-57.044000000000004,28.806464588856358
2017-10-03 17:00:00,0.0,35.856,22.0,0.0,19.249999999779998,2.0,0.0,0.0,5.555555555555555,-55.856,22.905231458234528
2017-10-03 18:00:00,0.0,33.858,18.47999999972966,0.0,0.0,2.0,0.0,0.0,5.555555555555555,-50.33799999972966,17.074813125180157
2017-10-03 19:00:00,0.0,33.696,0.0,0.0,0.0,2.0,0.0,0.0,5.555555555555555,-31.695999999999998,11.314359812122438
2017-10-03 20:00:00,0.0,34.722,0.0,0.0,0.0,2.0,0.0,0.0,5.555555555555555,-32.722,5.623031938821413
2017-10-03 21:00:00,0.0,34.398,0.0,0.0,0.0,2.0,0.0,0.0,5.555555555555555,-32.398,0.0
2017-10-03 22:00:00,0.0,32.562,0.0,22.0,21.119999999999997,2.0,5.555555555555555,24.0,0.0,20.99355555555556,23.52
2017-10-03 23:00:00,0.0,30.294,0.0,22.0,42.239999999999995,2.0,5.555555555555555,24.0,0.0,23.261555555555557,46.75776
2017-10-04 00:00:00,0.0,31.86,0.0,22.0,63.35999999999999,2.0,5.555555555555555,24.0,0.0,21.695555555555558,69.71666687999999
2017-10-04 01:00:00,0.0,30.402,0.0,22.0,84.47999999999999,2.0,5.555555555555555,24.0,0.0,23.153555555555556,92.40006687743998
2017-10-04 02:00:00,0.0,30.294,0.0,3.6666666666666776,88.0,2.0,5.555555555555555,8.886463188866623,0.0,-10.185314588911144,100.0
2017-10-04 03:00:00,0.0,31.104,0.0,0.0,88.0,2.0,5.555555555555555,0.0,0.0,-23.548444444444442,98.8
2017-10-04 04:00:00,0.0,31.806,0.0,0.0,88.0,2.0,0.0,0.0,5.555555555555555,-29.806,92.05884444444443
2017-10-04 05:00:00,0.0,33.048,18.47999999972965,0.0,68.75000000022001,2.0,0.0,0.0,5.555555555555555,-49.52799999972966,85.39858275555554
2017-10-04 06:00:00,0.432,35.856,22.0,0.0,45.833333333480006,2.0,0.0,0.0,5.555555555555555,-56.288000000000004,78.81824420693331
2017-10-04 07:00:00,1.296,36.666,22.0,0.0,22.916666666740003,2.0,0.0,0.0,5.555555555555555,-57.961999999999996,72.31686972089456
2017-10-04 08:00:00,1.872,38.718,22.0,0.0,0.0,2.0,0.0,0.0,5.555555555555555,-60.59,65.89351172868827
2017-10-04 09:00:00,2.34,41.472,0.0,0.0,0.0,2.0,0.0,0.0,5.555555555555555,-41.812,59.547234032388445
2017-10-04 10:00:00,2.628,42.768,0.0,22.0,21.119999999999997,2.0,0.0,0.0,5.555555555555555,-21.396,53.27711166844423
2017-10-04 11:00:00,2.412,43.146,0.0,22.0,42.239999999999995,2.0,0.0,0.0,5.555555555555555,-21.558,47.08223077286734
2017-10-04 12:00:00,2.844,41.364,0.0,22.0,63.35999999999999,2.0,0.0,0.0,5.555555555555555,-20.208,40.96168844803738
2017-10-04 13:00:00,4.788,41.85,0.0,22.0,84.47999999999999,2.0,0.0,0.0,5.555555555555555,-22.638,34.91459263110537
2017-10-04 14:00:00,4.14,39.744,0.0,3.6666666666666776,88.0,2.0,0.0,0.0,5.555555555555555,-38.21733333333332,28.940061963976547
2017-10-04 15:00:00,2.304,39.744,22.0,0.0,65.08333333326,2.0,0.0,0.0,5.555555555555555,-62.048,23.037225664853274
2017-10-04 16:00:00,0.828,38.232,22.0,0.0,42.16666666652,2.0,0.0,0.0,5.555555555555555,-59.06,17.20522340131948
2017-10-04 17:00:00,0.0,37.8,22.0,0.0,19.249999999779998,2.0,0.0,0.0,5.555555555555555,-57.8,11.443205164948091
2017-10-04 18:00:00,0.0,33.966,18.47999999972966,0.0,0.0,2.0,0.0,0.0,5.555555555555555,-50.445999999729665,5.750331147413158
2017-10-04 19:00:00,0.0,35.262,0.0,0.0,0.0,2.0,0.0,0.0,5.555555555555555,-33.262,0.12577161808864457
2017-10-04 20:00:00,0.0,35.586,0.0,0.0,0.0,2.0,5.431293196883974,0.0,0.12426235867158084,-28.154706803116024,0.0
2017-10-04 21:00:00,0.0,0.0,0.0,22.0,21.119999999999997,2.0,5.555555555555555,24.0,0.0,53.55555555555556,23.52
2017-10-04 22:00:00,0.0,36.558,0.0,22.0,42.239999999999995,2.0,5.555555555555555,24.0,0.0,16.997555555555557,46.75776
2017-10-04 23:00:00,0.0,35.424,0.0,22.0,63.35999999999999,2.0,5.555555555555555,24.0,0.0,18.131555555555558,69.71666687999999
2017-10-05 00:00:00,0.0,34.506,0.0,22.0,84.47999999999999,2.0,5.555555555555555,24.0,0.0,19.049555555555557,92.40006687743998
2017-10-05 01:00:00,0.0,28.674,0.0,3.6666666666666776,88.0,2.0,5.555555555555555,8.886463188866623,0.0,-8.565314588911143,100.0
2017-10-05 02:00:00,0.0,22.626,0.0,0.0,88.0,2.0,5.555555555555555,1.2244897959183703,0.0,-13.845954648526074,100.0
2017-10-05 03:00:00,0.0,16.686,0.0,0.0,88.0,2.0,5.555555555555555,1.2244897959183703,0.0,-7.905954648526073,100.0
2017-10-05 04:00:00,0.0,11.61,0.0,0.0,88.0,2.0,0.0,0.0,5.555555555555555,-9.61,93.24444444444444
2017-10-05 05:00:00,0.0,7.722,18.47999999972965,0.0,68.75000000022001,2.0,0.0,0.0,5.555555555555555,-24.201999999729654,86.56995555555555
2017-10-05 06:00:00,0.432,5.346,22.0,0.0,45.833333333480006,2.0,0.0,0.0,5.555555555555555,-25.778,79.97556053333332
2017-10-05 07:00:00,1.296,7.344,22.0,0.0,22.916666666740003,2.0,0.0,0.0,5.555555555555555,-28.64,73.46029825137776
2017-10-05 08:00:00,2.196,9.72,22.0,0.0,0.0,2.0,0.0,0.0,5.555555555555555,-31.916,67.02321911680568
2017-10-05 09:00:00,2.808,8.964,0.0,0.0,0.0,2.0,0.0,0.0,5.555555555555555,-9.772,60.663384931848455
2017-10-05 10:00:00,3.456,12.366,0.0,0.0,0.0,2.0,0.0,0.0,5.555555555555555,-13.822,54.379868757110714
2017-10-05 11:00:00,5.364,19.278,0.0,0.0,0.0,2.0,0.0,0.0,5.555555555555555,-22.642,48.171754776469825
2017-10-05 12:00:00,9.612,28.89,0.0,0.0,0.0,2.0,0.0,0.0,5.555555555555555,-36.502,42.03813816359663
2017-10-05 13:00:00,12.564,31.266,0.0,22.0,21.119999999999997,2.0,0.0,0.0,5.555555555555555,-19.83,35.97812495007791
2017-10-05 14:00:00,10.584,30.564,0.0,22.0,42.239999999999995,2.0,0.0,0.0,5.555555555555555,-17.148,29.990831895121417
2017-10-05 15:00:00,5.112,27.702,0.0,3.743055555708345,45.833333333480006,2.0,0.0,0.0,5.555555555555555,-27.070944444291655,24.075386356824403
2017-10-05 16:00:00,1.152,26.352,0.0,0.0,45.833333333480006,2.0,0.0,0.0,5.555555555555555,-25.504,18.230926164986954
2017-10-05 17:00:00,0.0,26.298,22.0,0.0,22.916666666740003,2.0,0.0,0.0,5.555555555555555,-46.298,12.456599495451554
2017-10-05 18:00:00,0.0,25.974,0.0,0.0,22.916666666740003,2.0,0.0,0.0,5.555555555555555,-23.974,6.75156474595058
2017-10-05 19:00:00,0.0,26.676,22.0,0.0,0.0,2.0,0.0,0.0,5.555555555555555,-46.676,1.1149904134436168
2017-10-05 20:00:00,0.0,26.136,0.0,22.0,21.119999999999997,2.0,5.555555555555555,24.0,0.0,27.419555555555558,24.621610528482293
2017-10-05 21:00:00,0.0,24.732,0.0,22.0,42.239999999999995,2.0,5.555555555555555,24.0,0.0,28.823555555555558,47.846151202140504
2017-10-05 22:00:00,0.0,0.0,0.0,22.0,63.35999999999999,2.0,5.555555555555555,24.0,0.0,53.55555555555556,70.79199738771482
2017-10-05 23:00:00,0.0,23.49,0.0,22.0,84.47999999999999,2.0,5.555555555555555,24.0,0.0,30.06555555555556,93.46249341906223
2017-10-06 00:00:00,0.0,24.948,0.0,0.0,84.47999999999999,2.0,0.0,0.0,5.555555555555555,-22.948,86.78538794247793
2017-10-06 01:00:00,0.0,22.842,0.0,0.0,84.47999999999999,2.0,0.0,0.0,5.555555555555555,-20.842,80.18840773161263
2017-10-06 02:00:00,0.0,21.492,16.895999999945925,0.0,66.88,2.0,0.0,0.0,5.555555555555555,-36.38799999994593,73.67059128327772
2017-10-06 03:00:00,0.0,19.98,0.0,22.0,88.0,2.0,5.555555555555555,24.0,0.0,33.57555555555555,96.30654418787837
2017-10-06 04:00:00,0.0,18.414,0.0,0.0,88.0,2.0,0.0,0.0,5.555555555555555,-16.414,89.59531010206827
2017-10-06 05:00:00,0.0,16.686,22.0,0.0,65.08333333326,2.0,0.0,0.0,5.555555555555555,-36.686,82.96461082528789
2017-10-06 06:00:00,2.376,15.066,22.0,0.0,42.16666666652,2.0,0.0,0.0,5.555555555555555,-37.442,76.41347993982887
2017-10-06 07:00:00,8.676,13.824,22.0,0.0,19.249999999779998,2.0,0.0,0.0,5.555555555555555,-42.5,69.94096262499536
2017-10-06 08:00:00,14.904,12.582,13.305599999535,0.0,5.39000000022002,2.0,0.0,0.0,5.555555555555555,-38.791599999535,63.54611551793987
2017-10-06 09:00:00,19.872,12.204,0.0,0.0,5.39000000022002,2.0,0.0,0.0,5.555555555555555,-30.076,57.22800657616903
2017-10-06 10:00:00,22.644,11.502,0.0,0.0,5.39000000022002,2.0,0.0,0.0,5.555555555555555,-32.146,50.98571494169944
2017-10-06 11:00:00,23.184,11.394,0.0,22.0,26.510000000220018,2.0,0.0,0.0,5.555555555555555,-10.578000000000001,44.81833080684349
2017-10-06 12:00:00,21.78,13.5,0.0,22.0,47.630000000220015,2.0,0.0,0.0,5.555555555555555,-11.280000000000001,38.72495528160581
2017-10-06 13:00:00,18.504,13.608,0.0,22.0,68.75000000022001,2.0,0.0,0.0,5.555555555555555,-8.112000000000002,32.70470026267098
2017-10-06 14:00:00,13.356,12.906,0.0,0.0,68.75000000022001,2.0,0.0,0.0,5.555555555555555,-24.262,26.756688303963372
2017-10-06 15:00:00,6.624,13.5,22.0,0.0,45.833333333480006,2.0,0.0,0.0,5.555555555555555,-40.124,20.880052488760256
2017-10-06 16:00:00,1.296,15.984,22.0,0.0,22.916666666740003,2.0,0.0,0.0,5.555555555555555,-37.28,15.073936303339577
2017-10-06 17:00:00,0.0,18.414,22.0,0.0,0.0,2.0,0.0,0.0,5.555555555555555,-38.414,9.337493512143947
2017-10-06 18:00:00,0.0,18.36,0.0,0.0,0.0,2.0,0.0,0.0,5.555555555555555,-16.36,3.669888034442664
2017-10-06 19:00:00,0.0,19.17,0.0,0.0,0.0,2.0,1.9297061775262037,0.0,3.625849378029352,-15.240293822473799,0.0
2017-10-06 20:00:00,0.0,19.926,0.0,0.0,0.0,2.0,5.555555555555555,0.0,0.0,-12.370444444444443,0.0
2017-10-06 21:00:00,0.0,22.194,0.0,0.0,0.0,2.0,5.555555555555555,0.0,0.0,-14.638444444444444,0.0
2017-10-06 22:00:00,0.0,24.192,0.0,0.0,0.0,2.0,5.555555555555555,0.0,0.0,-16.636444444444443,0.0
2017-10-06 23:00:00,0.0,25.812,0.0,0.0,0.0,2.0,5.555555555555555,0.0,0.0,-18.256444444444448,0.0
2017-10-07 00:00:00,0.0,29.16,0.0,22.0,21.119999999999997,2.0,5.555555555555555,24.0,0.0,24.395555555555557,23.52
2017-10-07 01:00:00,0.0,28.296,0.0,3.66666666666667,24.64,2.0,5.555555555555555,5.513266605666387,0.0,-11.560511172111386,28.640761273553057
2017-10-07 02:00:00,0.0,27.324,0.0,22.0,45.76,2.0,5.555555555555555,24.0,0.0,26.231555555555556,51.81707213827042
2017-10-07 03:00:00,0.0,26.19,0.0,22.0,66.88,2.0,5.555555555555555,24.0,0.0,27.365555555555556,74.71526727261117
2017-10-07 04:00:00,0.0,25.866,0.0,22.0,88.0,2.0,5.555555555555555,24.0,0.0,27.689555555555557,97.33868406533983
2017-10-07 05:00:00,0.0,24.138,0.0,0.0,88.0,2.0,0.0,0.0,5.555555555555555,-22.138,90.6150643010002
2017-10-07 06:00:00,0.216,19.278,22.0,0.0,65.08333333326,2.0,0.0,0.0,5.555555555555555,-39.494,83.97212797383264
2017-10-07 07:00:00,0.612,15.822,0.0,1.8715277778541615,66.88,2.0,0.0,0.0,5.555555555555555,-12.562472222145837,77.4089068825911
2017-10-07 08:00:00,0.972,13.554,0.0,22.0,88.0,2.0,5.555555555555555,24.0,0.0,39.029555555555554,100.0
2017-10-07 09:00:00,1.008,11.178,0.0,0.0,88.0,2.0,0.0,0.0,5.555555555555555,-10.186,93.24444444444444
2017-10-07 10:00:00,0.972,11.016,0.0,0.0,88.0,2.0,0.0,0.0,5.555555555555555,-9.988,86.56995555555555
2017-10-07 11:00:00,0.936,11.124,0.0,0.0,88.0,2.0,0.0,0.0,5.555555555555555,-10.06,79.97556053333332
2017-10-07 12:00:00,1.476,12.96,0.0,0.0,88.0,2.0,0.0,0.0,5.555555555555555,-12.436,73.46029825137776
2017-10-07 13:00:00,1.944,12.582,0.0,0.0,88.0,2.0,0.0,0.0,5.555555555555555,-12.526,67.02321911680568
2017-10-07 14:00:00,2.556,11.502,0.0,0.0,88.0,2.0,0.0,0.0,5.555555555555555,-12.058,60.663384931848455
2017-10-07 15:00:00,1.404,9.342,0.0,0.0,88.0,2.0,0.0,0.0,5.555555555555555,-8.746,54.379868757110714
2017-10-07 16:00:00,0.468,8.64,0.0,0.0,88.0,2.0,0.0,0.0,5.555555555555555,-7.1080000000000005,48.171754776469825
2017-10-07 17:00:00,0.0,8.154,20.275199999935122,0.0,66.88,2.0,0.0,0.0,5.555555555555555,-26.429199999935122,42.03813816359663
2017-10-07 18:00:00,0.0,9.288,0.0,0.0,66.88,2.0,0.0,0.0,5.555555555555555,-7.288,35.97812495007791
2017-10-07 19:00:00,0.0,8.856,0.0,0.0,66.88,2.0,0.0,0.0,5.555555555555555,-6.856,29.990831895121417
2017-10-07 20:00:00,0.0,7.722,0.0,0.0,66.88,2.0,0.0,0.0,5.555555555555555,-5.722,24.075386356824403
2017-10-07 21:00:00,0.0,7.506,0.0,22.0,88.0,2.0,5.555555555555555,24.0,0.0,46.04955555555556,47.30648172054251
2017-10-07 22:00:00,0.0,7.992,0.0,0.0,88.0,2.0,0.0,0.0,5.555555555555555,-5.992,41.18324838434044
2017-10-07 23:00:00,0.0,9.018,0.0,0.0,88.0,2.0,0.0,0.0,5.555555555555555,-7.018000000000001,35.1334938481728
2017-10-08 00:00:00,0.0,11.178,0.0,0.0,88.0,2.0,0.0,0.0,5.555555555555555,-9.178,29.156336366439163
2017-10-08 01:00:00,0.0,10.854,0.0,0.0,88.0,2.0,0.0,0.0,5.555555555555555,-8.854,23.250904774486337
2017-10-08 02:00:00,0.0,10.584,0.0,0.0,88.0,2.0,0.0,0.0,5.555555555555555,-8.584,17.416338361636946
2017-10-08 03:00:00,0.0,10.476,0.0,0.0,88.0,2.0,5.555555555555555,0.0,0.0,-2.9204444444444455,17.207342301297302
2017-10-08 04:00:00,0.0,9.99,0.0,0.0,88.0,2.0,5.555555555555555,0.0,0.0,-2.434444444444445,17.000854193681736
2017-10-08 05:00:00,0.0,9.234,0.0,0.0,88.0,2.0,5.555555555555555,12.254714944386533,0.0,10.576270499942089,28.806464588856358
2017-10-08 06:00:00,2.628,7.128,0.0,0.0,88.0,2.0,0.0,0.0,5.555555555555555,-7.756,22.905231458234528
2017-10-08 07:00:00,10.116,6.912,0.0,0.0,88.0,2.0,0.0,0.0,5.555555555555555,-15.027999999999999,17.074813125180157
2017-10-08 08:00:00,16.596,8.154,22.0,0.0,65.08333333326,2.0,0.0,0.0,5.555555555555555,-44.75,11.314359812122438
2017-10-08 09:00:00,20.52,9.558,22.0,0.0,42.16666666652,2.0,0.0,0.0,5.555555555555555,-50.078,5.623031938821413
2017-10-08 10:00:00,22.572,10.746,16.82559999980536,0.0,24.64,2.0,0.0,0.0,5.555555555555555,-48.14359999980536,0.0
2017-10-08 11:00:00,22.932,11.772,0.0,0.0,24.64,2.0,5.555555555555555,0.0,0.0,-27.148444444444443,0.0
2017-10-08 12:00:00,21.096,11.34,0.0,22.0,45.76,2.0,5.555555555555555,0.0,0.0,-2.880444444444443,0.0
2017-10-08 13:00:00,18.144,11.34,0.0,22.0,66.88,2.0,5.555555555555555,24.0,0.0,24.071555555555555,23.52
2017-10-08 14:00:00,12.888,9.396,0.0,22.0,88.0,2.0,5.555555555555555,5.682351621282,0.0,12.953907176837559,28.806464588856358
2017-10-08 15:00:00,6.336,7.884,18.47999999972965,0.0,68.75000000022001,2.0,0.0,0.0,5.555555555555555,-30.699999999729656,22.905231458234528
2017-10-08 16:00:00,0.864,7.344,22.0,0.0,45.833333333480006,2.0,0.0,0.0,5.555555555555555,-28.208000000000002,17.074813125180157
2017-10-08 17:00:00,0.0,6.696,22.0,0.0,22.916666666740003,2.0,0.0,0.0,5.555555555555555,-26.695999999999998,11.314359812122438
2017-10-08 18:00:00,0.0,6.426,22.0,0.0,0.0,2.0,0.0,0.0,5.555555555555555,-26.426000000000002,5.623031938821413
2017-10-08 19:00:00,0.0,5.508,0.0,0.0,0.0,2.0,0.0,0.0,5.555555555555555,-3.508,0.0
2017-10-08 20:00:00,0.0,4.482,0.0,0.0,0.0,2.0,5.555555555555555,0.0,0.0,3.073555555555555,0.0
2017-10-08 21:00:00,0.0,3.996,0.0,22.0,21.119999999999997,2.0,5.555555555555555,0.0,0.0,25.55955555555556,0.0
2017-10-08 22:00:00,0.0,3.942,0.0,0.0,21.119999999999997,2.0,5.555555555555555,0.0,0.0,3.613555555555555,0.0
2017-10-08 23:00:00,0.0,4.32,0.0,22.0,42.239999999999995,2.0,5.555555555555555,24.0,0.0,49.23555555555556,23.52
2017-10-09 00:00:00,0.0,5.562,0.0,22.0,63.35999999999999,2.0,5.555555555555555,24.0,0.0,47.99355555555556,46.75776
2017-10-09 01:00:00,0.0,6.642,0.0,22.0,84.47999999999999,2.0,5.555555555555555,24.0,0.0,46.913555555555554,69.71666687999999
2017-10-09 02:00:00,0.0,6.75,0.0,3.6666666666666776,88.0,2.0,5.555555555555555,24.0,0.0,28.472222222222236,92.40006687743998
2017-10-09 03:00:00,0.0,6.21,0.0,0.0,88.0,2.0,5.555555555555555,7.506288863207342,0.0,8.851844418762898,98.6474291608539
2017-10-09 04:00:00,0.0,5.778,0.0,0.0,88.0,2.0,0.0,0.0,5.555555555555555,-3.7779999999999996,91.9081044553681
2017-10-09 05:00:00,0.0,5.346,22.0,0.0,65.08333333326,2.0,0.0,0.0,5.555555555555555,-25.346,85.24965164634813
2017-10-09 06:00:00,1.872,4.968,22.0,0.0,42.16666666652,2.0,0.0,0.0,5.555555555555555,-26.84,78.6711002710364
2017-10-09 07:00:00,7.2,5.454,22.0,0.0,19.249999999779998,2.0,0.0,0.0,5.555555555555555,-32.654,72.1714915122284
2017-10-09 08:00:00,11.952,6.048,18.47999999972966,0.0,0.0,2.0,0.0,0.0,5.555555555555555,-34.47999999972966,65.74987805852611
2017-10-09 09:00:00,14.868,6.102,0.0,0.0,0.0,2.0,0.0,0.0,5.555555555555555,-18.97,59.40532396626824
2017-10-09 10:00:00,16.02,5.832,0.0,22.0,21.119999999999997,2.0,0.0,0.0,5.555555555555555,2.1479999999999997,53.136904523117465
2017-10-09 11:00:00,15.912,5.562,0.0,22.0,42.239999999999995,2.0,0.0,0.0,5.555555555555555,2.525999999999998,46.9437061132845
2017-10-09 12:00:00,15.444,4.158,0.0,22.0,63.35999999999999,2.0,0.0,0.0,5.555555555555555,4.397999999999998,40.824826084369526
2017-10-09 13:00:00,16.344,4.05,0.0,22.0,84.47999999999999,2.0,0.0,0.0,5.555555555555555,3.605999999999998,34.779372615801535
2017-10-09 14:00:00,12.744,2.97,0.0,0.0,84.47999999999999,2.0,0.0,0.0,5.555555555555555,-13.714,28.806464588856358
2017-10-09 15:00:00,5.904,2.052,22.0,0.0,61.56333333325999,2.0,0.0,0.0,5.555555555555555,-27.956,22.905231458234528
2017-10-09 16:00:00,0.252,1.728,22.0,0.0,38.64666666651999,2.0,0.0,0.0,5.555555555555555,-21.98,17.074813125180157
2017-10-09 17:00:00,0.0,1.458,22.0,0.0,15.729999999779988,2.0,0.0,0.0,5.555555555555555,-21.458,11.314359812122438
2017-10-09 18:00:00,0.0,1.242,15.100799999740465,0.0,0.0,2.0,0.0,0.0,5.555555555555555,-14.342799999740464,5.623031938821413
2017-10-09 19:00:00,0.0,0.918,0.0,0.0,0.0,2.0,0.0,0.0,5.555555555555555,1.0819999999999999,0.0
2017-10-09 20:00:00,0.0,1.08,0.0,0.0,0.0,2.0,5.555555555555555,0.0,0.0,6.475555555555555,0.0
2017-10-09 21:00:00,0.0,1.728,0.0,0.0,0.0,2.0,5.555555555555555,0.0,0.0,5.827555555555556,0.0
2017-10-09 22:00:00,0.0,2.538,0.0,22.0,21.119999999999997,2.0,5.555555555555555,0.0,0.0,27.017555555555557,0.0
2017-10-09 23:00:00,0.0,3.132,0.0,22.0,42.239999999999995,2.0,5.555555555555555,0.0,0.0,26.423555555555556,0.0
2017-10-10 00:00:00,0.0,3.348,0.0,22.0,63.35999999999999,2.0,5.555555555555555,24.0,0.0,50.20755555555556,23.52
2017-10-10 01:00:00,0.0,3.51,0.0,22.0,84.47999999999999,2.0,5.555555555555555,24.0,0.0,50.04555555555556,46.75776
2017-10-10 02:00:00,0.0,3.456,0.0,3.6666666666666776,88.0,2.0,5.555555555555555,24.0,0.0,31.766222222222236,69.71666687999999
2017-10-10 03:00:00,0.0,3.348,0.0,0.0,88.0,2.0,5.555555555555555,0.0,0.0,4.2075555555555555,68.88006687743999
2017-10-10 04:00:00,0.0,3.348,0.0,0.0,88.0,2.0,0.0,0.0,5.555555555555555,-1.3479999999999999,62.49795051935514
2017-10-10 05:00:00,0.0,3.348,22.0,0.0,65.08333333326,2.0,0.0,0.0,5.555555555555555,-23.348,56.19241955756733
2017-10-10 06:00:00,1.008,3.024,22.0,0.0,42.16666666652,2.0,0.0,0.0,5.555555555555555,-24.032,49.96255496732096
2017-10-10 07:00:00,3.78,3.186,22.0,0.0,19.249999999779998,2.0,0.0,0.0,5.555555555555555,-26.966,43.807448752157555
2017-10-10 08:00:00,6.444,3.726,18.47999999972966,0.0,0.0,2.0,0.0,0.0,5.555555555555555,-26.64999999972966,37.726203811576106
2017-10-10 09:00:00,8.784,5.022,0.0,0.0,0.0,2.0,0.0,0.0,5.555555555555555,-11.806000000000001,31.717933810281636
2017-10-10 10:00:00,10.188,7.398,0.0,0.0,0.0,2.0,0.0,0.0,5.555555555555555,-15.586,25.7817630490027
2017-10-10 11:00:00,8.208,9.504,0.0,0.0,0.0,2.0,0.0,0.0,5.555555555555555,-15.712,19.91682633685911
2017-10-10 12:00:00,4.968,9.936,0.0,0.0,0.0,2.0,0.0,0.0,5.555555555555555,-12.904,14.122268865261246
2017-10-10 13:00:00,1.728,11.124,0.0,1.8715277778541726,1.7966666667400055,2.0,0.0,0.0,5.555555555555555,-8.980472222145828,8.397246083322555
2017-10-10 14:00:00,1.152,15.12,0.0,22.0,22.916666666740003,2.0,5.555555555555555,8.957483668221911,0.0,22.24103922377747,17.074813125180157
2017-10-10 15:00:00,0.756,17.604,0.0,0.0,22.916666666740003,2.0,0.0,0.0,5.555555555555555,-16.36,11.314359812122438
2017-10-10 16:00:00,0.0,20.52,22.0,0.0,0.0,2.0,0.0,0.0,5.555555555555555,-40.519999999999996,5.623031938821413
2017-10-10 17:00:00,0.0,21.546,0.0,0.0,0.0,2.0,0.0,0.0,5.555555555555555,-19.546,0.0
2017-10-10 18:00:00,0.0,18.738,0.0,0.0,0.0,2.0,5.555555555555555,0.0,0.0,-11.182444444444444,0.0
2017-10-10 19:00:00,0.0,16.632,0.0,0.0,0.0,2.0,5.555555555555555,0.0,0.0,-9.076444444444446,0.0
2017-10-10 20:00:00,0.0,14.256,0.0,0.0,0.0,2.0,5.555555555555555,0.0,0.0,-6.700444444444445,0.0
2017-10-10 21:00:00,0.0,12.42,0.0,22.0,21.119999999999997,2.0,5.555555555555555,24.0,0.0,41.135555555555555,23.52
2017-10-10 22:00:00,0.0,11.124,0.0,0.0,21.119999999999997,2.0,0.0,0.0,5.555555555555555,-9.124,17.682204444444444
2017-10-10 23:00:00,0.0,9.45,0.0,22.0,42.239999999999995,2.0,0.0,0.0,5.555555555555555,14.55,11.914462435555555
2017-10-11 00:00:00,0.0,6.21,0.0,22.0,63.35999999999999,2.0,5.555555555555555,0.0,0.0,23.345555555555556,11.771488886328887
2017-10-11 01:00:00,0.0,4.806,0.0,22.0,84.47999999999999,2.0,5.555555555555555,24.0,0.0,48.74955555555556,35.15023101969294
2017-10-11 02:00:00,0.0,4.428,0.0,3.6666666666666776,88.0,2.0,5.555555555555555,18.784159464960048,0.0,25.57838168718228,53.136904523117465
2017-10-11 03:00:00,0.0,5.292,0.0,0.0,88.0,2.0,0.0,0.0,5.555555555555555,-3.292,46.9437061132845
2017-10-11 04:00:00,0.0,6.75,0.0,0.0,88.0,2.0,0.0,0.0,5.555555555555555,-4.75,40.824826084369526
2017-10-11 05:00:00,0.0,8.424,22.0,0.0,65.08333333326,2.0,0.0,0.0,5.555555555555555,-28.424,34.779372615801535
2017-10-11 06:00:00,0.216,9.126,22.0,0.0,42.16666666652,2.0,0.0,0.0,5.555555555555555,-29.342,28.806464588856358
2017-10-11 07:00:00,0.864,10.26,22.0,0.0,19.249999999779998,2.0,0.0,0.0,5.555555555555555,-31.124,22.905231458234528
2017-10-11 08:00:00,1.728,12.42,18.47999999972966,0.0,0.0,2.0,0.0,0.0,5.555555555555555,-30.62799999972966,17.074813125180157
2017-10-11 09:00:00,2.016,12.528,0.0,0.0,0.0,2.0,0.0,0.0,5.555555555555555,-12.544,11.314359812122438
2017-10-11 10:00:00,2.412,13.824,0.0,0.0,0.0,2.0,0.0,0.0,5.555555555555555,-14.236,5.623031938821413
2017-10-11 11:00:00,2.376,16.47,0.0,0.0,0.0,2.0,0.0,0.0,5.555555555555555,-16.846,0.0
2017-10-11 12:00:00,1.908,21.168,0.0,0.0,0.0,2.0,5.555555555555555,0.0,0.0,-15.520444444444443,0.0
2017-10-11 13:00:00,0.972,25.542,0.0,0.0,0.0,2.0,5.555555555555555,0.0,0.0,-18.958444444444446,0.0
2017-10-11 14:00:00,0.468,27.594,0.0,0.0,0.0,2.0,5.555555555555555,0.0,0.0,-20.506444444444444,0.0
2017-10-11 15:00:00,0.18,28.08,0.0,0.0,0.0,2.0,5.555555555555555,0.0,0.0,-20.70444444444444,0.0
2017-10-11 16:00:00,0.0,29.646,0.0,0.0,0.0,2.0,5.555555555555555,0.0,0.0,-22.090444444444444,0.0
2017-10-11 17:00:00,0.0,31.482,0.0,22.0,21.119999999999997,2.0,5.555555555555555,5.807477421735739,0.0,3.881032977291298,5.6913278733010255
2017-10-11 18:00:00,0.0,31.104,0.0,0.0,21.119999999999997,2.0,5.555555555555555,0.0,0.0,-23.548444444444442,5.623031938821413
2017-10-11 19:00:00,0.0,31.698,20.275199999935115,0.0,0.0,2.0,0.0,0.0,5.555555555555555,-49.97319999993512,0.0
2017-10-11 20:00:00,0.0,32.292,0.0,0.0,0.0,2.0,5.555555555555555,0.0,0.0,-24.736444444444444,0.0
2017-10-11 21:00:00,0.0,34.02,0.0,0.0,0.0,2.0,5.555555555555555,0.0,0.0,-26.464444444444446,0.0
2017-10-11 22:00:00,0.0,35.802,0.0,0.0,0.0,2.0,5.555555555555555,0.0,0.0,-28.246444444444442,0.0
2017-10-11 23:00:00,0.0,35.748,0.0,22.0,21.119999999999997,2.0,5.555555555555555,1.0925508678738993,0.0,-5.099893576570544,1.0706998505164214
2017-10-12 00:00:00,0.0,32.076,0.0,3.66666666666667,24.64,2.0,5.555555555555555,24.0,0.0,3.146222222222228,24.577851452310224
2017-10-12 01:00:00,0.0,31.698,0.0,22.0,45.76,2.0,5.555555555555555,24.0,0.0,21.857555555555557,47.8029172348825
2017-10-12 02:00:00,0.0,34.344,0.0,22.0,66.88,2.0,5.555555555555555,24.0,0.0,19.211555555555556,70.7492822280639
2017-10-12 03:00:00,0.0,34.506,0.0,22.0,88.0,2.0,5.555555555555555,24.0,0.0,19.049555555555557,93.42029084132713
2017-10-12 04:00:00,0.0,35.694,18.47999999972965,0.0,68.75000000022001,2.0,0.0,0.0,5.555555555555555,-52.17399999972966,86.74369179567564
2017-10-12 05:00:00,0.0,36.558,22.0,0.0,45.833333333480006,2.0,0.0,0.0,5.555555555555555,-56.558,80.14721193857199
2017-10-12 06:00:00,1.044,35.964,22.0,0.0,22.916666666740003,2.0,0.0,0.0,5.555555555555555,-57.007999999999996,73.62988983975356
2017-10-12 07:00:00,7.452,39.42,22.0,0.0,0.0,2.0,0.0,0.0,5.555555555555555,-66.872,67.19077560612097
2017-10-12 08:00:00,12.708,42.174,0.0,3.66666666666667,3.520000000000003,2.0,0.0,0.0,5.555555555555555,-49.21533333333333,60.82893074329196
2017-10-12 09:00:00,17.676,44.28,0.0,22.0,24.64,2.0,0.0,0.0,5.555555555555555,-37.956,54.543428018816904
2017-10-12 10:00:00,20.844,45.414,0.0,22.0,45.76,2.0,5.555555555555555,24.0,0.0,-12.702444444444446,77.4089068825911
2017-10-12 11:00:00,20.412,45.63,0.0,22.0,66.88,2.0,5.555555555555555,24.0,0.0,-12.486444444444444,100.0
2017-10-12 12:00:00,17.028,44.82,0.0,22.0,88.0,2.0,5.555555555555555,1.2244897959183703,0.0,-31.067954648526076,100.0
2017-10-12 13:00:00,15.084,44.496,0.0,0.0,88.0,2.0,5.555555555555555,1.2244897959183703,0.0,-50.79995464852608,100.0
2017-10-12 14:00:00,7.416,43.308,0.0,0.0,88.0,2.0,0.0,0.0,5.555555555555555,-48.724000000000004,93.24444444444444
2017-10-12 15:00:00,2.484,40.338,22.0,0.0,65.08333333326,2.0,0.0,0.0,5.555555555555555,-62.822,86.56995555555555
2017-10-12 16:00:00,0.0,37.368,22.0,0.0,42.16666666652,2.0,0.0,0.0,5.555555555555555,-57.368,79.97556053333332
2017-10-12 17:00:00,0.0,36.288,22.0,0.0,19.249999999779998,2.0,0.0,0.0,5.555555555555555,-56.288,73.46029825137776
2017-10-12 18:00:00,0.0,28.296,0.0,0.0,19.249999999779998,2.0,0.0,0.0,5.555555555555555,-26.296,67.02321911680568
2017-10-12 19:00:00,0.0,28.35,0.0,0.0,19.249999999779998,2.0,0.0,0.0,5.555555555555555,-26.35,60.663384931848455
2017-10-12 20:00:00,0.0,26.514,0.0,0.0,19.249999999779998,2.0,0.0,0.0,5.555555555555555,-24.514,54.379868757110714
2017-10-12 21:00:00,0.0,23.436,0.0,0.0,19.249999999779998,2.0,0.0,0.0,5.555555555555555,-21.436,48.171754776469825
2017-10-12 22:00:00,0.0,19.926,0.0,22.0,40.36999999977999,2.0,0.0,0.0,5.555555555555555,4.074000000000002,42.03813816359663
2017-10-12 23:00:00,0.0,16.254,0.0,22.0,61.48999999977999,2.0,5.555555555555555,0.0,0.0,13.301555555555556,41.53368050563347
2017-10-13 00:00:00,0.0,12.69,0.0,22.0,82.60999999977999,2.0,5.555555555555555,19.481193653202883,0.0,36.34674920875844,60.1268461197047
2017-10-13 01:00:00,0.0,10.314,0.0,5.614583333562514,88.0,2.0,5.555555555555555,0.0,0.0,2.8561388891180695,59.40532396626824
2017-10-13 02:00:00,0.0,7.722,0.0,0.0,88.0,2.0,0.0,0.0,5.555555555555555,-5.722,53.136904523117465
2017-10-13 03:00:00,0.0,5.832,0.0,0.0,88.0,2.0,0.0,0.0,5.555555555555555,-3.832,46.9437061132845
2017-10-13 04:00:00,0.0,4.374,0.0,0.0,88.0,2.0,0.0,0.0,5.555555555555555,-2.3739999999999997,40.824826084369526
2017-10-13 05:00:00,0.0,3.672,0.0,0.0,88.0,2.0,0.0,0.0,5.555555555555555,-1.6720000000000002,34.779372615801535
2017-10-13 06:00:00,0.72,4.104,22.0,0.0,65.08333333326,2.0,0.0,0.0,5.555555555555555,-24.823999999999998,28.806464588856358
2017-10-13 07:00:00,3.204,5.13,22.0,0.0,42.16666666652,2.0,0.0,0.0,5.555555555555555,-28.334,22.905231458234528
2017-10-13 08:00:00,5.184,6.804,18.47999999972966,0.0,22.916666666740003,2.0,0.0,0.0,5.555555555555555,-28.46799999972966,17.074813125180157
2017-10-13 09:00:00,6.156,9.936,22.0,0.0,0.0,2.0,0.0,0.0,5.555555555555555,-36.092,11.314359812122438
2017-10-13 10:00:00,8.244,14.31,0.0,0.0,0.0,2.0,0.0,0.0,5.555555555555555,-20.554000000000002,5.623031938821413
2017-10-13 11:00:00,9.036,18.522,0.0,0.0,0.0,2.0,0.0,0.0,5.555555555555555,-25.558,0.0
2017-10-13 12:00:00,4.716,19.332,0.0,0.0,0.0,2.0,5.555555555555555,0.0,0.0,-16.492444444444445,0.0
2017-10-13 13:00:00,1.476,18.522,0.0,0.0,0.0,2.0,5.555555555555555,0.0,0.0,-12.442444444444444,0.0
2017-10-13 14:00:00,0.576,18.468,0.0,0.0,0.0,2.0,5.555555555555555,0.0,0.0,-11.488444444444445,0.0
2017-10-13 15:00:00,0.216,19.062,0.0,0.0,0.0,2.0,5.555555555555555,0.0,0.0,-11.722444444444445,0.0
2017-10-13 16:00:00,0.0,20.25,0.0,0.0,0.0,2.0,5.555555555555555,0.0,0.0,-12.694444444444445,0.0
2017-10-13 17:00:00,0.0,22.14,0.0,0.0,0.0,2.0,5.555555555555555,0.0,0.0,-14.584444444444445,0.0
2017-10-13 18:00:00,0.0,22.518,0.0,0.0,0.0,2.0,5.555555555555555,0.0,0.0,-14.962444444444445,0.0
2017-10-13 19:00:00,0.0,22.626,0.0,0.0,0.0,2.0,5.555555555555555,0.0,0.0,-15.070444444444446,0.0
2017-10-13 20:00:00,0.0,21.978,0.0,0.0,0.0,2.0,5.555555555555555,0.0,0.0,-14.422444444444446,0.0
2017-10-13 21:00:00,0.0,20.952,0.0,0.0,0.0,2.0,5.555555555555555,0.0,0.0,-13.396444444444446,0.0
2017-10-13 22:00:00,0.0,20.466,0.0,0.0,0.0,2.0,5.555555555555555,0.0,0.0,-12.910444444444446,0.0
2017-10-13 23:00:00,0.0,20.736,0.0,0.0,0.0,2.0,5.555555555555555,0.0,0.0,-13.180444444444445,0.0
2017-10-14 00:00:00,0.0,20.25,0.0,22.0,21.119999999999997,2.0,5.555555555555555,0.0,0.0,9.305555555555557,0.0
2017-10-14 01:00:00,0.0,20.574,0.0,22.0,42.239999999999995,2.0,5.555555555555555,0.0,0.0,8.981555555555556,0.0
2017-10-14 02:00:00,0.0,21.816,0.0,22.0,63.35999999999999,2.0,5.555555555555555,12.116470568945926,0.0,19.856026124501486,11.874141157567008
2017-10-14 03:00:00,0.0,22.788,0.0,0.0,63.35999999999999,2.0,5.555555555555555,0.0,0.0,-15.232444444444445,11.731651463676204
2017-10-14 04:00:00,0.0,23.166,0.0,0.0,63.35999999999999,2.0,5.555555555555555,0.0,0.0,-15.610444444444445,11.59087164611209
2017-10-14 05:00:00,0.0,22.356,0.0,0.0,63.35999999999999,2.0,5.555555555555555,0.0,0.0,-14.800444444444446,11.451781186358744
2017-10-14 06:00:00,0.144,18.846,0.0,0.0,63.35999999999999,2.0,5.555555555555555,0.0,0.0,-11.434444444444445,11.314359812122438
2017-10-14 07:00:00,0.504,17.658,22.0,0.0,40.443333333259986,2.0,0.0,0.0,5.555555555555555,-38.162,5.623031938821413
2017-10-14 08:00:00,1.224,15.93,15.171199999881036,0.0,24.64,2.0,0.0,0.0,5.555555555555555,-30.32519999988104,0.0
2017-10-14 09:00:00,2.52,16.038,0.0,22.0,45.76,2.0,5.555555555555555,5.934526573060199,0.0,16.932082128615754,5.815836041598995
2017-10-14 10:00:00,4.104,17.01,0.0,0.0,45.76,2.0,0.0,0.0,5.555555555555555,-19.114,0.19049045354425206
2017-10-14 11:00:00,4.932,18.468,0.0,22.0,66.88,2.0,5.555555555555555,24.0,0.0,30.15555555555555,23.70820456810172
2017-10-14 12:00:00,3.96,17.388,0.0,22.0,88.0,2.0,5.555555555555555,24.0,0.0,32.20755555555555,46.9437061132845
2017-10-14 13:00:00,3.132,17.442,0.0,0.0,88.0,2.0,0.0,0.0,5.555555555555555,-18.574,40.824826084369526
2017-10-14 14:00:00,1.692,15.174,22.0,0.0,65.08333333326,2.0,0.0,0.0,5.555555555555555,-36.866,34.779372615801535
2017-10-14 15:00:00,0.468,13.608,22.0,0.0,42.16666666652,2.0,0.0,0.0,5.555555555555555,-34.07600000000001,28.806464588856358
2017-10-14 16:00:00,0.0,13.23,22.0,0.0,19.249999999779998,2.0,0.0,0.0,5.555555555555555,-33.230000000000004,22.905231458234528
2017-10-14 17:00:00,0.0,12.906,18.47999999972966,0.0,0.0,2.0,0.0,0.0,5.555555555555555,-29.385999999729663,17.074813125180157
2017-10-14 18:00:00,0.0,12.852,0.0,0.0,0.0,2.0,0.0,0.0,5.555555555555555,-10.852,11.314359812122438
2017-10-14 19:00:00,0.0,14.958,0.0,0.0,0.0,2.0,0.0,0.0,5.555555555555555,-12.958,5.623031938821413
2017-10-14 20:00:00,0.0,15.822,0.0,0.0,0.0,2.0,0.0,0.0,5.555555555555555,-13.822,0.0
2017-10-14 21:00:00,0.0,13.986,0.0,0.0,0.0,2.0,5.555555555555555,0.0,0.0,-6.430444444444445,0.0
2017-10-14 22:00:00,0.0,11.988,0.0,3.66666666666667,3.520000000000003,2.0,5.555555555555555,0.0,0.0,-0.7657777777777746,0.0
2017-10-14 23:00:00,0.0,9.828,0.0,22.0,24.64,2.0,5.555555555555555,0.0,0.0,19.727555555555558,0.0
2017-10-15 00:00:00,0.0,10.692,0.0,22.0,45.76,2.0,5.555555555555555,0.0,0.0,18.863555555555557,0.0
2017-10-15 01:00:00,0.0,7.56,0.0,22.0,66.88,2.0,5.555555555555555,5.593303920350188,0.0,27.588859475905746,5.481437841943184
2017-10-15 02:00:00,0.0,5.454,0.0,0.0,66.88,2.0,5.555555555555555,0.0,0.0,2.1015555555555556,5.415660587839866
2017-10-15 03:00:00,0.0,4.536,0.0,0.0,66.88,2.0,5.555555555555555,0.0,0.0,3.0195555555555558,5.350672660785787
2017-10-15 04:00:00,0.0,3.942,0.0,22.0,88.0,2.0,5.555555555555555,24.0,0.0,49.61355555555556,28.806464588856358
2017-10-15 05:00:00,0.0,4.05,22.0,0.0,65.08333333326,2.0,0.0,0.0,5.555555555555555,-24.05,22.905231458234528
2017-10-15 06:00:00,0.18,4.05,22.0,0.0,42.16666666652,2.0,0.0,0.0,5.555555555555555,-24.23,17.074813125180157
2017-10-15 07:00:00,0.864,6.858,22.0,0.0,19.249999999779998,2.0,0.0,0.0,5.555555555555555,-27.722,11.314359812122438
2017-10-15 08:00:00,1.944,12.042,18.47999999972966,0.0,0.0,2.0,0.0,0.0,5.555555555555555,-30.465999999729657,5.623031938821413
2017-10-15 09:00:00,2.88,14.688,0.0,0.0,0.0,2.0,0.0,0.0,5.555555555555555,-15.568000000000001,0.0
2017-10-15 10:00:00,4.248,16.524,0.0,22.0,21.119999999999997,2.0,5.555555555555555,0.19437801382066539,0.0,8.977933569376216,0.19049045354425206
2017-10-15 11:00:00,5.436,17.55,0.0,22.0,42.239999999999995,2.0,5.555555555555555,24.0,0.0,30.56955555555556,23.70820456810172
2017-10-15 12:00:00,5.724,17.28,0.0,22.0,63.35999999999999,2.0,5.555555555555555,24.0,0.0,30.551555555555556,46.9437061132845
2017-10-15 13:00:00,6.48,17.442,0.0,0.0,63.35999999999999,2.0,0.0,0.0,5.555555555555555,-21.922,40.824826084369526
2017-10-15 14:00:00,5.688,17.226,0.0,0.0,63.35999999999999,2.0,0.0,0.0,5.555555555555555,-20.913999999999998,34.779372615801535
2017-10-15 15:00:00,2.628,18.036,22.0,0.0,40.443333333259986,2.0,0.0,0.0,5.555555555555555,-40.664,28.806464588856358
2017-10-15 16:00:00,0.0,19.008,16.82559999980534,0.0,22.916666666740003,2.0,0.0,0.0,5.555555555555555,-33.833599999805344,22.905231458234528
2017-10-15 17:00:00,0.0,20.034,0.0,0.0,22.916666666740003,2.0,0.0,0.0,5.555555555555555,-18.034,17.074813125180157
2017-10-15 18:00:00,0.0,21.708,0.0,0.0,22.916666666740003,2.0,0.0,0.0,5.555555555555555,-19.708,11.314359812122438
2017-10-15 19:00:00,0.0,20.196,0.0,0.0,22.916666666740003,2.0,0.0,0.0,5.555555555555555,-18.196,5.623031938821413
2017-10-15 20:00:00,0.0,19.224,22.0,0.0,0.0,2.0,0.0,0.0,5.555555555555555,-39.224000000000004,0.0
2017-10-15 21:00:00,0.0,16.848,0.0,22.0,21.119999999999997,2.0,5.555555555555555,24.0,0.0,36.70755555555556,23.52
2017-10-15 22:00:00,0.0,14.958,0.0,0.0,21.119999999999997,2.0,0.0,0.0,5.555555555555555,-12.958,17.682204444444444
2017-10-15 23:00:00,0.0,13.122,0.0,22.0,42.239999999999995,2.0,5.555555555555555,24.0,0.0,40.43355555555556,40.99001799111111
2017-10-16 00:00:00,0.0,14.58,0.0,3.66666666666667,45.76,2.0,5.555555555555555,12.548866327498137,0.0,9.19108854972036,52.79602677616595
2017-10-16 01:00:00,0.0,10.476,0.0,22.0,66.88,2.0,5.555555555555555,24.0,0.0,43.07955555555556,75.68247445485196
2017-10-16 02:00:00,0.0,7.722,0.0,0.0,66.88,2.0,0.0,0.0,5.555555555555555,-5.722,69.21872920583817
2017-10-16 03:00:00,0.0,6.48,0.0,22.0,88.0,2.0,5.555555555555555,24.0,0.0,47.07555555555555,91.9081044553681
2017-10-16 04:00:00,0.0,5.832,22.0,0.0,65.08333333326,2.0,0.0,0.0,5.555555555555555,-25.832,85.24965164634813
2017-10-16 05:00:00,0.0,5.778,0.0,22.0,86.20333333325999,2.0,0.0,0.0,5.555555555555555,18.222,78.6711002710364
2017-10-16 06:00:00,0.324,5.454,22.0,0.0,63.28666666651999,2.0,0.0,0.0,5.555555555555555,-25.778000000000002,72.1714915122284
2017-10-16 07:00:00,1.26,5.832,22.0,0.0,40.36999999977999,2.0,0.0,0.0,5.555555555555555,-27.092000000000002,65.74987805852611
2017-10-16 08:00:00,2.088,5.4,15.100799999740468,0.0,24.64,2.0,0.0,0.0,5.555555555555555,-20.58879999974047,59.40532396626824
2017-10-16 09:00:00,2.484,4.59,0.0,22.0,45.76,2.0,0.0,0.0,5.555555555555555,16.926000000000002,53.136904523117465
2017-10-16 10:00:00,2.844,4.32,0.0,22.0,66.88,2.0,0.0,0.0,5.555555555555555,16.836,46.9437061132845
2017-10-16 11:00:00,2.736,3.942,0.0,22.0,88.0,2.0,0.0,0.0,5.555555555555555,17.322,40.824826084369526
2017-10-16 12:00:00,2.268,2.592,20.275199999935122,0.0,66.88,2.0,0.0,0.0,5.555555555555555,-23.13519999993512,34.779372615801535
2017-10-16 13:00:00,1.656,2.43,0.0,22.0,88.0,2.0,0.0,0.0,5.555555555555555,19.914,28.806464588856358
2017-10-16 14:00:00,0.972,2.106,18.47999999972965,0.0,68.75000000022001,2.0,0.0,0.0,5.555555555555555,-19.557999999729653,22.905231458234528
2017-10-16 15:00:00,0.468,2.592,22.0,0.0,45.833333333480006,2.0,0.0,0.0,5.555555555555555,-23.06,17.074813125180157
2017-10-16 16:00:00,0.0,4.266,22.0,0.0,22.916666666740003,2.0,0.0,0.0,5.555555555555555,-24.266,11.314359812122438
2017-10-16 17:00:00,0.0,6.858,22.0,0.0,0.0,2.0,0.0,0.0,5.555555555555555,-26.858,5.623031938821413
2017-10-16 18:00:00,0.0,8.694,0.0,0.0,0.0,2.0,0.0,0.0,5.555555555555555,-6.694000000000001,0.0
2017-10-16 19:00:00,0.0,10.314,0.0,0.0,0.0,2.0,5.555555555555555,0.0,0.0,-2.7584444444444447,0.0
2017-10-16 20:00:00,0.0,10.422,0.0,0.0,0.0,2.0,5.555555555555555,0.0,0.0,-2.8664444444444452,0.0
2017-10-16 21:00:00,0.0,12.474,0.0,0.0,0.0,2.0,5.555555555555555,0.0,0.0,-4.918444444444445,0.0
2017-10-16 22:00:00,0.0,0.0,0.0,22.0,21.119999999999997,2.0,5.555555555555555,24.0,0.0,53.55555555555556,23.52
2017-10-16 23:00:00,0.0,17.928,0.0,22.0,42.239999999999995,2.0,0.0,0.0,5.555555555555555,6.071999999999999,17.682204444444444
2017-10-17 00:00:00,0.0,26.352,0.0,22.0,63.35999999999999,2.0,5.555555555555555,0.558019085397534,0.0,3.7615746409530892,18.016876694800693
2017-10-17 01:00:00,0.0,27.594,0.0,22.0,84.47999999999999,2.0,5.555555555555555,24.0,0.0,25.961555555555556,41.320674174463086
2017-10-17 02:00:00,0.0,27.162,0.0,3.6666666666666776,88.0,2.0,5.555555555555555,0.0,0.0,-15.939777777777767,40.824826084369526
2017-10-17 03:00:00,0.0,24.624,0.0,0.0,88.0,2.0,0.0,0.0,5.555555555555555,-22.624,34.779372615801535
2017-10-17 04:00:00,0.0,24.516,0.0,0.0,88.0,2.0,0.0,0.0,5.555555555555555,-22.516,28.806464588856358
2017-10-17 05:00:00,0.0,25.164,22.0,0.0,65.08333333326,2.0,0.0,0.0,5.555555555555555,-45.164,22.905231458234528
2017-10-17 06:00:00,0.684,21.168,22.0,0.0,42.16666666652,2.0,0.0,0.0,5.555555555555555,-41.852,17.074813125180157
2017-10-17 07:00:00,5.796,28.728,22.0,0.0,19.249999999779998,2.0,0.0,0.0,5.555555555555555,-54.524,11.314359812122438
2017-10-17 08:00:00,9.648,33.912,0.0,0.0,19.249999999779998,2.0,0.0,0.0,5.555555555555555,-41.56,5.623031938821413
2017-10-17 09:00:00,11.088,36.45,0.0,0.0,19.249999999779998,2.0,0.0,0.0,5.555555555555555,-45.538000000000004,0.0
2017-10-17 10:00:00,12.096,37.962,0.0,0.0,19.249999999779998,2.0,5.555555555555555,0.0,0.0,-42.50244444444445,0.0
2017-10-17 11:00:00,12.276,38.178,0.0,0.0,19.249999999779998,2.0,5.555555555555555,0.0,0.0,-42.898444444444436,0.0
2017-10-17 12:00:00,11.124,36.288,0.0,0.0,19.249999999779998,2.0,5.555555555555555,0.0,0.0,-39.85644444444444,0.0
2017-10-17 13:00:00,7.164,35.856,0.0,0.0,19.249999999779998,2.0,5.555555555555555,0.0,0.0,-35.464444444444446,0.0
2017-10-17 14:00:00,3.708,34.776,0.0,0.0,19.249999999779998,2.0,5.555555555555555,0.0,0.0,-30.928444444444445,0.0
2017-10-17 15:00:00,0.972,33.966,0.0,0.0,19.249999999779998,2.0,5.555555555555555,0.0,0.0,-27.382444444444445,0.0
2017-10-17 16:00:00,0.0,34.02,0.0,0.0,19.249999999779998,2.0,5.555555555555555,0.0,0.0,-26.464444444444446,0.0
2017-10-17 17:00:00,0.0,34.722,18.47999999972966,0.0,0.0,2.0,5.555555555555555,0.0,0.0,-45.64644444417411,0.0
2017-10-17 18:00:00,0.0,33.534,0.0,0.0,0.0,2.0,5.555555555555555,0.0,0.0,-25.978444444444442,0.0
2017-10-17 19:00:00,0.0,33.534,0.0,0.0,0.0,2.0,5.555555555555555,0.0,0.0,-25.978444444444442,0.0
2017-10-17 20:00:00,0.0,33.912,0.0,0.0,0.0,2.0,5.555555555555555,0.0,0.0,-26.356444444444442,0.0
2017-10-17 21:00:00,0.0,32.832,0.0,0.0,0.0,2.0,5.555555555555555,0.0,0.0,-25.276444444444444,0.0
2017-10-17 22:00:00,0.0,31.32,0.0,0.0,0.0,2.0,5.555555555555555,0.0,0.0,-23.764444444444443,0.0
2017-10-17 23:00:00,0.0,29.592,0.0,3.66666666666667,3.520000000000003,2.0,5.555555555555555,8.138716421833657,0.0,-10.231061355944117,7.9759420933969825
2017-10-18 00:00:00,0.0,27.054,0.0,22.0,24.64,2.0,5.555555555555555,24.0,0.0,26.50155555555556,31.400230788276218
2017-10-18 01:00:00,0.0,23.76,0.0,22.0,45.76,2.0,5.555555555555555,24.0,0.0,29.795555555555556,54.543428018816904
2017-10-18 02:00:00,0.0,19.926,0.0,22.0,66.88,2.0,5.555555555555555,24.0,0.0,33.629555555555555,77.4089068825911
2017-10-18 03:00:00,0.0,14.472,0.0,22.0,88.0,2.0,5.555555555555555,24.0,0.0,39.083555555555556,100.0
2017-10-18 04:00:00,0.0,9.882,0.0,0.0,88.0,2.0,0.0,0.0,5.555555555555555,-7.882,93.24444444444444
2017-10-18 05:00:00,0.0,6.588,0.0,0.0,88.0,2.0,0.0,0.0,5.555555555555555,-4.588,86.56995555555555
2017-10-18 06:00:00,0.216,4.05,0.0,0.0,88.0,2.0,0.0,0.0,5.555555555555555,-2.266,79.97556053333332
2017-10-18 07:00:00,1.044,2.808,16.82559999980536,0.0,70.47333333348,2.0,0.0,0.0,5.555555555555555,-18.67759999980536,73.46029825137776
2017-10-18 08:00:00,1.62,2.052,22.0,0.0,47.55666666674,2.0,0.0,0.0,5.555555555555555,-23.672,67.02321911680568
2017-10-18 09:00:00,2.556,1.458,22.0,0.0,24.64,2.0,0.0,0.0,5.555555555555555,-24.014,60.663384931848455
2017-10-18 10:00:00,3.744,1.08,0.0,22.0,45.76,2.0,0.0,0.0,5.555555555555555,19.176000000000002,54.379868757110714
2017-10-18 11:00:00,4.428,0.918,0.0,22.0,66.88,2.0,0.0,0.0,5.555555555555555,18.654,48.171754776469825
2017-10-18 12:00:00,4.5,0.702,0.0,22.0,88.0,2.0,0.0,0.0,5.555555555555555,18.798000000000002,42.03813816359663
2017-10-18 13:00:00,3.744,0.702,0.0,0.0,88.0,2.0,0.0,0.0,5.555555555555555,-2.446,35.97812495007791
2017-10-18 14:00:00,2.16,0.756,0.0,0.0,88.0,2.0,0.0,0.0,5.555555555555555,-0.9160000000000001,29.990831895121417
2017-10-18 15:00:00,0.684,0.918,22.0,0.0,65.08333333326,2.0,0.0,0.0,5.555555555555555,-21.602,24.075386356824403
2017-10-18 16:00:00,0.0,1.296,22.0,0.0,42.16666666652,2.0,0.0,0.0,5.555555555555555,-21.296,18.230926164986954
2017-10-18 17:00:00,0.0,1.62,22.0,0.0,19.249999999779998,2.0,0.0,0.0,5.555555555555555,-21.62,12.456599495451554
2017-10-18 18:00:00,0.0,1.026,18.47999999972966,0.0,0.0,2.0,0.0,0.0,5.555555555555555,-17.50599999972966,6.75156474595058
2017-10-18 19:00:00,0.0,1.62,0.0,0.0,0.0,2.0,0.0,0.0,5.555555555555555,0.3799999999999999,1.1149904134436168
2017-10-18 20:00:00,0.0,2.214,0.0,0.0,0.0,2.0,4.453945027073262,0.0,1.1016105284822935,4.239945027073263,0.0
2017-10-18 21:00:00,0.0,2.538,0.0,0.0,0.0,2.0,5.555555555555555,0.0,0.0,5.017555555555555,0.0
2017-10-18 22:00:00,0.0,3.024,0.0,0.0,0.0,2.0,5.555555555555555,0.0,0.0,4.531555555555555,0.0
2017-10-18 23:00:00,0.0,3.456,0.0,3.66666666666667,3.520000000000003,2.0,5.555555555555555,0.0,0.0,7.7662222222222255,0.0
2017-10-19 00:00:00,0.0,2.754,0.0,22.0,24.64,2.0,5.555555555555555,9.474170600929645,0.0,36.275726156485206,9.284687188911052
2017-10-19 01:00:00,0.0,3.348,0.0,22.0,45.76,2.0,5.555555555555555,24.0,0.0,50.20755555555556,32.69327094264412
2017-10-19 02:00:00,0.0,3.942,0.0,22.0,66.88,2.0,5.555555555555555,24.0,0.0,49.61355555555556,55.82095169133239
2017-10-19 03:00:00,0.0,4.806,0.0,22.0,88.0,2.0,5.555555555555555,24.0,0.0,48.74955555555556,78.6711002710364
2017-10-19 04:00:00,0.0,5.886,0.0,0.0,88.0,2.0,0.0,0.0,5.555555555555555,-3.886,72.1714915122284
2017-10-19 05:00:00,0.0,6.966,18.47999999972965,0.0,68.75000000022001,2.0,0.0,0.0,5.555555555555555,-23.445999999729654,65.74987805852611
2017-10-19 06:00:00,0.144,7.722,22.0,0.0,45.833333333480006,2.0,0.0,0.0,5.555555555555555,-27.866,59.40532396626824
2017-10-19 07:00:00,0.684,9.828,22.0,0.0,22.916666666740003,2.0,0.0,0.0,5.555555555555555,-30.512,53.136904523117465
2017-10-19 08:00:00,1.26,11.988,22.0,0.0,0.0,2.0,0.0,0.0,5.555555555555555,-33.248,46.9437061132845
2017-10-19 09:00:00,2.304,13.338,0.0,0.0,0.0,2.0,0.0,0.0,5.555555555555555,-13.642,40.824826084369526
2017-10-19 10:00:00,3.672,14.202,0.0,0.0,0.0,2.0,0.0,0.0,5.555555555555555,-15.874,34.779372615801535
2017-10-19 11:00:00,4.392,15.12,0.0,22.0,21.119999999999997,2.0,0.0,0.0,5.555555555555555,4.488,28.806464588856358
2017-10-19 12:00:00,4.392,13.014,0.0,22.0,42.239999999999995,2.0,0.0,0.0,5.555555555555555,6.594,22.905231458234528
2017-10-19 13:00:00,3.024,14.904,0.0,0.0,42.239999999999995,2.0,0.0,0.0,5.555555555555555,-15.928,17.074813125180157
2017-10-19 14:00:00,1.728,17.874,0.0,0.0,42.239999999999995,2.0,0.0,0.0,5.555555555555555,-17.602,11.314359812122438
2017-10-19 15:00:00,0.612,20.088,22.0,0.0,19.323333333259992,2.0,0.0,0.0,5.555555555555555,-40.7,5.623031938821413
2017-10-19 16:00:00,0.0,22.086,18.55039999987023,0.0,0.0,2.0,0.0,0.0,5.555555555555555,-38.63639999987023,0.0
2017-10-19 17:00:00,0.0,23.22,0.0,0.0,0.0,2.0,5.555555555555555,0.0,0.0,-15.664444444444444,0.0
2017-10-19 18:00:00,0.0,19.818,0.0,0.0,0.0,2.0,5.555555555555555,0.0,0.0,-12.262444444444446,0.0
2017-10-19 19:00:00,0.0,21.222,0.0,0.0,0.0,2.0,5.555555555555555,0.0,0.0,-13.666444444444446,0.0
2017-10-19 20:00:00,0.0,23.328,0.0,0.0,0.0,2.0,5.555555555555555,0.0,0.0,-15.772444444444444,0.0
2017-10-19 21:00:00,0.0,23.598,0.0,22.0,21.119999999999997,2.0,5.555555555555555,0.0,0.0,5.957555555555558,0.0
2017-10-19 22:00:00,0.0,23.544,0.0,0.0,21.119999999999997,2.0,5.555555555555555,0.0,0.0,-15.988444444444445,0.0
2017-10-19 23:00:00,0.0,22.788,0.0,22.0,42.239999999999995,2.0,5.555555555555555,0.0,0.0,6.767555555555557,0.0
2017-10-20 00:00:00,0.0,19.602,0.0,22.0,63.35999999999999,2.0,5.555555555555555,0.0,0.0,9.953555555555557,0.0
2017-10-20 01:00:00,0.0,21.87,0.0,22.0,84.47999999999999,2.0,5.555555555555555,24.0,0.0,31.685555555555556,23.52
2017-10-20 02:00:00,0.0,23.922,0.0,3.6666666666666776,88.0,2.0,5.555555555555555,24.0,0.0,11.300222222222235,46.75776
2017-10-20 03:00:00,0.0,24.678,0.0,0.0,88.0,2.0,5.555555555555555,0.762284931922963,0.0,-16.360159512521484,46.9437061132845
2017-10-20 04:00:00,0.0,24.894,0.0,0.0,88.0,2.0,0.0,0.0,5.555555555555555,-22.894,40.824826084369526
2017-10-20 05:00:00,0.0,25.002,22.0,0.0,65.08333333326,2.0,0.0,0.0,5.555555555555555,-45.001999999999995,34.779372615801535
2017-10-20 06:00:00,0.072,24.678,22.0,0.0,42.16666666652,2.0,0.0,0.0,5.555555555555555,-44.75,28.806464588856358
2017-10-20 07:00:00,0.396,25.65,22.0,0.0,19.249999999779998,2.0,0.0,0.0,5.555555555555555,-46.046,22.905231458234528
2017-10-20 08:00:00,0.756,25.434,18.47999999972966,0.0,0.0,2.0,0.0,0.0,5.555555555555555,-42.66999999972966,17.074813125180157
2017-10-20 09:00:00,1.08,23.49,0.0,0.0,0.0,2.0,0.0,0.0,5.555555555555555,-22.57,11.314359812122438
2017-10-20 10:00:00,1.152,22.356,0.0,0.0,0.0,2.0,0.0,0.0,5.555555555555555,-21.508000000000003,5.623031938821413
2017-10-20 11:00:00,0.972,21.87,0.0,0.0,0.0,2.0,0.0,0.0,5.555555555555555,-20.842000000000002,0.0
2017-10-20 12:00:00,0.756,21.762,0.0,0.0,0.0,2.0,5.555555555555555,0.0,0.0,-14.962444444444445,0.0
2017-10-20 13:00:00,0.936,19.17,0.0,1.8715277778541726,1.7966666667400055,2.0,5.555555555555555,0.0,0.0,-10.678916666590274,0.0
2017-10-20 14:00:00,0.648,18.036,0.0,22.0,22.916666666740003,2.0,5.555555555555555,11.545265114410652,0.0,22.41682066996621,11.314359812122438
2017-10-20 15:00:00,0.18,16.416,0.0,0.0,22.916666666740003,2.0,0.0,0.0,5.555555555555555,-14.596,5.623031938821413
2017-10-20 16:00:00,0.0,14.742,22.0,0.0,0.0,2.0,0.0,0.0,5.555555555555555,-34.742000000000004,0.0
2017-10-20 17:00:00,0.0,12.852,0.0,0.0,0.0,2.0,5.555555555555555,0.0,0.0,-5.296444444444445,0.0
2017-10-20 18:00:00,0.0,11.718,0.0,0.0,0.0,2.0,5.555555555555555,0.0,0.0,-4.162444444444445,0.0
2017-10-20 19:00:00,0.0,10.854,0.0,0.0,0.0,2.0,5.555555555555555,0.0,0.0,-3.298444444444444,0.0
2017-10-20 20:00:00,0.0,9.99,0.0,0.0,0.0,2.0,5.555555555555555,0.0,0.0,-2.434444444444445,0.0
2017-10-20 21:00:00,0.0,9.072,0.0,22.0,21.119999999999997,2.0,5.555555555555555,5.737787692674911,0.0,26.221343248230465,5.623031938821413
2017-10-20 22:00:00,0.0,8.154,0.0,0.0,21.119999999999997,2.0,0.0,0.0,5.555555555555555,-6.154,0.0
2017-10-20 23:00:00,0.0,7.398,0.0,0.0,21.119999999999997,2.0,5.555555555555555,0.0,0.0,0.15755555555555567,0.0
2017-10-21 00:00:00,0.0,5.292,0.0,0.0,21.119999999999997,2.0,5.555555555555555,0.0,0.0,2.2635555555555555,0.0
2017-10-21 01:00:00,0.0,4.644,0.0,0.0,21.119999999999997,2.0,5.555555555555555,0.0,0.0,2.9115555555555552,0.0
2017-10-21 02:00:00,0.0,5.4,0.0,1.8715277778541726,22.916666666740003,2.0,5.555555555555555,0.0,0.0,4.027083333409728,0.0
2017-10-21 03:00:00,0.0,6.534,0.0,0.0,22.916666666740003,2.0,5.555555555555555,0.0,0.0,1.0215555555555556,0.0
2017-10-21 04:00:00,0.0,7.668,0.0,0.0,22.916666666740003,2.0,5.555555555555555,0.0,0.0,-0.11244444444444479,0.0
2017-10-21 05:00:00,0.0,8.64,0.0,0.0,22.916666666740003,2.0,5.555555555555555,0.0,0.0,-1.0844444444444452,0.0
2017-10-21 06:00:00,0.18,9.558,0.0,0.0,22.916666666740003,2.0,5.555555555555555,0.0,0.0,-2.1824444444444446,0.0
2017-10-21 07:00:00,1.152,10.368,0.0,0.0,22.916666666740003,2.0,5.555555555555555,0.0,0.0,-3.964444444444445,0.0
2017-10-21 08:00:00,2.592,10.962,0.0,0.0,22.916666666740003,2.0,5.555555555555555,0.0,0.0,-5.998444444444445,0.0
2017-10-21 09:00:00,3.924,12.204,0.0,0.0,22.916666666740003,2.0,5.555555555555555,0.0,0.0,-8.572444444444445,0.0
2017-10-21 10:00:00,4.572,13.23,0.0,0.0,22.916666666740003,2.0,5.555555555555555,0.0,0.0,-10.246444444444446,0.0
2017-10-21 11:00:00,3.96,14.148,0.0,0.0,22.916666666740003,2.0,5.555555555555555,0.0,0.0,-10.552444444444443,0.0
2017-10-21 12:00:00,2.7,15.552,0.0,0.0,22.916666666740003,2.0,5.555555555555555,0.0,0.0,-10.696444444444445,0.0
2017-10-21 13:00:00,2.448,17.766,0.0,0.0,22.916666666740003,2.0,5.555555555555555,0.0,0.0,-12.658444444444443,0.0
2017-10-21 14:00:00,2.052,19.224,0.0,0.0,22.916666666740003,2.0,5.555555555555555,11.545265114410652,0.0,-2.1751793300337927,11.314359812122438
2017-10-21 15:00:00,0.432,19.818,0.0,0.0,22.916666666740003,2.0,0.0,0.0,5.555555555555555,-18.25,5.623031938821413
2017-10-21 16:00:00,0.0,20.844,22.0,0.0,0.0,2.0,0.0,0.0,5.555555555555555,-40.844,0.0
2017-10-21 17:00:00,0.0,20.79,0.0,0.0,0.0,2.0,5.555555555555555,0.0,0.0,-13.234444444444444,0.0
2017-10-21 18:00:00,0.0,19.602,0.0,0.0,0.0,2.0,5.555555555555555,0.0,0.0,-12.046444444444445,0.0
2017-10-21 19:00:00,0.0,18.36,0.0,0.0,0.0,2.0,5.555555555555555,0.0,0.0,-10.804444444444444,0.0
2017-10-21 20:00:00,0.0,17.01,0.0,0.0,0.0,2.0,5.555555555555555,0.0,0.0,-9.454444444444446,0.0
2017-10-21 21:00:00,0.0,15.822,0.0,22.0,21.119999999999997,2.0,5.555555555555555,11.545265114410652,0.0,25.278820669966212,11.314359812122438
2017-10-21 22:00:00,0.0,14.526,0.0,0.0,21.119999999999997,2.0,0.0,0.0,5.555555555555555,-12.526,5.623031938821413
2017-10-21 23:00:00,0.0,13.014,0.0,0.0,21.119999999999997,2.0,0.0,0.0,5.555555555555555,-11.014,0.0
2017-10-22 00:00:00,0.0,13.446,0.0,0.0,21.119999999999997,2.0,5.555555555555555,0.0,0.0,-5.890444444444444,0.0
2017-10-22 01:00:00,0.0,13.23,0.0,0.0,21.119999999999997,2.0,5.555555555555555,0.0,0.0,-5.674444444444445,0.0
2017-10-22 02:00:00,0.0,12.258,0.0,22.0,42.239999999999995,2.0,5.555555555555555,0.0,0.0,17.297555555555558,0.0
2017-10-22 03:00:00,0.0,10.692,0.0,3.66666666666667,45.76,2.0,5.555555555555555,0.0,0.0,0.5302222222222248,0.0
2017-10-22 04:00:00,0.0,10.368,0.0,0.0,45.76,2.0,5.555555555555555,0.0,0.0,-2.812444444444445,0.0
2017-10-22 05:00:00,0.0,10.422,0.0,0.0,45.76,2.0,5.555555555555555,0.0,0.0,-2.8664444444444452,0.0
2017-10-22 06:00:00,0.36,11.07,0.0,0.0,45.76,2.0,5.555555555555555,0.0,0.0,-3.874444444444445,0.0
2017-10-22 07:00:00,3.96,11.016,0.0,0.0,45.76,2.0,5.555555555555555,0.0,0.0,-7.420444444444445,0.0
2017-10-22 08:00:00,5.796,10.746,0.0,0.0,45.76,2.0,5.555555555555555,0.0,0.0,-8.986444444444444,0.0
2017-10-22 09:00:00,7.776,10.314,0.0,0.0,45.76,2.0,5.555555555555555,0.0,0.0,-10.534444444444444,0.0
2017-10-22 10:00:00,9.144,10.53,0.0,0.0,45.76,2.0,5.555555555555555,0.0,0.0,-12.118444444444444,0.0
2017-10-22 11:00:00,10.98,11.232,0.0,0.0,45.76,2.0,5.555555555555555,0.0,0.0,-14.656444444444444,0.0
2017-10-22 12:00:00,12.024,9.828,0.0,22.0,66.88,2.0,5.555555555555555,17.872455263539543,0.0,25.576010819095103,17.51500615826875
2017-10-22 13:00:00,10.152,8.856,0.0,22.0,88.0,2.0,5.555555555555555,24.0,0.0,34.547555555555554,40.824826084369526
2017-10-22 14:00:00,6.012,7.182,0.0,0.0,88.0,2.0,0.0,0.0,5.555555555555555,-11.193999999999999,34.779372615801535
2017-10-22 15:00:00,1.512,6.102,22.0,0.0,65.08333333326,2.0,0.0,0.0,5.555555555555555,-27.614,28.806464588856358
2017-10-22 16:00:00,0.0,5.238,22.0,0.0,42.16666666652,2.0,0.0,0.0,5.555555555555555,-25.238,22.905231458234528
2017-10-22 17:00:00,0.0,3.996,22.0,0.0,19.249999999779998,2.0,0.0,0.0,5.555555555555555,-23.996,17.074813125180157
2017-10-22 18:00:00,0.0,2.214,0.0,0.0,19.249999999779998,2.0,0.0,0.0,5.555555555555555,-0.21399999999999997,11.314359812122438
2017-10-22 19:00:00,0.0,2.376,0.0,0.0,19.249999999779998,2.0,0.0,0.0,5.555555555555555,-0.3759999999999999,5.623031938821413
2017-10-22 20:00:00,0.0,2.484,0.0,0.0,19.249999999779998,2.0,0.0,0.0,5.555555555555555,-0.484,0.0
2017-10-22 21:00:00,0.0,2.376,0.0,0.0,19.249999999779998,2.0,5.555555555555555,0.0,0.0,5.179555555555556,0.0
2017-10-22 22:00:00,0.0,2.43,0.0,0.0,19.249999999779998,2.0,5.555555555555555,0.0,0.0,5.125555555555556,0.0
2017-10-22 23:00:00,0.0,2.7,0.0,5.614583333562503,24.64,2.0,5.555555555555555,4.022929286807765,0.0,14.493068175925824,3.9424707010716094
2017-10-23 00:00:00,0.0,2.214,0.0,22.0,45.76,2.0,5.555555555555555,24.0,0.0,51.34155555555556,27.41516105265875
2017-10-23 01:00:00,0.0,3.294,0.0,22.0,66.88,2.0,5.555555555555555,24.0,0.0,50.26155555555556,50.606179120026844
2017-10-23 02:00:00,0.0,3.78,0.0,22.0,88.0,2.0,5.555555555555555,24.0,0.0,49.775555555555556,73.51890497058652
2017-10-23 03:00:00,0.0,4.05,0.0,0.0,88.0,2.0,5.555555555555555,0.0,0.0,3.5055555555555555,72.63667811093949
2017-10-23 04:00:00,0.0,4.482,0.0,0.0,88.0,2.0,0.0,0.0,5.555555555555555,-2.482,66.20948241805266
2017-10-23 05:00:00,0.0,4.914,22.0,0.0,65.08333333326,2.0,0.0,0.0,5.555555555555555,-24.914,59.85941307348047
2017-10-23 06:00:00,0.144,5.994,22.0,0.0,42.16666666652,2.0,0.0,0.0,5.555555555555555,-26.137999999999998,53.58554456104314
2017-10-23 07:00:00,1.872,7.452,18.47999999972966,0.0,22.916666666740003,2.0,0.0,0.0,5.555555555555555,-25.803999999729662,47.386962470755066
2017-10-23 08:00:00,3.744,9.558,22.0,0.0,0.0,2.0,0.0,0.0,5.555555555555555,-33.302,41.26276336555045
2017-10-23 09:00:00,4.212,10.692,0.0,0.0,0.0,2.0,0.0,0.0,5.555555555555555,-12.904,35.212054649608284
2017-10-23 10:00:00,3.384,11.556,0.0,0.0,0.0,2.0,0.0,0.0,5.555555555555555,-12.94,29.23395443825743
2017-10-23 11:00:00,2.772,11.394,0.0,0.0,0.0,2.0,0.0,0.0,5.555555555555555,-12.166,23.327591429442787
2017-10-23 12:00:00,1.908,7.992,0.0,0.0,0.0,2.0,0.0,0.0,5.555555555555555,-7.9,17.49210477673392
2017-10-23 13:00:00,1.404,8.154,0.0,22.0,21.119999999999997,2.0,5.555555555555555,0.0,0.0,19.997555555555557,17.282199519413115
2017-10-23 14:00:00,0.828,8.64,0.0,22.0,42.239999999999995,2.0,5.555555555555555,0.0,0.0,20.087555555555557,17.074813125180157
2017-10-23 15:00:00,0.252,8.478,18.55039999987023,0.0,22.916666666740003,2.0,0.0,0.0,5.555555555555555,-25.28039999987023,11.314359812122438
2017-10-23 16:00:00,0.0,8.964,22.0,0.0,0.0,2.0,0.0,0.0,5.555555555555555,-28.964,5.623031938821413
2017-10-23 17:00:00,0.0,9.936,0.0,0.0,0.0,2.0,0.0,0.0,5.555555555555555,-7.936,0.0
2017-10-23 18:00:00,0.0,10.26,0.0,0.0,0.0,2.0,5.555555555555555,0.0,0.0,-2.7044444444444444,0.0
2017-10-23 19:00:00,0.0,12.042,0.0,0.0,0.0,2.0,5.555555555555555,0.0,0.0,-4.4864444444444445,0.0
2017-10-23 20:00:00,0.0,14.526,0.0,0.0,0.0,2.0,5.555555555555555,0.0,0.0,-6.970444444444444,0.0
2017-10-23 21:00:00,0.0,15.12,0.0,0.0,0.0,2.0,5.555555555555555,0.0,0.0,-7.564444444444444,0.0
2017-10-23 22:00:00,0.0,15.282,0.0,0.0,0.0,2.0,5.555555555555555,0.0,0.0,-7.726444444444445,0.0
2017-10-23 23:00:00,0.0,15.174,0.0,0.0,0.0,2.0,5.555555555555555,0.0,0.0,-7.618444444444444,0.0
2017-10-24 00:00:00,0.0,12.582,0.0,22.0,21.119999999999997,2.0,5.555555555555555,0.0,0.0,16.973555555555556,0.0
2017-10-24 01:00:00,0.0,15.66,0.0,22.0,42.239999999999995,2.0,5.555555555555555,0.0,0.0,13.895555555555557,0.0
2017-10-24 02:00:00,0.0,18.738,0.0,22.0,63.35999999999999,2.0,5.555555555555555,17.84908650687135,0.0,28.666642062426902,17.49210477673392
2017-10-24 03:00:00,0.0,20.736,0.0,0.0,63.35999999999999,2.0,5.555555555555555,0.0,0.0,-13.180444444444445,17.282199519413115
2017-10-24 04:00:00,0.0,23.652,0.0,0.0,63.35999999999999,2.0,5.555555555555555,0.0,0.0,-16.096444444444444,17.074813125180157
2017-10-24 05:00:00,0.0,25.488,16.825599999805345,0.0,45.833333333480006,2.0,0.0,0.0,5.555555555555555,-40.31359999980535,11.314359812122438
2017-10-24 06:00:00,0.072,23.814,22.0,0.0,22.916666666740003,2.0,0.0,0.0,5.555555555555555,-43.886,5.623031938821413
2017-10-24 07:00:00,0.396,26.406,22.0,0.0,0.0,2.0,0.0,0.0,5.555555555555555,-46.802,0.0
2017-10-24 08:00:00,0.648,27.54,0.0,0.0,0.0,2.0,5.555555555555555,0.0,0.0,-20.63244444444444,0.0
2017-10-24 09:00:00,0.756,27.108,0.0,0.0,0.0,2.0,5.555555555555555,0.0,0.0,-20.308444444444447,0.0
2017-10-24 10:00:00,0.828,26.892,0.0,0.0,0.0,2.0,5.555555555555555,0.0,0.0,-20.164444444444445,0.0
2017-10-24 11:00:00,0.828,27.594,0.0,0.0,0.0,2.0,5.555555555555555,0.0,0.0,-20.866444444444443,0.0
2017-10-24 12:00:00,0.684,25.974,0.0,0.0,0.0,2.0,5.555555555555555,0.0,0.0,-19.102444444444448,0.0
2017-10-24 13:00:00,0.504,28.242,0.0,0.0,0.0,2.0,5.555555555555555,0.0,0.0,-21.19044444444445,0.0
2017-10-24 14:00:00,0.216,27.864,0.0,0.0,0.0,2.0,5.555555555555555,0.0,0.0,-20.52444444444445,0.0
2017-10-24 15:00:00,0.036,25.272,0.0,0.0,0.0,2.0,5.555555555555555,0.0,0.0,-17.752444444444443,0.0
2017-10-24 16:00:00,0.0,24.732,0.0,0.0,0.0,2.0,5.555555555555555,0.0,0.0,-17.176444444444442,0.0
2017-10-24 17:00:00,0.0,25.11,0.0,0.0,0.0,2.0,5.555555555555555,0.0,0.0,-17.554444444444442,0.0
2017-10-24 18:00:00,0.0,26.784,0.0,0.0,0.0,2.0,5.555555555555555,0.0,0.0,-19.228444444444442,0.0
2017-10-24 19:00:00,0.0,25.11,0.0,0.0,0.0,2.0,5.555555555555555,0.0,0.0,-17.554444444444442,0.0
2017-10-24 20:00:00,0.0,23.274,0.0,0.0,0.0,2.0,5.555555555555555,0.0,0.0,-15.718444444444446,0.0
2017-10-24 21:00:00,0.0,20.574,0.0,0.0,0.0,2.0,5.555555555555555,0.0,0.0,-13.018444444444446,0.0
2017-10-24 22:00:00,0.0,19.008,0.0,22.0,21.119999999999997,2.0,5.555555555555555,24.0,0.0,34.54755555555556,23.52
2017-10-24 23:00:00,0.0,17.118,0.0,22.0,42.239999999999995,2.0,5.555555555555555,24.0,0.0,36.43755555555556,46.75776
2017-10-25 00:00:00,0.0,15.822,0.0,22.0,63.35999999999999,2.0,5.555555555555555,24.0,0.0,37.733555555555554,69.71666687999999
2017-10-25 01:00:00,0.0,13.014,0.0,22.0,84.47999999999999,2.0,5.555555555555555,24.0,0.0,40.54155555555556,92.40006687743998
2017-10-25 02:00:00,0.0,11.124,0.0,3.6666666666666776,88.0,2.0,5.555555555555555,8.886463188866623,0.0,8.984685411088856,100.0
2017-10-25 03:00:00,0.0,7.452,0.0,0.0,88.0,2.0,0.0,0.0,5.555555555555555,-5.452,93.24444444444444
2017-10-25 04:00:00,0.0,7.722,22.0,0.0,65.08333333326,2.0,0.0,0.0,5.555555555555555,-27.722,86.56995555555555
2017-10-25 05:00:00,0.0,11.61,22.0,0.0,42.16666666652,2.0,0.0,0.0,5.555555555555555,-31.61,79.97556053333332
2017-10-25 06:00:00,0.0,18.468,22.0,0.0,19.249999999779998,2.0,0.0,0.0,5.555555555555555,-38.468,73.46029825137776
2017-10-25 07:00:00,0.108,27.108,0.0,0.0,19.249999999779998,2.0,0.0,0.0,5.555555555555555,-25.216,67.02321911680568
2017-10-25 08:00:00,0.288,32.616,0.0,0.0,19.249999999779998,2.0,0.0,0.0,5.555555555555555,-30.904,60.663384931848455
2017-10-25 09:00:00,0.54,28.134,0.0,0.0,19.249999999779998,2.0,0.0,0.0,5.555555555555555,-26.674,54.379868757110714
2017-10-25 10:00:00,3.672,31.482,0.0,0.0,19.249999999779998,2.0,0.0,0.0,5.555555555555555,-33.153999999999996,48.171754776469825
2017-10-25 11:00:00,2.556,32.886,0.0,0.0,19.249999999779998,2.0,0.0,0.0,5.555555555555555,-33.442,42.03813816359663
2017-10-25 12:00:00,2.592,36.558,0.0,0.0,19.249999999779998,2.0,0.0,0.0,5.555555555555555,-37.15,35.97812495007791
2017-10-25 13:00:00,1.872,34.29,0.0,0.0,19.249999999779998,2.0,0.0,0.0,5.555555555555555,-34.162,29.990831895121417
2017-10-25 14:00:00,1.332,30.078,0.0,0.0,19.249999999779998,2.0,0.0,0.0,5.555555555555555,-29.41,24.075386356824403
2017-10-25 15:00:00,0.396,28.188,0.0,0.0,19.249999999779998,2.0,0.0,0.0,5.555555555555555,-26.584,18.230926164986954
2017-10-25 16:00:00,0.0,27.432,18.47999999972966,0.0,0.0,2.0,0.0,0.0,5.555555555555555,-43.91199999972966,12.456599495451554
2017-10-25 17:00:00,0.0,26.946,0.0,0.0,0.0,2.0,0.0,0.0,5.555555555555555,-24.946,6.75156474595058
2017-10-25 18:00:00,0.0,25.38,0.0,0.0,0.0,2.0,0.0,0.0,5.555555555555555,-23.38,1.1149904134436168
2017-10-25 19:00:00,0.0,24.138,0.0,0.0,0.0,2.0,4.453945027073262,0.0,1.1016105284822935,-17.684054972926738,0.0
2017-10-25 20:00:00,0.0,22.788,0.0,0.0,0.0,2.0,5.555555555555555,0.0,0.0,-15.232444444444445,0.0
2017-10-25 21:00:00,0.0,23.814,0.0,0.0,0.0,2.0,5.555555555555555,0.0,0.0,-16.258444444444443,0.0
2017-10-25 22:00:00,0.0,23.544,0.0,22.0,21.119999999999997,2.0,5.555555555555555,0.0,0.0,6.011555555555557,0.0
2017-10-25 23:00:00,0.0,23.112,0.0,22.0,42.239999999999995,2.0,5.555555555555555,7.343066006578269,0.0,13.786621562133828,7.196204686446704
2017-10-26 00:00:00,0.0,20.466,0.0,22.0,63.35999999999999,2.0,5.555555555555555,24.0,0.0,33.089555555555556,30.629850230209342
2017-10-26 01:00:00,0.0,19.062,0.0,22.0,84.47999999999999,2.0,5.555555555555555,24.0,0.0,34.49355555555556,53.78229202744683
2017-10-26 02:00:00,0.0,17.982,0.0,3.6666666666666776,88.0,2.0,5.555555555555555,0.0,0.0,-6.759777777777767,53.136904523117465
2017-10-26 03:00:00,0.0,18.468,0.0,0.0,88.0,2.0,0.0,0.0,5.555555555555555,-16.468,46.9437061132845
2017-10-26 04:00:00,0.0,18.954,0.0,0.0,88.0,2.0,0.0,0.0,5.555555555555555,-16.954,40.824826084369526
2017-10-26 05:00:00,0.0,19.332,22.0,0.0,65.08333333326,2.0,0.0,0.0,5.555555555555555,-39.332,34.779372615801535
2017-10-26 06:00:00,0.072,17.496,22.0,0.0,42.16666666652,2.0,0.0,0.0,5.555555555555555,-37.568,28.806464588856358
2017-10-26 07:00:00,1.44,21.222,22.0,0.0,19.249999999779998,2.0,0.0,0.0,5.555555555555555,-42.662,22.905231458234528
2017-10-26 08:00:00,4.428,23.49,0.0,0.0,19.249999999779998,2.0,0.0,0.0,5.555555555555555,-25.918,17.074813125180157
2017-10-26 09:00:00,6.804,25.488,0.0,0.0,19.249999999779998,2.0,0.0,0.0,5.555555555555555,-30.292,11.314359812122438
2017-10-26 10:00:00,8.244,26.838,0.0,0.0,19.249999999779998,2.0,0.0,0.0,5.555555555555555,-33.082,5.623031938821413
2017-10-26 11:00:00,8.1,27.756,0.0,0.0,19.249999999779998,2.0,0.0,0.0,5.555555555555555,-33.856,0.0
2017-10-26 12:00:00,6.156,26.19,0.0,0.0,19.249999999779998,2.0,5.555555555555555,0.0,0.0,-24.790444444444447,0.0
2017-10-26 13:00:00,5.22,27.756,0.0,0.0,19.249999999779998,2.0,5.555555555555555,0.0,0.0,-25.420444444444442,0.0
2017-10-26 14:00:00,2.88,27.918,0.0,0.0,19.249999999779998,2.0,5.555555555555555,11.545265114410652,0.0,-11.69717933003379,11.314359812122438
2017-10-26 15:00:00,0.9,27.756,0.0,0.0,19.249999999779998,2.0,0.0,0.0,5.555555555555555,-26.656,5.623031938821413
2017-10-26 16:00:00,0.0,29.376,18.47999999972966,0.0,0.0,2.0,0.0,0.0,5.555555555555555,-45.85599999972966,0.0
2017-10-26 17:00:00,0.0,31.698,0.0,0.0,0.0,2.0,5.555555555555555,0.0,0.0,-24.142444444444443,0.0
2017-10-26 18:00:00,0.0,32.724,0.0,0.0,0.0,2.0,5.555555555555555,0.0,0.0,-25.16844444444444,0.0
2017-10-26 19:00:00,0.0,34.398,0.0,0.0,0.0,2.0,5.555555555555555,0.0,0.0,-26.842444444444446,0.0
2017-10-26 20:00:00,0.0,35.802,0.0,0.0,0.0,2.0,5.555555555555555,0.0,0.0,-28.246444444444442,0.0
2017-10-26 21:00:00,0.0,35.478,0.0,0.0,0.0,2.0,5.555555555555555,0.0,0.0,-27.922444444444444,0.0
2017-10-26 22:00:00,0.0,36.072,0.0,3.66666666666667,3.520000000000003,2.0,5.555555555555555,0.0,0.0,-24.849777777777778,0.0
2017-10-26 23:00:00,0.0,36.234,0.0,22.0,24.64,2.0,5.555555555555555,24.0,0.0,17.321555555555555,23.52
2017-10-27 00:00:00,0.0,35.154,0.0,22.0,45.76,2.0,5.555555555555555,24.0,0.0,18.401555555555554,46.75776
2017-10-27 01:00:00,0.0,33.966,0.0,22.0,66.88,2.0,5.555555555555555,24.0,0.0,19.589555555555556,69.71666687999999
2017-10-27 02:00:00,0.0,30.564,0.0,22.0,88.0,2.0,5.555555555555555,24.0,0.0,22.991555555555557,92.40006687743998
2017-10-27 03:00:00,0.0,25.11,0.0,0.0,88.0,2.0,0.0,0.0,5.555555555555555,-23.11,85.73571051935515
2017-10-27 04:00:00,0.0,20.52,0.0,0.0,88.0,2.0,0.0,0.0,5.555555555555555,-18.52,79.15132643756733
2017-10-27 05:00:00,0.0,17.28,22.0,0.0,65.08333333326,2.0,0.0,0.0,5.555555555555555,-37.28,72.64595496476097
2017-10-27 06:00:00,0.108,13.716,18.479999999729657,0.0,45.833333333480006,2.0,0.0,0.0,5.555555555555555,-30.30399999972966,66.21864794962829
2017-10-27 07:00:00,3.384,14.31,0.0,0.0,45.833333333480006,2.0,0.0,0.0,5.555555555555555,-15.694,59.8684686186772
2017-10-27 08:00:00,8.892,14.634,22.0,0.0,22.916666666740003,2.0,0.0,0.0,5.555555555555555,-43.525999999999996,53.594491439697514
2017-10-27 09:00:00,12.996,15.984,22.0,0.0,0.0,2.0,0.0,0.0,5.555555555555555,-48.980000000000004,47.395801986865585
2017-10-27 10:00:00,16.344,18.954,0.0,0.0,0.0,2.0,0.0,0.0,5.555555555555555,-33.298,41.27149680746764
2017-10-27 11:00:00,14.868,23.598,0.0,22.0,21.119999999999997,2.0,0.0,0.0,5.555555555555555,-14.466,35.220683290222475
2017-10-27 12:00:00,9.828,21.06,0.0,0.0,21.119999999999997,2.0,0.0,0.0,5.555555555555555,-28.887999999999998,29.242479535184245
2017-10-27 13:00:00,5.004,24.732,0.0,22.0,42.239999999999995,2.0,0.0,0.0,5.555555555555555,-5.735999999999999,23.336014225206476
2017-10-27 14:00:00,1.98,26.73,0.0,0.0,42.239999999999995,2.0,0.0,0.0,5.555555555555555,-26.71,17.500426498948443
2017-10-27 15:00:00,0.864,28.188,22.0,0.0,19.323333333259992,2.0,0.0,0.0,5.555555555555555,-49.052,11.734865825405505
2017-10-27 16:00:00,0.0,31.05,18.55039999987023,0.0,0.0,2.0,0.0,0.0,5.555555555555555,-47.600399999870234,6.038491879945083
2017-10-27 17:00:00,0.0,33.804,0.0,0.0,0.0,2.0,0.0,0.0,5.555555555555555,-31.804000000000002,0.41047442183018656
2017-10-27 18:00:00,0.0,34.722,0.0,0.0,0.0,2.0,5.1500068267873305,0.0,0.40554872876822434,-27.571993173212668,0.0
2017-10-27 19:00:00,0.0,33.696,0.0,0.0,0.0,2.0,5.555555555555555,0.0,0.0,-26.14044444444444,0.0
2017-10-27 20:00:00,0.0,33.48,0.0,0.0,0.0,2.0,5.555555555555555,0.0,0.0,-25.92444444444444,0.0
2017-10-27 21:00:00,0.0,37.152,0.0,0.0,0.0,2.0,5.555555555555555,0.0,0.0,-29.596444444444444,0.0
2017-10-27 22:00:00,0.0,40.284,0.0,0.0,0.0,2.0,5.555555555555555,0.0,0.0,-32.72844444444444,0.0
2017-10-27 23:00:00,0.0,42.39,0.0,0.0,0.0,2.0,5.555555555555555,0.0,0.0,-34.83444444444444,0.0
2017-10-28 00:00:00,0.0,0.0,0.0,3.66666666666667,3.520000000000003,2.0,5.555555555555555,0.0,0.0,11.222222222222225,0.0
2017-10-28 01:00:00,0.0,0.0,0.0,22.0,24.64,2.0,0.0,5.668934240362812,5.555555555555555,29.668934240362812,0.0
2017-10-28 02:00:00,0.0,0.0,0.0,22.0,45.76,2.0,5.555555555555555,24.0,0.0,53.55555555555556,23.52
2017-10-28 03:00:00,0.0,0.0,0.0,22.0,66.88,2.0,5.555555555555555,24.0,0.0,53.55555555555556,46.75776
2017-10-28 04:00:00,0.0,0.0,0.0,22.0,88.0,2.0,0.0,0.0,5.555555555555555,24.0,40.64111132444444
2017-10-28 05:00:00,0.0,0.0,18.47999999972965,0.0,68.75000000022001,2.0,0.0,0.0,5.555555555555555,-16.479999999729653,34.59786243299555
2017-10-28 06:00:00,0.0,0.0,22.0,0.0,45.833333333480006,2.0,0.0,0.0,5.555555555555555,-20.0,28.627132528244047
2017-10-28 07:00:00,0.18,44.496,22.0,0.0,22.916666666740003,2.0,0.0,0.0,5.555555555555555,-64.67600000000002,22.728051382349562
2017-10-28 08:00:00,0.792,0.0,22.0,0.0,0.0,2.0,0.0,0.0,5.555555555555555,-20.792,16.899759210205815
2017-10-28 09:00:00,1.404,0.0,0.0,0.0,0.0,2.0,0.0,0.0,5.555555555555555,0.5960000000000001,11.141406544127788
2017-10-28 10:00:00,0.0,0.0,16.895999999945925,22.0,3.520000000000003,2.0,0.0,0.0,5.555555555555555,7.1040000000540715,5.452154110042699
2017-10-28 11:00:00,0.0,0.0,0.0,22.0,24.64,2.0,0.3570318629350893,24.0,5.198523692620466,48.35703186293509,23.70820456810172
2017-10-28 12:00:00,0.0,0.0,0.0,22.0,45.76,2.0,5.555555555555555,24.0,0.0,53.55555555555556,46.9437061132845
2017-10-28 13:00:00,0.0,0.0,0.0,22.0,66.88,2.0,0.0,0.0,5.555555555555555,24.0,40.824826084369526
2017-10-28 14:00:00,0.0,0.0,0.0,22.0,88.0,2.0,0.0,0.0,5.555555555555555,24.0,34.779372615801535
2017-10-28 15:00:00,0.36,0.0,18.47999999972965,0.0,68.75000000022001,2.0,0.0,0.0,5.555555555555555,-16.839999999729653,28.806464588856358
2017-10-28 16:00:00,0.0,36.99,22.0,0.0,45.833333333480006,2.0,0.0,0.0,5.555555555555555,-56.99,22.905231458234528
2017-10-28 17:00:00,0.0,37.422,22.0,0.0,22.916666666740003,2.0,0.0,0.0,5.555555555555555,-57.422,17.074813125180157
2017-10-28 18:00:00,0.0,0.0,22.0,0.0,0.0,2.0,0.0,0.0,5.555555555555555,-20.0,11.314359812122438
2017-10-28 19:00:00,0.0,0.0,20.275199999935115,22.0,0.0,2.0,0.0,0.0,5.555555555555555,3.724800000064885,5.623031938821413
2017-10-28 20:00:00,0.0,0.0,20.275199999935115,22.0,0.0,2.0,0.0,0.0,5.555555555555555,3.724800000064885,0.0
2017-10-28 21:00:00,0.0,0.0,20.275199999935115,22.0,0.0,2.0,0.0,11.406721933037723,5.555555555555555,15.131521933102608,5.623031938821413
2017-10-28 22:00:00,0.0,0.0,20.275199999935115,22.0,0.0,2.0,0.0,0.0,5.555555555555555,3.724800000064885,0.0
2017-10-28 23:00:00,0.0,0.0,0.0,22.0,21.119999999999997,2.0,5.555555555555555,24.0,0.0,53.55555555555556,23.52
2017-10-29 00:00:00,0.0,0.0,0.0,22.0,42.239999999999995,2.0,5.555555555555555,24.0,0.0,53.55555555555556,46.75776
2017-10-29 01:00:00,0.0,0.0,0.0,22.0,63.35999999999999,2.0,5.555555555555555,24.0,0.0,53.55555555555556,69.71666687999999
2017-10-29 02:00:00,0.0,0.0,0.0,22.0,84.47999999999999,2.0,5.555555555555555,24.0,0.0,53.55555555555556,92.40006687743998
2017-10-29 03:00:00,0.0,0.0,16.895999999945925,22.0,88.0,2.0,0.0,14.555397429229435,5.555555555555555,21.65939742928351,100.0
2017-10-29 04:00:00,0.0,0.0,20.275199999935115,22.0,88.0,2.0,0.0,6.893424036281182,5.555555555555555,10.618224036346067,100.0
2017-10-29 05:00:00,0.0,0.0,20.275199999935115,22.0,88.0,2.0,0.0,6.893424036281182,5.555555555555555,10.618224036346067,100.0
2017-10-29 06:00:00,0.0,0.0,20.275199999935115,22.0,88.0,2.0,0.0,6.893424036281182,5.555555555555555,10.618224036346067,100.0
2017-10-29 07:00:00,2.34,0.0,0.0,0.0,88.0,2.0,0.0,0.0,5.555555555555555,-0.33999999999999986,93.24444444444444
2017-10-29 08:00:00,9.252,0.0,22.0,0.0,65.08333333326,2.0,0.0,0.0,5.555555555555555,-29.252000000000002,86.56995555555555
2017-10-29 09:00:00,15.84,32.994,22.0,0.0,42.16666666652,2.0,0.0,0.0,5.555555555555555,-68.834,79.97556053333332
2017-10-29 10:00:00,20.844,0.0,0.0,3.74305555570833,45.76,2.0,0.0,0.0,5.555555555555555,-15.10094444429167,73.46029825137776
2017-10-29 11:00:00,21.78,0.0,0.0,22.0,66.88,2.0,5.555555555555555,0.005494489196524098,0.0,7.781050044752082,72.58415927177383
2017-10-29 12:00:00,20.16,0.0,0.0,22.0,88.0,2.0,5.555555555555555,24.0,0.0,33.39555555555556,95.23314936051254
2017-10-29 13:00:00,16.236,0.0,0.0,0.0,88.0,2.0,0.0,0.0,5.555555555555555,-14.236,88.53479601263084
2017-10-29 14:00:00,9.828,0.0,0.0,0.0,88.0,2.0,0.0,0.0,5.555555555555555,-7.827999999999999,81.9168229049237
2017-10-29 15:00:00,3.312,29.538,18.47999999972965,0.0,68.75000000022001,2.0,0.0,0.0,5.555555555555555,-49.32999999972965,75.37826547450906
2017-10-29 16:00:00,0.0,29.916,22.0,0.0,45.833333333480006,2.0,0.0,0.0,5.555555555555555,-49.916,68.9181707332594
2017-10-29 17:00:00,0.0,29.754,22.0,0.0,22.916666666740003,2.0,0.0,0.0,5.555555555555555,-49.754000000000005,62.535597128904726
2017-10-29 18:00:00,0.0,30.186,22.0,0.0,0.0,2.0,0.0,0.0,5.555555555555555,-50.186,56.22961440780231
2017-10-29 19:00:00,0.0,28.998,0.0,0.0,0.0,2.0,0.0,0.0,5.555555555555555,-26.998,49.999303479353124
2017-10-29 20:00:00,0.0,27.486,0.0,0.0,0.0,2.0,0.0,0.0,5.555555555555555,-25.486,43.84375628204533
2017-10-29 21:00:00,0.0,25.92,0.0,0.0,0.0,2.0,0.0,0.0,5.555555555555555,-23.92,37.76207565110523
2017-10-29 22:00:00,0.0,0.0,0.0,22.0,21.119999999999997,2.0,5.555555555555555,24.0,0.0,53.55555555555556,60.82893074329196
2017-10-29 23:00:00,0.0,0.0,0.0,22.0,42.239999999999995,2.0,0.0,0.0,5.555555555555555,24.0,54.543428018816904
2017-10-30 00:00:00,0.0,0.0,0.0,22.0,63.35999999999999,2.0,5.555555555555555,24.0,0.0,53.55555555555556,77.4089068825911
2017-10-30 01:00:00,0.0,0.0,0.0,22.0,84.47999999999999,2.0,5.555555555555555,24.0,0.0,53.55555555555556,100.0
2017-10-30 02:00:00,0.0,16.848,16.895999999945925,0.0,66.88,2.0,0.0,0.0,5.555555555555555,-31.743999999945927,93.24444444444444
2017-10-30 03:00:00,0.0,16.308,0.0,22.0,88.0,2.0,5.555555555555555,8.035192743764174,0.0,21.282748299319728,100.0
2017-10-30 04:00:00,0.0,15.714,0.0,0.0,88.0,2.0,5.555555555555555,1.2244897959183703,0.0,-6.933954648526074,100.0
2017-10-30 05:00:00,0.0,15.012,0.0,0.0,88.0,2.0,0.0,0.0,5.555555555555555,-13.012,93.24444444444444
2017-10-30 06:00:00,0.108,14.742,22.0,0.0,65.08333333326,2.0,0.0,0.0,5.555555555555555,-34.85,86.56995555555555
2017-10-30 07:00:00,5.004,12.636,22.0,0.0,42.16666666652,2.0,0.0,0.0,5.555555555555555,-37.63999999999999,79.97556053333332
2017-10-30 08:00:00,12.456,10.314,0.0,0.0,42.16666666652,2.0,0.0,0.0,5.555555555555555,-20.77,73.46029825137776
2017-10-30 09:00:00,17.064,9.72,0.0,3.74305555570833,45.76,2.0,0.0,0.0,5.555555555555555,-21.040944444291668,67.02321911680568
2017-10-30 10:00:00,19.692,9.666,0.0,22.0,66.88,2.0,0.0,0.0,5.555555555555555,-5.3580000000000005,60.663384931848455
2017-10-30 11:00:00,19.872,10.53,0.0,22.0,88.0,2.0,0.0,0.0,5.555555555555555,-6.401999999999999,54.379868757110714
2017-10-30 12:00:00,16.848,13.23,0.0,0.0,88.0,2.0,0.0,0.0,5.555555555555555,-28.078,48.171754776469825
2017-10-30 13:00:00,11.7,11.718,0.0,0.0,88.0,2.0,0.0,0.0,5.555555555555555,-21.418,42.03813816359663
2017-10-30 14:00:00,6.192,11.286,0.0,0.0,88.0,2.0,0.0,0.0,5.555555555555555,-15.478,35.97812495007791
2017-10-30 15:00:00,1.368,12.204,0.0,0.0,88.0,2.0,0.0,0.0,5.555555555555555,-11.572000000000001,29.990831895121417
2017-10-30 16:00:00,0.0,12.96,22.0,0.0,65.08333333326,2.0,0.0,0.0,5.555555555555555,-32.96,24.075386356824403
2017-10-30 17:00:00,0.0,12.852,22.0,0.0,42.16666666652,2.0,0.0,0.0,5.555555555555555,-32.852000000000004,18.230926164986954
2017-10-30 18:00:00,0.0,11.124,22.0,0.0,19.249999999779998,2.0,0.0,0.0,5.555555555555555,-31.124000000000002,12.456599495451554
2017-10-30 19:00:00,0.0,8.748,18.47999999972966,0.0,0.0,2.0,0.0,0.0,5.555555555555555,-25.22799999972966,6.75156474595058
2017-10-30 20:00:00,0.0,7.992,0.0,0.0,0.0,2.0,0.0,0.0,5.555555555555555,-5.992,1.1149904134436168
2017-10-30 21:00:00,0.0,8.262,0.0,0.0,0.0,2.0,4.453945027073262,0.0,1.1016105284822935,-1.8080549729267377,0.0
2017-10-30 22:00:00,0.0,8.802,0.0,22.0,21.119999999999997,2.0,5.555555555555555,0.0,0.0,20.753555555555558,0.0
2017-10-30 23:00:00,0.0,9.45,0.0,3.66666666666667,24.64,2.0,5.555555555555555,0.058003721911048085,0.0,1.830225944133275,0.05684364747282712
2017-10-31 00:00:00,0.0,13.554,0.0,22.0,45.76,2.0,5.555555555555555,24.0,0.0,40.001555555555555,23.576161523703153
2017-10-31 01:00:00,0.0,12.258,0.0,22.0,66.88,2.0,5.555555555555555,24.0,0.0,41.29755555555556,46.81324758541872
2017-10-31 02:00:00,0.0,10.854,0.0,22.0,88.0,2.0,5.555555555555555,24.0,0.0,42.70155555555556,69.77148861439369
2017-10-31 03:00:00,0.0,11.232,0.0,0.0,88.0,2.0,5.555555555555555,24.0,0.0,20.323555555555558,92.45423075102096
2017-10-31 04:00:00,0.0,11.664,0.0,0.0,88.0,2.0,0.0,0.0,5.555555555555555,-9.664,85.78922442645315
2017-10-31 05:00:00,0.0,12.042,0.0,0.0,88.0,2.0,0.0,0.0,5.555555555555555,-10.042,79.20419817778016
2017-10-31 06:00:00,0.0,8.046,0.0,0.0,88.0,2.0,0.0,0.0,5.555555555555555,-6.045999999999999,72.69819224409123
2017-10-31 07:00:00,0.756,8.316,22.0,0.0,65.08333333326,2.0,0.0,0.0,5.555555555555555,-29.072000000000003,66.27025838160658
2017-10-31 08:00:00,2.196,9.072,0.0,0.0,65.08333333326,2.0,0.0,0.0,5.555555555555555,-9.267999999999999,59.91945972547175
2017-10-31 09:00:00,2.592,9.396,0.0,0.0,65.08333333326,2.0,0.0,0.0,5.555555555555555,-9.988000000000001,53.644870653210525
2017-10-31 10:00:00,2.988,9.936,18.55039999987024,0.0,45.76,2.0,0.0,0.0,5.555555555555555,-29.47439999987024,47.44557664981644
2017-10-31 11:00:00,2.52,11.448,0.0,0.0,45.76,2.0,0.0,0.0,5.555555555555555,-11.968,41.320674174463086
2017-10-31 12:00:00,2.232,12.42,0.0,22.0,66.88,2.0,5.555555555555555,0.0,0.0,14.903555555555556,40.824826084369526
2017-10-31 13:00:00,1.044,12.96,0.0,22.0,88.0,2.0,0.0,0.0,5.555555555555555,9.995999999999999,34.779372615801535
2017-10-31 14:00:00,0.504,12.312,0.0,0.0,88.0,2.0,0.0,0.0,5.555555555555555,-10.815999999999999,28.806464588856358
2017-10-31 15:00:00,0.072,10.152,18.47999999972965,0.0,68.75000000022001,2.0,0.0,0.0,5.555555555555555,-26.70399999972965,22.905231458234528
2017-10-31 16:00:00,0.0,9.072,22.0,0.0,45.833333333480006,2.0,0.0,0.0,5.555555555555555,-29.072,17.074813125180157
2017-10-31 17:00:00,0.0,8.802,22.0,0.0,22.916666666740003,2.0,0.0,0.0,5.555555555555555,-28.802,11.314359812122438
2017-10-31 18:00:00,0.0,7.074,22.0,0.0,0.0,2.0,0.0,0.0,5.555555555555555,-27.073999999999998,5.623031938821413
2017-10-31 19:00:00,0.0,6.912,0.0,0.0,0.0,2.0,0.0,0.0,5.555555555555555,-4.912,0.0
2017-10-31 20:00:00,0.0,6.48,0.0,0.0,0.0,2.0,5.555555555555555,0.0,0.0,1.075555555555555,0.0
2017-10-31 21:00:00,0.0,6.48,0.0,0.0,0.0,2.0,5.555555555555555,0.0,0.0,1.075555555555555,0.0
2017-10-31 22:00:00,0.0,6.858,0.0,0.0,0.0,2.0,5.555555555555555,0.0,0.0,0.6975555555555557,0.0
2017-10-31 23:00:00,0.0,8.37,0.0,3.66666666666667,3.520000000000003,2.0,5.555555555555555,0.0,0.0,2.8522222222222258,0.0
2017-11-01 00:00:00,0.0,9.72,0.0,22.0,24.64,2.0,5.555555555555555,24.0,0.0,43.83555555555556,23.52
2017-11-01 01:00:00,0.0,11.88,0.0,22.0,45.76,2.0,5.555555555555555,24.0,0.0,41.675555555555555,46.75776
2017-11-01 02:00:00,0.0,13.284,0.0,22.0,66.88,2.0,5.555555555555555,24.0,0.0,40.27155555555556,69.71666687999999
2017-11-01 03:00:00,0.0,14.526,0.0,22.0,88.0,2.0,0.0,0.0,5.555555555555555,9.474,63.32451132188443
2017-11-01 04:00:00,0.0,15.39,0.0,0.0,88.0,2.0,0.0,0.0,5.555555555555555,-13.39,57.009061630466256
2017-11-01 05:00:00,0.0,16.902,0.0,0.0,88.0,2.0,0.0,0.0,5.555555555555555,-14.902000000000001,50.769397335345104
2017-11-01 06:00:00,0.0,19.062,22.0,0.0,65.08333333326,2.0,0.0,0.0,5.555555555555555,-39.062,44.604609011765405
2017-11-01 07:00:00,0.252,21.924,22.0,0.0,42.16666666652,2.0,0.0,0.0,5.555555555555555,-42.176,38.51379814806866
2017-11-01 08:00:00,0.648,25.326,22.0,0.0,19.249999999779998,2.0,0.0,0.0,5.555555555555555,-45.974000000000004,32.49607701473628
2017-11-01 09:00:00,0.936,27.432,18.47999999972966,0.0,0.0,2.0,0.0,0.0,5.555555555555555,-44.84799999972966,26.550568535003883
2017-11-01 10:00:00,1.116,29.268,0.0,0.0,0.0,2.0,0.0,0.0,5.555555555555555,-28.384,20.676406157028282
2017-11-01 11:00:00,1.008,30.834,0.0,0.0,0.0,2.0,0.0,0.0,5.555555555555555,-29.842,14.872733727588388
2017-11-01 12:00:00,0.792,30.24,0.0,0.0,0.0,2.0,0.0,0.0,5.555555555555555,-29.032,9.138705367301771
2017-11-01 13:00:00,0.576,30.618,0.0,0.0,0.0,2.0,0.0,0.0,5.555555555555555,-29.194,3.4734853473385936
2017-11-01 14:00:00,0.252,29.052,0.0,0.0,0.0,2.0,2.1237520323850254,0.0,3.4318035231705304,-25.18024796761497,0.0
2017-11-01 15:00:00,0.0,29.484,0.0,0.0,0.0,2.0,5.555555555555555,0.0,0.0,-21.928444444444445,0.0
2017-11-01 16:00:00,0.0,30.564,0.0,0.0,0.0,2.0,5.555555555555555,0.0,0.0,-23.008444444444443,0.0
2017-11-01 17:00:00,0.0,31.914,0.0,0.0,0.0,2.0,5.555555555555555,0.0,0.0,-24.358444444444444,0.0
2017-11-01 18:00:00,0.0,26.244,0.0,0.0,0.0,2.0,5.555555555555555,0.0,0.0,-18.688444444444443,0.0
2017-11-01 19:00:00,0.0,29.322,0.0,0.0,0.0,2.0,5.555555555555555,0.0,0.0,-21.766444444444446,0.0
2017-11-01 20:00:00,0.0,32.616,0.0,0.0,0.0,2.0,5.555555555555555,0.0,0.0,-25.060444444444443,0.0
2017-11-01 21:00:00,0.0,34.776,0.0,0.0,0.0,2.0,5.555555555555555,0.0,0.0,-27.220444444444446,0.0
2017-11-01 22:00:00,0.0,35.694,0.0,3.66666666666667,3.520000000000003,2.0,5.555555555555555,13.975354921251485,0.0,-10.496422856526294,13.695847822826455
2017-11-01 23:00:00,0.0,34.722,0.0,0.0,3.520000000000003,2.0,0.0,0.0,5.555555555555555,-32.722,7.9759420933969825
2017-11-02 00:00:00,0.0,31.482,0.0,22.0,24.64,2.0,5.555555555555555,24.0,0.0,22.073555555555558,31.400230788276218
2017-11-02 01:00:00,0.0,31.374,0.0,22.0,45.76,2.0,5.555555555555555,24.0,0.0,22.18155555555556,54.543428018816904
2017-11-02 02:00:00,0.0,28.944,0.0,22.0,66.88,2.0,5.555555555555555,24.0,0.0,24.611555555555558,77.4089068825911
2017-11-02 03:00:00,0.0,25.596,0.0,22.0,88.0,2.0,5.555555555555555,24.0,0.0,27.959555555555557,100.0
2017-11-02 04:00:00,0.0,23.652,0.0,0.0,88.0,2.0,5.555555555555555,1.2244897959183703,0.0,-14.871954648526074,100.0
2017-11-02 05:00:00,0.0,23.22,22.0,0.0,65.08333333326,2.0,0.0,0.0,5.555555555555555,-43.22,93.24444444444444
2017-11-02 06:00:00,0.0,21.492,22.0,0.0,42.16666666652,2.0,0.0,0.0,5.555555555555555,-41.492000000000004,86.56995555555555
2017-11-02 07:00:00,0.54,21.924,0.0,0.0,42.16666666652,2.0,0.0,0.0,5.555555555555555,-20.464,79.97556053333332
2017-11-02 08:00:00,2.268,22.734,0.0,0.0,42.16666666652,2.0,0.0,0.0,5.555555555555555,-23.002000000000002,73.46029825137776
2017-11-02 09:00:00,3.996,22.086,0.0,0.0,42.16666666652,2.0,0.0,0.0,5.555555555555555,-24.081999999999997,67.02321911680568
2017-11-02 10:00:00,5.148,21.384,0.0,0.0,42.16666666652,2.0,0.0,0.0,5.555555555555555,-24.532,60.663384931848455
2017-11-02 11:00:00,5.616,19.98,0.0,22.0,63.28666666652,2.0,0.8260300473598341,0.0,4.729525508195721,-0.7699699526401673,55.20589880447055
2017-11-02 12:00:00,6.048,18.09,0.0,22.0,84.40666666652,2.0,5.555555555555555,0.0,0.0,5.417555555555557,54.543428018816904
2017-11-02 13:00:00,6.768,16.902,0.0,3.7430555557083376,88.0,2.0,5.555555555555555,24.0,0.0,11.628611111263893,77.4089068825911
2017-11-02 14:00:00,4.86,14.472,0.0,0.0,88.0,2.0,5.555555555555555,24.0,0.0,12.223555555555556,100.0
2017-11-02 15:00:00,0.756,12.42,0.0,0.0,88.0,2.0,5.555555555555555,1.2244897959183703,0.0,-4.395954648526073,100.0
2017-11-02 16:00:00,0.0,10.8,18.47999999972965,0.0,68.75000000022001,2.0,0.0,0.0,5.555555555555555,-27.279999999729654,93.24444444444444
2017-11-02 17:00:00,0.0,8.964,22.0,0.0,45.833333333480006,2.0,0.0,0.0,5.555555555555555,-28.964,86.56995555555555
2017-11-02 18:00:00,0.0,5.832,22.0,0.0,22.916666666740003,2.0,0.0,0.0,5.555555555555555,-25.832,79.97556053333332
2017-11-02 19:00:00,0.0,5.238,22.0,0.0,0.0,2.0,0.0,0.0,5.555555555555555,-25.238,73.46029825137776
2017-11-02 20:00:00,0.0,5.076,0.0,0.0,0.0,2.0,0.0,0.0,5.555555555555555,-3.0759999999999996,67.02321911680568
2017-11-02 21:00:00,0.0,5.562,0.0,3.66666666666667,3.520000000000003,2.0,0.0,0.0,5.555555555555555,0.10466666666666935,60.663384931848455
2017-11-02 22:00:00,0.0,6.102,0.0,22.0,24.64,2.0,0.0,0.0,5.555555555555555,17.898,54.379868757110714
2017-11-02 23:00:00,0.0,6.696,0.0,22.0,45.76,2.0,0.0,0.0,5.555555555555555,17.304000000000002,48.171754776469825
2017-11-03 00:00:00,0.0,7.56,0.0,22.0,66.88,2.0,0.0,0.0,5.555555555555555,16.44,42.03813816359663
2017-11-03 01:00:00,0.0,7.776,0.0,0.0,66.88,2.0,0.0,0.0,5.555555555555555,-5.776,35.97812495007791
2017-11-03 02:00:00,0.0,7.452,0.0,22.0,88.0,2.0,4.788540720680116,0.0,0.7670148348754395,21.33654072068012,34.779372615801535
2017-11-03 03:00:00,0.0,7.236,0.0,0.0,88.0,2.0,0.0,0.0,5.555555555555555,-5.236,28.806464588856358
2017-11-03 04:00:00,0.0,7.398,0.0,0.0,88.0,2.0,0.0,0.0,5.555555555555555,-5.398,22.905231458234528
2017-11-03 05:00:00,0.0,7.83,18.47999999972965,0.0,68.75000000022001,2.0,0.0,0.0,5.555555555555555,-24.309999999729655,17.074813125180157
2017-11-03 06:00:00,0.0,7.884,22.0,0.0,45.833333333480006,2.0,0.0,0.0,5.555555555555555,-27.884,11.314359812122438
2017-11-03 07:00:00,0.36,8.37,22.0,0.0,22.916666666740003,2.0,0.0,0.0,5.555555555555555,-28.729999999999997,5.623031938821413
2017-11-03 08:00:00,1.188,9.612,22.0,0.0,0.0,2.0,0.0,0.0,5.555555555555555,-30.8,0.0
2017-11-03 09:00:00,1.656,10.854,0.0,0.0,0.0,2.0,5.555555555555555,0.0,0.0,-4.9544444444444435,0.0
2017-11-03 10:00:00,2.268,11.934,0.0,0.0,0.0,2.0,5.555555555555555,0.0,0.0,-6.646444444444444,0.0
2017-11-03 11:00:00,2.772,12.906,0.0,22.0,21.119999999999997,2.0,5.555555555555555,5.737787692674911,0.0,19.615343248230467,5.623031938821413
2017-11-03 12:00:00,2.088,13.5,0.0,0.0,21.119999999999997,2.0,0.0,0.0,5.555555555555555,-13.588000000000001,0.0
2017-11-03 13:00:00,0.972,11.232,0.0,22.0,42.239999999999995,2.0,5.555555555555555,24.0,0.0,41.35155555555556,23.52
2017-11-03 14:00:00,0.36,11.178,0.0,0.0,42.239999999999995,2.0,5.2230270137900865,0.0,0.33252854176546975,-4.314972986209915,22.905231458234528
2017-11-03 15:00:00,0.0,12.906,0.0,0.0,42.239999999999995,2.0,0.0,0.0,5.555555555555555,-10.906,17.074813125180157
2017-11-03 16:00:00,0.0,15.012,22.0,0.0,19.323333333259992,2.0,0.0,0.0,5.555555555555555,-35.012,11.314359812122438
2017-11-03 17:00:00,0.0,16.254,18.55039999987023,0.0,0.0,2.0,0.0,0.0,5.555555555555555,-32.80439999987023,5.623031938821413
2017-11-03 18:00:00,0.0,14.85,0.0,0.0,0.0,2.0,0.0,0.0,5.555555555555555,-12.85,0.0
2017-11-03 19:00:00,0.0,13.986,0.0,0.0,0.0,2.0,5.555555555555555,0.0,0.0,-6.430444444444445,0.0
2017-11-03 20:00:00,0.0,15.66,0.0,0.0,0.0,2.0,5.555555555555555,0.0,0.0,-8.104444444444445,0.0
2017-11-03 21:00:00,0.0,17.01,0.0,0.0,0.0,2.0,5.555555555555555,0.0,0.0,-9.454444444444446,0.0
2017-11-03 22:00:00,0.0,18.576,0.0,0.0,0.0,2.0,5.555555555555555,0.0,0.0,-11.020444444444445,0.0
2017-11-03 23:00:00,0.0,19.062,0.0,0.0,0.0,2.0,5.555555555555555,0.0,0.0,-11.506444444444446,0.0
2017-11-04 00:00:00,0.0,17.334,0.0,22.0,21.119999999999997,2.0,5.555555555555555,0.0,0.0,12.221555555555558,0.0
2017-11-04 01:00:00,0.0,16.038,0.0,22.0,42.239999999999995,2.0,5.555555555555555,0.0,0.0,13.517555555555557,0.0
2017-11-04 02:00:00,0.0,13.824,0.0,22.0,63.35999999999999,2.0,5.555555555555555,0.0,0.0,15.731555555555557,0.0
2017-11-04 03:00:00,0.0,11.826,0.0,0.0,63.35999999999999,2.0,5.555555555555555,0.0,0.0,-4.270444444444445,0.0
2017-11-04 04:00:00,0.0,11.61,0.0,0.0,63.35999999999999,2.0,5.555555555555555,5.737787692674911,0.0,1.683343248230468,5.623031938821413
2017-11-04 05:00:00,0.0,13.068,0.0,0.0,63.35999999999999,2.0,0.0,0.0,5.555555555555555,-11.068,0.0
2017-11-04 06:00:00,0.0,12.42,0.0,0.0,63.35999999999999,2.0,5.555555555555555,0.0,0.0,-4.864444444444445,0.0
2017-11-04 07:00:00,0.612,14.958,0.0,0.0,63.35999999999999,2.0,5.555555555555555,0.0,0.0,-8.014444444444445,0.0
2017-11-04 08:00:00,1.98,17.01,0.0,0.0,63.35999999999999,2.0,5.555555555555555,0.0,0.0,-11.434444444444447,0.0
2017-11-04 09:00:00,2.664,18.9,0.0,0.0,63.35999999999999,2.0,5.555555555555555,0.0,0.0,-14.008444444444443,0.0
2017-11-04 10:00:00,3.708,20.736,0.0,0.0,63.35999999999999,2.0,5.555555555555555,0.0,0.0,-16.888444444444445,0.0
2017-11-04 11:00:00,3.168,21.114,0.0,0.0,63.35999999999999,2.0,5.555555555555555,0.0,0.0,-16.726444444444446,0.0
2017-11-04 12:00:00,2.268,15.444,0.0,0.0,63.35999999999999,2.0,5.555555555555555,0.0,0.0,-10.156444444444446,0.0
2017-11-04 13:00:00,2.628,15.93,0.0,0.0,63.35999999999999,2.0,5.555555555555555,0.0,0.0,-11.002444444444444,0.0
2017-11-04 14:00:00,1.98,17.388,0.0,0.0,63.35999999999999,2.0,5.555555555555555,0.0,0.0,-11.812444444444447,0.0
2017-11-04 15:00:00,0.0,19.494,16.825599999805345,0.0,45.833333333480006,2.0,5.555555555555555,0.0,0.0,-28.76404444424979,0.0
2017-11-04 16:00:00,0.0,22.14,22.0,0.0,22.916666666740003,2.0,5.555555555555555,0.0,0.0,-36.58444444444444,0.0
2017-11-04 17:00:00,0.0,24.354,22.0,0.0,0.0,2.0,5.555555555555555,0.0,0.0,-38.79844444444444,0.0
2017-11-04 18:00:00,0.0,19.278,0.0,0.0,0.0,2.0,5.555555555555555,0.0,0.0,-11.722444444444443,0.0
2017-11-04 19:00:00,0.0,19.008,0.0,0.0,0.0,2.0,5.555555555555555,0.0,0.0,-11.452444444444444,0.0
2017-11-04 20:00:00,0.0,19.386,0.0,0.0,0.0,2.0,5.555555555555555,0.0,0.0,-11.830444444444444,0.0
2017-11-04 21:00:00,0.0,21.708,0.0,0.0,0.0,2.0,5.555555555555555,0.0,0.0,-14.152444444444443,0.0
2017-11-04 22:00:00,0.0,23.112,0.0,0.0,0.0,2.0,5.555555555555555,0.0,0.0,-15.556444444444443,0.0
2017-11-04 23:00:00,0.0,21.276,0.0,22.0,21.119999999999997,2.0,5.555555555555555,24.0,0.0,32.27955555555556,23.52
2017-11-05 00:00:00,0.0,17.658,0.0,22.0,42.239999999999995,2.0,5.555555555555555,24.0,0.0,35.897555555555556,46.75776
2017-11-05 01:00:00,0.0,19.17,0.0,3.66666666666667,45.76,2.0,5.555555555555555,8.517103202874397,0.0,0.569325425096622,54.543428018816904
2017-11-05 02:00:00,0.0,21.06,0.0,22.0,66.88,2.0,5.555555555555555,24.0,0.0,32.495555555555555,77.4089068825911
2017-11-05 03:00:00,0.0,17.388,0.0,22.0,88.0,2.0,5.555555555555555,24.0,0.0,36.16755555555555,100.0
2017-11-05 04:00:00,0.0,15.768,0.0,0.0,88.0,2.0,5.555555555555555,1.2244897959183703,0.0,-6.987954648526074,100.0
2017-11-05 05:00:00,0.0,13.662,0.0,0.0,88.0,2.0,5.555555555555555,1.2244897959183703,0.0,-4.881954648526074,100.0
2017-11-05 06:00:00,0.0,9.342,0.0,0.0,88.0,2.0,0.0,0.0,5.555555555555555,-7.3420000000000005,93.24444444444444
2017-11-05 07:00:00,0.9,9.234,22.0,0.0,65.08333333326,2.0,0.0,0.0,5.555555555555555,-30.134,86.56995555555555
2017-11-05 08:00:00,3.456,8.964,22.0,0.0,42.16666666652,2.0,0.0,0.0,5.555555555555555,-32.42,79.97556053333332
2017-11-05 09:00:00,3.744,7.506,0.0,0.0,42.16666666652,2.0,0.0,0.0,5.555555555555555,-9.25,73.46029825137776
2017-11-05 10:00:00,3.852,6.804,0.0,0.0,42.16666666652,2.0,0.0,0.0,5.555555555555555,-8.656,67.02321911680568
2017-11-05 11:00:00,3.852,6.588,0.0,3.74305555570833,45.76,2.0,0.0,0.0,5.555555555555555,-4.696944444291669,60.663384931848455
2017-11-05 12:00:00,3.672,4.806,0.0,22.0,66.88,2.0,0.0,0.0,5.555555555555555,15.521999999999998,54.379868757110714
2017-11-05 13:00:00,2.88,4.536,0.0,22.0,88.0,2.0,0.0,0.0,5.555555555555555,16.584,48.171754776469825
2017-11-05 14:00:00,1.656,4.32,0.0,0.0,88.0,2.0,0.0,0.0,5.555555555555555,-3.976,42.03813816359663
2017-11-05 15:00:00,0.0,4.428,0.0,0.0,88.0,2.0,0.0,0.0,5.555555555555555,-2.428,35.97812495007791
2017-11-05 16:00:00,0.0,4.752,22.0,0.0,65.08333333326,2.0,0.0,0.0,5.555555555555555,-24.752,29.990831895121417
2017-11-05 17:00:00,0.0,5.076,22.0,0.0,42.16666666652,2.0,0.0,0.0,5.555555555555555,-25.076,24.075386356824403
2017-11-05 18:00:00,0.0,5.076,18.47999999972966,0.0,22.916666666740003,2.0,0.0,0.0,5.555555555555555,-21.55599999972966,18.230926164986954
2017-11-05 19:00:00,0.0,5.184,22.0,0.0,0.0,2.0,0.0,0.0,5.555555555555555,-25.184,12.456599495451554
2017-11-05 20:00:00,0.0,5.238,0.0,0.0,0.0,2.0,0.0,0.0,5.555555555555555,-3.2380000000000004,6.75156474595058
2017-11-05 21:00:00,0.0,6.048,0.0,0.0,0.0,2.0,0.0,0.0,5.555555555555555,-4.048,1.1149904134436168
2017-11-05 22:00:00,0.0,6.858,0.0,0.0,0.0,2.0,4.453945027073262,0.0,1.1016105284822935,-0.40405497292673687,0.0
2017-11-05 23:00:00,0.0,7.722,0.0,3.66666666666667,3.520000000000003,2.0,5.555555555555555,0.0,0.0,3.5002222222222246,0.0
2017-11-06 00:00:00,0.0,9.396,0.0,22.0,24.64,2.0,5.555555555555555,0.0,0.0,20.159555555555556,0.0
2017-11-06 01:00:00,0.0,11.34,0.0,22.0,45.76,2.0,5.555555555555555,24.0,0.0,42.215555555555554,23.52
2017-11-06 02:00:00,0.0,12.852,0.0,22.0,66.88,2.0,5.555555555555555,24.0,0.0,40.70355555555555,46.75776
2017-11-06 03:00:00,0.0,12.798,0.0,22.0,88.0,2.0,5.555555555555555,24.0,0.0,40.757555555555555,69.71666687999999
2017-11-06 04:00:00,0.0,12.42,0.0,0.0,88.0,2.0,5.555555555555555,12.094982693737895,0.0,7.230538249293451,80.73314991730312
2017-11-06 05:00:00,0.0,11.772,0.0,0.0,88.0,2.0,0.0,0.0,5.555555555555555,-9.772,74.20879656273993
2017-11-06 06:00:00,0.0,6.426,22.0,0.0,65.08333333326,2.0,0.0,0.0,5.555555555555555,-26.426000000000002,67.7627354484315
2017-11-06 07:00:00,2.736,6.696,16.82559999980536,0.0,47.55666666674,2.0,0.0,0.0,5.555555555555555,-24.25759999980536,61.39402706749476
2017-11-06 08:00:00,10.836,7.236,0.0,0.0,47.55666666674,2.0,0.0,0.0,5.555555555555555,-16.072,55.101743187129266
2017-11-06 09:00:00,16.56,8.208,22.0,0.0,24.64,2.0,0.0,0.0,5.555555555555555,-44.768,48.884966713328154
2017-11-06 10:00:00,19.548,8.64,0.0,22.0,45.76,2.0,0.0,0.0,5.555555555555555,-4.187999999999999,42.74279155721266
2017-11-06 11:00:00,20.16,8.046,0.0,22.0,66.88,2.0,5.555555555555555,24.0,0.0,25.349555555555558,65.74987805852611
2017-11-06 12:00:00,18.216,7.344,0.0,22.0,88.0,2.0,0.0,0.0,5.555555555555555,-1.5600000000000023,59.40532396626824
2017-11-06 13:00:00,13.932,5.508,0.0,0.0,88.0,2.0,0.0,0.0,5.555555555555555,-17.44,53.136904523117465
2017-11-06 14:00:00,6.876,3.942,0.0,0.0,88.0,2.0,0.0,0.0,5.555555555555555,-8.818000000000001,46.9437061132845
2017-11-06 15:00:00,0.0,2.484,18.47999999972965,0.0,68.75000000022001,2.0,0.0,0.0,5.555555555555555,-18.96399999972965,40.824826084369526
2017-11-06 16:00:00,0.0,1.728,22.0,0.0,45.833333333480006,2.0,0.0,0.0,5.555555555555555,-21.728,34.779372615801535
2017-11-06 17:00:00,0.0,1.566,22.0,0.0,22.916666666740003,2.0,0.0,0.0,5.555555555555555,-21.566,28.806464588856358
2017-11-06 18:00:00,0.0,1.674,22.0,0.0,0.0,2.0,0.0,0.0,5.555555555555555,-21.674,22.905231458234528
2017-11-06 19:00:00,0.0,1.998,0.0,0.0,0.0,2.0,0.0,0.0,5.555555555555555,0.0020000000000000018,17.074813125180157
2017-11-06 20:00:00,0.0,2.538,0.0,0.0,0.0,2.0,0.0,0.0,5.555555555555555,-0.5379999999999998,11.314359812122438
2017-11-06 21:00:00,0.0,2.808,0.0,0.0,0.0,2.0,0.0,0.0,5.555555555555555,-0.8079999999999998,5.623031938821413
2017-11-06 22:00:00,0.0,2.916,0.0,0.0,0.0,2.0,0.0,0.0,5.555555555555555,-0.9159999999999999,0.0
2017-11-06 23:00:00,0.0,2.862,0.0,3.66666666666667,3.520000000000003,2.0,5.555555555555555,0.0,0.0,8.360222222222225,0.0
2017-11-07 00:00:00,0.0,4.158,0.0,22.0,24.64,2.0,5.555555555555555,0.0,0.0,25.397555555555556,0.0
2017-11-07 01:00:00,0.0,4.212,0.0,22.0,45.76,2.0,5.555555555555555,0.0,0.0,25.343555555555557,0.0
2017-11-07 02:00:00,0.0,4.32,0.0,22.0,66.88,2.0,5.555555555555555,24.0,0.0,49.23555555555556,23.52
2017-11-07 03:00:00,0.0,4.86,0.0,22.0,88.0,2.0,5.555555555555555,18.45195323924805,0.0,43.147508794803606,41.320674174463086
2017-11-07 04:00:00,0.0,5.832,0.0,0.0,88.0,2.0,5.555555555555555,0.0,0.0,1.7235555555555555,40.824826084369526
2017-11-07 05:00:00,0.0,6.912,0.0,0.0,88.0,2.0,0.0,0.0,5.555555555555555,-4.912,34.779372615801535
2017-11-07 06:00:00,0.0,8.316,22.0,0.0,65.08333333326,2.0,0.0,0.0,5.555555555555555,-28.316000000000003,28.806464588856358
2017-11-07 07:00:00,2.124,8.91,22.0,0.0,42.16666666652,2.0,0.0,0.0,5.555555555555555,-31.034,22.905231458234528
2017-11-07 08:00:00,8.136,9.558,0.0,0.0,42.16666666652,2.0,0.0,0.0,5.555555555555555,-15.693999999999999,17.074813125180157
2017-11-07 09:00:00,12.6,10.26,0.0,0.0,42.16666666652,2.0,0.0,0.0,5.555555555555555,-20.86,11.314359812122438
2017-11-07 10:00:00,15.588,10.584,0.0,0.0,42.16666666652,2.0,0.0,0.0,5.555555555555555,-24.171999999999997,5.623031938821413
2017-11-07 11:00:00,16.704,9.882,0.0,0.0,42.16666666652,2.0,0.0,0.0,5.555555555555555,-24.586,0.0
2017-11-07 12:00:00,15.48,9.882,0.0,3.74305555570833,45.76,2.0,5.555555555555555,0.0,0.0,-14.063388888736114,0.0
2017-11-07 13:00:00,12.312,7.344,0.0,22.0,66.88,2.0,5.555555555555555,0.0,0.0,9.899555555555557,0.0
2017-11-07 14:00:00,6.228,6.534,0.0,22.0,88.0,2.0,5.555555555555555,23.372685161463806,0.0,40.16624071701936,22.905231458234528
2017-11-07 15:00:00,0.0,6.534,22.0,0.0,65.08333333326,2.0,0.0,0.0,5.555555555555555,-26.534,17.074813125180157
2017-11-07 16:00:00,0.0,6.696,22.0,0.0,42.16666666652,2.0,0.0,0.0,5.555555555555555,-26.695999999999998,11.314359812122438
2017-11-07 17:00:00,0.0,6.48,22.0,0.0,19.249999999779998,2.0,0.0,0.0,5.555555555555555,-26.48,5.623031938821413
2017-11-07 18:00:00,0.0,6.318,18.47999999972966,0.0,0.0,2.0,0.0,0.0,5.555555555555555,-22.79799999972966,0.0
2017-11-07 19:00:00,0.0,6.696,0.0,0.0,0.0,2.0,5.555555555555555,0.0,0.0,0.8595555555555556,0.0
2017-11-07 20:00:00,0.0,6.696,0.0,0.0,0.0,2.0,5.555555555555555,0.0,0.0,0.8595555555555556,0.0
2017-11-07 21:00:00,0.0,6.642,0.0,0.0,0.0,2.0,5.555555555555555,0.0,0.0,0.913555555555555,0.0
2017-11-07 22:00:00,0.0,6.804,0.0,22.0,21.119999999999997,2.0,5.555555555555555,24.0,0.0,46.751555555555555,23.52
2017-11-07 23:00:00,0.0,6.642,0.0,3.66666666666667,24.64,2.0,5.555555555555555,8.329051824771653,0.0,12.909274046993879,31.400230788276218
2017-11-08 00:00:00,0.0,6.642,0.0,22.0,45.76,2.0,5.555555555555555,24.0,0.0,46.913555555555554,54.543428018816904
2017-11-08 01:00:00,0.0,5.508,0.0,22.0,66.88,2.0,5.555555555555555,24.0,0.0,48.047555555555554,77.4089068825911
2017-11-08 02:00:00,0.0,4.266,0.0,22.0,88.0,2.0,5.555555555555555,24.0,0.0,49.28955555555556,100.0
2017-11-08 03:00:00,0.0,4.104,0.0,0.0,88.0,2.0,5.555555555555555,1.0669143609579306,0.0,4.518469916513486,99.84557607373877
2017-11-08 04:00:00,0.0,3.942,0.0,0.0,88.0,2.0,5.555555555555555,0.0,0.0,3.613555555555555,98.6474291608539
2017-11-08 05:00:00,0.0,3.618,0.0,0.0,88.0,2.0,0.0,0.0,5.555555555555555,-1.6179999999999999,91.9081044553681
2017-11-08 06:00:00,0.0,2.538,22.0,0.0,65.08333333326,2.0,0.0,0.0,5.555555555555555,-22.538,85.24965164634813
2017-11-08 07:00:00,0.72,1.89,22.0,0.0,42.16666666652,2.0,0.0,0.0,5.555555555555555,-22.61,78.6711002710364
2017-11-08 08:00:00,3.96,1.566,22.0,0.0,19.249999999779998,2.0,0.0,0.0,5.555555555555555,-25.526,72.1714915122284
2017-11-08 09:00:00,6.48,1.458,0.0,22.0,40.36999999977999,2.0,0.0,0.0,5.555555555555555,16.062,65.74987805852611
2017-11-08 10:00:00,7.848,1.35,0.0,0.0,40.36999999977999,2.0,0.0,0.0,5.555555555555555,-7.198,59.40532396626824
2017-11-08 11:00:00,7.2,1.188,0.0,7.562500000458358,47.630000000220015,2.0,0.0,0.0,5.555555555555555,1.1745000004583561,53.136904523117465
2017-11-08 12:00:00,5.76,1.08,0.0,0.0,47.630000000220015,2.0,0.0,0.0,5.555555555555555,-4.84,46.9437061132845
2017-11-08 13:00:00,3.96,0.864,0.0,0.0,47.630000000220015,2.0,0.0,0.0,5.555555555555555,-2.824,40.824826084369526
2017-11-08 14:00:00,1.44,0.864,0.0,22.0,68.75000000022001,2.0,0.0,0.0,5.555555555555555,21.695999999999998,34.779372615801535
2017-11-08 15:00:00,0.0,0.972,22.0,0.0,45.833333333480006,2.0,0.0,0.0,5.555555555555555,-20.972,28.806464588856358
2017-11-08 16:00:00,0.0,1.026,22.0,0.0,22.916666666740003,2.0,0.0,0.0,5.555555555555555,-21.026,22.905231458234528
2017-11-08 17:00:00,0.0,1.026,0.0,0.0,22.916666666740003,2.0,0.0,0.0,5.555555555555555,0.974,17.074813125180157
2017-11-08 18:00:00,0.0,0.972,22.0,0.0,0.0,2.0,0.0,0.0,5.555555555555555,-20.972,11.314359812122438
2017-11-08 19:00:00,0.0,1.296,0.0,0.0,0.0,2.0,0.0,0.0,5.555555555555555,0.704,5.623031938821413
2017-11-08 20:00:00,0.0,1.782,0.0,0.0,0.0,2.0,0.0,0.0,5.555555555555555,0.21799999999999997,0.0
2017-11-08 21:00:00,0.0,2.052,0.0,0.0,0.0,2.0,5.555555555555555,0.0,0.0,5.503555555555556,0.0
2017-11-08 22:00:00,0.0,2.538,0.0,22.0,21.119999999999997,2.0,5.555555555555555,11.545265114410652,0.0,38.562820669966214,11.314359812122438
2017-11-08 23:00:00,0.0,3.348,20.275199999935115,0.0,0.0,2.0,0.0,0.0,5.555555555555555,-21.623199999935114,5.623031938821413
2017-11-09 00:00:00,0.0,5.886,0.0,0.0,0.0,2.0,0.0,0.0,5.555555555555555,-3.886,0.0
2017-11-09 01:00:00,0.0,7.776,0.0,0.0,0.0,2.0,5.555555555555555,0.0,0.0,-0.22044444444444444,0.0
2017-11-09 02:00:00,0.0,10.368,0.0,22.0,21.119999999999997,2.0,5.555555555555555,0.0,0.0,19.187555555555555,0.0
2017-11-09 03:00:00,0.0,13.338,0.0,22.0,42.239999999999995,2.0,5.555555555555555,17.634897468788893,0.0,33.85245302434445,17.282199519413115
2017-11-09 04:00:00,0.0,17.388,0.0,0.0,42.239999999999995,2.0,5.555555555555555,0.0,0.0,-9.832444444444446,17.074813125180157
2017-11-09 05:00:00,0.0,20.844,0.0,0.0,42.239999999999995,2.0,0.0,0.0,5.555555555555555,-18.844,11.314359812122438
2017-11-09 06:00:00,0.0,24.732,18.55039999987023,0.0,22.916666666740003,2.0,0.0,0.0,5.555555555555555,-41.28239999987023,5.623031938821413
2017-11-09 07:00:00,0.216,29.052,22.0,0.0,0.0,2.0,0.0,0.0,5.555555555555555,-49.268,0.0
2017-11-09 08:00:00,0.612,33.318,0.0,0.0,0.0,2.0,5.555555555555555,0.0,0.0,-26.37444444444444,0.0
2017-11-09 09:00:00,0.972,36.288,0.0,0.0,0.0,2.0,5.555555555555555,0.0,0.0,-29.70444444444444,0.0
2017-11-09 10:00:00,1.62,38.448,0.0,0.0,0.0,2.0,5.555555555555555,0.0,0.0,-32.51244444444444,0.0
2017-11-09 11:00:00,1.836,37.476,0.0,0.0,0.0,2.0,5.555555555555555,0.0,0.0,-31.75644444444444,0.0
2017-11-09 12:00:00,0.684,32.616,0.0,0.0,0.0,2.0,5.555555555555555,0.0,0.0,-25.744444444444444,0.0
2017-11-09 13:00:00,0.396,25.056,0.0,0.0,0.0,2.0,5.555555555555555,0.0,0.0,-17.896444444444448,0.0
2017-11-09 14:00:00,0.504,19.548,0.0,0.0,0.0,2.0,5.555555555555555,0.0,0.0,-12.496444444444442,0.0
2017-11-09 15:00:00,0.0,18.144,0.0,0.0,0.0,2.0,5.555555555555555,0.0,0.0,-10.588444444444443,0.0
2017-11-09 16:00:00,0.0,18.63,0.0,0.0,0.0,2.0,5.555555555555555,0.0,0.0,-11.074444444444444,0.0
2017-11-09 17:00:00,0.0,19.548,0.0,0.0,0.0,2.0,5.555555555555555,0.0,0.0,-11.992444444444443,0.0
2017-11-09 18:00:00,0.0,20.682,0.0,0.0,0.0,2.0,5.555555555555555,0.0,0.0,-13.126444444444443,0.0
2017-11-09 19:00:00,0.0,19.386,0.0,0.0,0.0,2.0,5.555555555555555,0.0,0.0,-11.830444444444444,0.0
2017-11-09 20:00:00,0.0,19.332,0.0,0.0,0.0,2.0,5.555555555555555,0.0,0.0,-11.776444444444445,0.0
2017-11-09 21:00:00,0.0,18.846,0.0,0.0,0.0,2.0,5.555555555555555,0.0,0.0,-11.290444444444445,0.0
2017-11-09 22:00:00,0.0,17.874,0.0,22.0,21.119999999999997,2.0,5.555555555555555,0.0,0.0,11.681555555555558,0.0
2017-11-09 23:00:00,0.0,15.714,0.0,22.0,42.239999999999995,2.0,5.555555555555555,0.0,0.0,13.841555555555557,0.0
2017-11-10 00:00:00,0.0,20.952,0.0,22.0,63.35999999999999,2.0,5.555555555555555,24.0,0.0,32.60355555555556,23.52
2017-11-10 01:00:00,0.0,21.114,0.0,22.0,84.47999999999999,2.0,5.555555555555555,24.0,0.0,32.44155555555555,46.75776
2017-11-10 02:00:00,0.0,22.302,0.0,3.6666666666666776,88.0,2.0,5.555555555555555,1.344087453363324,0.0,-9.735690324414444,47.51387258429605
2017-11-10 03:00:00,0.0,25.488,0.0,0.0,88.0,2.0,5.555555555555555,0.0,0.0,-17.932444444444442,46.9437061132845
2017-11-10 04:00:00,0.0,28.35,0.0,0.0,88.0,2.0,0.0,0.0,5.555555555555555,-26.35,40.824826084369526
2017-11-10 05:00:00,0.0,30.348,0.0,0.0,88.0,2.0,0.0,0.0,5.555555555555555,-28.348,34.779372615801535
2017-11-10 06:00:00,0.0,25.272,22.0,0.0,65.08333333326,2.0,0.0,0.0,5.555555555555555,-45.272,28.806464588856358
2017-11-10 07:00:00,0.288,28.62,22.0,0.0,42.16666666652,2.0,0.0,0.0,5.555555555555555,-48.908,22.905231458234528
2017-11-10 08:00:00,0.828,31.698,22.0,0.0,19.249999999779998,2.0,0.0,0.0,5.555555555555555,-52.526,17.074813125180157
2017-11-10 09:00:00,1.044,33.372,18.47999999972966,0.0,0.0,2.0,0.0,0.0,5.555555555555555,-50.89599999972965,11.314359812122438
2017-11-10 10:00:00,1.116,34.398,0.0,0.0,0.0,2.0,0.0,0.0,5.555555555555555,-33.514,5.623031938821413
2017-11-10 11:00:00,2.34,35.424,0.0,0.0,0.0,2.0,0.0,0.0,5.555555555555555,-35.763999999999996,0.0
2017-11-10 12:00:00,5.364,32.886,0.0,0.0,0.0,2.0,5.555555555555555,0.0,0.0,-30.694444444444446,0.0
2017-11-10 13:00:00,3.348,33.264,0.0,0.0,0.0,2.0,5.555555555555555,0.0,0.0,-29.056444444444445,0.0
2017-11-10 14:00:00,2.16,34.398,0.0,0.0,0.0,2.0,5.555555555555555,0.0,0.0,-29.002444444444446,0.0
2017-11-10 15:00:00,0.0,36.396,0.0,0.0,0.0,2.0,5.555555555555555,0.0,0.0,-28.840444444444444,0.0
2017-11-10 16:00:00,0.0,39.096,0.0,0.0,0.0,2.0,5.555555555555555,0.0,0.0,-31.54044444444444,0.0
2017-11-10 17:00:00,0.0,40.878,0.0,0.0,0.0,2.0,5.555555555555555,0.0,0.0,-33.32244444444444,0.0
2017-11-10 18:00:00,0.0,41.904,0.0,0.0,0.0,2.0,5.555555555555555,0.0,0.0,-34.348444444444446,0.0
2017-11-10 19:00:00,0.0,41.796,0.0,0.0,0.0,2.0,5.555555555555555,0.0,0.0,-34.24044444444444,0.0
2017-11-10 20:00:00,0.0,39.96,0.0,0.0,0.0,2.0,5.555555555555555,0.0,0.0,-32.404444444444444,0.0
2017-11-10 21:00:00,0.0,39.258,0.0,0.0,0.0,2.0,5.555555555555555,0.0,0.0,-31.702444444444446,0.0
2017-11-10 22:00:00,0.0,38.34,0.0,0.0,0.0,2.0,5.555555555555555,0.0,0.0,-30.784444444444446,0.0
2017-11-10 23:00:00,0.0,37.53,0.0,22.0,21.119999999999997,2.0,5.555555555555555,22.111391509236277,0.0,14.136947064791833,21.66916367905155
2017-11-11 00:00:00,0.0,35.964,0.0,22.0,42.239999999999995,2.0,5.555555555555555,24.0,0.0,17.59155555555556,44.92913371490293
2017-11-11 01:00:00,0.0,0.0,0.0,22.0,63.35999999999999,2.0,5.555555555555555,24.0,0.0,53.55555555555556,67.9099841103241
2017-11-11 02:00:00,0.0,34.128,0.0,22.0,84.47999999999999,2.0,5.555555555555555,24.0,0.0,19.427555555555557,90.6150643010002
2017-11-11 03:00:00,0.0,31.752,0.0,3.6666666666666776,88.0,2.0,0.0,0.0,5.555555555555555,-26.08533333333332,83.97212797383264
2017-11-11 04:00:00,0.0,29.862,20.275199999935122,0.0,66.88,2.0,0.0,0.0,5.555555555555555,-48.13719999993512,77.4089068825911
2017-11-11 05:00:00,0.0,27.972,0.0,22.0,88.0,2.0,5.555555555555555,24.0,0.0,25.583555555555556,100.0
2017-11-11 06:00:00,0.0,21.978,0.0,0.0,88.0,2.0,5.4029847164094615,0.0,0.15257083914609382,-14.575015283590538,98.6474291608539
2017-11-11 07:00:00,0.972,21.762,0.0,0.0,88.0,2.0,0.0,0.0,5.555555555555555,-20.734,91.9081044553681
2017-11-11 08:00:00,7.02,22.734,22.0,0.0,65.08333333326,2.0,0.0,0.0,5.555555555555555,-49.754000000000005,85.24965164634813
2017-11-11 09:00:00,13.248,24.354,0.0,0.0,65.08333333326,2.0,0.0,0.0,5.555555555555555,-35.602,78.6711002710364
2017-11-11 10:00:00,17.1,26.136,0.0,22.0,86.20333333325999,2.0,0.0,0.0,5.555555555555555,-19.236,72.1714915122284
2017-11-11 11:00:00,18.576,27.432,0.0,1.8715277778541761,88.0,2.0,0.0,0.0,5.555555555555555,-42.13647222214583,65.74987805852611
2017-11-11 12:00:00,16.992,26.892,0.0,0.0,88.0,2.0,0.0,0.0,5.555555555555555,-41.884,59.40532396626824
2017-11-11 13:00:00,12.744,26.406,0.0,0.0,88.0,2.0,0.0,0.0,5.555555555555555,-37.15,53.136904523117465
2017-11-11 14:00:00,5.724,26.676,0.0,0.0,88.0,2.0,0.0,0.0,5.555555555555555,-30.4,46.9437061132845
2017-11-11 15:00:00,0.0,27.432,22.0,0.0,65.08333333326,2.0,0.0,0.0,5.555555555555555,-47.432,40.824826084369526
2017-11-11 16:00:00,0.0,28.188,22.0,0.0,42.16666666652,2.0,0.0,0.0,5.555555555555555,-48.188,34.779372615801535
2017-11-11 17:00:00,0.0,28.512,22.0,0.0,19.249999999779998,2.0,0.0,0.0,5.555555555555555,-48.512,28.806464588856358
2017-11-11 18:00:00,0.0,23.868,18.47999999972966,0.0,0.0,2.0,0.0,0.0,5.555555555555555,-40.34799999972966,22.905231458234528
2017-11-11 19:00:00,0.0,25.974,0.0,0.0,0.0,2.0,0.0,0.0,5.555555555555555,-23.974,17.074813125180157
2017-11-11 20:00:00,0.0,27.594,0.0,0.0,0.0,2.0,0.0,0.0,5.555555555555555,-25.594,11.314359812122438
2017-11-11 21:00:00,0.0,28.836,0.0,0.0,0.0,2.0,0.0,0.0,5.555555555555555,-26.836,5.623031938821413
2017-11-11 22:00:00,0.0,29.808,0.0,0.0,0.0,2.0,0.0,0.0,5.555555555555555,-27.808,0.0
2017-11-11 23:00:00,0.0,30.51,0.0,22.0,21.119999999999997,2.0,5.555555555555555,24.0,0.0,23.045555555555556,23.52
2017-11-12 00:00:00,0.0,32.616,0.0,3.66666666666667,24.64,2.0,5.555555555555555,8.329051824771653,0.0,-13.064725953006121,31.400230788276218
2017-11-12 01:00:00,0.0,31.752,0.0,22.0,45.76,2.0,5.555555555555555,24.0,0.0,21.80355555555556,54.543428018816904
2017-11-12 02:00:00,0.0,28.944,0.0,22.0,66.88,2.0,5.555555555555555,24.0,0.0,24.611555555555558,77.4089068825911
2017-11-12 03:00:00,0.0,23.328,0.0,22.0,88.0,2.0,5.555555555555555,24.0,0.0,30.227555555555558,100.0
2017-11-12 04:00:00,0.0,18.468,0.0,0.0,88.0,2.0,5.555555555555555,1.2244897959183703,0.0,-9.687954648526073,100.0
2017-11-12 05:00:00,0.0,14.31,0.0,0.0,88.0,2.0,5.555555555555555,1.2244897959183703,0.0,-5.529954648526074,100.0
2017-11-12 06:00:00,0.0,10.8,0.0,0.0,88.0,2.0,0.0,0.0,5.555555555555555,-8.8,93.24444444444444
2017-11-12 07:00:00,0.504,8.424,0.0,0.0,88.0,2.0,0.0,0.0,5.555555555555555,-6.927999999999999,86.56995555555555
2017-11-12 08:00:00,3.276,7.074,0.0,0.0,88.0,2.0,0.0,0.0,5.555555555555555,-8.35,79.97556053333332
2017-11-12 09:00:00,6.588,6.48,0.0,0.0,88.0,2.0,0.0,0.0,5.555555555555555,-11.068000000000001,73.46029825137776
2017-11-12 10:00:00,9.828,6.21,0.0,0.0,88.0,2.0,0.0,0.0,5.555555555555555,-14.038,67.02321911680568
2017-11-12 11:00:00,11.736,5.562,0.0,0.0,88.0,2.0,0.0,0.0,5.555555555555555,-15.298000000000002,60.663384931848455
2017-11-12 12:00:00,11.16,5.184,20.275199999935122,0.0,66.88,2.0,0.0,0.0,5.555555555555555,-34.61919999993512,54.379868757110714
2017-11-12 13:00:00,7.992,3.888,0.0,0.0,66.88,2.0,0.0,0.0,5.555555555555555,-9.879999999999999,48.171754776469825
2017-11-12 14:00:00,3.492,3.078,0.0,22.0,88.0,2.0,0.0,0.0,5.555555555555555,17.43,42.03813816359663
2017-11-12 15:00:00,0.0,2.646,22.0,0.0,65.08333333326,2.0,0.0,0.0,5.555555555555555,-22.646,35.97812495007791
2017-11-12 16:00:00,0.0,2.538,22.0,0.0,42.16666666652,2.0,0.0,0.0,5.555555555555555,-22.538,29.990831895121417
2017-11-12 17:00:00,0.0,2.646,22.0,0.0,19.249999999779998,2.0,0.0,0.0,5.555555555555555,-22.646,24.075386356824403
2017-11-12 18:00:00,0.0,3.888,18.47999999972966,0.0,0.0,2.0,0.0,0.0,5.555555555555555,-20.367999999729662,18.230926164986954
2017-11-12 19:00:00,0.0,4.374,0.0,0.0,0.0,2.0,0.0,0.0,5.555555555555555,-2.3739999999999997,12.456599495451554
2017-11-12 20:00:00,0.0,4.32,0.0,0.0,0.0,2.0,0.0,0.0,5.555555555555555,-2.3200000000000003,6.75156474595058
2017-11-12 21:00:00,0.0,3.834,0.0,0.0,0.0,2.0,0.0,0.0,5.555555555555555,-1.834,1.1149904134436168
2017-11-12 22:00:00,0.0,3.78,0.0,22.0,21.119999999999997,2.0,4.453945027073262,0.0,1.1016105284822935,24.673945027073263,0.0
2017-11-12 23:00:00,0.0,4.05,0.0,0.0,21.119999999999997,2.0,5.555555555555555,0.0,0.0,3.5055555555555555,0.0
2017-11-13 00:00:00,0.0,4.968,0.0,22.0,42.239999999999995,2.0,5.555555555555555,6.690257557429382,0.0,31.27781311298494,6.556452406280794
2017-11-13 01:00:00,0.0,5.832,0.0,22.0,63.35999999999999,2.0,5.555555555555555,24.0,0.0,47.723555555555556,29.997774977405424
2017-11-13 02:00:00,0.0,6.48,0.0,22.0,84.47999999999999,2.0,5.555555555555555,24.0,0.0,47.07555555555555,53.15780167767656
2017-11-13 03:00:00,0.0,6.75,0.0,3.6666666666666776,88.0,2.0,5.555555555555555,24.0,0.0,28.472222222222236,76.03990805754444
2017-11-13 04:00:00,0.0,7.074,0.0,0.0,88.0,2.0,5.555555555555555,24.0,0.0,24.48155555555556,98.6474291608539
2017-11-13 05:00:00,0.0,7.29,0.0,0.0,88.0,2.0,0.0,0.0,5.555555555555555,-5.29,91.9081044553681
2017-11-13 06:00:00,0.0,5.454,0.0,0.0,88.0,2.0,0.0,0.0,5.555555555555555,-3.4539999999999997,85.24965164634813
2017-11-13 07:00:00,1.044,5.13,22.0,0.0,65.08333333326,2.0,0.0,0.0,5.555555555555555,-26.174,78.6711002710364
2017-11-13 08:00:00,7.704,5.4,0.0,1.8715277778541615,66.88,2.0,0.0,0.0,5.555555555555555,-9.232472222145839,72.1714915122284
2017-11-13 09:00:00,12.96,5.022,0.0,0.0,66.88,2.0,0.0,0.0,5.555555555555555,-15.982000000000001,65.74987805852611
2017-11-13 10:00:00,16.74,4.428,0.0,0.0,66.88,2.0,0.0,0.0,5.555555555555555,-19.168,59.40532396626824
2017-11-13 11:00:00,17.712,3.402,0.0,22.0,88.0,2.0,0.0,0.0,5.555555555555555,2.8859999999999992,53.136904523117465
2017-11-13 12:00:00,16.164,2.268,0.0,0.0,88.0,2.0,0.0,0.0,5.555555555555555,-16.432000000000002,46.9437061132845
2017-11-13 13:00:00,11.7,1.782,16.755199999664775,0.0,70.54666666696001,2.0,0.0,0.0,5.555555555555555,-28.237199999664774,40.824826084369526
2017-11-13 14:00:00,4.752,1.89,0.0,0.0,70.54666666696001,2.0,0.0,0.0,5.555555555555555,-4.6419999999999995,34.779372615801535
2017-11-13 15:00:00,0.0,2.754,22.0,0.0,47.63000000022001,2.0,0.0,0.0,5.555555555555555,-22.754,28.806464588856358
2017-11-13 16:00:00,0.0,3.942,22.0,0.0,24.71333333348001,2.0,0.0,0.0,5.555555555555555,-23.942,22.905231458234528
2017-11-13 17:00:00,0.0,4.59,22.0,0.0,1.7966666667400055,2.0,0.0,0.0,5.555555555555555,-24.59,17.074813125180157
2017-11-13 18:00:00,0.0,3.348,0.0,22.0,22.916666666740003,2.0,0.0,0.0,5.555555555555555,20.652,11.314359812122438
2017-11-13 19:00:00,0.0,3.132,22.0,0.0,0.0,2.0,0.0,0.0,5.555555555555555,-23.132,5.623031938821413
2017-11-13 20:00:00,0.0,3.24,0.0,0.0,0.0,2.0,0.0,0.0,5.555555555555555,-1.2400000000000002,0.0
2017-11-13 21:00:00,0.0,3.888,0.0,0.0,0.0,2.0,5.555555555555555,0.0,0.0,3.6675555555555555,0.0
2017-11-13 22:00:00,0.0,4.59,0.0,22.0,21.119999999999997,2.0,5.555555555555555,0.0,0.0,24.965555555555557,0.0
2017-11-13 23:00:00,0.0,5.13,0.0,0.0,21.119999999999997,2.0,5.555555555555555,0.0,0.0,2.4255555555555555,0.0
2017-11-14 00:00:00,0.0,5.832,0.0,0.0,21.119999999999997,2.0,5.555555555555555,0.0,0.0,1.7235555555555555,0.0
2017-11-14 01:00:00,0.0,6.804,0.0,22.0,42.239999999999995,2.0,5.555555555555555,0.0,0.0,22.751555555555555,0.0
2017-11-14 02:00:00,0.0,10.044,0.0,22.0,63.35999999999999,2.0,5.555555555555555,0.0,0.0,19.511555555555557,0.0
2017-11-14 03:00:00,0.0,14.094,0.0,22.0,84.47999999999999,2.0,5.555555555555555,23.656563928607092,0.0,39.11811948416265,23.18343265003495
2017-11-14 04:00:00,0.0,17.928,0.0,0.0,84.47999999999999,2.0,5.555555555555555,0.0,0.0,-10.372444444444445,22.905231458234528
2017-11-14 05:00:00,0.0,21.384,0.0,0.0,84.47999999999999,2.0,0.0,0.0,5.555555555555555,-19.384,17.074813125180157
2017-11-14 06:00:00,0.0,22.032,22.0,0.0,61.56333333325999,2.0,0.0,0.0,5.555555555555555,-42.032,11.314359812122438
2017-11-14 07:00:00,0.072,27.864,22.0,0.0,38.64666666651999,2.0,0.0,0.0,5.555555555555555,-47.93600000000001,5.623031938821413
2017-11-14 08:00:00,0.252,30.186,22.0,0.0,15.729999999779988,2.0,0.0,0.0,5.555555555555555,-50.438,0.0
2017-11-14 09:00:00,0.396,28.35,0.0,0.0,15.729999999779988,2.0,5.555555555555555,0.0,0.0,-21.190444444444445,0.0
2017-11-14 10:00:00,0.54,29.808,0.0,0.0,15.729999999779988,2.0,5.555555555555555,0.0,0.0,-22.792444444444442,0.0
2017-11-14 11:00:00,1.008,29.97,0.0,0.0,15.729999999779988,2.0,5.555555555555555,0.0,0.0,-23.42244444444444,0.0
2017-11-14 12:00:00,1.872,33.696,0.0,0.0,15.729999999779988,2.0,5.555555555555555,0.0,0.0,-28.01244444444444,0.0
2017-11-14 13:00:00,3.024,29.7,0.0,0.0,15.729999999779988,2.0,5.555555555555555,0.0,0.0,-25.168444444444447,0.0
2017-11-14 14:00:00,1.98,25.866,0.0,0.0,15.729999999779988,2.0,5.555555555555555,0.0,0.0,-20.290444444444443,0.0
2017-11-14 15:00:00,0.0,22.95,0.0,0.0,15.729999999779988,2.0,5.555555555555555,0.0,0.0,-15.394444444444444,0.0
2017-11-14 16:00:00,0.0,20.196,15.100799999740465,0.0,0.0,2.0,5.555555555555555,0.0,0.0,-27.74124444418491,0.0
2017-11-14 17:00:00,0.0,17.874,0.0,0.0,0.0,2.0,5.555555555555555,0.0,0.0,-10.318444444444443,0.0
2017-11-14 18:00:00,0.0,12.204,0.0,0.0,0.0,2.0,5.555555555555555,0.0,0.0,-4.648444444444445,0.0
2017-11-14 19:00:00,0.0,12.636,0.0,0.0,0.0,2.0,5.555555555555555,0.0,0.0,-5.080444444444444,0.0
2017-11-14 20:00:00,0.0,12.15,0.0,0.0,0.0,2.0,5.555555555555555,0.0,0.0,-4.594444444444445,0.0
2017-11-14 21:00:00,0.0,10.098,0.0,0.0,0.0,2.0,5.555555555555555,0.0,0.0,-2.5424444444444454,0.0
2017-11-14 22:00:00,0.0,8.532,0.0,3.66666666666667,3.520000000000003,2.0,5.555555555555555,0.0,0.0,2.690222222222225,0.0
2017-11-14 23:00:00,0.0,7.722,0.0,0.0,3.520000000000003,2.0,5.555555555555555,0.0,0.0,-0.16644444444444506,0.0
2017-11-15 00:00:00,0.0,10.962,0.0,22.0,24.64,2.0,5.555555555555555,0.0,0.0,18.593555555555557,0.0
2017-11-15 01:00:00,0.0,11.286,0.0,22.0,45.76,2.0,5.555555555555555,0.0,0.0,18.269555555555556,0.0
2017-11-15 02:00:00,0.0,11.178,0.0,22.0,66.88,2.0,5.555555555555555,0.0,0.0,18.377555555555556,0.0
2017-11-15 03:00:00,0.0,9.504,0.0,22.0,88.0,2.0,5.555555555555555,17.634897468788893,0.0,37.68645302434445,17.282199519413115
2017-11-15 04:00:00,0.0,8.586,0.0,0.0,88.0,2.0,5.555555555555555,0.0,0.0,-1.030444444444445,17.074813125180157
2017-11-15 05:00:00,0.0,8.316,0.0,0.0,88.0,2.0,0.0,0.0,5.555555555555555,-6.316000000000001,11.314359812122438
2017-11-15 06:00:00,0.0,8.1,0.0,0.0,88.0,2.0,0.0,0.0,5.555555555555555,-6.1,5.623031938821413
2017-11-15 07:00:00,0.252,8.262,0.0,0.0,88.0,2.0,0.0,0.0,5.555555555555555,-6.514,0.0
2017-11-15 08:00:00,1.8,8.532,0.0,0.0,88.0,2.0,5.555555555555555,0.0,0.0,-2.7764444444444445,0.0
2017-11-15 09:00:00,2.7,8.37,0.0,0.0,88.0,2.0,5.555555555555555,0.0,0.0,-3.514444444444444,0.0
2017-11-15 10:00:00,7.344,8.37,0.0,0.0,88.0,2.0,5.555555555555555,0.0,0.0,-8.158444444444445,0.0
2017-11-15 11:00:00,10.656,7.614,0.0,0.0,88.0,2.0,5.555555555555555,6.668412801838901,0.0,-4.046031642605544,6.535044545802123
2017-11-15 12:00:00,12.132,6.858,0.0,0.0,88.0,2.0,5.555555555555555,24.0,0.0,12.565555555555557,29.976624011252497
2017-11-15 13:00:00,9.144,4.536,0.0,0.0,88.0,2.0,5.555555555555555,24.0,0.0,17.875555555555557,53.136904523117465
2017-11-15 14:00:00,3.564,4.05,0.0,0.0,88.0,2.0,0.0,0.0,5.555555555555555,-5.614,46.9437061132845
2017-11-15 15:00:00,0.0,3.24,18.47999999972965,0.0,68.75000000022001,2.0,0.0,0.0,5.555555555555555,-19.71999999972965,40.824826084369526
2017-11-15 16:00:00,0.0,2.754,22.0,0.0,45.833333333480006,2.0,0.0,0.0,5.555555555555555,-22.754,34.779372615801535
2017-11-15 17:00:00,0.0,2.322,22.0,0.0,22.916666666740003,2.0,0.0,0.0,5.555555555555555,-22.322,28.806464588856358
2017-11-15 18:00:00,0.0,2.214,22.0,0.0,0.0,2.0,0.0,0.0,5.555555555555555,-22.214,22.905231458234528
2017-11-15 19:00:00,0.0,2.16,0.0,0.0,0.0,2.0,0.0,0.0,5.555555555555555,-0.16000000000000014,17.074813125180157
2017-11-15 20:00:00,0.0,2.052,0.0,0.0,0.0,2.0,0.0,0.0,5.555555555555555,-0.052000000000000046,11.314359812122438
2017-11-15 21:00:00,0.0,1.944,0.0,0.0,0.0,2.0,0.0,0.0,5.555555555555555,0.05600000000000005,5.623031938821413
2017-11-15 22:00:00,0.0,1.998,0.0,0.0,0.0,2.0,0.0,0.0,5.555555555555555,0.0020000000000000018,0.0
2017-11-15 23:00:00,0.0,1.998,0.0,0.0,0.0,2.0,5.555555555555555,0.0,0.0,5.557555555555555,0.0
2017-11-16 00:00:00,0.0,1.728,0.0,22.0,21.119999999999997,2.0,5.555555555555555,0.0,0.0,27.827555555555556,0.0
2017-11-16 01:00:00,0.0,1.998,0.0,22.0,42.239999999999995,2.0,5.555555555555555,0.0,0.0,27.557555555555556,0.0
2017-11-16 02:00:00,0.0,2.538,0.0,22.0,63.35999999999999,2.0,5.555555555555555,24.0,0.0,51.01755555555556,23.52
2017-11-16 03:00:00,0.0,3.996,0.0,22.0,84.47999999999999,2.0,5.555555555555555,0.0,0.0,25.55955555555556,23.237759999999998
2017-11-16 04:00:00,0.0,6.048,0.0,0.0,84.47999999999999,2.0,5.555555555555555,0.0,0.0,1.5075555555555553,22.958906879999997
2017-11-16 05:00:00,0.0,8.37,0.0,0.0,84.47999999999999,2.0,0.0,0.0,5.555555555555555,-6.369999999999999,17.12784444188444
2017-11-16 06:00:00,0.0,9.072,22.0,0.0,61.56333333325999,2.0,0.0,0.0,5.555555555555555,-29.072,11.366754753026273
2017-11-16 07:00:00,0.252,12.204,22.0,0.0,38.64666666651999,2.0,0.0,0.0,5.555555555555555,-32.456,5.674798140434403
2017-11-16 08:00:00,1.044,16.308,22.0,0.0,15.729999999779988,2.0,0.0,0.0,5.555555555555555,-37.352,0.05114500719363413
2017-11-16 09:00:00,1.584,17.982,15.100799999740465,0.0,0.0,2.0,5.5050242884482445,0.0,0.05053126710731052,-27.16177571129222,0.0
2017-11-16 10:00:00,2.16,19.17,0.0,0.0,0.0,2.0,5.555555555555555,0.0,0.0,-13.774444444444446,0.0
2017-11-16 11:00:00,1.872,19.548,0.0,0.0,0.0,2.0,5.555555555555555,0.0,0.0,-13.864444444444443,0.0
2017-11-16 12:00:00,1.332,19.062,0.0,0.0,0.0,2.0,5.555555555555555,0.0,0.0,-12.838444444444447,0.0
2017-11-16 13:00:00,0.576,22.734,0.0,0.0,0.0,2.0,5.555555555555555,0.0,0.0,-15.754444444444447,0.0
2017-11-16 14:00:00,0.18,26.406,0.0,0.0,0.0,2.0,5.555555555555555,0.0,0.0,-19.03044444444444,0.0
2017-11-16 15:00:00,0.0,28.512,0.0,0.0,0.0,2.0,5.555555555555555,0.0,0.0,-20.956444444444443,0.0
2017-11-16 16:00:00,0.0,30.834,0.0,0.0,0.0,2.0,5.555555555555555,0.0,0.0,-23.278444444444446,0.0
2017-11-16 17:00:00,0.0,32.94,0.0,0.0,0.0,2.0,5.555555555555555,0.0,0.0,-25.38444444444444,0.0
2017-11-16 18:00:00,0.0,26.946,0.0,0.0,0.0,2.0,5.555555555555555,0.0,0.0,-19.390444444444448,0.0
2017-11-16 19:00:00,0.0,26.352,0.0,0.0,0.0,2.0,5.555555555555555,0.0,0.0,-18.796444444444447,0.0
2017-11-16 20:00:00,0.0,24.894,0.0,0.0,0.0,2.0,5.555555555555555,0.0,0.0,-17.33844444444444,0.0
2017-11-16 21:00:00,0.0,22.356,0.0,0.0,0.0,2.0,5.555555555555555,0.0,0.0,-14.800444444444446,0.0
2017-11-16 22:00:00,0.0,21.816,0.0,22.0,21.119999999999997,2.0,5.555555555555555,0.0,0.0,7.739555555555558,0.0
2017-11-16 23:00:00,0.0,21.438,0.0,0.0,21.119999999999997,2.0,5.555555555555555,0.0,0.0,-13.882444444444443,0.0
2017-11-17 00:00:00,0.0,24.462,0.0,22.0,42.239999999999995,2.0,5.555555555555555,0.0,0.0,5.093555555555557,0.0
2017-11-17 01:00:00,0.0,23.598,0.0,22.0,63.35999999999999,2.0,5.555555555555555,0.0,0.0,5.957555555555558,0.0
2017-11-17 02:00:00,0.0,22.572,0.0,22.0,84.47999999999999,2.0,5.555555555555555,24.0,0.0,30.983555555555558,23.52
2017-11-17 03:00:00,0.0,20.142,0.0,3.6666666666666776,88.0,2.0,5.555555555555555,0.0,0.0,-8.919777777777767,23.237759999999998
2017-11-17 04:00:00,0.0,17.928,0.0,0.0,88.0,2.0,5.5018801337900864,0.0,0.05367542176546891,-10.426119866209914,22.905231458234528
2017-11-17 05:00:00,0.0,15.984,0.0,0.0,88.0,2.0,0.0,0.0,5.555555555555555,-13.984,17.074813125180157
2017-11-17 06:00:00,0.0,15.282,22.0,0.0,65.08333333326,2.0,0.0,0.0,5.555555555555555,-35.282,11.314359812122438
2017-11-17 07:00:00,0.684,16.254,22.0,0.0,42.16666666652,2.0,0.0,0.0,5.555555555555555,-36.938,5.623031938821413
2017-11-17 08:00:00,7.704,18.684,18.47999999972966,0.0,22.916666666740003,2.0,0.0,0.0,5.555555555555555,-42.86799999972966,0.0
2017-11-17 09:00:00,13.788,20.898,0.0,0.0,22.916666666740003,2.0,5.555555555555555,0.0,0.0,-27.130444444444443,0.0
2017-11-17 10:00:00,16.848,23.058,0.0,0.0,22.916666666740003,2.0,5.555555555555555,0.0,0.0,-32.35044444444444,0.0
2017-11-17 11:00:00,17.136,23.814,0.0,0.0,22.916666666740003,2.0,5.555555555555555,0.0,0.0,-33.394444444444446,0.0
2017-11-17 12:00:00,15.948,23.328,0.0,0.0,22.916666666740003,2.0,5.555555555555555,0.0,0.0,-31.720444444444446,0.0
2017-11-17 13:00:00,9.972,21.816,0.0,0.0,22.916666666740003,2.0,5.555555555555555,0.0,0.0,-24.232444444444443,0.0
2017-11-17 14:00:00,2.988,21.492,0.0,0.0,22.916666666740003,2.0,5.555555555555555,0.0,0.0,-16.924444444444447,0.0
2017-11-17 15:00:00,0.0,22.734,0.0,0.0,22.916666666740003,2.0,5.555555555555555,0.0,0.0,-15.178444444444446,0.0
2017-11-17 16:00:00,0.0,23.49,22.0,0.0,0.0,2.0,5.555555555555555,0.0,0.0,-37.934444444444445,0.0
2017-11-17 17:00:00,0.0,23.922,0.0,0.0,0.0,2.0,5.555555555555555,0.0,0.0,-16.366444444444447,0.0
2017-11-17 18:00:00,0.0,30.348,0.0,0.0,0.0,2.0,5.555555555555555,0.0,0.0,-22.792444444444442,0.0
2017-11-17 19:00:00,0.0,30.402,0.0,0.0,0.0,2.0,5.555555555555555,0.0,0.0,-22.846444444444444,0.0
2017-11-17 20:00:00,0.0,32.184,0.0,0.0,0.0,2.0,5.555555555555555,0.0,0.0,-24.62844444444444,0.0
2017-11-17 21:00:00,0.0,32.67,0.0,0.0,0.0,2.0,5.555555555555555,0.0,0.0,-25.114444444444445,0.0
2017-11-17 22:00:00,0.0,32.238,0.0,0.0,0.0,2.0,5.555555555555555,0.0,0.0,-24.682444444444442,0.0
2017-11-17 23:00:00,0.0,32.13,0.0,0.0,0.0,2.0,5.555555555555555,0.0,0.0,-24.574444444444445,0.0
2017-11-18 00:00:00,0.0,36.99,0.0,0.0,0.0,2.0,5.555555555555555,0.0,0.0,-29.434444444444445,0.0
2017-11-18 01:00:00,0.0,39.42,0.0,0.0,0.0,2.0,5.555555555555555,0.0,0.0,-31.864444444444445,0.0
2017-11-18 02:00:00,0.0,40.878,0.0,22.0,21.119999999999997,2.0,5.555555555555555,0.0,0.0,-11.322444444444443,0.0
2017-11-18 03:00:00,0.0,39.906,0.0,22.0,42.239999999999995,2.0,5.555555555555555,24.0,0.0,13.649555555555558,23.52
2017-11-18 04:00:00,0.0,37.962,0.0,22.0,63.35999999999999,2.0,5.555555555555555,24.0,0.0,15.593555555555554,46.75776
2017-11-18 05:00:00,0.0,34.452,0.0,22.0,84.47999999999999,2.0,5.555555555555555,0.8519878754479299,0.0,-4.044456568996512,47.03161499793897
2017-11-18 06:00:00,0.0,28.728,0.0,3.6666666666666776,88.0,2.0,0.0,0.0,5.555555555555555,-23.061333333333323,40.911680062408145
2017-11-18 07:00:00,0.072,25.92,22.0,0.0,65.08333333326,2.0,0.0,0.0,5.555555555555555,-45.992000000000004,34.86518434610369
2017-11-18 08:00:00,0.828,24.354,22.0,0.0,42.16666666652,2.0,0.0,0.0,5.555555555555555,-45.182,28.891246578394885
2017-11-18 09:00:00,3.204,24.786,22.0,0.0,19.249999999779998,2.0,0.0,0.0,5.555555555555555,-47.99,22.988996063898593
2017-11-18 10:00:00,8.316,26.298,0.0,5.614583333562503,24.64,2.0,0.0,0.0,5.555555555555555,-26.999416666437497,17.15757255557625
2017-11-18 11:00:00,11.52,27.81,0.0,22.0,45.76,2.0,0.0,0.0,5.555555555555555,-15.329999999999998,11.39612612935378
2017-11-18 12:00:00,12.456,30.888,0.0,22.0,66.88,2.0,5.555555555555555,24.0,0.0,10.211555555555556,34.779372615801535
2017-11-18 13:00:00,7.452,33.318,0.0,22.0,88.0,2.0,0.0,0.0,5.555555555555555,-16.769999999999996,28.806464588856358
2017-11-18 14:00:00,2.088,35.532,18.47999999972965,0.0,68.75000000022001,2.0,0.0,0.0,5.555555555555555,-54.099999999729654,22.905231458234528
2017-11-18 15:00:00,0.0,36.126,22.0,0.0,45.833333333480006,2.0,0.0,0.0,5.555555555555555,-56.126,17.074813125180157
2017-11-18 16:00:00,0.0,37.098,22.0,0.0,22.916666666740003,2.0,0.0,0.0,5.555555555555555,-57.098,11.314359812122438
2017-11-18 17:00:00,0.0,37.476,22.0,0.0,0.0,2.0,0.0,0.0,5.555555555555555,-57.476,5.623031938821413
2017-11-18 18:00:00,0.0,36.072,0.0,0.0,0.0,2.0,0.0,0.0,5.555555555555555,-34.072,0.0
2017-11-18 19:00:00,0.0,35.748,0.0,0.0,0.0,2.0,5.555555555555555,0.0,0.0,-28.19244444444444,0.0
2017-11-18 20:00:00,0.0,35.748,0.0,0.0,0.0,2.0,5.555555555555555,0.0,0.0,-28.19244444444444,0.0
2017-11-18 21:00:00,0.0,36.612,0.0,0.0,0.0,2.0,5.555555555555555,0.0,0.0,-29.056444444444445,0.0
2017-11-18 22:00:00,0.0,0.0,0.0,22.0,21.119999999999997,2.0,5.555555555555555,24.0,0.0,53.55555555555556,23.52
2017-11-18 23:00:00,0.0,0.0,0.0,22.0,42.239999999999995,2.0,5.555555555555555,24.0,0.0,53.55555555555556,46.75776
2017-11-19 00:00:00,0.0,41.634,22.0,0.0,19.323333333259992,2.0,0.0,0.0,5.555555555555555,-61.634,40.64111132444444
2017-11-19 01:00:00,0.0,41.31,18.55039999987023,0.0,0.0,2.0,0.0,0.0,5.555555555555555,-57.86039999987023,34.59786243299555
2017-11-19 02:00:00,0.0,38.934,0.0,3.66666666666667,3.520000000000003,2.0,0.0,0.0,5.555555555555555,-33.267333333333326,28.627132528244047
2017-11-19 03:00:00,0.0,35.748,0.0,22.0,24.64,2.0,5.555555555555555,3.180228418746019,0.0,-3.0122160256984216,31.400230788276218
2017-11-19 04:00:00,0.0,0.0,0.0,22.0,45.76,2.0,5.555555555555555,24.0,0.0,53.55555555555556,54.543428018816904
2017-11-19 05:00:00,0.0,0.0,0.0,22.0,66.88,2.0,5.555555555555555,24.0,0.0,53.55555555555556,77.4089068825911
2017-11-19 06:00:00,0.0,0.0,0.0,22.0,88.0,2.0,5.555555555555555,24.0,0.0,53.55555555555556,100.0
2017-11-19 07:00:00,0.144,28.782,0.0,0.0,88.0,2.0,5.555555555555555,1.2244897959183703,0.0,-20.14595464852607,100.0
2017-11-19 08:00:00,1.584,25.11,0.0,0.0,88.0,2.0,5.555555555555555,0.0,0.0,-19.138444444444442,98.8
2017-11-19 09:00:00,5.328,25.542,0.0,0.0,88.0,2.0,0.0,0.0,5.555555555555555,-28.87,92.05884444444443
2017-11-19 10:00:00,9.54,25.974,0.0,0.0,88.0,2.0,0.0,0.0,5.555555555555555,-33.513999999999996,85.39858275555554
2017-11-19 11:00:00,10.548,25.488,0.0,0.0,88.0,2.0,0.0,0.0,5.555555555555555,-34.036,78.81824420693331
2017-11-19 12:00:00,10.26,28.134,0.0,0.0,88.0,2.0,0.0,0.0,5.555555555555555,-36.394,72.31686972089456
2017-11-19 13:00:00,8.388,21.762,0.0,0.0,88.0,2.0,0.0,0.0,5.555555555555555,-28.15,65.89351172868827
2017-11-19 14:00:00,3.456,15.066,0.0,0.0,88.0,2.0,0.0,0.0,5.555555555555555,-16.522000000000002,59.547234032388445
2017-11-19 15:00:00,0.0,12.312,0.0,0.0,88.0,2.0,0.0,0.0,5.555555555555555,-10.312,53.27711166844423
2017-11-19 16:00:00,0.0,10.26,18.550399999870233,0.0,68.67666666674,2.0,0.0,0.0,5.555555555555555,-26.810399999870235,47.08223077286734
2017-11-19 17:00:00,0.0,8.964,22.0,0.0,45.76,2.0,0.0,0.0,5.555555555555555,-28.964,40.96168844803738
2017-11-19 18:00:00,0.0,6.858,0.0,0.0,45.76,2.0,0.0,0.0,5.555555555555555,-4.858,34.91459263110537
2017-11-19 19:00:00,0.0,7.56,0.0,0.0,45.76,2.0,0.0,0.0,5.555555555555555,-5.56,28.940061963976547
2017-11-19 20:00:00,0.0,8.856,0.0,0.0,45.76,2.0,0.0,0.0,5.555555555555555,-6.856,23.037225664853274
2017-11-19 21:00:00,0.0,11.394,0.0,0.0,45.76,2.0,0.0,0.0,5.555555555555555,-9.394,17.20522340131948
2017-11-19 22:00:00,0.0,13.824,0.0,0.0,45.76,2.0,0.0,0.0,5.555555555555555,-11.824,11.443205164948091
2017-11-19 23:00:00,0.0,15.066,0.0,0.0,45.76,2.0,0.0,0.0,5.555555555555555,-13.066,5.750331147413158
2017-11-20 00:00:00,0.0,17.982,0.0,0.0,45.76,2.0,5.555555555555555,2.3414437956661045,0.0,-8.08500064877834,7.9759420933969825
2017-11-20 01:00:00,0.0,16.902,0.0,0.0,45.76,2.0,5.555555555555555,24.0,0.0,14.653555555555556,31.400230788276218
2017-11-20 02:00:00,0.0,14.796,0.0,0.0,45.76,2.0,5.555555555555555,24.0,0.0,16.759555555555558,54.543428018816904
2017-11-20 03:00:00,0.0,13.23,0.0,22.0,66.88,2.0,5.555555555555555,24.0,0.0,40.32555555555555,77.4089068825911
2017-11-20 04:00:00,0.0,12.042,0.0,22.0,88.0,2.0,5.555555555555555,24.0,0.0,41.513555555555556,100.0
2017-11-20 05:00:00,0.0,11.124,0.0,0.0,88.0,2.0,0.0,0.0,5.555555555555555,-9.124,93.24444444444444
2017-11-20 06:00:00,0.0,5.778,0.0,0.0,88.0,2.0,0.0,0.0,5.555555555555555,-3.7779999999999996,86.56995555555555
2017-11-20 07:00:00,0.468,5.562,0.0,0.0,88.0,2.0,0.0,0.0,5.555555555555555,-4.03,79.97556053333332
2017-11-20 08:00:00,4.896,4.536,0.0,0.0,88.0,2.0,0.0,0.0,5.555555555555555,-7.4319999999999995,73.46029825137776
2017-11-20 09:00:00,8.568,3.348,0.0,0.0,88.0,2.0,0.0,0.0,5.555555555555555,-9.916,67.02321911680568
2017-11-20 10:00:00,9.936,2.484,0.0,0.0,88.0,2.0,0.0,0.0,5.555555555555555,-10.42,60.663384931848455
2017-11-20 11:00:00,9.0,1.62,0.0,0.0,88.0,2.0,0.0,0.0,5.555555555555555,-8.620000000000001,54.379868757110714
2017-11-20 12:00:00,6.588,1.08,0.0,0.0,88.0,2.0,0.0,0.0,5.555555555555555,-5.668,48.171754776469825
2017-11-20 13:00:00,3.816,0.702,22.0,0.0,65.08333333326,2.0,0.0,0.0,5.555555555555555,-24.517999999999997,42.03813816359663
2017-11-20 14:00:00,1.224,0.486,0.0,0.0,65.08333333326,2.0,0.0,0.0,5.555555555555555,0.29000000000000004,35.97812495007791
2017-11-20 15:00:00,0.0,0.432,22.0,0.0,42.16666666652,2.0,0.0,0.0,5.555555555555555,-20.432,29.990831895121417
2017-11-20 16:00:00,0.0,0.54,22.0,0.0,19.249999999779998,2.0,0.0,0.0,5.555555555555555,-20.54,24.075386356824403
2017-11-20 17:00:00,0.0,0.81,18.47999999972966,0.0,0.0,2.0,0.0,0.0,5.555555555555555,-17.28999999972966,18.230926164986954
2017-11-20 18:00:00,0.0,1.242,0.0,0.0,0.0,2.0,0.0,0.0,5.555555555555555,0.758,12.456599495451554
2017-11-20 19:00:00,0.0,1.35,0.0,0.0,0.0,2.0,0.0,0.0,5.555555555555555,0.6499999999999999,6.75156474595058
2017-11-20 20:00:00,0.0,1.296,0.0,0.0,0.0,2.0,0.0,0.0,5.555555555555555,0.704,1.1149904134436168
2017-11-20 21:00:00,0.0,1.08,0.0,0.0,0.0,2.0,4.453945027073262,0.0,1.1016105284822935,5.373945027073263,0.0
2017-11-20 22:00:00,0.0,1.026,0.0,22.0,21.119999999999997,2.0,5.555555555555555,24.0,0.0,52.529555555555554,23.52
2017-11-20 23:00:00,0.0,1.026,0.0,0.0,21.119999999999997,2.0,0.0,0.0,5.555555555555555,0.974,17.682204444444444
2017-11-21 00:00:00,0.0,0.756,0.0,22.0,42.239999999999995,2.0,5.555555555555555,0.0,0.0,28.799555555555557,17.47001799111111
2017-11-21 01:00:00,0.0,0.594,0.0,22.0,63.35999999999999,2.0,5.555555555555555,22.62471211521648,0.0,51.58626767077204,39.432595648129926
2017-11-21 02:00:00,0.0,0.54,0.0,3.66666666666667,66.88,2.0,5.555555555555555,24.0,0.0,34.68222222222223,62.47940450035236
2017-11-21 03:00:00,0.0,0.54,0.0,22.0,88.0,2.0,5.555555555555555,24.0,0.0,53.01555555555556,85.24965164634813
2017-11-21 04:00:00,0.0,0.54,0.0,0.0,88.0,2.0,0.0,0.0,5.555555555555555,1.46,78.6711002710364
2017-11-21 05:00:00,0.0,0.594,0.0,0.0,88.0,2.0,0.0,0.0,5.555555555555555,1.4060000000000001,72.1714915122284
2017-11-21 06:00:00,0.0,0.324,22.0,0.0,65.08333333326,2.0,0.0,0.0,5.555555555555555,-20.324,65.74987805852611
2017-11-21 07:00:00,0.144,0.432,22.0,0.0,42.16666666652,2.0,0.0,0.0,5.555555555555555,-20.575999999999997,59.40532396626824
2017-11-21 08:00:00,1.152,0.702,0.0,22.0,63.28666666652,2.0,0.0,0.0,5.555555555555555,22.146,53.136904523117465
2017-11-21 09:00:00,3.24,0.918,0.0,22.0,84.40666666652,2.0,0.0,0.0,5.555555555555555,19.842,46.9437061132845
2017-11-21 10:00:00,5.616,1.35,22.0,0.0,61.48999999978,2.0,0.0,0.0,5.555555555555555,-26.966,40.824826084369526
2017-11-21 11:00:00,6.336,1.782,0.0,22.0,82.60999999978,2.0,0.0,0.0,5.555555555555555,15.882,34.779372615801535
2017-11-21 12:00:00,4.608,1.242,22.0,0.0,59.69333333304,2.0,0.0,0.0,5.555555555555555,-25.85,28.806464588856358
2017-11-21 13:00:00,1.98,1.998,22.0,0.0,36.7766666663,2.0,0.0,0.0,5.555555555555555,-23.978,22.905231458234528
2017-11-21 14:00:00,0.648,3.078,13.305599999535021,0.0,22.916666666740003,2.0,0.0,0.0,5.555555555555555,-15.03159999953502,17.074813125180157
2017-11-21 15:00:00,0.0,4.86,0.0,0.0,22.916666666740003,2.0,0.0,0.0,5.555555555555555,-2.8600000000000003,11.314359812122438
2017-11-21 16:00:00,0.0,7.452,22.0,0.0,0.0,2.0,0.0,0.0,5.555555555555555,-27.451999999999998,5.623031938821413
2017-11-21 17:00:00,0.0,10.638,0.0,0.0,0.0,2.0,0.0,0.0,5.555555555555555,-8.638,0.0
2017-11-21 18:00:00,0.0,12.312,0.0,0.0,0.0,2.0,5.555555555555555,0.0,0.0,-4.756444444444444,0.0
2017-11-21 19:00:00,0.0,17.874,0.0,0.0,0.0,2.0,5.555555555555555,0.0,0.0,-10.318444444444443,0.0
2017-11-21 20:00:00,0.0,23.436,0.0,0.0,0.0,2.0,5.555555555555555,0.0,0.0,-15.880444444444445,0.0
2017-11-21 21:00:00,0.0,29.322,0.0,0.0,0.0,2.0,5.555555555555555,0.0,0.0,-21.766444444444446,0.0
2017-11-21 22:00:00,0.0,33.858,0.0,0.0,0.0,2.0,5.555555555555555,0.0,0.0,-26.30244444444444,0.0
2017-11-21 23:00:00,0.0,36.774,0.0,0.0,0.0,2.0,5.555555555555555,0.0,0.0,-29.218444444444444,0.0
2017-11-22 00:00:00,0.0,38.016,0.0,22.0,21.119999999999997,2.0,5.555555555555555,24.0,0.0,15.539555555555559,23.52
2017-11-22 01:00:00,0.0,34.452,0.0,22.0,42.239999999999995,2.0,5.555555555555555,24.0,0.0,19.10355555555556,46.75776
2017-11-22 02:00:00,0.0,30.456,0.0,22.0,63.35999999999999,2.0,5.555555555555555,24.0,0.0,23.099555555555558,69.71666687999999
2017-11-22 03:00:00,0.0,28.296,0.0,22.0,84.47999999999999,2.0,5.555555555555555,24.0,0.0,25.259555555555558,92.40006687743998
2017-11-22 04:00:00,0.0,27.054,0.0,3.6666666666666776,88.0,2.0,5.555555555555555,8.886463188866623,0.0,-6.945314588911142,100.0
2017-11-22 05:00:00,0.0,25.488,0.0,0.0,88.0,2.0,0.0,0.0,5.555555555555555,-23.488,93.24444444444444
2017-11-22 06:00:00,0.0,19.224,22.0,0.0,65.08333333326,2.0,0.0,0.0,5.555555555555555,-39.224000000000004,86.56995555555555
2017-11-22 07:00:00,0.0,19.44,22.0,0.0,42.16666666652,2.0,0.0,0.0,5.555555555555555,-39.44,79.97556053333332
2017-11-22 08:00:00,0.108,19.278,0.0,0.0,42.16666666652,2.0,0.0,0.0,5.555555555555555,-17.386,73.46029825137776
2017-11-22 09:00:00,0.252,17.172,0.0,0.0,42.16666666652,2.0,0.0,0.0,5.555555555555555,-15.424000000000001,67.02321911680568
2017-11-22 10:00:00,0.54,16.362,0.0,0.0,42.16666666652,2.0,0.0,0.0,5.555555555555555,-14.901999999999997,60.663384931848455
2017-11-22 11:00:00,0.648,16.578,0.0,3.819444444750005,45.833333333480006,2.0,0.0,0.0,5.555555555555555,-11.406555555249994,54.379868757110714
2017-11-22 12:00:00,0.432,23.112,0.0,0.0,45.833333333480006,2.0,0.0,0.0,5.555555555555555,-21.543999999999997,48.171754776469825
2017-11-22 13:00:00,0.18,28.404,0.0,0.0,45.833333333480006,2.0,0.0,0.0,5.555555555555555,-26.584,42.03813816359663
2017-11-22 14:00:00,0.036,33.21,0.0,0.0,45.833333333480006,2.0,0.0,0.0,5.555555555555555,-31.246000000000002,35.97812495007791
2017-11-22 15:00:00,0.0,35.208,22.0,0.0,22.916666666740003,2.0,0.0,0.0,5.555555555555555,-55.208,29.990831895121417
2017-11-22 16:00:00,0.0,37.692,22.0,0.0,0.0,2.0,0.0,0.0,5.555555555555555,-57.692,24.075386356824403
2017-11-22 17:00:00,0.0,39.312,0.0,0.0,0.0,2.0,0.0,0.0,5.555555555555555,-37.312,18.230926164986954
2017-11-22 18:00:00,0.0,37.152,0.0,0.0,0.0,2.0,0.0,0.0,5.555555555555555,-35.152,12.456599495451554
2017-11-22 19:00:00,0.0,38.286,0.0,0.0,0.0,2.0,0.0,0.0,5.555555555555555,-36.286,6.75156474595058
2017-11-22 20:00:00,0.0,40.014,0.0,0.0,0.0,2.0,0.0,0.0,5.555555555555555,-38.014,1.1149904134436168
2017-11-22 21:00:00,0.0,39.636,0.0,0.0,0.0,2.0,4.453945027073262,0.0,1.1016105284822935,-33.18205497292674,0.0
2017-11-22 22:00:00,0.0,39.366,0.0,0.0,0.0,2.0,5.555555555555555,0.0,0.0,-31.810444444444443,0.0
2017-11-22 23:00:00,0.0,39.636,0.0,22.0,21.119999999999997,2.0,5.555555555555555,24.0,0.0,13.919555555555554,23.52
2017-11-23 00:00:00,0.0,37.098,0.0,3.66666666666667,24.64,2.0,5.555555555555555,8.329051824771653,0.0,-17.54672595300612,31.400230788276218
2017-11-23 01:00:00,0.0,38.016,0.0,22.0,45.76,2.0,5.555555555555555,24.0,0.0,15.539555555555559,54.543428018816904
2017-11-23 02:00:00,0.0,40.284,0.0,22.0,66.88,2.0,5.555555555555555,24.0,0.0,13.271555555555558,77.4089068825911
2017-11-23 03:00:00,0.0,41.958,0.0,22.0,88.0,2.0,5.555555555555555,24.0,0.0,11.597555555555559,100.0
2017-11-23 04:00:00,0.0,43.146,0.0,0.0,88.0,2.0,5.555555555555555,1.2244897959183703,0.0,-34.36595464852607,100.0
2017-11-23 05:00:00,0.0,44.064,0.0,0.0,88.0,2.0,0.0,0.0,5.555555555555555,-42.064,93.24444444444444
2017-11-23 06:00:00,0.0,41.202,22.0,0.0,65.08333333326,2.0,0.0,0.0,5.555555555555555,-61.202,86.56995555555555
2017-11-23 07:00:00,0.18,42.282,22.0,0.0,42.16666666652,2.0,0.0,0.0,5.555555555555555,-62.461999999999996,79.97556053333332
2017-11-23 08:00:00,1.692,43.956,22.0,0.0,19.249999999779998,2.0,0.0,0.0,5.555555555555555,-65.648,73.46029825137776
2017-11-23 09:00:00,2.916,44.388,0.0,5.614583333562503,24.64,2.0,0.0,0.0,5.555555555555555,-39.689416666437495,67.02321911680568
2017-11-23 10:00:00,3.528,44.496,0.0,22.0,45.76,2.0,5.555555555555555,0.0,0.0,-18.468444444444444,66.21894048740401
2017-11-23 11:00:00,1.944,45.306,0.0,22.0,66.88,2.0,5.555555555555555,24.0,0.0,6.30555555555556,88.94431320155516
2017-11-23 12:00:00,1.296,42.66,0.0,22.0,88.0,2.0,5.555555555555555,12.370427098840306,0.0,-2.03001734560413,100.0
2017-11-23 13:00:00,1.08,40.5,0.0,0.0,88.0,2.0,0.0,0.0,5.555555555555555,-39.58,93.24444444444444
2017-11-23 14:00:00,0.396,35.964,18.47999999972965,0.0,68.75000000022001,2.0,0.0,0.0,5.555555555555555,-52.839999999729656,86.56995555555555
2017-11-23 15:00:00,0.0,32.994,22.0,0.0,45.833333333480006,2.0,0.0,0.0,5.555555555555555,-52.994,79.97556053333332
2017-11-23 16:00:00,0.0,31.536,22.0,0.0,22.916666666740003,2.0,0.0,0.0,5.555555555555555,-51.536,73.46029825137776
2017-11-23 17:00:00,0.0,32.724,22.0,0.0,0.0,2.0,0.0,0.0,5.555555555555555,-52.724,67.02321911680568
2017-11-23 18:00:00,0.0,32.508,0.0,0.0,0.0,2.0,0.0,0.0,5.555555555555555,-30.508000000000003,60.663384931848455
2017-11-23 19:00:00,0.0,35.37,0.0,0.0,0.0,2.0,0.0,0.0,5.555555555555555,-33.37,54.379868757110714
2017-11-23 20:00:00,0.0,38.232,0.0,0.0,0.0,2.0,0.0,0.0,5.555555555555555,-36.232,48.171754776469825
2017-11-23 21:00:00,0.0,36.072,0.0,0.0,0.0,2.0,0.0,0.0,5.555555555555555,-34.072,42.03813816359663
2017-11-23 22:00:00,0.0,33.48,0.0,22.0,21.119999999999997,2.0,5.555555555555555,24.0,0.0,20.07555555555556,65.05368050563347
2017-11-23 23:00:00,0.0,30.996,0.0,22.0,42.239999999999995,2.0,5.555555555555555,0.0,0.0,-1.4404444444444415,64.27303633956586
2017-11-24 00:00:00,0.0,30.24,0.0,22.0,63.35999999999999,2.0,5.555555555555555,0.0,0.0,-0.6844444444444413,63.50175990349107
2017-11-24 01:00:00,0.0,24.084,0.0,3.66666666666667,66.88,2.0,5.555555555555555,7.7641238771369805,0.0,-5.097653900640793,70.34858018424342
2017-11-24 02:00:00,0.0,20.682,0.0,22.0,88.0,2.0,5.555555555555555,24.0,0.0,32.873555555555555,93.02439722203249
2017-11-24 03:00:00,0.0,21.438,0.0,0.0,88.0,2.0,5.555555555555555,0.0,0.0,-13.882444444444443,91.9081044553681
2017-11-24 04:00:00,0.0,19.98,0.0,0.0,88.0,2.0,0.0,0.0,5.555555555555555,-17.98,85.24965164634813
2017-11-24 05:00:00,0.0,17.226,0.0,0.0,88.0,2.0,0.0,0.0,5.555555555555555,-15.225999999999999,78.6711002710364
2017-11-24 06:00:00,0.0,9.72,0.0,0.0,88.0,2.0,0.0,0.0,5.555555555555555,-7.720000000000001,72.1714915122284
2017-11-24 07:00:00,0.072,6.966,22.0,0.0,65.08333333326,2.0,0.0,0.0,5.555555555555555,-27.038,65.74987805852611
2017-11-24 08:00:00,1.728,5.184,22.0,0.0,42.16666666652,2.0,0.0,0.0,5.555555555555555,-26.912000000000003,59.40532396626824
2017-11-24 09:00:00,5.04,4.212,0.0,0.0,42.16666666652,2.0,0.0,0.0,5.555555555555555,-7.252,53.136904523117465
2017-11-24 10:00:00,8.244,3.942,15.030399999599886,0.0,26.510000000220018,2.0,0.0,0.0,5.555555555555555,-25.216399999599886,46.9437061132845
2017-11-24 11:00:00,9.936,4.158,0.0,22.0,47.630000000220015,2.0,0.0,0.0,5.555555555555555,9.905999999999999,40.824826084369526
2017-11-24 12:00:00,9.288,3.996,0.0,22.0,68.75000000022001,2.0,0.0,0.0,5.555555555555555,10.716000000000001,34.779372615801535
2017-11-24 13:00:00,6.336,4.536,0.0,0.0,68.75000000022001,2.0,0.0,0.0,5.555555555555555,-8.872,28.806464588856358
2017-11-24 14:00:00,2.628,4.914,0.0,0.0,68.75000000022001,2.0,0.0,0.0,5.555555555555555,-5.542,22.905231458234528
2017-11-24 15:00:00,0.0,4.86,22.0,0.0,45.833333333480006,2.0,0.0,0.0,5.555555555555555,-24.86,17.074813125180157
2017-11-24 16:00:00,0.0,5.13,22.0,0.0,22.916666666740003,2.0,0.0,0.0,5.555555555555555,-25.13,11.314359812122438
2017-11-24 17:00:00,0.0,5.454,22.0,0.0,0.0,2.0,0.0,0.0,5.555555555555555,-25.454,5.623031938821413
2017-11-24 18:00:00,0.0,7.236,0.0,0.0,0.0,2.0,0.0,0.0,5.555555555555555,-5.236,0.0
2017-11-24 19:00:00,0.0,6.912,0.0,0.0,0.0,2.0,5.555555555555555,0.0,0.0,0.6435555555555554,0.0
2017-11-24 20:00:00,0.0,5.13,0.0,0.0,0.0,2.0,5.555555555555555,0.0,0.0,2.4255555555555555,0.0
2017-11-24 21:00:00,0.0,5.13,0.0,0.0,0.0,2.0,5.555555555555555,0.0,0.0,2.4255555555555555,0.0
2017-11-24 22:00:00,0.0,5.67,0.0,22.0,21.119999999999997,2.0,5.555555555555555,0.0,0.0,23.885555555555555,0.0
2017-11-24 23:00:00,0.0,6.588,0.0,0.0,21.119999999999997,2.0,5.555555555555555,0.0,0.0,0.9675555555555553,0.0
2017-11-25 00:00:00,0.0,8.964,0.0,0.0,21.119999999999997,2.0,5.555555555555555,0.0,0.0,-1.408444444444445,0.0
2017-11-25 01:00:00,0.0,8.91,0.0,22.0,42.239999999999995,2.0,5.555555555555555,0.0,0.0,20.645555555555557,0.0
2017-11-25 02:00:00,0.0,8.37,0.0,22.0,63.35999999999999,2.0,5.555555555555555,0.0,0.0,21.18555555555556,0.0
2017-11-25 03:00:00,0.0,9.288,0.0,5.614583333562521,68.75000000022001,2.0,5.555555555555555,0.0,0.0,3.8821388891180764,0.0
2017-11-25 04:00:00,0.0,10.044,0.0,0.0,68.75000000022001,2.0,5.555555555555555,0.0,0.0,-2.488444444444445,0.0
2017-11-25 05:00:00,0.0,10.26,0.0,0.0,68.75000000022001,2.0,5.555555555555555,0.0,0.0,-2.7044444444444444,0.0
2017-11-25 06:00:00,0.0,9.558,0.0,0.0,68.75000000022001,2.0,5.555555555555555,0.0,0.0,-2.0024444444444445,0.0
2017-11-25 07:00:00,0.144,9.288,0.0,0.0,68.75000000022001,2.0,5.555555555555555,0.0,0.0,-1.8764444444444448,0.0
2017-11-25 08:00:00,3.384,8.64,0.0,0.0,68.75000000022001,2.0,5.555555555555555,0.0,0.0,-4.4684444444444456,0.0
2017-11-25 09:00:00,7.02,7.722,0.0,0.0,68.75000000022001,2.0,5.555555555555555,0.0,0.0,-7.186444444444445,0.0
2017-11-25 10:00:00,8.964,7.182,0.0,0.0,68.75000000022001,2.0,5.555555555555555,0.0,0.0,-8.590444444444445,0.0
2017-11-25 11:00:00,10.944,6.642,0.0,0.0,68.75000000022001,2.0,5.555555555555555,0.0,0.0,-10.030444444444445,0.0
2017-11-25 12:00:00,11.916,6.588,0.0,0.0,68.75000000022001,2.0,5.555555555555555,0.0,0.0,-10.948444444444444,0.0
2017-11-25 13:00:00,7.776,5.886,0.0,0.0,68.75000000022001,2.0,5.555555555555555,5.807477421735739,0.0,-0.29896702270870623,5.6913278733010255
2017-11-25 14:00:00,2.664,5.4,0.0,0.0,68.75000000022001,2.0,5.555555555555555,0.0,0.0,-0.5084444444444451,5.623031938821413
2017-11-25 15:00:00,0.0,5.292,22.0,0.0,45.833333333480006,2.0,0.0,0.0,5.555555555555555,-25.292,0.0
2017-11-25 16:00:00,0.0,5.184,22.0,0.0,22.916666666740003,2.0,5.555555555555555,0.0,0.0,-19.628444444444444,0.0
2017-11-25 17:00:00,0.0,5.292,22.0,0.0,0.0,2.0,5.555555555555555,0.0,0.0,-19.736444444444444,0.0
2017-11-25 18:00:00,0.0,7.074,0.0,0.0,0.0,2.0,5.555555555555555,0.0,0.0,0.4815555555555555,0.0
2017-11-25 19:00:00,0.0,7.722,0.0,0.0,0.0,2.0,5.555555555555555,0.0,0.0,-0.16644444444444506,0.0
2017-11-25 20:00:00,0.0,8.856,0.0,0.0,0.0,2.0,5.555555555555555,0.0,0.0,-1.3004444444444445,0.0
2017-11-25 21:00:00,0.0,10.962,0.0,0.0,0.0,2.0,5.555555555555555,0.0,0.0,-3.4064444444444444,0.0
2017-11-25 22:00:00,0.0,13.5,0.0,0.0,0.0,2.0,5.555555555555555,0.0,0.0,-5.944444444444445,0.0
2017-11-25 23:00:00,0.0,16.362,0.0,0.0,0.0,2.0,5.555555555555555,0.0,0.0,-8.806444444444443,0.0
2017-11-26 00:00:00,0.0,22.14,0.0,22.0,21.119999999999997,2.0,5.555555555555555,24.0,0.0,31.415555555555557,23.52
2017-11-26 01:00:00,0.0,23.544,0.0,22.0,42.239999999999995,2.0,5.555555555555555,24.0,0.0,30.011555555555557,46.75776
2017-11-26 02:00:00,0.0,22.518,0.0,22.0,63.35999999999999,2.0,5.555555555555555,24.0,0.0,31.037555555555556,69.71666687999999
2017-11-26 03:00:00,0.0,22.518,0.0,3.66666666666667,66.88,2.0,5.555555555555555,8.70289796443991,0.0,-2.5928798133378663,77.4089068825911
2017-11-26 04:00:00,0.0,23.328,0.0,22.0,88.0,2.0,5.555555555555555,24.0,0.0,30.227555555555558,100.0
2017-11-26 05:00:00,0.0,21.762,0.0,0.0,88.0,2.0,5.555555555555555,1.2244897959183703,0.0,-12.981954648526074,100.0
2017-11-26 06:00:00,0.0,17.01,0.0,0.0,88.0,2.0,0.0,0.0,5.555555555555555,-15.010000000000002,93.24444444444444
2017-11-26 07:00:00,0.036,15.822,0.0,0.0,88.0,2.0,0.0,0.0,5.555555555555555,-13.857999999999999,86.56995555555555
2017-11-26 08:00:00,1.692,15.714,0.0,0.0,88.0,2.0,0.0,0.0,5.555555555555555,-15.406,79.97556053333332
2017-11-26 09:00:00,5.076,17.658,0.0,0.0,88.0,2.0,0.0,0.0,5.555555555555555,-20.734,73.46029825137776
2017-11-26 10:00:00,7.776,20.952,22.0,0.0,65.08333333326,2.0,0.0,0.0,5.555555555555555,-48.727999999999994,67.02321911680568
2017-11-26 11:00:00,7.812,24.408,18.55039999987024,0.0,45.76,2.0,0.0,0.0,5.555555555555555,-48.770399999870236,60.663384931848455
2017-11-26 12:00:00,5.724,25.218,0.0,0.0,45.76,2.0,0.0,0.0,5.555555555555555,-28.942,54.379868757110714
2017-11-26 13:00:00,1.98,26.946,0.0,22.0,66.88,2.0,0.0,0.0,5.555555555555555,-4.926000000000002,48.171754776469825
2017-11-26 14:00:00,0.468,28.512,0.0,22.0,88.0,2.0,0.0,0.0,5.555555555555555,-4.98,42.03813816359663
2017-11-26 15:00:00,0.0,29.16,22.0,0.0,65.08333333326,2.0,0.0,0.0,5.555555555555555,-49.16,35.97812495007791
2017-11-26 16:00:00,0.0,30.294,22.0,0.0,42.16666666652,2.0,0.0,0.0,5.555555555555555,-50.294,29.990831895121417
2017-11-26 17:00:00,0.0,31.536,22.0,0.0,19.249999999779998,2.0,0.0,0.0,5.555555555555555,-51.536,24.075386356824403
2017-11-26 18:00:00,0.0,34.344,18.47999999972966,0.0,0.0,2.0,0.0,0.0,5.555555555555555,-50.823999999729665,18.230926164986954
2017-11-26 19:00:00,0.0,34.344,0.0,0.0,0.0,2.0,0.0,0.0,5.555555555555555,-32.344,12.456599495451554
2017-11-26 20:00:00,0.0,32.4,0.0,0.0,0.0,2.0,0.0,0.0,5.555555555555555,-30.4,6.75156474595058
2017-11-26 21:00:00,0.0,30.672,0.0,0.0,0.0,2.0,0.0,0.0,5.555555555555555,-28.672,1.1149904134436168
2017-11-26 22:00:00,0.0,29.376,0.0,0.0,0.0,2.0,4.453945027073262,0.0,1.1016105284822935,-22.922054972926738,0.0
2017-11-26 23:00:00,0.0,28.188,0.0,22.0,21.119999999999997,2.0,5.555555555555555,24.0,0.0,25.36755555555556,23.52
2017-11-27 00:00:00,0.0,27.864,0.0,22.0,42.239999999999995,2.0,5.555555555555555,24.0,0.0,25.691555555555556,46.75776
2017-11-27 01:00:00,0.0,27.54,0.0,3.66666666666667,45.76,2.0,5.555555555555555,8.517103202874397,0.0,-7.8006745749033755,54.543428018816904
2017-11-27 02:00:00,0.0,27.27,0.0,22.0,66.88,2.0,5.555555555555555,24.0,0.0,26.285555555555558,77.4089068825911
2017-11-27 03:00:00,0.0,25.002,0.0,22.0,88.0,2.0,5.555555555555555,24.0,0.0,28.55355555555556,100.0
2017-11-27 04:00:00,0.0,22.41,0.0,0.0,88.0,2.0,5.555555555555555,1.2244897959183703,0.0,-13.629954648526073,100.0
2017-11-27 05:00:00,0.0,19.656,22.0,0.0,65.08333333326,2.0,0.0,0.0,5.555555555555555,-39.656,93.24444444444444
2017-11-27 06:00:00,0.0,16.308,22.0,0.0,42.16666666652,2.0,0.0,0.0,5.555555555555555,-36.308,86.56995555555555
2017-11-27 07:00:00,0.036,19.548,22.0,0.0,19.249999999779998,2.0,0.0,0.0,5.555555555555555,-39.584,79.97556053333332
2017-11-27 08:00:00,0.828,25.758,0.0,0.0,19.249999999779998,2.0,0.0,0.0,5.555555555555555,-24.586,73.46029825137776
2017-11-27 09:00:00,1.476,32.346,0.0,0.0,19.249999999779998,2.0,0.0,0.0,5.555555555555555,-31.821999999999996,67.02321911680568
2017-11-27 10:00:00,1.548,36.882,0.0,0.0,19.249999999779998,2.0,0.0,0.0,5.555555555555555,-36.43,60.663384931848455
2017-11-27 11:00:00,0.792,37.476,0.0,22.0,40.36999999977999,2.0,0.0,0.0,5.555555555555555,-14.267999999999999,54.379868757110714
2017-11-27 12:00:00,0.36,33.642,0.0,22.0,61.48999999977999,2.0,0.0,0.0,5.555555555555555,-10.002000000000002,48.171754776469825
2017-11-27 13:00:00,0.18,29.592,0.0,0.0,61.48999999977999,2.0,0.0,0.0,5.555555555555555,-27.772,42.03813816359663
2017-11-27 14:00:00,0.072,25.326,0.0,0.0,61.48999999977999,2.0,0.0,0.0,5.555555555555555,-23.398,35.97812495007791
2017-11-27 15:00:00,0.0,19.224,15.030399999599886,0.0,45.833333333480006,2.0,0.0,0.0,5.555555555555555,-32.25439999959988,29.990831895121417
2017-11-27 16:00:00,0.0,15.174,22.0,0.0,22.916666666740003,2.0,0.0,0.0,5.555555555555555,-35.174,24.075386356824403
2017-11-27 17:00:00,0.0,12.582,22.0,0.0,0.0,2.0,0.0,0.0,5.555555555555555,-32.582,18.230926164986954
2017-11-27 18:00:00,0.0,11.61,0.0,0.0,0.0,2.0,0.0,0.0,5.555555555555555,-9.61,12.456599495451554
2017-11-27 19:00:00,0.0,9.288,0.0,0.0,0.0,2.0,0.0,0.0,5.555555555555555,-7.288,6.75156474595058
2017-11-27 20:00:00,0.0,6.75,0.0,0.0,0.0,2.0,0.0,0.0,5.555555555555555,-4.75,1.1149904134436168
2017-11-27 21:00:00,0.0,7.182,0.0,0.0,0.0,2.0,4.453945027073262,0.0,1.1016105284822935,-0.7280549729267376,0.0
2017-11-27 22:00:00,0.0,7.938,0.0,0.0,0.0,2.0,5.555555555555555,0.0,0.0,-0.38244444444444436,0.0
2017-11-27 23:00:00,0.0,8.748,0.0,0.0,0.0,2.0,5.555555555555555,0.0,0.0,-1.192444444444444,0.0
2017-11-28 00:00:00,0.0,9.18,0.0,22.0,21.119999999999997,2.0,5.555555555555555,0.0,0.0,20.375555555555557,0.0
2017-11-28 01:00:00,0.0,11.016,0.0,22.0,42.239999999999995,2.0,5.555555555555555,16.434557184303404,0.0,34.97411273985896,16.105866040617336
2017-11-28 02:00:00,0.0,11.178,0.0,22.0,63.35999999999999,2.0,5.555555555555555,24.0,0.0,42.37755555555556,39.432595648129926
2017-11-28 03:00:00,0.0,9.342,0.0,3.66666666666667,66.88,2.0,5.555555555555555,24.0,0.0,25.88022222222223,62.47940450035236
2017-11-28 04:00:00,0.0,9.558,0.0,22.0,88.0,2.0,5.555555555555555,24.0,0.0,43.99755555555556,85.24965164634813
2017-11-28 05:00:00,0.0,10.098,0.0,0.0,88.0,2.0,0.0,0.0,5.555555555555555,-8.098,78.6711002710364
2017-11-28 06:00:00,0.0,12.312,22.0,0.0,65.08333333326,2.0,0.0,0.0,5.555555555555555,-32.312,72.1714915122284
2017-11-28 07:00:00,0.0,13.554,0.0,0.0,65.08333333326,2.0,0.0,0.0,5.555555555555555,-11.554,65.74987805852611
2017-11-28 08:00:00,0.576,15.12,0.0,0.0,65.08333333326,2.0,0.0,0.0,5.555555555555555,-13.696,59.40532396626824
2017-11-28 09:00:00,1.944,14.472,0.0,22.0,86.20333333325999,2.0,0.0,0.0,5.555555555555555,7.5840000000000005,53.136904523117465
2017-11-28 10:00:00,3.96,13.716,0.0,1.8715277778541761,88.0,2.0,0.0,0.0,5.555555555555555,-13.804472222145822,46.9437061132845
2017-11-28 11:00:00,5.184,12.312,0.0,0.0,88.0,2.0,0.0,0.0,5.555555555555555,-15.495999999999999,40.824826084369526
2017-11-28 12:00:00,5.004,9.18,0.0,0.0,88.0,2.0,0.0,0.0,5.555555555555555,-12.184,34.779372615801535
2017-11-28 13:00:00,2.808,9.288,0.0,0.0,88.0,2.0,0.0,0.0,5.555555555555555,-10.096,28.806464588856358
2017-11-28 14:00:00,0.9,8.964,18.47999999972965,0.0,68.75000000022001,2.0,0.0,0.0,5.555555555555555,-26.343999999729654,22.905231458234528
2017-11-28 15:00:00,0.0,7.668,22.0,0.0,45.833333333480006,2.0,0.0,0.0,5.555555555555555,-27.668,17.074813125180157
2017-11-28 16:00:00,0.0,6.75,22.0,0.0,22.916666666740003,2.0,0.0,0.0,5.555555555555555,-26.75,11.314359812122438
2017-11-28 17:00:00,0.0,5.832,22.0,0.0,0.0,2.0,0.0,0.0,5.555555555555555,-25.832,5.623031938821413
2017-11-28 18:00:00,0.0,5.562,0.0,0.0,0.0,2.0,0.0,0.0,5.555555555555555,-3.5620000000000003,0.0
2017-11-28 19:00:00,0.0,5.184,0.0,0.0,0.0,2.0,5.555555555555555,0.0,0.0,2.371555555555555,0.0
2017-11-28 20:00:00,0.0,5.13,0.0,0.0,0.0,2.0,5.555555555555555,0.0,0.0,2.4255555555555555,0.0
2017-11-28 21:00:00,0.0,4.86,0.0,0.0,0.0,2.0,5.555555555555555,0.0,0.0,2.695555555555555,0.0
2017-11-28 22:00:00,0.0,4.482,0.0,3.66666666666667,3.520000000000003,2.0,5.555555555555555,0.0,0.0,6.740222222222225,0.0
2017-11-28 23:00:00,0.0,3.942,0.0,22.0,24.64,2.0,5.555555555555555,0.0,0.0,25.613555555555557,0.0
2017-11-29 00:00:00,0.0,2.916,0.0,22.0,45.76,2.0,5.555555555555555,23.47948287597725,0.0,50.119038431532815,23.009893218457705
2017-11-29 01:00:00,0.0,2.43,0.0,22.0,66.88,2.0,5.555555555555555,24.0,0.0,51.12555555555556,46.25377449983621
2017-11-29 02:00:00,0.0,1.944,0.0,22.0,88.0,2.0,5.555555555555555,24.0,0.0,51.611555555555555,69.21872920583817
2017-11-29 03:00:00,0.0,1.566,0.0,0.0,88.0,2.0,5.555555555555555,24.0,0.0,29.989555555555558,91.9081044553681
2017-11-29 04:00:00,0.0,1.458,0.0,0.0,88.0,2.0,0.0,0.0,5.555555555555555,0.542,85.24965164634813
2017-11-29 05:00:00,0.0,1.458,0.0,0.0,88.0,2.0,0.0,0.0,5.555555555555555,0.542,78.6711002710364
2017-11-29 06:00:00,0.0,1.728,22.0,0.0,65.08333333326,2.0,0.0,0.0,5.555555555555555,-21.728,72.1714915122284
2017-11-29 07:00:00,0.036,1.728,22.0,0.0,42.16666666652,2.0,0.0,0.0,5.555555555555555,-21.764000000000003,65.74987805852611
2017-11-29 08:00:00,2.232,1.62,22.0,0.0,19.249999999779998,2.0,0.0,0.0,5.555555555555555,-23.852,59.40532396626824
2017-11-29 09:00:00,5.976,1.404,0.0,0.0,19.249999999779998,2.0,0.0,0.0,5.555555555555555,-5.38,53.136904523117465
2017-11-29 10:00:00,8.496,1.296,0.0,22.0,40.36999999977999,2.0,0.0,0.0,5.555555555555555,14.208,46.9437061132845
2017-11-29 11:00:00,9.108,1.296,0.0,22.0,61.48999999977999,2.0,0.0,0.0,5.555555555555555,13.596,40.824826084369526
2017-11-29 12:00:00,7.344,1.836,0.0,22.0,82.60999999977999,2.0,0.0,0.0,5.555555555555555,14.82,34.779372615801535
2017-11-29 13:00:00,3.384,1.566,0.0,5.614583333562514,88.0,2.0,0.0,0.0,5.555555555555555,2.6645833335625144,28.806464588856358
2017-11-29 14:00:00,1.008,1.134,18.47999999972965,0.0,68.75000000022001,2.0,0.0,0.0,5.555555555555555,-18.621999999729653,22.905231458234528
2017-11-29 15:00:00,0.0,0.756,22.0,0.0,45.833333333480006,2.0,0.0,0.0,5.555555555555555,-20.756,17.074813125180157
2017-11-29 16:00:00,0.0,0.54,22.0,0.0,22.916666666740003,2.0,0.0,0.0,5.555555555555555,-20.54,11.314359812122438
2017-11-29 17:00:00,0.0,0.378,22.0,0.0,0.0,2.0,0.0,0.0,5.555555555555555,-20.378,5.623031938821413
2017-11-29 18:00:00,0.0,0.378,0.0,0.0,0.0,2.0,0.0,0.0,5.555555555555555,1.6219999999999999,0.0
2017-11-29 19:00:00,0.0,0.486,0.0,0.0,0.0,2.0,5.555555555555555,0.0,0.0,7.069555555555556,0.0
2017-11-29 20:00:00,0.0,0.648,0.0,0.0,0.0,2.0,5.555555555555555,0.0,0.0,6.907555555555556,0.0
2017-11-29 21:00:00,0.0,0.81,0.0,0.0,0.0,2.0,5.555555555555555,0.0,0.0,6.745555555555555,0.0
2017-11-29 22:00:00,0.0,1.026,0.0,0.0,0.0,2.0,5.555555555555555,0.0,0.0,6.529555555555556,0.0
2017-11-29 23:00:00,0.0,1.08,0.0,22.0,21.119999999999997,2.0,5.555555555555555,0.0,0.0,28.47555555555556,0.0
2017-11-30 00:00:00,0.0,1.404,0.0,22.0,42.239999999999995,2.0,5.555555555555555,23.47948287597725,0.0,51.631038431532815,23.009893218457705
2017-11-30 01:00:00,0.0,1.026,0.0,22.0,63.35999999999999,2.0,5.555555555555555,24.0,0.0,52.529555555555554,46.25377449983621
2017-11-30 02:00:00,0.0,0.81,0.0,22.0,84.47999999999999,2.0,5.555555555555555,24.0,0.0,52.745555555555555,69.21872920583817
2017-11-30 03:00:00,0.0,0.81,0.0,3.6666666666666776,88.0,2.0,5.555555555555555,24.0,0.0,34.41222222222223,91.9081044553681
2017-11-30 04:00:00,0.0,1.188,0.0,0.0,88.0,2.0,0.0,0.0,5.555555555555555,0.812,85.24965164634813
2017-11-30 05:00:00,0.0,1.944,0.0,0.0,88.0,2.0,0.0,0.0,5.555555555555555,0.05600000000000005,78.6711002710364
2017-11-30 06:00:00,0.0,2.322,22.0,0.0,65.08333333326,2.0,0.0,0.0,5.555555555555555,-22.322,72.1714915122284
2017-11-30 07:00:00,0.072,3.024,22.0,0.0,42.16666666652,2.0,0.0,0.0,5.555555555555555,-23.096,65.74987805852611
2017-11-30 08:00:00,3.06,3.672,15.030399999599886,0.0,26.510000000220018,2.0,0.0,0.0,5.555555555555555,-19.762399999599886,59.40532396626824
2017-11-30 09:00:00,7.992,4.482,0.0,0.0,26.510000000220018,2.0,0.0,0.0,5.555555555555555,-10.474,53.136904523117465
2017-11-30 10:00:00,10.872,5.562,0.0,22.0,47.630000000220015,2.0,0.0,0.0,5.555555555555555,7.565999999999999,46.9437061132845
2017-11-30 11:00:00,11.52,6.48,0.0,22.0,68.75000000022001,2.0,0.0,0.0,5.555555555555555,6.0,40.824826084369526
2017-11-30 12:00:00,10.404,5.67,0.0,0.0,68.75000000022001,2.0,0.0,0.0,5.555555555555555,-14.074,34.779372615801535
2017-11-30 13:00:00,7.02,5.94,0.0,0.0,68.75000000022001,2.0,0.0,0.0,5.555555555555555,-10.96,28.806464588856358
2017-11-30 14:00:00,2.772,6.696,22.0,0.0,45.833333333480006,2.0,0.0,0.0,5.555555555555555,-29.467999999999996,22.905231458234528
2017-11-30 15:00:00,0.0,7.128,22.0,0.0,22.916666666740003,2.0,0.0,0.0,5.555555555555555,-27.128,17.074813125180157
2017-11-30 16:00:00,0.0,7.128,22.0,0.0,0.0,2.0,0.0,0.0,5.555555555555555,-27.128,11.314359812122438
2017-11-30 17:00:00,0.0,6.858,0.0,0.0,0.0,2.0,0.0,0.0,5.555555555555555,-4.858,5.623031938821413
2017-11-30 18:00:00,0.0,5.13,0.0,0.0,0.0,2.0,0.0,0.0,5.555555555555555,-3.13,0.0
2017-11-30 19:00:00,0.0,4.698,0.0,0.0,0.0,2.0,5.555555555555555,0.0,0.0,2.857555555555555,0.0
2017-11-30 20:00:00,0.0,5.022,0.0,0.0,0.0,2.0,5.555555555555555,0.0,0.0,2.533555555555555,0.0
2017-11-30 21:00:00,0.0,5.292,0.0,0.0,0.0,2.0,5.555555555555555,0.0,0.0,2.2635555555555555,0.0
2017-11-30 22:00:00,0.0,5.454,0.0,3.66666666666667,3.520000000000003,2.0,5.555555555555555,0.0,0.0,5.768222222222225,0.0
2017-11-30 23:00:00,0.0,5.454,0.0,0.0,3.520000000000003,2.0,5.555555555555555,0.0,0.0,2.1015555555555556,0.0
2017-12-01 00:00:00,0.0,4.428,0.0,22.0,24.64,2.0,5.555555555555555,24.0,0.0,49.12755555555556,23.52
2017-12-01 01:00:00,0.0,5.346,0.0,22.0,45.76,2.0,5.555555555555555,24.0,0.0,48.20955555555555,46.75776
2017-12-01 02:00:00,0.0,5.994,0.0,22.0,66.88,2.0,5.555555555555555,24.0,0.0,47.56155555555556,69.71666687999999
2017-12-01 03:00:00,0.0,7.02,0.0,22.0,88.0,2.0,5.555555555555555,24.0,0.0,46.53555555555556,92.40006687743998
2017-12-01 04:00:00,0.0,8.208,0.0,0.0,88.0,2.0,5.555555555555555,7.506288863207342,0.0,6.853844418762897,98.6474291608539
2017-12-01 05:00:00,0.0,8.91,0.0,0.0,88.0,2.0,0.0,0.0,5.555555555555555,-6.91,91.9081044553681
2017-12-01 06:00:00,0.0,8.478,0.0,0.0,88.0,2.0,0.0,0.0,5.555555555555555,-6.478,85.24965164634813
2017-12-01 07:00:00,0.036,7.992,22.0,0.0,65.08333333326,2.0,0.0,0.0,5.555555555555555,-28.028000000000002,78.6711002710364
2017-12-01 08:00:00,1.188,7.614,22.0,0.0,42.16666666652,2.0,0.0,0.0,5.555555555555555,-28.802,72.1714915122284
2017-12-01 09:00:00,2.916,7.398,0.0,0.0,42.16666666652,2.0,0.0,0.0,5.555555555555555,-8.314,65.74987805852611
2017-12-01 10:00:00,3.636,6.858,22.0,0.0,19.249999999779998,2.0,0.0,0.0,5.555555555555555,-30.494,59.40532396626824
2017-12-01 11:00:00,3.636,5.94,18.47999999972966,0.0,0.0,2.0,0.0,0.0,5.555555555555555,-26.05599999972966,53.136904523117465
2017-12-01 12:00:00,2.952,4.104,0.0,22.0,21.119999999999997,2.0,0.0,0.0,5.555555555555555,16.944000000000003,46.9437061132845
2017-12-01 13:00:00,2.16,3.24,0.0,22.0,42.239999999999995,2.0,0.0,0.0,5.555555555555555,18.599999999999998,40.824826084369526
2017-12-01 14:00:00,0.72,3.078,0.0,22.0,63.35999999999999,2.0,0.0,0.0,5.555555555555555,20.202,34.779372615801535
2017-12-01 15:00:00,0.0,2.808,0.0,5.614583333562521,68.75000000022001,2.0,0.0,0.0,5.555555555555555,4.806583333562521,28.806464588856358
2017-12-01 16:00:00,0.0,2.322,22.0,0.0,45.833333333480006,2.0,0.0,0.0,5.555555555555555,-22.322,22.905231458234528
2017-12-01 17:00:00,0.0,1.728,22.0,0.0,22.916666666740003,2.0,0.0,0.0,5.555555555555555,-21.728,17.074813125180157
2017-12-01 18:00:00,0.0,1.296,22.0,0.0,0.0,2.0,0.0,0.0,5.555555555555555,-21.296,11.314359812122438
2017-12-01 19:00:00,0.0,1.134,0.0,0.0,0.0,2.0,0.0,0.0,5.555555555555555,0.8660000000000001,5.623031938821413
2017-12-01 20:00:00,0.0,1.188,0.0,0.0,0.0,2.0,0.0,0.0,5.555555555555555,0.812,0.0
2017-12-01 21:00:00,0.0,1.404,0.0,0.0,0.0,2.0,5.555555555555555,0.0,0.0,6.151555555555555,0.0
2017-12-01 22:00:00,0.0,1.944,0.0,0.0,0.0,2.0,5.555555555555555,0.0,0.0,5.611555555555555,0.0
2017-12-01 23:00:00,0.0,2.646,0.0,0.0,0.0,2.0,5.555555555555555,0.0,0.0,4.9095555555555555,0.0
2017-12-02 00:00:00,0.0,4.05,0.0,0.0,0.0,2.0,5.555555555555555,0.0,0.0,3.5055555555555555,0.0
2017-12-02 01:00:00,0.0,5.076,0.0,0.0,0.0,2.0,5.555555555555555,0.0,0.0,2.4795555555555557,0.0
2017-12-02 02:00:00,0.0,5.832,0.0,0.0,0.0,2.0,5.555555555555555,0.0,0.0,1.7235555555555555,0.0
2017-12-02 03:00:00,0.0,5.832,0.0,0.0,0.0,2.0,5.555555555555555,0.0,0.0,1.7235555555555555,0.0
2017-12-02 04:00:00,0.0,5.994,0.0,0.0,0.0,2.0,5.555555555555555,0.0,0.0,1.5615555555555556,0.0
2017-12-02 05:00:00,0.0,6.372,0.0,0.0,0.0,2.0,5.555555555555555,0.0,0.0,1.1835555555555555,0.0
2017-12-02 06:00:00,0.0,8.046,0.0,0.0,0.0,2.0,5.555555555555555,0.0,0.0,-0.490444444444444,0.0
2017-12-02 07:00:00,0.0,9.126,0.0,0.0,0.0,2.0,5.555555555555555,0.0,0.0,-1.570444444444444,0.0
2017-12-02 08:00:00,1.62,12.042,0.0,0.0,0.0,2.0,5.555555555555555,0.0,0.0,-6.106444444444445,0.0
2017-12-02 09:00:00,2.484,14.202,0.0,0.0,0.0,2.0,5.555555555555555,0.0,0.0,-9.130444444444445,0.0
2017-12-02 10:00:00,2.448,15.822,0.0,0.0,0.0,2.0,5.555555555555555,0.0,0.0,-10.714444444444444,0.0
2017-12-02 11:00:00,1.98,16.47,0.0,0.0,0.0,2.0,5.555555555555555,0.0,0.0,-10.894444444444444,0.0
2017-12-02 12:00:00,1.296,16.794,0.0,0.0,0.0,2.0,5.555555555555555,0.0,0.0,-10.534444444444444,0.0
2017-12-02 13:00:00,0.648,15.39,0.0,0.0,0.0,2.0,5.555555555555555,0.0,0.0,-8.482444444444445,0.0
2017-12-02 14:00:00,0.144,15.336,0.0,0.0,0.0,2.0,5.555555555555555,0.0,0.0,-7.924444444444445,0.0
2017-12-02 15:00:00,0.0,15.984,0.0,0.0,0.0,2.0,5.555555555555555,0.0,0.0,-8.428444444444445,0.0
2017-12-02 16:00:00,0.0,16.578,0.0,0.0,0.0,2.0,5.555555555555555,0.0,0.0,-9.022444444444444,0.0
2017-12-02 17:00:00,0.0,16.794,0.0,0.0,0.0,2.0,5.555555555555555,0.0,0.0,-9.238444444444445,0.0
2017-12-02 18:00:00,0.0,17.604,0.0,0.0,0.0,2.0,5.555555555555555,0.0,0.0,-10.048444444444444,0.0
2017-12-02 19:00:00,0.0,17.442,0.0,0.0,0.0,2.0,5.555555555555555,0.0,0.0,-9.886444444444445,0.0
2017-12-02 20:00:00,0.0,16.308,0.0,0.0,0.0,2.0,5.555555555555555,0.0,0.0,-8.752444444444444,0.0
2017-12-02 21:00:00,0.0,14.58,0.0,0.0,0.0,2.0,5.555555555555555,0.0,0.0,-7.024444444444445,0.0
2017-12-02 22:00:00,0.0,13.554,0.0,22.0,21.119999999999997,2.0,5.555555555555555,0.0,0.0,16.001555555555555,0.0
2017-12-02 23:00:00,0.0,13.77,0.0,0.0,21.119999999999997,2.0,5.555555555555555,0.0,0.0,-6.214444444444444,0.0
2017-12-03 00:00:00,0.0,20.79,0.0,22.0,42.239999999999995,2.0,5.555555555555555,0.0,0.0,8.765555555555558,0.0
2017-12-03 01:00:00,0.0,20.412,0.0,0.0,42.239999999999995,2.0,5.555555555555555,0.0,0.0,-12.856444444444444,0.0
2017-12-03 02:00:00,0.0,19.926,0.0,22.0,63.35999999999999,2.0,5.555555555555555,0.0,0.0,9.629555555555559,0.0
2017-12-03 03:00:00,0.0,18.522,0.0,3.66666666666667,66.88,2.0,5.555555555555555,0.0,0.0,-7.2997777777777735,0.0
2017-12-03 04:00:00,0.0,17.928,0.0,0.0,66.88,2.0,5.555555555555555,0.0,0.0,-10.372444444444445,0.0
2017-12-03 05:00:00,0.0,17.064,0.0,0.0,66.88,2.0,5.555555555555555,0.0,0.0,-9.508444444444445,0.0
2017-12-03 06:00:00,0.0,17.388,0.0,22.0,88.0,2.0,5.555555555555555,0.0,0.0,12.167555555555555,0.0
2017-12-03 07:00:00,0.0,16.254,0.0,0.0,88.0,2.0,5.555555555555555,0.0,0.0,-8.698444444444446,0.0
2017-12-03 08:00:00,0.684,15.498,0.0,0.0,88.0,2.0,5.555555555555555,0.0,0.0,-8.626444444444443,0.0
2017-12-03 09:00:00,1.764,15.984,0.0,0.0,88.0,2.0,5.555555555555555,0.0,0.0,-10.192444444444444,0.0
2017-12-03 10:00:00,2.664,16.902,0.0,0.0,88.0,2.0,5.555555555555555,0.0,0.0,-12.010444444444445,0.0
2017-12-03 11:00:00,2.304,18.414,0.0,0.0,88.0,2.0,5.555555555555555,0.0,0.0,-13.162444444444446,0.0
2017-12-03 12:00:00,2.808,19.71,0.0,0.0,88.0,2.0,5.555555555555555,0.0,0.0,-14.962444444444445,0.0
2017-12-03 13:00:00,2.772,23.598,0.0,0.0,88.0,2.0,5.555555555555555,0.0,0.0,-18.81444444444444,0.0
2017-12-03 14:00:00,1.332,24.462,0.0,0.0,88.0,2.0,5.555555555555555,0.0,0.0,-18.238444444444447,0.0
2017-12-03 15:00:00,0.0,22.788,22.0,0.0,65.08333333326,2.0,5.555555555555555,0.0,0.0,-37.23244444444445,0.0
2017-12-03 16:00:00,0.0,22.194,22.0,0.0,42.16666666652,2.0,5.555555555555555,0.0,0.0,-36.638444444444445,0.0
2017-12-03 17:00:00,0.0,22.302,22.0,0.0,19.249999999779998,2.0,5.555555555555555,0.0,0.0,-36.74644444444444,0.0
2017-12-03 18:00:00,0.0,19.062,18.47999999972966,0.0,0.0,2.0,5.555555555555555,0.0,0.0,-29.986444444174104,0.0
2017-12-03 19:00:00,0.0,20.52,0.0,0.0,0.0,2.0,5.555555555555555,0.0,0.0,-12.964444444444444,0.0
2017-12-03 20:00:00,0.0,21.006,0.0,0.0,0.0,2.0,5.555555555555555,0.0,0.0,-13.450444444444445,0.0
2017-12-03 21:00:00,0.0,21.546,0.0,0.0,0.0,2.0,5.555555555555555,0.0,0.0,-13.990444444444444,0.0
2017-12-03 22:00:00,0.0,22.464,0.0,0.0,0.0,2.0,5.555555555555555,0.0,0.0,-14.908444444444443,0.0
2017-12-03 23:00:00,0.0,23.22,0.0,22.0,21.119999999999997,2.0,5.555555555555555,24.0,0.0,30.33555555555556,23.52
2017-12-04 00:00:00,0.0,22.464,0.0,3.66666666666667,24.64,2.0,5.555555555555555,8.329051824771653,0.0,-2.9127259530061202,31.400230788276218
2017-12-04 01:00:00,0.0,21.978,0.0,22.0,45.76,2.0,5.555555555555555,24.0,0.0,31.577555555555556,54.543428018816904
2017-12-04 02:00:00,0.0,21.114,0.0,22.0,66.88,2.0,5.555555555555555,24.0,0.0,32.44155555555555,77.4089068825911
2017-12-04 03:00:00,0.0,20.088,0.0,22.0,88.0,2.0,5.555555555555555,24.0,0.0,33.467555555555556,100.0
2017-12-04 04:00:00,0.0,19.278,0.0,0.0,88.0,2.0,5.555555555555555,1.2244897959183703,0.0,-10.497954648526072,100.0
2017-12-04 05:00:00,0.0,18.792,0.0,0.0,88.0,2.0,0.0,0.0,5.555555555555555,-16.792,93.24444444444444
2017-12-04 06:00:00,0.0,17.55,16.75519999966476,0.0,70.54666666696002,2.0,0.0,0.0,5.555555555555555,-32.305199999664765,86.56995555555555
2017-12-04 07:00:00,0.0,19.602,22.0,0.0,47.630000000220015,2.0,0.0,0.0,5.555555555555555,-39.602000000000004,79.97556053333332
2017-12-04 08:00:00,2.952,20.79,0.0,0.0,47.630000000220015,2.0,0.0,0.0,5.555555555555555,-21.741999999999997,73.46029825137776
2017-12-04 09:00:00,8.964,21.006,0.0,0.0,47.630000000220015,2.0,0.0,0.0,5.555555555555555,-27.97,67.02321911680568
2017-12-04 10:00:00,12.996,21.6,0.0,0.0,47.630000000220015,2.0,0.0,0.0,5.555555555555555,-32.596000000000004,60.663384931848455
2017-12-04 11:00:00,14.328,22.302,0.0,0.0,47.630000000220015,2.0,0.0,0.0,5.555555555555555,-34.629999999999995,54.379868757110714
2017-12-04 12:00:00,12.924,21.762,0.0,0.0,47.630000000220015,2.0,0.0,0.0,5.555555555555555,-32.686,48.171754776469825
2017-12-04 13:00:00,7.704,21.816,0.0,22.0,68.75000000022001,2.0,0.0,0.0,5.555555555555555,-5.519999999999999,42.03813816359663
2017-12-04 14:00:00,1.728,19.008,0.0,0.0,68.75000000022001,2.0,0.0,0.0,5.555555555555555,-18.736,35.97812495007791
2017-12-04 15:00:00,0.0,14.634,22.0,0.0,45.833333333480006,2.0,0.0,0.0,5.555555555555555,-34.634,29.990831895121417
2017-12-04 16:00:00,0.0,11.124,22.0,0.0,22.916666666740003,2.0,0.0,0.0,5.555555555555555,-31.124000000000002,24.075386356824403
2017-12-04 17:00:00,0.0,8.262,22.0,0.0,0.0,2.0,0.0,0.0,5.555555555555555,-28.262,18.230926164986954
2017-12-04 18:00:00,0.0,4.266,0.0,0.0,0.0,2.0,0.0,0.0,5.555555555555555,-2.266,12.456599495451554
2017-12-04 19:00:00,0.0,3.618,0.0,0.0,0.0,2.0,0.0,0.0,5.555555555555555,-1.6179999999999999,6.75156474595058
2017-12-04 20:00:00,0.0,7.236,0.0,0.0,0.0,2.0,0.0,0.0,5.555555555555555,-5.236,1.1149904134436168
2017-12-04 21:00:00,0.0,13.014,0.0,0.0,0.0,2.0,4.453945027073262,0.0,1.1016105284822935,-6.560054972926737,0.0
2017-12-04 22:00:00,0.0,18.144,0.0,0.0,0.0,2.0,5.555555555555555,0.0,0.0,-10.588444444444443,0.0
2017-12-04 23:00:00,0.0,20.844,0.0,22.0,21.119999999999997,2.0,5.555555555555555,24.0,0.0,32.711555555555556,23.52
2017-12-05 00:00:00,0.0,23.922,0.0,22.0,42.239999999999995,2.0,0.0,0.0,5.555555555555555,0.0779999999999994,17.682204444444444
2017-12-05 01:00:00,0.0,24.246,0.0,22.0,63.35999999999999,2.0,5.555555555555555,24.0,0.0,29.30955555555556,40.99001799111111
2017-12-05 02:00:00,0.0,26.46,0.0,22.0,84.47999999999999,2.0,5.555555555555555,0.0,0.0,3.0955555555555563,40.49813777521778
2017-12-05 03:00:00,0.0,27.702,0.0,3.6666666666666776,88.0,2.0,5.555555555555555,0.8292509820962863,0.0,-15.650526795681483,40.824826084369526
2017-12-05 04:00:00,0.0,28.62,0.0,0.0,88.0,2.0,0.0,0.0,5.555555555555555,-26.62,34.779372615801535
2017-12-05 05:00:00,0.0,29.214,0.0,0.0,88.0,2.0,0.0,0.0,5.555555555555555,-27.214,28.806464588856358
2017-12-05 06:00:00,0.0,31.86,22.0,0.0,65.08333333326,2.0,0.0,0.0,5.555555555555555,-51.86,22.905231458234528
2017-12-05 07:00:00,0.0,33.264,22.0,0.0,42.16666666652,2.0,0.0,0.0,5.555555555555555,-53.264,17.074813125180157
2017-12-05 08:00:00,0.36,33.75,22.0,0.0,19.249999999779998,2.0,0.0,0.0,5.555555555555555,-54.11,11.314359812122438
2017-12-05 09:00:00,1.008,35.424,18.47999999972966,0.0,0.0,2.0,0.0,0.0,5.555555555555555,-52.911999999729666,5.623031938821413
2017-12-05 10:00:00,1.656,37.098,0.0,0.0,0.0,2.0,0.0,0.0,5.555555555555555,-36.754,0.0
2017-12-05 11:00:00,1.332,38.232,0.0,0.0,0.0,2.0,5.555555555555555,0.0,0.0,-32.00844444444444,0.0
2017-12-05 12:00:00,0.792,41.094,0.0,0.0,0.0,2.0,5.555555555555555,0.0,0.0,-34.330444444444446,0.0
2017-12-05 13:00:00,0.324,41.58,0.0,0.0,0.0,2.0,5.555555555555555,0.0,0.0,-34.34844444444444,0.0
2017-12-05 14:00:00,0.036,40.284,0.0,0.0,0.0,2.0,5.555555555555555,0.0,0.0,-32.76444444444444,0.0
2017-12-05 15:00:00,0.0,38.286,0.0,0.0,0.0,2.0,5.555555555555555,0.0,0.0,-30.730444444444444,0.0
2017-12-05 16:00:00,0.0,36.666,0.0,0.0,0.0,2.0,5.555555555555555,0.0,0.0,-29.11044444444444,0.0
2017-12-05 17:00:00,0.0,35.91,0.0,0.0,0.0,2.0,5.555555555555555,0.0,0.0,-28.35444444444444,0.0
2017-12-05 18:00:00,0.0,33.21,0.0,0.0,0.0,2.0,5.555555555555555,0.0,0.0,-25.654444444444444,0.0
2017-12-05 19:00:00,0.0,34.074,0.0,0.0,0.0,2.0,5.555555555555555,0.0,0.0,-26.51844444444444,0.0
2017-12-05 20:00:00,0.0,33.966,0.0,0.0,0.0,2.0,5.555555555555555,0.0,0.0,-26.410444444444444,0.0
2017-12-05 21:00:00,0.0,33.912,0.0,0.0,0.0,2.0,5.555555555555555,0.0,0.0,-26.356444444444442,0.0
2017-12-05 22:00:00,0.0,34.344,0.0,3.66666666666667,3.520000000000003,2.0,5.555555555555555,5.737787692674911,0.0,-17.383990085102866,5.623031938821413
2017-12-05 23:00:00,0.0,35.532,0.0,0.0,3.520000000000003,2.0,0.0,0.0,5.555555555555555,-33.532,0.0
2017-12-06 00:00:00,0.0,35.154,0.0,22.0,24.64,2.0,5.555555555555555,24.0,0.0,18.401555555555554,23.52
2017-12-06 01:00:00,0.0,36.828,0.0,22.0,45.76,2.0,5.555555555555555,24.0,0.0,16.727555555555554,46.75776
2017-12-06 02:00:00,0.0,37.26,0.0,22.0,66.88,2.0,5.555555555555555,24.0,0.0,16.29555555555556,69.71666687999999
2017-12-06 03:00:00,0.0,38.34,0.0,0.0,66.88,2.0,5.555555555555555,8.70289796443991,0.0,-22.08154648000454,77.4089068825911
2017-12-06 04:00:00,0.0,39.15,0.0,22.0,88.0,2.0,5.555555555555555,24.0,0.0,14.405555555555559,100.0
2017-12-06 05:00:00,0.0,40.284,0.0,0.0,88.0,2.0,0.0,0.0,5.555555555555555,-38.284,93.24444444444444
2017-12-06 06:00:00,0.0,38.556,0.0,0.0,88.0,2.0,0.0,0.0,5.555555555555555,-36.556,86.56995555555555
2017-12-06 07:00:00,0.0,40.608,0.0,0.0,88.0,2.0,0.0,0.0,5.555555555555555,-38.608,79.97556053333332
2017-12-06 08:00:00,0.072,42.012,0.0,0.0,88.0,2.0,0.0,0.0,5.555555555555555,-40.084,73.46029825137776
2017-12-06 09:00:00,0.18,41.742,0.0,0.0,88.0,2.0,0.0,0.0,5.555555555555555,-39.922,67.02321911680568
2017-12-06 10:00:00,0.324,41.256,0.0,0.0,88.0,2.0,0.0,0.0,5.555555555555555,-39.58,60.663384931848455
2017-12-06 11:00:00,0.432,40.662,0.0,0.0,88.0,2.0,0.0,0.0,5.555555555555555,-39.094,54.379868757110714
2017-12-06 12:00:00,0.36,37.962,0.0,0.0,88.0,2.0,0.0,0.0,5.555555555555555,-36.322,48.171754776469825
2017-12-06 13:00:00,0.18,37.314,0.0,0.0,88.0,2.0,0.0,0.0,5.555555555555555,-35.494,42.03813816359663
2017-12-06 14:00:00,0.0,36.936,0.0,0.0,88.0,2.0,0.0,0.0,5.555555555555555,-34.936,35.97812495007791
2017-12-06 15:00:00,0.0,37.476,22.0,0.0,65.08333333326,2.0,0.0,0.0,5.555555555555555,-57.476,29.990831895121417
2017-12-06 16:00:00,0.0,37.584,22.0,0.0,42.16666666652,2.0,0.0,0.0,5.555555555555555,-57.584,24.075386356824403
2017-12-06 17:00:00,0.0,37.26,22.0,0.0,19.249999999779998,2.0,0.0,0.0,5.555555555555555,-57.26,18.230926164986954
2017-12-06 18:00:00,0.0,33.696,18.47999999972966,0.0,0.0,2.0,0.0,0.0,5.555555555555555,-50.175999999729655,12.456599495451554
2017-12-06 19:00:00,0.0,36.774,0.0,0.0,0.0,2.0,0.0,0.0,5.555555555555555,-34.774,6.75156474595058
2017-12-06 20:00:00,0.0,38.124,0.0,0.0,0.0,2.0,0.0,0.0,5.555555555555555,-36.124,1.1149904134436168
2017-12-06 21:00:00,0.0,39.744,0.0,0.0,0.0,2.0,4.453945027073262,0.0,1.1016105284822935,-33.29005497292674,0.0
2017-12-06 22:00:00,0.0,40.878,0.0,0.0,0.0,2.0,5.555555555555555,0.0,0.0,-33.32244444444444,0.0
2017-12-06 23:00:00,0.0,41.634,0.0,3.66666666666667,3.520000000000003,2.0,5.555555555555555,0.0,0.0,-30.411777777777775,0.0
2017-12-07 00:00:00,0.0,41.202,0.0,22.0,24.64,2.0,5.555555555555555,0.0,0.0,-11.646444444444441,0.0
2017-12-07 01:00:00,0.0,42.39,0.0,22.0,45.76,2.0,5.555555555555555,0.0,0.0,-12.834444444444443,0.0
2017-12-07 02:00:00,0.0,42.93,0.0,22.0,66.88,2.0,5.555555555555555,5.82122271025791,0.0,-7.553221734186529,5.704798256052752
2017-12-07 03:00:00,0.0,43.308,0.0,22.0,88.0,2.0,5.555555555555555,24.0,0.0,10.247555555555557,29.15634067698012
2017-12-07 04:00:00,0.0,43.956,0.0,0.0,88.0,2.0,5.555555555555555,0.0,0.0,-36.400444444444446,28.806464588856358
2017-12-07 05:00:00,0.0,44.874,0.0,0.0,88.0,2.0,0.0,0.0,5.555555555555555,-42.874,22.905231458234528
2017-12-07 06:00:00,0.0,45.576,22.0,0.0,65.08333333326,2.0,0.0,0.0,5.555555555555555,-65.576,17.074813125180157
2017-12-07 07:00:00,0.0,46.008,22.0,0.0,42.16666666652,2.0,0.0,0.0,5.555555555555555,-66.00800000000001,11.314359812122438
2017-12-07 08:00:00,0.072,46.44,22.0,0.0,19.249999999779998,2.0,0.0,0.0,5.555555555555555,-66.512,5.623031938821413
2017-12-07 09:00:00,0.18,45.252,18.47999999972966,0.0,0.0,2.0,0.0,0.0,5.555555555555555,-61.911999999729666,0.0
2017-12-07 10:00:00,0.288,44.496,0.0,0.0,0.0,2.0,5.555555555555555,0.0,0.0,-37.22844444444444,0.0
2017-12-07 11:00:00,0.252,44.82,0.0,0.0,0.0,2.0,5.555555555555555,0.0,0.0,-37.516444444444446,0.0
2017-12-07 12:00:00,0.216,45.846,0.0,0.0,0.0,2.0,5.555555555555555,0.0,0.0,-38.50644444444444,0.0
2017-12-07 13:00:00,0.108,45.954,0.0,0.0,0.0,2.0,5.555555555555555,0.0,0.0,-38.50644444444444,0.0
2017-12-07 14:00:00,0.0,45.09,0.0,0.0,0.0,2.0,5.555555555555555,0.0,0.0,-37.534444444444446,0.0
2017-12-07 15:00:00,0.0,42.336,0.0,0.0,0.0,2.0,5.555555555555555,0.0,0.0,-34.78044444444444,0.0
2017-12-07 16:00:00,0.0,39.366,0.0,0.0,0.0,2.0,5.555555555555555,0.0,0.0,-31.810444444444443,0.0
2017-12-07 17:00:00,0.0,35.91,0.0,0.0,0.0,2.0,5.555555555555555,0.0,0.0,-28.35444444444444,0.0
2017-12-07 18:00:00,0.0,33.966,0.0,0.0,0.0,2.0,5.555555555555555,0.0,0.0,-26.410444444444444,0.0
2017-12-07 19:00:00,0.0,35.91,0.0,0.0,0.0,2.0,5.555555555555555,0.0,0.0,-28.35444444444444,0.0
2017-12-07 20:00:00,0.0,36.072,0.0,0.0,0.0,2.0,5.555555555555555,0.0,0.0,-28.516444444444446,0.0
2017-12-07 21:00:00,0.0,36.558,0.0,0.0,0.0,2.0,5.555555555555555,0.0,0.0,-29.002444444444443,0.0
2017-12-07 22:00:00,0.0,35.964,0.0,3.66666666666667,3.520000000000003,2.0,5.555555555555555,0.0,0.0,-24.741777777777774,0.0
2017-12-07 23:00:00,0.0,36.342,0.0,22.0,24.64,2.0,5.555555555555555,24.0,0.0,17.21355555555556,23.52
2017-12-08 00:00:00,0.0,36.72,0.0,22.0,45.76,2.0,5.555555555555555,24.0,0.0,16.83555555555556,46.75776
2017-12-08 01:00:00,0.0,36.666,0.0,22.0,66.88,2.0,5.555555555555555,24.0,0.0,16.88955555555556,69.71666687999999
2017-12-08 02:00:00,0.0,32.67,0.0,22.0,88.0,2.0,5.555555555555555,24.0,0.0,20.885555555555555,92.40006687743998
2017-12-08 03:00:00,0.0,30.024,0.0,0.0,88.0,2.0,0.0,0.0,5.555555555555555,-28.024,85.73571051935515
2017-12-08 04:00:00,0.0,28.188,0.0,0.0,88.0,2.0,5.555555555555555,7.348186185964503,0.0,-13.284258258479941,91.9081044553681
2017-12-08 05:00:00,0.0,27.594,0.0,0.0,88.0,2.0,0.0,0.0,5.555555555555555,-25.594,85.24965164634813
2017-12-08 06:00:00,0.0,27.108,22.0,0.0,65.08333333326,2.0,0.0,0.0,5.555555555555555,-47.108000000000004,78.6711002710364
2017-12-08 07:00:00,0.0,27.648,22.0,0.0,42.16666666652,2.0,0.0,0.0,5.555555555555555,-47.647999999999996,72.1714915122284
2017-12-08 08:00:00,1.62,26.892,22.0,0.0,19.249999999779998,2.0,0.0,0.0,5.555555555555555,-48.51199999999999,65.74987805852611
2017-12-08 09:00:00,7.524,26.082,18.47999999972966,0.0,0.0,2.0,0.0,0.0,5.555555555555555,-50.085999999729665,59.40532396626824
2017-12-08 10:00:00,12.744,26.352,0.0,0.0,0.0,2.0,0.0,0.0,5.555555555555555,-37.096000000000004,53.136904523117465
2017-12-08 11:00:00,14.22,28.296,0.0,0.0,0.0,2.0,0.0,0.0,5.555555555555555,-40.516,46.9437061132845
2017-12-08 12:00:00,12.6,33.696,0.0,0.0,0.0,2.0,0.0,0.0,5.555555555555555,-44.296,40.824826084369526
2017-12-08 13:00:00,7.488,32.508,0.0,0.0,0.0,2.0,0.0,0.0,5.555555555555555,-37.996,34.779372615801535
2017-12-08 14:00:00,2.016,31.806,0.0,0.0,0.0,2.0,0.0,0.0,5.555555555555555,-31.822000000000003,28.806464588856358
2017-12-08 15:00:00,0.0,30.618,0.0,0.0,0.0,2.0,0.0,0.0,5.555555555555555,-28.618,22.905231458234528
2017-12-08 16:00:00,0.0,29.97,0.0,0.0,0.0,2.0,0.0,0.0,5.555555555555555,-27.97,17.074813125180157
2017-12-08 17:00:00,0.0,29.646,0.0,0.0,0.0,2.0,0.0,0.0,5.555555555555555,-27.646,11.314359812122438
2017-12-08 18:00:00,0.0,31.428,0.0,0.0,0.0,2.0,0.0,0.0,5.555555555555555,-29.428,5.623031938821413
2017-12-08 19:00:00,0.0,32.832,0.0,0.0,0.0,2.0,0.0,0.0,5.555555555555555,-30.832,0.0
2017-12-08 20:00:00,0.0,32.508,0.0,0.0,0.0,2.0,5.555555555555555,0.0,0.0,-24.952444444444446,0.0
2017-12-08 21:00:00,0.0,31.05,0.0,0.0,0.0,2.0,5.555555555555555,0.0,0.0,-23.494444444444447,0.0
2017-12-08 22:00:00,0.0,29.646,0.0,22.0,21.119999999999997,2.0,5.555555555555555,24.0,0.0,23.909555555555556,23.52
2017-12-08 23:00:00,0.0,29.16,20.275199999935115,0.0,0.0,2.0,0.0,0.0,5.555555555555555,-47.435199999935115,17.682204444444444
2017-12-09 00:00:00,0.0,31.374,0.0,0.0,0.0,2.0,0.0,0.0,5.555555555555555,-29.374,11.914462435555555
2017-12-09 01:00:00,0.0,32.184,0.0,3.66666666666667,3.520000000000003,2.0,1.7600087626236505,0.0,3.795546792931905,-24.757324570709677,7.9759420933969825
2017-12-09 02:00:00,0.0,32.508,0.0,22.0,24.64,2.0,5.555555555555555,24.0,0.0,21.047555555555554,31.400230788276218
2017-12-09 03:00:00,0.0,33.426,0.0,22.0,45.76,2.0,5.555555555555555,24.0,0.0,20.129555555555555,54.543428018816904
2017-12-09 04:00:00,0.0,34.128,0.0,22.0,66.88,2.0,5.555555555555555,24.0,0.0,19.427555555555557,77.4089068825911
2017-12-09 05:00:00,0.0,34.668,0.0,22.0,88.0,2.0,5.555555555555555,24.0,0.0,18.887555555555558,100.0
2017-12-09 06:00:00,0.0,32.076,0.0,0.0,88.0,2.0,0.0,0.0,5.555555555555555,-30.076,93.24444444444444
2017-12-09 07:00:00,0.0,33.534,0.0,0.0,88.0,2.0,0.0,0.0,5.555555555555555,-31.534,86.56995555555555
2017-12-09 08:00:00,0.972,35.262,22.0,0.0,65.08333333326,2.0,0.0,0.0,5.555555555555555,-56.234,79.97556053333332
2017-12-09 09:00:00,4.212,36.288,22.0,0.0,42.16666666652,2.0,0.0,0.0,5.555555555555555,-60.5,73.46029825137776
2017-12-09 10:00:00,8.064,36.666,0.0,0.0,42.16666666652,2.0,0.0,0.0,5.555555555555555,-42.73,67.02321911680568
2017-12-09 11:00:00,10.764,36.342,0.0,3.74305555570833,45.76,2.0,0.0,0.0,5.555555555555555,-41.36294444429167,60.663384931848455
2017-12-09 12:00:00,10.836,35.64,0.0,22.0,66.88,2.0,5.555555555555555,0.0,0.0,-16.920444444444442,59.93542431266627
2017-12-09 13:00:00,7.056,33.318,0.0,22.0,88.0,2.0,5.555555555555555,0.0,0.0,-10.818444444444442,59.21619922091428
2017-12-09 14:00:00,2.268,30.996,0.0,0.0,88.0,2.0,0.0,0.0,5.555555555555555,-31.264,52.950049274707744
2017-12-09 15:00:00,0.0,27.972,18.47999999972965,0.0,68.75000000022001,2.0,0.0,0.0,5.555555555555555,-44.45199999972965,46.75909312785569
2017-12-09 16:00:00,0.0,25.056,22.0,0.0,45.833333333480006,2.0,0.0,0.0,5.555555555555555,-45.056,40.64242845476586
2017-12-09 17:00:00,0.0,22.248,22.0,0.0,22.916666666740003,2.0,0.0,0.0,5.555555555555555,-42.248000000000005,34.59916375775312
2017-12-09 18:00:00,0.0,21.114,22.0,0.0,0.0,2.0,0.0,0.0,5.555555555555555,-41.114000000000004,28.628418237104526
2017-12-09 19:00:00,0.0,18.252,0.0,0.0,0.0,2.0,0.0,0.0,5.555555555555555,-16.252,22.72932166270372
2017-12-09 20:00:00,0.0,16.254,0.0,0.0,0.0,2.0,0.0,0.0,5.555555555555555,-14.254000000000001,16.901014247195718
2017-12-09 21:00:00,0.0,15.39,0.0,0.0,0.0,2.0,0.0,0.0,5.555555555555555,-13.39,11.142646520673813
2017-12-09 22:00:00,0.0,14.85,0.0,22.0,21.119999999999997,2.0,5.555555555555555,24.0,0.0,38.705555555555556,34.52893476242573
2017-12-09 23:00:00,0.0,14.688,0.0,3.66666666666667,24.64,2.0,2.841198798555153,0.0,2.7143567570004024,-6.180134534778178,31.400230788276218
2017-12-10 00:00:00,0.0,15.768,0.0,22.0,45.76,2.0,5.555555555555555,24.0,0.0,37.78755555555556,54.543428018816904
2017-12-10 01:00:00,0.0,15.012,0.0,22.0,66.88,2.0,5.555555555555555,24.0,0.0,38.54355555555556,77.4089068825911
2017-12-10 02:00:00,0.0,13.446,0.0,22.0,88.0,2.0,5.555555555555555,24.0,0.0,40.10955555555556,100.0
2017-12-10 03:00:00,0.0,12.042,0.0,0.0,88.0,2.0,5.555555555555555,1.2244897959183703,0.0,-3.261954648526073,100.0
2017-12-10 04:00:00,0.0,10.206,0.0,0.0,88.0,2.0,5.555555555555555,1.2244897959183703,0.0,-1.4259546485260728,100.0
2017-12-10 05:00:00,0.0,8.694,0.0,0.0,88.0,2.0,0.0,0.0,5.555555555555555,-6.694000000000001,93.24444444444444
2017-12-10 06:00:00,0.0,9.288,0.0,0.0,88.0,2.0,0.0,0.0,5.555555555555555,-7.288,86.56995555555555
2017-12-10 07:00:00,0.0,9.018,0.0,0.0,88.0,2.0,0.0,0.0,5.555555555555555,-7.018000000000001,79.97556053333332
2017-12-10 08:00:00,0.684,9.558,0.0,0.0,88.0,2.0,0.0,0.0,5.555555555555555,-8.241999999999999,73.46029825137776
2017-12-10 09:00:00,3.672,10.854,0.0,0.0,88.0,2.0,0.0,0.0,5.555555555555555,-12.526,67.02321911680568
2017-12-10 10:00:00,5.832,12.798,22.0,0.0,65.08333333326,2.0,0.0,0.0,5.555555555555555,-38.63,60.663384931848455
2017-12-10 11:00:00,5.832,14.148,0.0,0.0,65.08333333326,2.0,0.0,0.0,5.555555555555555,-17.98,54.379868757110714
2017-12-10 12:00:00,4.392,11.88,0.0,0.0,65.08333333326,2.0,0.0,0.0,5.555555555555555,-14.272000000000002,48.171754776469825
2017-12-10 13:00:00,2.376,11.988,0.0,0.0,65.08333333326,2.0,0.0,0.0,5.555555555555555,-12.363999999999999,42.03813816359663
2017-12-10 14:00:00,0.396,12.96,0.0,0.0,65.08333333326,2.0,0.0,0.0,5.555555555555555,-11.356000000000002,35.97812495007791
2017-12-10 15:00:00,0.0,13.932,22.0,0.0,42.16666666652,2.0,0.0,0.0,5.555555555555555,-33.932,29.990831895121417
2017-12-10 16:00:00,0.0,14.85,22.0,0.0,19.249999999779998,2.0,0.0,0.0,5.555555555555555,-34.85,24.075386356824403
2017-12-10 17:00:00,0.0,14.256,18.47999999972966,0.0,0.0,2.0,0.0,0.0,5.555555555555555,-30.73599999972966,18.230926164986954
2017-12-10 18:00:00,0.0,10.314,0.0,0.0,0.0,2.0,0.0,0.0,5.555555555555555,-8.314,12.456599495451554
2017-12-10 19:00:00,0.0,8.586,0.0,0.0,0.0,2.0,0.0,0.0,5.555555555555555,-6.586,6.75156474595058
2017-12-10 20:00:00,0.0,7.02,0.0,0.0,0.0,2.0,0.0,0.0,5.555555555555555,-5.02,1.1149904134436168
2017-12-10 21:00:00,0.0,7.02,0.0,0.0,0.0,2.0,4.453945027073262,0.0,1.1016105284822935,-0.5660549729267368,0.0
2017-12-10 22:00:00,0.0,7.236,0.0,0.0,0.0,2.0,5.555555555555555,0.0,0.0,0.3195555555555556,0.0
2017-12-10 23:00:00,0.0,6.858,0.0,0.0,0.0,2.0,5.555555555555555,0.0,0.0,0.6975555555555557,0.0
2017-12-11 00:00:00,0.0,3.834,0.0,3.66666666666667,3.520000000000003,2.0,5.555555555555555,0.0,0.0,7.388222222222225,0.0
2017-12-11 01:00:00,0.0,4.644,0.0,22.0,24.64,2.0,5.555555555555555,16.434557184303404,0.0,41.34611273985896,16.105866040617336
2017-12-11 02:00:00,0.0,5.67,0.0,22.0,45.76,2.0,5.555555555555555,24.0,0.0,47.885555555555555,39.432595648129926
2017-12-11 03:00:00,0.0,4.752,0.0,22.0,66.88,2.0,5.555555555555555,24.0,0.0,48.803555555555555,62.47940450035236
2017-12-11 04:00:00,0.0,4.536,0.0,22.0,88.0,2.0,5.555555555555555,24.0,0.0,49.019555555555556,85.24965164634813
2017-12-11 05:00:00,0.0,4.374,0.0,0.0,88.0,2.0,0.0,0.0,5.555555555555555,-2.3739999999999997,78.6711002710364
2017-12-11 06:00:00,0.0,4.104,22.0,0.0,65.08333333326,2.0,0.0,0.0,5.555555555555555,-24.104,72.1714915122284
2017-12-11 07:00:00,0.0,5.832,22.0,0.0,42.16666666652,2.0,0.0,0.0,5.555555555555555,-25.832,65.74987805852611
2017-12-11 08:00:00,1.512,8.1,22.0,0.0,19.249999999779998,2.0,0.0,0.0,5.555555555555555,-29.612000000000002,59.40532396626824
2017-12-11 09:00:00,7.992,8.262,0.0,0.0,19.249999999779998,2.0,0.0,0.0,5.555555555555555,-14.254000000000001,53.136904523117465
2017-12-11 10:00:00,11.484,7.56,0.0,0.0,19.249999999779998,2.0,0.0,0.0,5.555555555555555,-17.044,46.9437061132845
2017-12-11 11:00:00,9.828,5.886,0.0,0.0,19.249999999779998,2.0,0.0,0.0,5.555555555555555,-13.713999999999999,40.824826084369526
2017-12-11 12:00:00,5.544,5.67,0.0,0.0,19.249999999779998,2.0,0.0,0.0,5.555555555555555,-9.213999999999999,34.779372615801535
2017-12-11 13:00:00,2.628,9.72,0.0,0.0,19.249999999779998,2.0,0.0,0.0,5.555555555555555,-10.348,28.806464588856358
2017-12-11 14:00:00,0.72,12.906,0.0,0.0,19.249999999779998,2.0,0.0,0.0,5.555555555555555,-11.626000000000001,22.905231458234528
2017-12-11 15:00:00,0.0,18.306,18.47999999972966,0.0,0.0,2.0,0.0,0.0,5.555555555555555,-34.78599999972966,17.074813125180157
2017-12-11 16:00:00,0.0,22.302,0.0,0.0,0.0,2.0,0.0,0.0,5.555555555555555,-20.302,11.314359812122438
2017-12-11 17:00:00,0.0,23.652,0.0,0.0,0.0,2.0,0.0,0.0,5.555555555555555,-21.652,5.623031938821413
2017-12-11 18:00:00,0.0,15.498,0.0,0.0,0.0,2.0,0.0,0.0,5.555555555555555,-13.498,0.0
2017-12-11 19:00:00,0.0,15.336,0.0,0.0,0.0,2.0,5.555555555555555,0.0,0.0,-7.780444444444445,0.0
2017-12-11 20:00:00,0.0,14.526,0.0,0.0,0.0,2.0,5.555555555555555,0.0,0.0,-6.970444444444444,0.0
2017-12-11 21:00:00,0.0,15.984,0.0,0.0,0.0,2.0,5.555555555555555,0.0,0.0,-8.428444444444445,0.0
2017-12-11 22:00:00,0.0,17.82,0.0,0.0,0.0,2.0,5.555555555555555,0.0,0.0,-10.264444444444445,0.0
2017-12-11 23:00:00,0.0,19.764,0.0,22.0,21.119999999999997,2.0,5.555555555555555,24.0,0.0,33.79155555555556,23.52
2017-12-12 00:00:00,0.0,20.196,0.0,22.0,42.239999999999995,2.0,5.555555555555555,24.0,0.0,33.35955555555556,46.75776
2017-12-12 01:00:00,0.0,21.978,0.0,22.0,63.35999999999999,2.0,5.555555555555555,24.0,0.0,31.577555555555556,69.71666687999999
2017-12-12 02:00:00,0.0,25.11,0.0,3.66666666666667,66.88,2.0,5.555555555555555,1.2034445291740374,0.0,-12.684333248603737,70.05944251603054
2017-12-12 03:00:00,0.0,26.406,0.0,0.0,66.88,2.0,5.555555555555555,0.0,0.0,-18.85044444444444,69.21872920583817
2017-12-12 04:00:00,0.0,27.81,0.0,22.0,88.0,2.0,5.555555555555555,24.0,0.0,25.74555555555556,91.9081044553681
2017-12-12 05:00:00,0.0,28.08,0.0,0.0,88.0,2.0,0.0,0.0,5.555555555555555,-26.08,85.24965164634813
2017-12-12 06:00:00,0.0,28.728,0.0,0.0,88.0,2.0,0.0,0.0,5.555555555555555,-26.728,78.6711002710364
2017-12-12 07:00:00,0.0,27.378,0.0,0.0,88.0,2.0,0.0,0.0,5.555555555555555,-25.378,72.1714915122284
2017-12-12 08:00:00,0.288,25.974,0.0,0.0,88.0,2.0,0.0,0.0,5.555555555555555,-24.262,65.74987805852611
2017-12-12 09:00:00,1.296,21.816,0.0,0.0,88.0,2.0,0.0,0.0,5.555555555555555,-21.112,59.40532396626824
2017-12-12 10:00:00,2.952,17.496,0.0,0.0,88.0,2.0,0.0,0.0,5.555555555555555,-18.448,53.136904523117465
2017-12-12 11:00:00,5.184,13.122,0.0,0.0,88.0,2.0,0.0,0.0,5.555555555555555,-16.306,46.9437061132845
2017-12-12 12:00:00,6.228,9.72,0.0,0.0,88.0,2.0,0.0,0.0,5.555555555555555,-13.948,40.824826084369526
2017-12-12 13:00:00,5.328,8.694,0.0,0.0,88.0,2.0,0.0,0.0,5.555555555555555,-12.022000000000002,34.779372615801535
2017-12-12 14:00:00,1.512,9.882,0.0,0.0,88.0,2.0,0.0,0.0,5.555555555555555,-9.394,28.806464588856358
2017-12-12 15:00:00,0.0,11.394,22.0,0.0,65.08333333326,2.0,0.0,0.0,5.555555555555555,-31.394,22.905231458234528
2017-12-12 16:00:00,0.0,13.77,22.0,0.0,42.16666666652,2.0,0.0,0.0,5.555555555555555,-33.769999999999996,17.074813125180157
2017-12-12 17:00:00,0.0,16.146,22.0,0.0,19.249999999779998,2.0,0.0,0.0,5.555555555555555,-36.146,11.314359812122438
2017-12-12 18:00:00,0.0,22.086,18.47999999972966,0.0,0.0,2.0,0.0,0.0,5.555555555555555,-38.565999999729655,5.623031938821413
2017-12-12 19:00:00,0.0,24.246,0.0,0.0,0.0,2.0,0.0,0.0,5.555555555555555,-22.246,0.0
2017-12-12 20:00:00,0.0,28.08,0.0,0.0,0.0,2.0,5.555555555555555,0.0,0.0,-20.52444444444444,0.0
2017-12-12 21:00:00,0.0,31.104,0.0,0.0,0.0,2.0,5.555555555555555,0.0,0.0,-23.548444444444442,0.0
2017-12-12 22:00:00,0.0,33.534,0.0,0.0,0.0,2.0,5.555555555555555,0.0,0.0,-25.978444444444442,0.0
2017-12-12 23:00:00,0.0,35.262,0.0,22.0,21.119999999999997,2.0,5.555555555555555,24.0,0.0,18.293555555555557,23.52
2017-12-13 00:00:00,0.0,34.344,0.0,22.0,42.239999999999995,2.0,5.555555555555555,24.0,0.0,19.211555555555556,46.75776
2017-12-13 01:00:00,0.0,35.316,0.0,22.0,63.35999999999999,2.0,5.555555555555555,24.0,0.0,18.239555555555555,69.71666687999999
2017-12-13 02:00:00,0.0,36.072,0.0,22.0,84.47999999999999,2.0,5.555555555555555,24.0,0.0,17.483555555555554,92.40006687743998
2017-12-13 03:00:00,0.0,36.882,0.0,3.6666666666666776,88.0,2.0,5.555555555555555,8.886463188866623,0.0,-16.77331458891114,100.0
2017-12-13 04:00:00,0.0,37.962,0.0,0.0,88.0,2.0,5.4029847164094615,0.0,0.15257083914609382,-30.55901528359054,98.6474291608539
2017-12-13 05:00:00,0.0,40.23,0.0,0.0,88.0,2.0,0.0,0.0,5.555555555555555,-38.23,91.9081044553681
2017-12-13 06:00:00,0.0,39.906,0.0,0.0,88.0,2.0,0.0,0.0,5.555555555555555,-37.906,85.24965164634813
2017-12-13 07:00:00,0.0,41.958,0.0,0.0,88.0,2.0,0.0,0.0,5.555555555555555,-39.958,78.6711002710364
2017-12-13 08:00:00,0.18,43.578,0.0,0.0,88.0,2.0,0.0,0.0,5.555555555555555,-41.758,72.1714915122284
2017-12-13 09:00:00,0.504,44.766,0.0,0.0,88.0,2.0,0.0,0.0,5.555555555555555,-43.269999999999996,65.74987805852611
2017-12-13 10:00:00,0.648,45.522,0.0,0.0,88.0,2.0,0.0,0.0,5.555555555555555,-44.17,59.40532396626824
2017-12-13 11:00:00,0.648,45.522,0.0,0.0,88.0,2.0,0.0,0.0,5.555555555555555,-44.17,53.136904523117465
2017-12-13 12:00:00,0.504,42.93,0.0,0.0,88.0,2.0,0.0,0.0,5.555555555555555,-41.434,46.9437061132845
2017-12-13 13:00:00,0.324,38.016,0.0,0.0,88.0,2.0,0.0,0.0,5.555555555555555,-36.339999999999996,40.824826084369526
2017-12-13 14:00:00,0.036,31.806,0.0,0.0,88.0,2.0,0.0,0.0,5.555555555555555,-29.842000000000002,34.779372615801535
2017-12-13 15:00:00,0.0,27.162,18.47999999972965,0.0,68.75000000022001,2.0,0.0,0.0,5.555555555555555,-43.64199999972965,28.806464588856358
2017-12-13 16:00:00,0.0,24.462,22.0,0.0,45.833333333480006,2.0,0.0,0.0,5.555555555555555,-44.462,22.905231458234528
2017-12-13 17:00:00,0.0,22.518,22.0,0.0,22.916666666740003,2.0,0.0,0.0,5.555555555555555,-42.518,17.074813125180157
2017-12-13 18:00:00,0.0,16.794,22.0,0.0,0.0,2.0,0.0,0.0,5.555555555555555,-36.794,11.314359812122438
2017-12-13 19:00:00,0.0,17.118,0.0,0.0,0.0,2.0,0.0,0.0,5.555555555555555,-15.117999999999999,5.623031938821413
2017-12-13 20:00:00,0.0,18.63,0.0,0.0,0.0,2.0,0.0,0.0,5.555555555555555,-16.63,0.0
2017-12-13 21:00:00,0.0,21.546,0.0,0.0,0.0,2.0,5.555555555555555,0.0,0.0,-13.990444444444444,0.0
2017-12-13 22:00:00,0.0,23.544,0.0,22.0,21.119999999999997,2.0,5.555555555555555,24.0,0.0,30.011555555555557,23.52
2017-12-13 23:00:00,0.0,25.326,0.0,22.0,42.239999999999995,2.0,5.555555555555555,8.329051824771653,0.0,12.55860738032721,31.400230788276218
2017-12-14 00:00:00,0.0,25.542,0.0,22.0,63.35999999999999,2.0,5.555555555555555,24.0,0.0,28.013555555555556,54.543428018816904
2017-12-14 01:00:00,0.0,22.302,0.0,22.0,84.47999999999999,2.0,5.555555555555555,24.0,0.0,31.253555555555558,77.4089068825911
2017-12-14 02:00:00,0.0,19.98,0.0,3.6666666666666776,88.0,2.0,5.555555555555555,24.0,0.0,15.242222222222235,100.0
2017-12-14 03:00:00,0.0,21.438,0.0,0.0,88.0,2.0,5.555555555555555,1.2244897959183703,0.0,-12.657954648526072,100.0
2017-12-14 04:00:00,0.0,23.76,0.0,0.0,88.0,2.0,5.555555555555555,1.2244897959183703,0.0,-14.979954648526075,100.0
2017-12-14 05:00:00,0.0,23.544,0.0,0.0,88.0,2.0,0.0,0.0,5.555555555555555,-21.544,93.24444444444444
2017-12-14 06:00:00,0.0,18.468,22.0,0.0,65.08333333326,2.0,0.0,0.0,5.555555555555555,-38.468,86.56995555555555
2017-12-14 07:00:00,0.0,20.736,22.0,0.0,42.16666666652,2.0,0.0,0.0,5.555555555555555,-40.736000000000004,79.97556053333332
2017-12-14 08:00:00,0.504,21.654,0.0,0.0,42.16666666652,2.0,0.0,0.0,5.555555555555555,-20.158,73.46029825137776
2017-12-14 09:00:00,2.232,19.44,0.0,0.0,42.16666666652,2.0,0.0,0.0,5.555555555555555,-19.672,67.02321911680568
2017-12-14 10:00:00,4.212,17.28,0.0,0.0,42.16666666652,2.0,0.0,0.0,5.555555555555555,-19.492,60.663384931848455
2017-12-14 11:00:00,6.768,14.904,0.0,0.0,42.16666666652,2.0,0.0,0.0,5.555555555555555,-19.672,54.379868757110714
2017-12-14 12:00:00,7.488,18.09,0.0,0.0,42.16666666652,2.0,0.0,0.0,5.555555555555555,-23.578,48.171754776469825
2017-12-14 13:00:00,5.112,15.336,0.0,0.0,42.16666666652,2.0,0.0,0.0,5.555555555555555,-18.448,42.03813816359663
2017-12-14 14:00:00,1.656,13.284,0.0,0.0,42.16666666652,2.0,0.0,0.0,5.555555555555555,-12.940000000000001,35.97812495007791
2017-12-14 15:00:00,0.0,12.042,18.47999999972966,0.0,22.916666666740003,2.0,0.0,0.0,5.555555555555555,-28.52199999972966,29.990831895121417
2017-12-14 16:00:00,0.0,10.8,22.0,0.0,0.0,2.0,0.0,0.0,5.555555555555555,-30.8,24.075386356824403
2017-12-14 17:00:00,0.0,9.72,0.0,0.0,0.0,2.0,0.0,0.0,5.555555555555555,-7.720000000000001,18.230926164986954
2017-12-14 18:00:00,0.0,13.986,0.0,0.0,0.0,2.0,0.0,0.0,5.555555555555555,-11.986,12.456599495451554
2017-12-14 19:00:00,0.0,11.934,0.0,0.0,0.0,2.0,0.0,0.0,5.555555555555555,-9.934,6.75156474595058
2017-12-14 20:00:00,0.0,9.72,0.0,0.0,0.0,2.0,0.0,0.0,5.555555555555555,-7.720000000000001,1.1149904134436168
2017-12-14 21:00:00,0.0,8.316,0.0,0.0,0.0,2.0,4.453945027073262,0.0,1.1016105284822935,-1.862054972926738,0.0
2017-12-14 22:00:00,0.0,7.074,0.0,22.0,21.119999999999997,2.0,5.555555555555555,0.0,0.0,22.48155555555556,0.0
2017-12-14 23:00:00,0.0,5.994,0.0,3.66666666666667,24.64,2.0,5.555555555555555,0.0,0.0,5.228222222222225,0.0
2017-12-15 00:00:00,0.0,5.616,0.0,22.0,45.76,2.0,5.555555555555555,10.485150722003011,0.0,34.42470627755857,10.27544770756295
2017-12-15 01:00:00,0.0,4.914,0.0,22.0,66.88,2.0,5.555555555555555,24.0,0.0,48.641555555555556,33.672142335072195
2017-12-15 02:00:00,0.0,5.13,0.0,22.0,88.0,2.0,5.555555555555555,24.0,0.0,48.425555555555555,56.78807662705133
2017-12-15 03:00:00,0.0,5.346,0.0,0.0,88.0,2.0,5.555555555555555,24.0,0.0,26.209555555555557,79.62661970752671
2017-12-15 04:00:00,0.0,5.184,0.0,0.0,88.0,2.0,5.555555555555555,0.0,0.0,2.371555555555555,78.6711002710364
2017-12-15 05:00:00,0.0,4.644,0.0,0.0,88.0,2.0,0.0,0.0,5.555555555555555,-2.644,72.1714915122284
2017-12-15 06:00:00,0.0,4.644,22.0,0.0,65.08333333326,2.0,0.0,0.0,5.555555555555555,-24.644,65.74987805852611
2017-12-15 07:00:00,0.0,3.726,22.0,0.0,42.16666666652,2.0,0.0,0.0,5.555555555555555,-23.726,59.40532396626824
2017-12-15 08:00:00,0.612,2.808,22.0,0.0,19.249999999779998,2.0,0.0,0.0,5.555555555555555,-23.419999999999998,53.136904523117465
2017-12-15 09:00:00,4.68,2.214,18.47999999972966,0.0,0.0,2.0,0.0,0.0,5.555555555555555,-23.37399999972966,46.9437061132845
2017-12-15 10:00:00,7.776,1.89,0.0,0.0,0.0,2.0,0.0,0.0,5.555555555555555,-7.6659999999999995,40.824826084369526
2017-12-15 11:00:00,9.504,1.728,0.0,0.0,0.0,2.0,0.0,0.0,5.555555555555555,-9.232,34.779372615801535
2017-12-15 12:00:00,8.784,1.35,0.0,0.0,0.0,2.0,0.0,0.0,5.555555555555555,-8.134,28.806464588856358
2017-12-15 13:00:00,5.724,1.512,0.0,0.0,0.0,2.0,0.0,0.0,5.555555555555555,-5.236000000000001,22.905231458234528
2017-12-15 14:00:00,1.62,1.944,0.0,22.0,21.119999999999997,2.0,0.0,0.0,5.555555555555555,20.436,17.074813125180157
2017-12-15 15:00:00,0.0,2.376,20.275199999935115,0.0,0.0,2.0,0.0,0.0,5.555555555555555,-20.651199999935116,11.314359812122438
2017-12-15 16:00:00,0.0,2.862,0.0,0.0,0.0,2.0,0.0,0.0,5.555555555555555,-0.8620000000000001,5.623031938821413
2017-12-15 17:00:00,0.0,3.24,0.0,0.0,0.0,2.0,0.0,0.0,5.555555555555555,-1.2400000000000002,0.0
2017-12-15 18:00:00,0.0,4.968,0.0,0.0,0.0,2.0,5.555555555555555,0.0,0.0,2.5875555555555554,0.0
2017-12-15 19:00:00,0.0,5.832,0.0,0.0,0.0,2.0,5.555555555555555,0.0,0.0,1.7235555555555555,0.0
2017-12-15 20:00:00,0.0,6.372,0.0,0.0,0.0,2.0,5.555555555555555,0.0,0.0,1.1835555555555555,0.0
2017-12-15 21:00:00,0.0,6.318,0.0,0.0,0.0,2.0,5.555555555555555,0.0,0.0,1.2375555555555557,0.0
2017-12-15 22:00:00,0.0,6.318,0.0,22.0,21.119999999999997,2.0,5.555555555555555,0.0,0.0,23.23755555555556,0.0
2017-12-15 23:00:00,0.0,6.21,0.0,0.0,21.119999999999997,2.0,5.555555555555555,0.0,0.0,1.3455555555555554,0.0
2017-12-16 00:00:00,0.0,7.182,0.0,3.66666666666667,24.64,2.0,5.555555555555555,0.0,0.0,4.040222222222225,0.0
2017-12-16 01:00:00,0.0,7.074,0.0,22.0,45.76,2.0,5.555555555555555,0.0,0.0,22.48155555555556,0.0
2017-12-16 02:00:00,0.0,6.21,0.0,22.0,66.88,2.0,5.555555555555555,0.0,0.0,23.345555555555556,0.0
2017-12-16 03:00:00,0.0,5.346,0.0,22.0,88.0,2.0,5.555555555555555,0.0,0.0,24.209555555555557,0.0
2017-12-16 04:00:00,0.0,5.076,0.0,0.0,88.0,2.0,5.555555555555555,11.829143881553936,0.0,14.308699437109489,11.592561003922857
2017-12-16 05:00:00,0.0,5.238,0.0,0.0,88.0,2.0,5.555555555555555,0.0,0.0,2.317555555555555,11.453450271875782
2017-12-16 06:00:00,0.0,4.104,0.0,0.0,88.0,2.0,0.0,0.0,5.555555555555555,-2.104,5.760453313057718
2017-12-16 07:00:00,0.0,3.834,0.0,0.0,88.0,2.0,5.555555555555555,0.0,0.0,3.7215555555555553,5.6913278733010255
2017-12-16 08:00:00,1.368,3.564,0.0,0.0,88.0,2.0,5.555555555555555,0.0,0.0,2.623555555555555,5.623031938821413
2017-12-16 09:00:00,9.036,3.834,0.0,0.0,88.0,2.0,0.0,0.0,5.555555555555555,-10.87,0.0
2017-12-16 10:00:00,13.86,4.32,0.0,0.0,88.0,2.0,5.555555555555555,0.0,0.0,-10.624444444444444,0.0
2017-12-16 11:00:00,15.516,4.752,0.0,0.0,88.0,2.0,5.555555555555555,0.0,0.0,-12.712444444444444,0.0
2017-12-16 12:00:00,14.184,4.806,0.0,0.0,88.0,2.0,5.555555555555555,0.0,0.0,-11.434444444444445,0.0
2017-12-16 13:00:00,9.504,6.264,0.0,0.0,88.0,2.0,5.555555555555555,11.685491006488515,0.0,3.47304656204407,11.451781186358744
2017-12-16 14:00:00,2.196,7.074,18.47999999972965,0.0,68.75000000022001,2.0,5.555555555555555,0.0,0.0,-20.1944444441741,11.314359812122438
2017-12-16 15:00:00,0.0,7.29,22.0,0.0,45.833333333480006,2.0,0.0,0.0,5.555555555555555,-27.29,5.623031938821413
2017-12-16 16:00:00,0.0,7.56,22.0,0.0,22.916666666740003,2.0,0.0,0.0,5.555555555555555,-27.56,0.0
2017-12-16 17:00:00,0.0,7.884,22.0,0.0,0.0,2.0,5.555555555555555,0.0,0.0,-22.328444444444443,0.0
2017-12-16 18:00:00,0.0,5.994,0.0,0.0,0.0,2.0,5.555555555555555,0.0,0.0,1.5615555555555556,0.0
2017-12-16 19:00:00,0.0,6.966,0.0,0.0,0.0,2.0,5.555555555555555,0.0,0.0,0.5895555555555552,0.0
2017-12-16 20:00:00,0.0,9.342,0.0,0.0,0.0,2.0,5.555555555555555,0.0,0.0,-1.7864444444444452,0.0
2017-12-16 21:00:00,0.0,9.612,0.0,0.0,0.0,2.0,5.555555555555555,0.0,0.0,-2.0564444444444447,0.0
2017-12-16 22:00:00,0.0,9.396,0.0,0.0,0.0,2.0,5.555555555555555,0.0,0.0,-1.8404444444444454,0.0
2017-12-16 23:00:00,0.0,8.424,0.0,0.0,0.0,2.0,5.555555555555555,0.0,0.0,-0.8684444444444441,0.0
2017-12-17 00:00:00,0.0,9.72,0.0,22.0,21.119999999999997,2.0,5.555555555555555,0.0,0.0,19.83555555555556,0.0
2017-12-17 01:00:00,0.0,8.208,0.0,22.0,42.239999999999995,2.0,5.555555555555555,0.0,0.0,21.34755555555556,0.0
2017-12-17 02:00:00,0.0,6.966,0.0,22.0,63.35999999999999,2.0,5.555555555555555,0.0,0.0,22.589555555555556,0.0
2017-12-17 03:00:00,0.0,5.292,0.0,22.0,84.47999999999999,2.0,5.555555555555555,0.0,0.0,24.263555555555556,0.0
2017-12-17 04:00:00,0.0,3.942,0.0,3.6666666666666776,88.0,2.0,5.555555555555555,18.53901262982203,0.0,25.81923485204426,18.16823237722559
2017-12-17 05:00:00,0.0,2.754,0.0,0.0,88.0,2.0,5.555555555555555,24.0,0.0,28.801555555555556,41.47021358869888
2017-12-17 06:00:00,0.0,1.188,0.0,0.0,88.0,2.0,5.555555555555555,0.0,0.0,6.367555555555556,40.972571025634494
2017-12-17 07:00:00,0.0,0.918,0.0,0.0,88.0,2.0,0.0,0.0,5.555555555555555,1.0819999999999999,34.92534461777132
2017-12-17 08:00:00,1.044,0.918,0.0,0.0,88.0,2.0,0.0,0.0,5.555555555555555,0.03799999999999981,28.950684926802513
2017-12-17 09:00:00,7.344,1.242,18.47999999972965,0.0,68.75000000022001,2.0,0.0,0.0,5.555555555555555,-25.065999999729655,23.047721152125327
2017-12-17 10:00:00,11.556,2.052,22.0,0.0,45.833333333480006,2.0,0.0,0.0,5.555555555555555,-33.608,17.21559294274427
2017-12-17 11:00:00,13.176,3.132,22.0,0.0,22.916666666740003,2.0,0.0,0.0,5.555555555555555,-36.308,11.453450271875782
2017-12-17 12:00:00,12.204,4.59,22.0,0.0,0.0,2.0,0.0,0.0,5.555555555555555,-36.794,5.760453313057718
2017-12-17 13:00:00,8.28,5.292,0.0,0.0,0.0,2.0,5.555555555555555,0.0,0.0,-6.016444444444444,5.6913278733010255
2017-12-17 14:00:00,2.304,7.776,0.0,0.0,0.0,2.0,5.555555555555555,0.0,0.0,-2.5244444444444443,5.623031938821413
2017-12-17 15:00:00,0.0,11.178,0.0,0.0,0.0,2.0,0.0,0.0,5.555555555555555,-9.178,0.0
2017-12-17 16:00:00,0.0,14.688,0.0,0.0,0.0,2.0,5.555555555555555,0.0,0.0,-7.132444444444445,0.0
2017-12-17 17:00:00,0.0,17.442,0.0,0.0,0.0,2.0,5.555555555555555,0.0,0.0,-9.886444444444445,0.0
2017-12-17 18:00:00,0.0,16.47,0.0,0.0,0.0,2.0,5.555555555555555,0.0,0.0,-8.914444444444444,0.0
2017-12-17 19:00:00,0.0,17.712,0.0,0.0,0.0,2.0,5.555555555555555,0.0,0.0,-10.156444444444444,0.0
2017-12-17 20:00:00,0.0,19.116,0.0,0.0,0.0,2.0,5.555555555555555,0.0,0.0,-11.560444444444444,0.0
2017-12-17 21:00:00,0.0,20.682,0.0,0.0,0.0,2.0,5.555555555555555,0.0,0.0,-13.126444444444443,0.0
2017-12-17 22:00:00,0.0,22.086,0.0,0.0,0.0,2.0,5.555555555555555,0.0,0.0,-14.530444444444443,0.0
2017-12-17 23:00:00,0.0,23.004,0.0,3.66666666666667,3.520000000000003,2.0,5.555555555555555,0.0,0.0,-11.781777777777776,0.0
2017-12-18 00:00:00,0.0,20.412,0.0,22.0,24.64,2.0,5.555555555555555,0.0,0.0,9.143555555555558,0.0
2017-12-18 01:00:00,0.0,20.52,0.0,22.0,45.76,2.0,5.555555555555555,16.434557184303404,0.0,25.47011273985896,16.105866040617336
2017-12-18 02:00:00,0.0,21.276,0.0,22.0,66.88,2.0,5.555555555555555,24.0,0.0,32.27955555555556,39.432595648129926
2017-12-18 03:00:00,0.0,19.818,0.0,22.0,88.0,2.0,5.555555555555555,24.0,0.0,33.73755555555556,62.47940450035236
2017-12-18 04:00:00,0.0,19.116,0.0,0.0,88.0,2.0,5.555555555555555,24.0,0.0,12.439555555555557,85.24965164634813
2017-12-18 05:00:00,0.0,18.36,0.0,0.0,88.0,2.0,0.0,0.0,5.555555555555555,-16.36,78.6711002710364
2017-12-18 06:00:00,0.0,14.094,0.0,0.0,88.0,2.0,0.0,0.0,5.555555555555555,-12.094,72.1714915122284
2017-12-18 07:00:00,0.0,12.366,22.0,0.0,65.08333333326,2.0,0.0,0.0,5.555555555555555,-32.366,65.74987805852611
2017-12-18 08:00:00,0.18,11.07,22.0,0.0,42.16666666652,2.0,0.0,0.0,5.555555555555555,-31.25,59.40532396626824
2017-12-18 09:00:00,0.504,10.962,0.0,3.74305555570833,45.76,2.0,0.0,0.0,5.555555555555555,-5.722944444291668,53.136904523117465
2017-12-18 10:00:00,0.792,10.746,0.0,22.0,66.88,2.0,0.0,0.0,5.555555555555555,12.462,46.9437061132845
2017-12-18 11:00:00,1.332,10.098,0.0,0.0,66.88,2.0,0.0,0.0,5.555555555555555,-9.430000000000001,40.824826084369526
2017-12-18 12:00:00,1.764,11.124,0.0,22.0,88.0,2.0,0.0,0.0,5.555555555555555,11.112,34.779372615801535
2017-12-18 13:00:00,1.692,9.72,0.0,0.0,88.0,2.0,0.0,0.0,5.555555555555555,-9.412,28.806464588856358
2017-12-18 14:00:00,0.576,9.558,18.47999999972965,0.0,68.75000000022001,2.0,0.0,0.0,5.555555555555555,-26.613999999729653,22.905231458234528
2017-12-18 15:00:00,0.0,9.72,22.0,0.0,45.833333333480006,2.0,0.0,0.0,5.555555555555555,-29.72,17.074813125180157
2017-12-18 16:00:00,0.0,9.774,22.0,0.0,22.916666666740003,2.0,0.0,0.0,5.555555555555555,-29.774,11.314359812122438
2017-12-18 17:00:00,0.0,9.774,22.0,0.0,0.0,2.0,0.0,0.0,5.555555555555555,-29.774,5.623031938821413
2017-12-18 18:00:00,0.0,8.316,0.0,0.0,0.0,2.0,0.0,0.0,5.555555555555555,-6.316000000000001,0.0
2017-12-18 19:00:00,0.0,8.046,0.0,0.0,0.0,2.0,5.555555555555555,5.737787692674911,0.0,5.247343248230468,5.623031938821413
2017-12-18 20:00:00,0.0,7.668,0.0,0.0,0.0,2.0,0.0,0.0,5.555555555555555,-5.668,0.0
2017-12-18 21:00:00,0.0,6.858,0.0,0.0,0.0,2.0,5.555555555555555,0.0,0.0,0.6975555555555557,0.0
2017-12-18 22:00:00,0.0,6.21,0.0,0.0,0.0,2.0,5.555555555555555,0.0,0.0,1.3455555555555554,0.0
2017-12-18 23:00:00,0.0,5.724,0.0,22.0,21.119999999999997,2.0,5.555555555555555,0.668591097611195,0.0,24.500146653166748,0.6552192756589711
2017-12-19 00:00:00,0.0,7.452,0.0,22.0,42.239999999999995,2.0,5.555555555555555,24.0,0.0,46.10355555555556,24.167356644351063
2017-12-19 01:00:00,0.0,5.886,0.0,22.0,63.35999999999999,2.0,5.555555555555555,24.0,0.0,47.669555555555554,47.39734836461885
2017-12-19 02:00:00,0.0,5.076,0.0,22.0,84.47999999999999,2.0,5.555555555555555,24.0,0.0,48.47955555555556,70.34858018424342
2017-12-19 03:00:00,0.0,3.996,0.0,3.6666666666666776,88.0,2.0,5.555555555555555,24.0,0.0,31.226222222222237,93.02439722203249
2017-12-19 04:00:00,0.0,3.24,0.0,0.0,88.0,2.0,5.555555555555555,0.0,0.0,4.315555555555555,91.9081044553681
2017-12-19 05:00:00,0.0,2.592,0.0,0.0,88.0,2.0,0.0,0.0,5.555555555555555,-0.5920000000000001,85.24965164634813
2017-12-19 06:00:00,0.0,2.052,22.0,0.0,65.08333333326,2.0,0.0,0.0,5.555555555555555,-22.052,78.6711002710364
2017-12-19 07:00:00,0.0,1.62,22.0,0.0,42.16666666652,2.0,0.0,0.0,5.555555555555555,-21.62,72.1714915122284
2017-12-19 08:00:00,0.288,1.404,22.0,0.0,19.249999999779998,2.0,0.0,0.0,5.555555555555555,-21.692,65.74987805852611
2017-12-19 09:00:00,1.512,1.296,15.100799999740472,0.0,3.520000000000003,2.0,0.0,0.0,5.555555555555555,-15.908799999740472,59.40532396626824
2017-12-19 10:00:00,2.736,1.188,0.0,22.0,24.64,2.0,0.0,0.0,5.555555555555555,20.076,53.136904523117465
2017-12-19 11:00:00,2.232,1.188,0.0,22.0,45.76,2.0,0.0,0.0,5.555555555555555,20.580000000000002,46.9437061132845
2017-12-19 12:00:00,1.26,1.296,0.0,22.0,66.88,2.0,0.0,0.0,5.555555555555555,21.444,40.824826084369526
2017-12-19 13:00:00,0.54,0.972,0.0,22.0,88.0,2.0,0.0,0.0,5.555555555555555,22.488,34.779372615801535
2017-12-19 14:00:00,0.072,1.08,0.0,0.0,88.0,2.0,0.0,0.0,5.555555555555555,0.848,28.806464588856358
2017-12-19 15:00:00,0.0,1.35,18.47999999972965,0.0,68.75000000022001,2.0,0.0,0.0,5.555555555555555,-17.829999999729655,22.905231458234528
2017-12-19 16:00:00,0.0,1.674,22.0,0.0,45.833333333480006,2.0,0.0,0.0,5.555555555555555,-21.674,17.074813125180157
2017-12-19 17:00:00,0.0,1.836,22.0,0.0,22.916666666740003,2.0,0.0,0.0,5.555555555555555,-21.836,11.314359812122438
2017-12-19 18:00:00,0.0,1.458,22.0,0.0,0.0,2.0,0.0,0.0,5.555555555555555,-21.458,5.623031938821413
2017-12-19 19:00:00,0.0,1.35,0.0,0.0,0.0,2.0,0.0,0.0,5.555555555555555,0.6499999999999999,0.0
2017-12-19 20:00:00,0.0,1.512,0.0,0.0,0.0,2.0,5.555555555555555,0.0,0.0,6.043555555555555,0.0
2017-12-19 21:00:00,0.0,1.674,0.0,0.0,0.0,2.0,5.555555555555555,0.0,0.0,5.881555555555556,0.0
2017-12-19 22:00:00,0.0,1.89,0.0,0.0,0.0,2.0,5.555555555555555,0.0,0.0,5.665555555555556,0.0
2017-12-19 23:00:00,0.0,2.214,0.0,3.66666666666667,3.520000000000003,2.0,5.555555555555555,0.0,0.0,9.008222222222225,0.0
2017-12-20 00:00:00,0.0,2.592,0.0,22.0,24.64,2.0,5.555555555555555,0.0,0.0,26.96355555555556,0.0
2017-12-20 01:00:00,0.0,3.348,0.0,22.0,45.76,2.0,5.555555555555555,24.0,0.0,50.20755555555556,23.52
2017-12-20 02:00:00,0.0,4.482,0.0,22.0,66.88,2.0,5.555555555555555,24.0,0.0,49.07355555555556,46.75776
2017-12-20 03:00:00,0.0,5.454,0.0,22.0,88.0,2.0,5.555555555555555,24.0,0.0,48.10155555555556,69.71666687999999
2017-12-20 04:00:00,0.0,6.588,0.0,0.0,88.0,2.0,5.555555555555555,9.990850401628988,0.0,10.958405957184542,78.6711002710364
2017-12-20 05:00:00,0.0,7.56,0.0,0.0,88.0,2.0,0.0,0.0,5.555555555555555,-5.56,72.1714915122284
2017-12-20 06:00:00,0.0,7.722,22.0,0.0,65.08333333326,2.0,0.0,0.0,5.555555555555555,-27.722,65.74987805852611
2017-12-20 07:00:00,0.0,7.884,18.479999999729657,0.0,45.833333333480006,2.0,0.0,0.0,5.555555555555555,-24.363999999729657,59.40532396626824
2017-12-20 08:00:00,0.144,9.126,0.0,0.0,45.833333333480006,2.0,0.0,0.0,5.555555555555555,-7.27,53.136904523117465
2017-12-20 09:00:00,0.396,10.962,22.0,0.0,22.916666666740003,2.0,0.0,0.0,5.555555555555555,-31.358,46.9437061132845
2017-12-20 10:00:00,0.612,12.42,22.0,0.0,0.0,2.0,0.0,0.0,5.555555555555555,-33.032000000000004,40.824826084369526
2017-12-20 11:00:00,0.54,13.068,0.0,22.0,21.119999999999997,2.0,0.0,0.0,5.555555555555555,10.392,34.779372615801535
2017-12-20 12:00:00,0.396,14.526,20.275199999935115,0.0,0.0,2.0,0.0,0.0,5.555555555555555,-33.197199999935115,28.806464588856358
2017-12-20 13:00:00,0.216,14.418,0.0,0.0,0.0,2.0,0.0,0.0,5.555555555555555,-12.633999999999999,22.905231458234528
2017-12-20 14:00:00,0.036,14.202,0.0,1.8715277778541726,1.7966666667400055,2.0,0.0,0.0,5.555555555555555,-10.366472222145827,17.074813125180157
2017-12-20 15:00:00,0.0,14.796,0.0,22.0,22.916666666740003,2.0,0.0,0.0,5.555555555555555,9.204,11.314359812122438
2017-12-20 16:00:00,0.0,15.552,22.0,0.0,0.0,2.0,0.0,0.0,5.555555555555555,-35.552,5.623031938821413
2017-12-20 17:00:00,0.0,16.47,0.0,0.0,0.0,2.0,0.0,0.0,5.555555555555555,-14.469999999999999,0.0
2017-12-20 18:00:00,0.0,13.662,0.0,0.0,0.0,2.0,5.555555555555555,0.0,0.0,-6.1064444444444455,0.0
2017-12-20 19:00:00,0.0,13.878,0.0,0.0,0.0,2.0,5.555555555555555,0.0,0.0,-6.322444444444445,0.0
2017-12-20 20:00:00,0.0,13.77,0.0,0.0,0.0,2.0,5.555555555555555,0.0,0.0,-6.214444444444444,0.0
2017-12-20 21:00:00,0.0,13.608,0.0,0.0,0.0,2.0,5.555555555555555,0.0,0.0,-6.052444444444445,0.0
2017-12-20 22:00:00,0.0,14.85,0.0,0.0,0.0,2.0,5.555555555555555,0.0,0.0,-7.294444444444444,0.0
2017-12-20 23:00:00,0.0,15.984,0.0,3.66666666666667,3.520000000000003,2.0,5.555555555555555,0.0,0.0,-4.761777777777775,0.0
2017-12-21 00:00:00,0.0,13.662,0.0,22.0,24.64,2.0,5.555555555555555,0.0,0.0,15.893555555555556,0.0
2017-12-21 01:00:00,0.0,13.338,0.0,22.0,45.76,2.0,5.555555555555555,0.47682044676675545,0.0,16.694376002322315,0.4672840378314203
2017-12-21 02:00:00,0.0,13.5,0.0,22.0,66.88,2.0,5.555555555555555,24.0,0.0,40.05555555555556,23.981676629377443
2017-12-21 03:00:00,0.0,11.61,0.0,22.0,88.0,2.0,5.555555555555555,24.0,0.0,41.94555555555556,47.21389650982491
2017-12-21 04:00:00,0.0,10.098,0.0,0.0,88.0,2.0,5.555555555555555,0.0,0.0,-2.5424444444444454,46.64732975170701
2017-12-21 05:00:00,0.0,8.748,0.0,0.0,88.0,2.0,0.0,0.0,5.555555555555555,-6.747999999999999,40.53200623913097
2017-12-21 06:00:00,0.0,7.182,0.0,0.0,88.0,2.0,0.0,0.0,5.555555555555555,-5.182,34.490066608705845
2017-12-21 07:00:00,0.0,8.1,0.0,0.0,88.0,2.0,0.0,0.0,5.555555555555555,-6.1,28.520630253845816
2017-12-21 08:00:00,0.864,10.26,22.0,0.0,65.08333333326,2.0,0.0,0.0,5.555555555555555,-31.124,22.62282713524411
2017-12-21 09:00:00,5.868,12.312,22.0,0.0,42.16666666652,2.0,0.0,0.0,5.555555555555555,-38.18,16.795797654065623
2017-12-21 10:00:00,10.296,14.418,0.0,0.0,42.16666666652,2.0,0.0,0.0,5.555555555555555,-22.714,11.03869252666128
2017-12-21 11:00:00,10.692,16.146,0.0,22.0,63.28666666652,2.0,0.0,0.0,5.555555555555555,-2.838000000000001,5.350672660785787
2017-12-21 12:00:00,7.992,17.82,0.0,22.0,84.40666666652,2.0,5.555555555555555,24.0,0.0,27.743555555555556,28.806464588856358
2017-12-21 13:00:00,3.852,16.578,15.030399999599886,0.0,68.75000000022001,2.0,0.0,0.0,5.555555555555555,-33.460399999599886,22.905231458234528
2017-12-21 14:00:00,1.98,16.254,0.0,0.0,68.75000000022001,2.0,0.0,0.0,5.555555555555555,-16.234,17.074813125180157
2017-12-21 15:00:00,0.0,15.498,22.0,0.0,45.833333333480006,2.0,0.0,0.0,5.555555555555555,-35.498,11.314359812122438
2017-12-21 16:00:00,0.0,14.796,22.0,0.0,22.916666666740003,2.0,0.0,0.0,5.555555555555555,-34.796,5.623031938821413
2017-12-21 17:00:00,0.0,13.878,22.0,0.0,0.0,2.0,0.0,0.0,5.555555555555555,-33.878,0.0
2017-12-21 18:00:00,0.0,13.284,0.0,0.0,0.0,2.0,5.555555555555555,0.0,0.0,-5.728444444444445,0.0
2017-12-21 19:00:00,0.0,14.364,0.0,0.0,0.0,2.0,5.555555555555555,0.0,0.0,-6.808444444444445,0.0
2017-12-21 20:00:00,0.0,14.418,0.0,0.0,0.0,2.0,5.555555555555555,0.0,0.0,-6.862444444444444,0.0
2017-12-21 21:00:00,0.0,15.768,0.0,0.0,0.0,2.0,5.555555555555555,0.0,0.0,-8.212444444444445,0.0
2017-12-21 22:00:00,0.0,16.848,0.0,0.0,0.0,2.0,5.555555555555555,0.0,0.0,-9.292444444444444,0.0
2017-12-21 23:00:00,0.0,17.334,0.0,3.66666666666667,3.520000000000003,2.0,5.555555555555555,0.0,0.0,-6.111777777777775,0.0
2017-12-22 00:00:00,0.0,18.414,0.0,22.0,24.64,2.0,5.555555555555555,0.0,0.0,11.141555555555556,0.0
2017-12-22 01:00:00,0.0,17.766,0.0,22.0,45.76,2.0,5.555555555555555,12.506554471166302,0.0,24.296110026721863,12.256423381742975
2017-12-22 02:00:00,0.0,18.252,0.0,22.0,66.88,2.0,5.555555555555555,24.0,0.0,35.30355555555556,35.62934630116206
2017-12-22 03:00:00,0.0,17.928,0.0,22.0,88.0,2.0,5.555555555555555,0.0,0.0,11.627555555555556,35.201794145548114
2017-12-22 04:00:00,0.0,17.28,0.0,0.0,88.0,2.0,5.555555555555555,0.0,0.0,-9.724444444444446,34.779372615801535
2017-12-22 05:00:00,0.0,16.416,0.0,0.0,88.0,2.0,0.0,0.0,5.555555555555555,-14.416,28.806464588856358
2017-12-22 06:00:00,0.0,14.958,0.0,0.0,88.0,2.0,0.0,0.0,5.555555555555555,-12.958,22.905231458234528
2017-12-22 07:00:00,0.0,15.93,22.0,0.0,65.08333333326,2.0,0.0,0.0,5.555555555555555,-35.93,17.074813125180157
2017-12-22 08:00:00,1.08,14.742,22.0,0.0,42.16666666652,2.0,0.0,0.0,5.555555555555555,-35.822,11.314359812122438
2017-12-22 09:00:00,5.976,15.822,18.47999999972966,0.0,22.916666666740003,2.0,0.0,0.0,5.555555555555555,-38.27799999972966,5.623031938821413
2017-12-22 10:00:00,9.108,17.172,0.0,0.0,22.916666666740003,2.0,0.0,0.0,5.555555555555555,-24.28,0.0
2017-12-22 11:00:00,9.612,18.36,0.0,0.0,22.916666666740003,2.0,5.555555555555555,0.0,0.0,-20.416444444444444,0.0
2017-12-22 12:00:00,8.424,20.628,0.0,0.0,22.916666666740003,2.0,5.555555555555555,0.0,0.0,-21.496444444444442,0.0
2017-12-22 13:00:00,6.768,20.574,0.0,0.0,22.916666666740003,2.0,5.555555555555555,0.0,0.0,-19.786444444444445,0.0
2017-12-22 14:00:00,2.304,20.844,0.0,0.0,22.916666666740003,2.0,5.555555555555555,0.0,0.0,-15.592444444444446,0.0
2017-12-22 15:00:00,0.0,19.332,0.0,0.0,22.916666666740003,2.0,5.555555555555555,0.0,0.0,-11.776444444444445,0.0
2017-12-22 16:00:00,0.0,18.252,22.0,0.0,0.0,2.0,5.555555555555555,0.0,0.0,-32.696444444444445,0.0
2017-12-22 17:00:00,0.0,17.658,0.0,0.0,0.0,2.0,5.555555555555555,0.0,0.0,-10.102444444444446,0.0
2017-12-22 18:00:00,0.0,17.604,0.0,0.0,0.0,2.0,5.555555555555555,0.0,0.0,-10.048444444444444,0.0
2017-12-22 19:00:00,0.0,19.116,0.0,0.0,0.0,2.0,5.555555555555555,0.0,0.0,-11.560444444444444,0.0
2017-12-22 20:00:00,0.0,21.546,0.0,0.0,0.0,2.0,5.555555555555555,0.0,0.0,-13.990444444444444,0.0
2017-12-22 21:00:00,0.0,26.406,0.0,0.0,0.0,2.0,5.555555555555555,0.0,0.0,-18.85044444444444,0.0
2017-12-22 22:00:00,0.0,31.158,0.0,0.0,0.0,2.0,5.555555555555555,0.0,0.0,-23.602444444444444,0.0
2017-12-22 23:00:00,0.0,0.0,0.0,22.0,21.119999999999997,2.0,5.555555555555555,24.0,0.0,53.55555555555556,23.52
2017-12-23 00:00:00,0.0,41.148,0.0,0.0,21.119999999999997,2.0,0.0,0.0,5.555555555555555,-39.148,17.682204444444444
2017-12-23 01:00:00,0.0,42.174,0.0,0.0,21.119999999999997,2.0,0.0,0.0,5.555555555555555,-40.174,11.914462435555555
2017-12-23 02:00:00,0.0,42.606,0.0,22.0,42.239999999999995,2.0,0.0,0.0,5.555555555555555,-18.606,6.215933330773332
2017-12-23 03:00:00,0.0,42.174,16.895999999945925,0.0,24.64,2.0,0.0,0.0,5.555555555555555,-57.06999999994593,0.5857865752484965
2017-12-23 04:00:00,0.0,41.958,0.0,22.0,45.76,2.0,5.555555555555555,24.0,0.0,11.597555555555559,24.098757136345515
2017-12-23 05:00:00,0.0,41.526,0.0,22.0,66.88,2.0,5.555555555555555,17.36250411597975,0.0,5.3920596715353,40.824826084369526
2017-12-23 06:00:00,0.0,43.362,0.0,22.0,88.0,2.0,0.0,0.0,5.555555555555555,-19.362000000000002,34.779372615801535
2017-12-23 07:00:00,0.0,41.256,22.0,0.0,65.08333333326,2.0,0.0,0.0,5.555555555555555,-61.256,28.806464588856358
2017-12-23 08:00:00,0.072,39.69,22.0,0.0,42.16666666652,2.0,0.0,0.0,5.555555555555555,-59.762,22.905231458234528
2017-12-23 09:00:00,0.252,41.796,22.0,0.0,19.249999999779998,2.0,0.0,0.0,5.555555555555555,-62.048,17.074813125180157
2017-12-23 10:00:00,0.432,43.47,0.0,0.0,19.249999999779998,2.0,0.0,0.0,5.555555555555555,-41.902,11.314359812122438
2017-12-23 11:00:00,0.54,44.928,18.47999999972966,0.0,0.0,2.0,0.0,0.0,5.555555555555555,-61.94799999972965,5.623031938821413
2017-12-23 12:00:00,0.432,46.17,0.0,22.0,21.119999999999997,2.0,0.0,0.0,5.555555555555555,-22.602,0.0
2017-12-23 13:00:00,0.252,46.494,0.0,22.0,42.239999999999995,2.0,5.555555555555555,24.0,0.0,6.809555555555558,23.52
2017-12-23 14:00:00,0.108,46.224,0.0,22.0,63.35999999999999,2.0,5.2230270137900865,0.0,0.33252854176546975,-17.10897298620991,22.905231458234528
2017-12-23 15:00:00,0.0,46.008,16.825599999805345,0.0,45.833333333480006,2.0,0.0,0.0,5.555555555555555,-60.833599999805344,17.074813125180157
2017-12-23 16:00:00,0.0,46.17,22.0,0.0,22.916666666740003,2.0,0.0,0.0,5.555555555555555,-66.17,11.314359812122438
2017-12-23 17:00:00,0.0,46.44,22.0,0.0,0.0,2.0,0.0,0.0,5.555555555555555,-66.44,5.623031938821413
2017-12-23 18:00:00,0.0,46.116,0.0,0.0,0.0,2.0,0.0,0.0,5.555555555555555,-44.116,0.0
2017-12-23 19:00:00,0.0,0.0,0.0,0.0,0.0,2.0,5.555555555555555,0.0,0.0,7.555555555555555,0.0
2017-12-23 20:00:00,0.0,0.0,20.275199999935115,22.0,0.0,2.0,0.0,5.668934240362812,5.555555555555555,9.393734240427698,0.0
2017-12-23 21:00:00,0.0,0.0,20.275199999935115,22.0,0.0,2.0,0.0,5.668934240362812,5.555555555555555,9.393734240427698,0.0
2017-12-23 22:00:00,0.0,0.0,20.275199999935115,22.0,0.0,2.0,0.0,5.668934240362812,5.555555555555555,9.393734240427698,0.0
2017-12-23 23:00:00,0.0,0.0,0.0,22.0,21.119999999999997,2.0,5.555555555555555,24.0,0.0,53.55555555555556,23.52
2017-12-24 00:00:00,0.0,0.0,0.0,22.0,42.239999999999995,2.0,5.555555555555555,24.0,0.0,53.55555555555556,46.75776
2017-12-24 01:00:00,0.0,0.0,0.0,22.0,63.35999999999999,2.0,5.555555555555555,24.0,0.0,53.55555555555556,69.71666687999999
2017-12-24 02:00:00,0.0,0.0,0.0,22.0,84.47999999999999,2.0,5.555555555555555,24.0,0.0,53.55555555555556,92.40006687743998
2017-12-24 03:00:00,0.0,0.0,16.895999999945925,22.0,88.0,2.0,0.0,14.555397429229435,5.555555555555555,21.65939742928351,100.0
2017-12-24 04:00:00,0.0,0.0,20.275199999935115,22.0,88.0,2.0,0.0,6.893424036281182,5.555555555555555,10.618224036346067,100.0
2017-12-24 05:00:00,0.0,0.0,20.275199999935115,22.0,88.0,2.0,0.0,6.893424036281182,5.555555555555555,10.618224036346067,100.0
2017-12-24 06:00:00,0.0,0.0,20.275199999935115,22.0,88.0,2.0,0.0,6.893424036281182,5.555555555555555,10.618224036346067,100.0
2017-12-24 07:00:00,0.0,26.892,0.0,0.0,88.0,2.0,0.0,0.0,5.555555555555555,-24.892,93.24444444444444
2017-12-24 08:00:00,0.072,29.484,22.0,0.0,65.08333333326,2.0,0.0,0.0,5.555555555555555,-49.556000000000004,86.56995555555555
2017-12-24 09:00:00,0.18,33.318,22.0,0.0,42.16666666652,2.0,0.0,0.0,5.555555555555555,-53.498,79.97556053333332
2017-12-24 10:00:00,0.252,37.476,22.0,0.0,19.249999999779998,2.0,0.0,0.0,5.555555555555555,-57.728,73.46029825137776
2017-12-24 11:00:00,0.252,40.932,0.0,22.0,40.36999999977999,2.0,0.0,0.0,5.555555555555555,-17.184,67.02321911680568
2017-12-24 12:00:00,0.18,42.066,22.0,0.0,17.45333333303999,2.0,0.0,0.0,5.555555555555555,-62.246,60.663384931848455
2017-12-24 13:00:00,0.072,0.0,0.0,22.0,38.57333333303998,2.0,0.0,0.0,5.555555555555555,23.928,54.379868757110714
2017-12-24 14:00:00,0.0,0.0,0.0,22.0,59.69333333303998,2.0,0.0,0.0,5.555555555555555,24.0,48.171754776469825
2017-12-24 15:00:00,0.0,44.28,22.0,0.0,36.776666666299974,2.0,0.0,0.0,5.555555555555555,-64.28,42.03813816359663
2017-12-24 16:00:00,0.0,42.714,22.0,0.0,13.859999999559971,2.0,0.0,0.0,5.555555555555555,-62.714,35.97812495007791
2017-12-24 17:00:00,0.0,41.202,13.305599999534993,0.0,0.0,2.0,0.0,0.0,5.555555555555555,-52.50759999953499,29.990831895121417
2017-12-24 18:00:00,0.0,40.338,0.0,0.0,0.0,2.0,0.0,0.0,5.555555555555555,-38.338,24.075386356824403
2017-12-24 19:00:00,0.0,0.0,0.0,22.0,21.119999999999997,2.0,5.555555555555555,24.0,0.0,53.55555555555556,47.30648172054251
2017-12-24 20:00:00,0.0,0.0,0.0,22.0,42.239999999999995,2.0,5.555555555555555,24.0,0.0,53.55555555555556,70.258803939896
2017-12-24 21:00:00,0.0,0.0,22.0,0.0,19.323333333259992,2.0,0.0,0.0,5.555555555555555,-20.0,63.86014273706169
2017-12-24 22:00:00,0.0,0.0,18.55039999987023,0.0,0.0,2.0,0.0,0.0,5.555555555555555,-16.55039999987023,57.53826546866139
2017-12-24 23:00:00,0.0,0.0,20.275199999935115,22.0,0.0,2.0,0.0,0.0,5.555555555555555,3.724800000064885,51.2922507274819
2017-12-25 00:00:00,0.0,0.0,0.0,22.0,21.119999999999997,2.0,5.555555555555555,24.0,0.0,53.55555555555556,74.19674371875212
2017-12-25 01:00:00,0.0,0.0,22.0,1.8715277778541726,0.0,2.0,0.0,0.0,5.555555555555555,-18.128472222145827,67.75082723857153
2017-12-25 02:00:00,0.0,0.0,0.0,22.0,21.119999999999997,2.0,5.555555555555555,24.0,0.0,53.55555555555556,90.45781731170867
2017-12-25 03:00:00,0.0,0.0,0.0,22.0,42.239999999999995,2.0,0.0,0.15853063818371,5.555555555555555,24.15853063818371,83.97212797383264
2017-12-25 04:00:00,0.0,0.0,16.895999999945925,22.0,45.76,2.0,0.0,0.0,5.555555555555555,7.1040000000540715,77.4089068825911
2017-12-25 05:00:00,0.0,0.0,0.0,22.0,66.88,2.0,5.555555555555555,24.0,0.0,53.55555555555556,100.0
2017-12-25 06:00:00,0.0,0.0,0.0,22.0,88.0,2.0,0.0,6.893424036281182,5.555555555555555,30.893424036281182,100.0
2017-12-25 07:00:00,0.0,0.0,0.0,0.0,88.0,2.0,5.555555555555555,1.2244897959183703,0.0,8.780045351473927,100.0
2017-12-25 08:00:00,0.036,43.578,0.0,0.0,88.0,2.0,0.0,0.0,5.555555555555555,-41.614000000000004,93.24444444444444
2017-12-25 09:00:00,0.144,44.064,22.0,0.0,65.08333333326,2.0,0.0,0.0,5.555555555555555,-64.208,86.56995555555555
2017-12-25 10:00:00,0.216,44.172,22.0,0.0,42.16666666652,2.0,0.0,0.0,5.555555555555555,-64.38799999999999,79.97556053333332
2017-12-25 11:00:00,0.288,44.064,0.0,0.0,42.16666666652,2.0,0.0,0.0,5.555555555555555,-42.352,73.46029825137776
2017-12-25 12:00:00,0.216,44.28,0.0,22.0,63.28666666652,2.0,0.0,0.0,5.555555555555555,-20.496000000000002,67.02321911680568
2017-12-25 13:00:00,0.108,43.74,0.0,22.0,84.40666666652,2.0,0.0,0.0,5.555555555555555,-19.848000000000003,60.663384931848455
2017-12-25 14:00:00,0.0,42.66,0.0,3.7430555557083376,88.0,2.0,0.0,0.0,5.555555555555555,-36.91694444429166,54.379868757110714
2017-12-25 15:00:00,0.0,42.498,0.0,0.0,88.0,2.0,0.0,0.0,5.555555555555555,-40.498,48.171754776469825
2017-12-25 16:00:00,0.0,42.498,22.0,0.0,65.08333333326,2.0,0.0,0.0,5.555555555555555,-62.498,42.03813816359663
2017-12-25 17:00:00,0.0,42.768,22.0,0.0,42.16666666652,2.0,0.0,0.0,5.555555555555555,-62.768,35.97812495007791
2017-12-25 18:00:00,0.0,42.444,22.0,0.0,19.249999999779998,2.0,0.0,0.0,5.555555555555555,-62.444,29.990831895121417
2017-12-25 19:00:00,0.0,42.228,18.47999999972966,0.0,0.0,2.0,0.0,0.0,5.555555555555555,-58.707999999729665,24.075386356824403
2017-12-25 20:00:00,0.0,42.498,0.0,0.0,0.0,2.0,0.0,0.0,5.555555555555555,-40.498,18.230926164986954
2017-12-25 21:00:00,0.0,41.58,0.0,0.0,0.0,2.0,0.0,0.0,5.555555555555555,-39.58,12.456599495451554
2017-12-25 22:00:00,0.0,40.77,0.0,0.0,0.0,2.0,0.0,0.0,5.555555555555555,-38.77,6.75156474595058
2017-12-25 23:00:00,0.0,39.744,0.0,0.0,0.0,2.0,0.0,0.0,5.555555555555555,-37.744,1.1149904134436168
2017-12-26 00:00:00,0.0,36.45,0.0,0.0,0.0,2.0,4.453945027073262,0.0,1.1016105284822935,-29.99605497292674,0.0
2017-12-26 01:00:00,0.0,0.0,20.275199999935115,22.0,0.0,2.0,0.0,5.668934240362812,5.555555555555555,9.393734240427698,0.0
2017-12-26 02:00:00,0.0,0.0,0.0,22.0,21.119999999999997,2.0,0.0,20.751817154326137,5.555555555555555,44.75181715432613,14.781225255684058
2017-12-26 03:00:00,0.0,0.0,0.0,22.0,42.239999999999995,2.0,5.555555555555555,24.0,0.0,53.55555555555556,38.123850552615856
2017-12-26 04:00:00,0.0,0.0,0.0,22.0,63.35999999999999,2.0,5.555555555555555,24.0,0.0,53.55555555555556,61.18636434598446
2017-12-26 05:00:00,0.0,0.0,0.0,22.0,84.47999999999999,2.0,5.555555555555555,24.0,0.0,53.55555555555556,83.97212797383264
2017-12-26 06:00:00,0.0,0.0,22.0,5.538194444520839,66.88,2.0,0.0,0.0,5.555555555555555,-14.461805555479161,77.4089068825911
2017-12-26 07:00:00,0.0,0.0,0.0,22.0,88.0,2.0,5.555555555555555,24.0,0.0,53.55555555555556,100.0
2017-12-26 08:00:00,0.0,0.0,22.0,0.0,65.08333333326,2.0,0.0,0.0,5.555555555555555,-20.0,93.24444444444444
2017-12-26 09:00:00,0.0,0.0,0.0,22.0,86.20333333325999,2.0,0.0,13.704126984126987,5.555555555555555,37.70412698412699,100.0
2017-12-26 10:00:00,0.0,0.0,18.550399999870233,22.0,88.0,2.0,5.555555555555555,1.2244897959183703,0.0,12.229645351603693,100.0
2017-12-26 11:00:00,0.648,0.0,22.0,0.0,65.08333333326,2.0,0.0,0.0,5.555555555555555,-20.648,93.24444444444444
2017-12-26 12:00:00,0.0,0.0,0.0,1.8715277778541615,66.88,2.0,5.555555555555555,0.0,0.0,9.427083333409717,92.12551111111111
2017-12-26 13:00:00,0.0,0.0,0.0,22.0,88.0,2.0,5.555555555555555,9.163260226757375,0.0,38.71881578231293,100.0
2017-12-26 14:00:00,0.684,0.0,0.0,0.0,88.0,2.0,5.555555555555555,1.2244897959183703,0.0,8.096045351473927,100.0
2017-12-26 15:00:00,0.0,41.796,0.0,0.0,88.0,2.0,5.555555555555555,1.2244897959183703,0.0,-33.015954648526076,100.0
2017-12-26 16:00:00,0.0,40.176,0.0,0.0,88.0,2.0,5.555555555555555,1.2244897959183703,0.0,-31.395954648526075,100.0
2017-12-26 17:00:00,0.0,39.204,20.275199999935122,0.0,66.88,2.0,0.0,0.0,5.555555555555555,-57.47919999993512,93.24444444444444
2017-12-26 18:00:00,0.0,38.016,0.0,22.0,88.0,2.0,5.555555555555555,8.035192743764174,0.0,-0.4252517006802705,100.0
2017-12-26 19:00:00,0.0,39.528,22.0,0.0,65.08333333326,2.0,0.0,0.0,5.555555555555555,-59.528,93.24444444444444
2017-12-26 20:00:00,0.0,38.394,22.0,0.0,42.16666666652,2.0,0.0,0.0,5.555555555555555,-58.394,86.56995555555555
2017-12-26 21:00:00,0.0,35.1,22.0,0.0,19.249999999779998,2.0,0.0,0.0,5.555555555555555,-55.1,79.97556053333332
2017-12-26 22:00:00,0.0,30.996,0.0,22.0,40.36999999977999,2.0,0.0,0.0,5.555555555555555,-6.995999999999999,73.46029825137776
2017-12-26 23:00:00,0.0,26.244,22.0,0.0,17.45333333303999,2.0,0.0,0.0,5.555555555555555,-46.244,67.02321911680568
2017-12-27 00:00:00,0.0,24.57,0.0,7.486111111416679,24.64,2.0,0.0,0.0,5.555555555555555,-15.08388888858332,60.663384931848455
2017-12-27 01:00:00,0.0,23.976,0.0,22.0,45.76,2.0,0.16355926170618812,0.0,5.391996293849367,0.18755926170618764,54.543428018816904
2017-12-27 02:00:00,0.0,20.844,0.0,22.0,66.88,2.0,5.555555555555555,24.0,0.0,32.711555555555556,77.4089068825911
2017-12-27 03:00:00,0.0,16.794,0.0,22.0,88.0,2.0,5.555555555555555,24.0,0.0,36.76155555555556,100.0
2017-12-27 04:00:00,0.0,13.986,0.0,0.0,88.0,2.0,5.555555555555555,1.2244897959183703,0.0,-5.205954648526074,100.0
2017-12-27 05:00:00,0.0,12.96,0.0,0.0,88.0,2.0,5.555555555555555,1.2244897959183703,0.0,-4.179954648526074,100.0
2017-12-27 06:00:00,0.0,10.314,0.0,0.0,88.0,2.0,0.0,0.0,5.555555555555555,-8.314,93.24444444444444
2017-12-27 07:00:00,0.0,10.422,0.0,0.0,88.0,2.0,0.0,0.0,5.555555555555555,-8.422,86.56995555555555
2017-12-27 08:00:00,0.468,9.828,22.0,0.0,65.08333333326,2.0,0.0,0.0,5.555555555555555,-30.296,79.97556053333332
2017-12-27 09:00:00,2.196,10.26,0.0,0.0,65.08333333326,2.0,0.0,0.0,5.555555555555555,-10.456,73.46029825137776
2017-12-27 10:00:00,3.276,11.232,0.0,22.0,86.20333333325999,2.0,0.0,0.0,5.555555555555555,9.492,67.02321911680568
2017-12-27 11:00:00,3.06,11.88,0.0,1.8715277778541761,88.0,2.0,0.0,0.0,5.555555555555555,-11.068472222145825,60.663384931848455
2017-12-27 12:00:00,2.232,8.748,0.0,0.0,88.0,2.0,0.0,0.0,5.555555555555555,-8.98,54.379868757110714
2017-12-27 13:00:00,1.08,8.694,0.0,0.0,88.0,2.0,0.0,0.0,5.555555555555555,-7.774000000000001,48.171754776469825
2017-12-27 14:00:00,0.072,8.964,18.47999999972965,0.0,68.75000000022001,2.0,0.0,0.0,5.555555555555555,-25.515999999729654,42.03813816359663
2017-12-27 15:00:00,0.0,8.91,22.0,0.0,45.833333333480006,2.0,0.0,0.0,5.555555555555555,-28.91,35.97812495007791
2017-12-27 16:00:00,0.0,9.234,22.0,0.0,22.916666666740003,2.0,0.0,0.0,5.555555555555555,-29.234,29.990831895121417
2017-12-27 17:00:00,0.0,9.342,22.0,0.0,0.0,2.0,0.0,0.0,5.555555555555555,-29.342,24.075386356824403
2017-12-27 18:00:00,0.0,5.022,0.0,0.0,0.0,2.0,0.0,0.0,5.555555555555555,-3.0220000000000002,18.230926164986954
2017-12-27 19:00:00,0.0,5.238,0.0,0.0,0.0,2.0,0.0,0.0,5.555555555555555,-3.2380000000000004,12.456599495451554
2017-12-27 20:00:00,0.0,5.67,0.0,0.0,0.0,2.0,0.0,0.0,5.555555555555555,-3.67,6.75156474595058
2017-12-27 21:00:00,0.0,5.994,0.0,0.0,0.0,2.0,0.0,0.0,5.555555555555555,-3.9939999999999998,1.1149904134436168
2017-12-27 22:00:00,0.0,5.994,0.0,3.66666666666667,3.520000000000003,2.0,5.555555555555555,0.0,0.0,5.228222222222225,1.1016105284822935
2017-12-27 23:00:00,0.0,5.454,0.0,0.0,3.520000000000003,2.0,4.46716435341505,0.0,1.088391202140506,1.0131643534150507,0.0
2017-12-28 00:00:00,0.0,3.564,0.0,22.0,24.64,2.0,5.555555555555555,0.0,0.0,25.991555555555557,0.0
2017-12-28 01:00:00,0.0,5.4,0.0,22.0,45.76,2.0,5.555555555555555,24.0,0.0,48.15555555555556,23.52
2017-12-28 02:00:00,0.0,6.372,0.0,22.0,66.88,2.0,5.555555555555555,24.0,0.0,47.18355555555556,46.75776
2017-12-28 03:00:00,0.0,5.886,0.0,22.0,88.0,2.0,5.555555555555555,24.0,0.0,47.669555555555554,69.71666687999999
2017-12-28 04:00:00,0.0,5.508,0.0,0.0,88.0,2.0,5.555555555555555,9.990850401628988,0.0,12.038405957184544,78.6711002710364
2017-12-28 05:00:00,0.0,5.022,0.0,0.0,88.0,2.0,0.0,0.0,5.555555555555555,-3.0220000000000002,72.1714915122284
2017-12-28 06:00:00,0.0,4.104,0.0,0.0,88.0,2.0,0.0,0.0,5.555555555555555,-2.104,65.74987805852611
2017-12-28 07:00:00,0.0,4.428,18.47999999972965,0.0,68.75000000022001,2.0,0.0,0.0,5.555555555555555,-20.907999999729654,59.40532396626824
2017-12-28 08:00:00,0.576,4.968,22.0,0.0,45.833333333480006,2.0,0.0,0.0,5.555555555555555,-25.544,53.136904523117465
2017-12-28 09:00:00,5.544,5.238,22.0,0.0,22.916666666740003,2.0,0.0,0.0,5.555555555555555,-30.782,46.9437061132845
2017-12-28 10:00:00,10.116,5.67,0.0,0.0,22.916666666740003,2.0,0.0,0.0,5.555555555555555,-13.786,40.824826084369526
2017-12-28 11:00:00,12.528,5.724,0.0,0.0,22.916666666740003,2.0,0.0,0.0,5.555555555555555,-16.252000000000002,34.779372615801535
2017-12-28 12:00:00,11.988,8.532,0.0,0.0,22.916666666740003,2.0,0.0,0.0,5.555555555555555,-18.52,28.806464588856358
2017-12-28 13:00:00,8.244,8.64,0.0,0.0,22.916666666740003,2.0,0.0,0.0,5.555555555555555,-14.884,22.905231458234528
2017-12-28 14:00:00,3.312,9.666,0.0,0.0,22.916666666740003,2.0,0.0,0.0,5.555555555555555,-10.978,17.074813125180157
2017-12-28 15:00:00,0.0,10.8,0.0,0.0,22.916666666740003,2.0,0.0,0.0,5.555555555555555,-8.8,11.314359812122438
2017-12-28 16:00:00,0.0,12.258,0.0,0.0,22.916666666740003,2.0,0.0,0.0,5.555555555555555,-10.258,5.623031938821413
2017-12-28 17:00:00,0.0,13.824,22.0,0.0,0.0,2.0,0.0,0.0,5.555555555555555,-33.824,0.0
2017-12-28 18:00:00,0.0,14.958,0.0,0.0,0.0,2.0,5.555555555555555,0.0,0.0,-7.402444444444445,0.0
2017-12-28 19:00:00,0.0,17.334,0.0,3.66666666666667,3.520000000000003,2.0,5.555555555555555,0.0,0.0,-6.111777777777775,0.0
2017-12-28 20:00:00,0.0,18.468,0.0,22.0,24.64,2.0,5.555555555555555,24.0,0.0,35.087555555555554,23.52
2017-12-28 21:00:00,0.0,17.658,0.0,0.0,24.64,2.0,0.0,0.0,5.555555555555555,-15.658000000000001,17.682204444444444
2017-12-28 22:00:00,0.0,17.334,0.0,0.0,24.64,2.0,0.0,0.0,5.555555555555555,-15.334,11.914462435555555
2017-12-28 23:00:00,0.0,16.74,0.0,0.0,24.64,2.0,0.0,0.0,5.555555555555555,-14.739999999999998,6.215933330773332
2017-12-29 00:00:00,0.0,19.926,0.0,0.0,24.64,2.0,0.0,0.0,5.555555555555555,-17.926,0.5857865752484965
2017-12-29 01:00:00,0.0,19.656,0.0,22.0,45.76,2.0,5.555555555555555,24.0,0.0,33.89955555555556,24.098757136345515
2017-12-29 02:00:00,0.0,21.114,0.0,22.0,66.88,2.0,5.555555555555555,24.0,0.0,32.44155555555555,47.32957205070937
2017-12-29 03:00:00,0.0,21.762,0.0,22.0,88.0,2.0,5.555555555555555,24.0,0.0,31.793555555555557,70.28161718610086
2017-12-29 04:00:00,0.0,21.114,0.0,0.0,88.0,2.0,2.978210144508294,0.0,2.5773454110472613,-16.13578985549171,66.86089236882039
2017-12-29 05:00:00,0.0,19.494,0.0,0.0,88.0,2.0,0.0,0.0,5.555555555555555,-17.494,60.50300610483899
2017-12-29 06:00:00,0.0,17.712,0.0,0.0,88.0,2.0,5.555555555555555,0.0,0.0,-10.156444444444444,59.77697003158092
2017-12-29 07:00:00,0.0,15.93,0.0,0.0,88.0,2.0,0.0,0.0,5.555555555555555,-13.93,53.504090835646394
2017-12-29 08:00:00,0.576,15.768,0.0,0.0,88.0,2.0,0.0,0.0,5.555555555555555,-14.344000000000001,47.30648619006308
2017-12-29 09:00:00,4.968,15.498,0.0,0.0,88.0,2.0,0.0,0.0,5.555555555555555,-18.466,41.18325280022677
2017-12-29 10:00:00,9.144,14.688,0.0,0.0,88.0,2.0,0.0,0.0,5.555555555555555,-21.832,35.13349821106849
2017-12-29 11:00:00,13.104,12.69,0.0,0.0,88.0,2.0,0.0,0.0,5.555555555555555,-23.793999999999997,29.15634067698012
2017-12-29 12:00:00,12.384,13.608,0.0,0.0,88.0,2.0,5.555555555555555,0.0,0.0,-18.436444444444447,28.806464588856358
2017-12-29 13:00:00,8.28,11.772,0.0,0.0,88.0,2.0,0.0,0.0,5.555555555555555,-18.052,22.905231458234528
2017-12-29 14:00:00,3.276,10.908,18.47999999972965,0.0,68.75000000022001,2.0,0.0,0.0,5.555555555555555,-30.66399999972965,17.074813125180157
2017-12-29 15:00:00,0.0,9.882,22.0,0.0,45.833333333480006,2.0,0.0,0.0,5.555555555555555,-29.881999999999998,11.314359812122438
2017-12-29 16:00:00,0.0,9.828,22.0,0.0,22.916666666740003,2.0,0.0,0.0,5.555555555555555,-29.828,5.623031938821413
2017-12-29 17:00:00,0.0,10.314,22.0,0.0,0.0,2.0,0.0,0.0,5.555555555555555,-30.314,0.0
2017-12-29 18:00:00,0.0,13.77,0.0,0.0,0.0,2.0,5.555555555555555,0.0,0.0,-6.214444444444444,0.0
2017-12-29 19:00:00,0.0,13.554,0.0,0.0,0.0,2.0,5.555555555555555,0.0,0.0,-5.998444444444445,0.0
2017-12-29 20:00:00,0.0,12.312,0.0,0.0,0.0,2.0,5.555555555555555,0.0,0.0,-4.756444444444444,0.0
2017-12-29 21:00:00,0.0,11.286,0.0,0.0,0.0,2.0,5.555555555555555,0.0,0.0,-3.7304444444444442,0.0
2017-12-29 22:00:00,0.0,11.772,0.0,0.0,0.0,2.0,5.555555555555555,0.0,0.0,-4.216444444444445,0.0
2017-12-29 23:00:00,0.0,13.554,0.0,0.0,0.0,2.0,5.555555555555555,0.0,0.0,-5.998444444444445,0.0
2017-12-30 00:00:00,0.0,9.882,0.0,0.0,0.0,2.0,5.555555555555555,0.0,0.0,-2.3264444444444443,0.0
2017-12-30 01:00:00,0.0,12.636,0.0,0.0,0.0,2.0,5.555555555555555,0.0,0.0,-5.080444444444444,0.0
2017-12-30 02:00:00,0.0,16.524,0.0,0.0,0.0,2.0,5.555555555555555,0.0,0.0,-8.968444444444446,0.0
2017-12-30 03:00:00,0.0,18.738,0.0,0.0,0.0,2.0,5.555555555555555,0.0,0.0,-11.182444444444444,0.0
2017-12-30 04:00:00,0.0,20.412,0.0,0.0,0.0,2.0,5.555555555555555,0.0,0.0,-12.856444444444444,0.0
2017-12-30 05:00:00,0.0,20.628,0.0,0.0,0.0,2.0,5.555555555555555,0.0,0.0,-13.072444444444445,0.0
2017-12-30 06:00:00,0.0,17.766,0.0,0.0,0.0,2.0,5.555555555555555,0.0,0.0,-10.210444444444443,0.0
2017-12-30 07:00:00,0.0,16.902,0.0,0.0,0.0,2.0,5.555555555555555,0.0,0.0,-9.346444444444446,0.0
2017-12-30 08:00:00,0.072,16.092,0.0,0.0,0.0,2.0,5.555555555555555,0.0,0.0,-8.608444444444443,0.0
2017-12-30 09:00:00,0.396,15.066,0.0,0.0,0.0,2.0,5.555555555555555,0.0,0.0,-7.906444444444445,0.0
2017-12-30 10:00:00,0.648,15.012,0.0,0.0,0.0,2.0,5.555555555555555,0.0,0.0,-8.104444444444445,0.0
2017-12-30 11:00:00,0.756,14.04,0.0,0.0,0.0,2.0,5.555555555555555,0.0,0.0,-7.240444444444444,0.0
2017-12-30 12:00:00,0.684,13.122,0.0,0.0,0.0,2.0,5.555555555555555,0.0,0.0,-6.250444444444445,0.0
2017-12-30 13:00:00,0.432,10.638,0.0,0.0,0.0,2.0,5.555555555555555,0.0,0.0,-3.5144444444444445,0.0
2017-12-30 14:00:00,0.18,8.91,0.0,0.0,0.0,2.0,5.555555555555555,5.737787692674911,0.0,4.203343248230468,5.623031938821413
2017-12-30 15:00:00,0.0,7.506,0.0,0.0,0.0,2.0,0.0,0.0,5.555555555555555,-5.506,0.0
2017-12-30 16:00:00,0.0,6.156,0.0,0.0,0.0,2.0,5.555555555555555,0.0,0.0,1.3995555555555557,0.0
2017-12-30 17:00:00,0.0,4.536,0.0,0.0,0.0,2.0,5.555555555555555,0.0,0.0,3.0195555555555558,0.0
2017-12-30 18:00:00,0.0,4.05,0.0,0.0,0.0,2.0,5.555555555555555,0.0,0.0,3.5055555555555555,0.0
2017-12-30 19:00:00,0.0,3.294,0.0,0.0,0.0,2.0,5.555555555555555,0.0,0.0,4.261555555555555,0.0
2017-12-30 20:00:00,0.0,3.888,0.0,0.0,0.0,2.0,5.555555555555555,0.0,0.0,3.6675555555555555,0.0
2017-12-30 21:00:00,0.0,4.752,0.0,0.0,0.0,2.0,5.555555555555555,0.0,0.0,2.8035555555555556,0.0
2017-12-30 22:00:00,0.0,0.0,0.0,22.0,21.119999999999997,2.0,5.555555555555555,24.0,0.0,53.55555555555556,23.52
2017-12-30 23:00:00,0.0,0.0,20.275199999935115,0.0,0.0,2.0,0.0,0.0,5.555555555555555,-18.275199999935115,17.682204444444444
2017-12-31 00:00:00,0.0,0.0,0.0,0.0,0.0,2.0,0.0,0.0,5.555555555555555,2.0,11.914462435555555
2017-12-31 01:00:00,0.0,0.0,0.0,0.0,0.0,2.0,0.0,0.0,5.555555555555555,2.0,6.215933330773332
2017-12-31 02:00:00,0.0,0.0,0.0,0.0,0.0,2.0,0.0,0.0,5.555555555555555,2.0,0.5857865752484965
2017-12-31 03:00:00,0.0,0.0,0.0,0.0,0.0,2.0,4.9767984192100405,0.0,0.5787571363455146,6.976798419210041,0.0
2017-12-31 04:00:00,0.0,0.0,0.0,0.0,0.0,2.0,5.555555555555555,0.0,0.0,7.555555555555555,0.0
2017-12-31 05:00:00,0.0,0.0,0.0,0.0,0.0,2.0,5.555555555555555,0.0,0.0,7.555555555555555,0.0
2017-12-31 06:00:00,0.0,0.0,0.0,0.0,0.0,2.0,5.555555555555555,0.0,0.0,7.555555555555555,0.0
2017-12-31 07:00:00,0.0,0.0,0.0,0.0,0.0,2.0,5.555555555555555,0.0,0.0,7.555555555555555,0.0
2017-12-31 08:00:00,0.0,0.0,0.0,0.0,0.0,2.0,5.555555555555555,0.0,0.0,7.555555555555555,0.0
2017-12-31 09:00:00,0.0,0.0,0.0,0.0,0.0,2.0,5.555555555555555,0.0,0.0,7.555555555555555,0.0
2017-12-31 10:00:00,0.0,0.0,0.0,0.0,0.0,2.0,5.555555555555555,0.0,0.0,7.555555555555555,0.0
2017-12-31 11:00:00,0.0,0.0,0.0,0.0,0.0,2.0,5.555555555555555,0.0,0.0,7.555555555555555,0.0
2017-12-31 12:00:00,0.0,0.0,0.0,0.0,0.0,2.0,5.555555555555555,0.0,0.0,7.555555555555555,0.0
2017-12-31 13:00:00,0.0,0.0,0.0,0.0,0.0,2.0,5.555555555555555,0.0,0.0,7.555555555555555,0.0
2017-12-31 14:00:00,0.0,0.0,0.0,0.0,0.0,2.0,5.555555555555555,0.0,0.0,7.555555555555555,0.0
2017-12-31 15:00:00,0.0,0.0,0.0,0.0,0.0,2.0,5.555555555555555,0.0,0.0,7.555555555555555,0.0
2017-12-31 16:00:00,0.0,0.0,0.0,0.0,0.0,2.0,5.555555555555555,0.0,0.0,7.555555555555555,0.0
2017-12-31 17:00:00,0.0,0.0,0.0,0.0,0.0,2.0,5.555555555555555,0.0,0.0,7.555555555555555,0.0
2017-12-31 18:00:00,0.0,0.0,0.0,0.0,0.0,2.0,5.555555555555555,0.0,0.0,7.555555555555555,0.0
2017-12-31 19:00:00,0.0,0.0,16.895999999945925,22.0,3.520000000000003,2.0,5.555555555555555,8.138716421833657,0.0,20.798271977443285,7.9759420933969825
2017-12-31 20:00:00,0.0,0.0,0.0,22.0,24.64,2.0,5.555555555555555,24.0,0.0,53.55555555555556,31.400230788276218
2017-12-31 21:00:00,0.0,0.0,0.0,22.0,45.76,2.0,5.555555555555555,24.0,0.0,53.55555555555556,54.543428018816904
2017-12-31 22:00:00,0.0,0.0,0.0,22.0,66.88,2.0,5.555555555555555,24.0,0.0,53.55555555555556,77.4089068825911
2017-12-31 23:00:00,0.0,0.0,0.0,22.0,88.0,2.0,5.555555555555555,24.0,0.0,53.55555555555556,100.0
